Record Type	Original Reference	Target Object	LaTeX Label	Command	Translation Location	Target Location	Status
target		chapter	chap:ch07-additive-schwarz-preconditioners	label	tex/chapters/chapter-07.tex:4	tex/chapters/chapter-07.tex:4	defined
target		section	sec:ch07-exercises	label	tex/chapters/chapter-07/exercises.tex:2	tex/chapters/chapter-07/exercises.tex:2	defined
target		unknown	exr:ch07-01	label	tex/chapters/chapter-07/exercises.tex:7	tex/chapters/chapter-07/exercises.tex:7	defined
target		unknown	exr:ch07-02	label	tex/chapters/chapter-07/exercises.tex:18	tex/chapters/chapter-07/exercises.tex:18	defined
target		unknown	exr:ch07-03	label	tex/chapters/chapter-07/exercises.tex:24	tex/chapters/chapter-07/exercises.tex:24	defined
target		unknown	exr:ch07-04	label	tex/chapters/chapter-07/exercises.tex:34	tex/chapters/chapter-07/exercises.tex:34	defined
target		unknown	exr:ch07-05	label	tex/chapters/chapter-07/exercises.tex:39	tex/chapters/chapter-07/exercises.tex:39	defined
target		unknown	exr:ch07-06	label	tex/chapters/chapter-07/exercises.tex:44	tex/chapters/chapter-07/exercises.tex:44	defined
target		unknown	exr:ch07-07	label	tex/chapters/chapter-07/exercises.tex:49	tex/chapters/chapter-07/exercises.tex:49	defined
target		unknown	exr:ch07-08	label	tex/chapters/chapter-07/exercises.tex:60	tex/chapters/chapter-07/exercises.tex:60	defined
target		unknown	exr:ch07-09	label	tex/chapters/chapter-07/exercises.tex:84	tex/chapters/chapter-07/exercises.tex:84	defined
target		unknown	exr:ch07-10	label	tex/chapters/chapter-07/exercises.tex:90	tex/chapters/chapter-07/exercises.tex:90	defined
target		unknown	exr:ch07-11	label	tex/chapters/chapter-07/exercises.tex:95	tex/chapters/chapter-07/exercises.tex:95	defined
target		unknown	exr:ch07-12	label	tex/chapters/chapter-07/exercises.tex:105	tex/chapters/chapter-07/exercises.tex:105	defined
target		unknown	exr:ch07-13	label	tex/chapters/chapter-07/exercises.tex:110	tex/chapters/chapter-07/exercises.tex:110	defined
target		unknown	exr:ch07-14	label	tex/chapters/chapter-07/exercises.tex:115	tex/chapters/chapter-07/exercises.tex:115	defined
target		unknown	exr:ch07-15	label	tex/chapters/chapter-07/exercises.tex:120	tex/chapters/chapter-07/exercises.tex:120	defined
target		unknown	exr:ch07-16	label	tex/chapters/chapter-07/exercises.tex:125	tex/chapters/chapter-07/exercises.tex:125	defined
target		unknown	exr:ch07-17	label	tex/chapters/chapter-07/exercises.tex:130	tex/chapters/chapter-07/exercises.tex:130	defined
target		unknown	exr:ch07-18	label	tex/chapters/chapter-07/exercises.tex:142	tex/chapters/chapter-07/exercises.tex:142	defined
target		unknown	exr:ch07-19	label	tex/chapters/chapter-07/exercises.tex:147	tex/chapters/chapter-07/exercises.tex:147	defined
target		unknown	exr:ch07-20	label	tex/chapters/chapter-07/exercises.tex:152	tex/chapters/chapter-07/exercises.tex:152	defined
target		unknown	exr:ch07-21	label	tex/chapters/chapter-07/exercises.tex:157	tex/chapters/chapter-07/exercises.tex:157	defined
target		unknown	exr:ch07-22	label	tex/chapters/chapter-07/exercises.tex:168	tex/chapters/chapter-07/exercises.tex:168	defined
target		unknown	exr:ch07-23	label	tex/chapters/chapter-07/exercises.tex:173	tex/chapters/chapter-07/exercises.tex:173	defined
target		unknown	exr:ch07-24	label	tex/chapters/chapter-07/exercises.tex:178	tex/chapters/chapter-07/exercises.tex:178	defined
target		unknown	exr:ch07-25	label	tex/chapters/chapter-07/exercises.tex:197	tex/chapters/chapter-07/exercises.tex:197	defined
target		unknown	exr:ch07-26	label	tex/chapters/chapter-07/exercises.tex:218	tex/chapters/chapter-07/exercises.tex:218	defined
target		unknown	exr:ch07-27	label	tex/chapters/chapter-07/exercises.tex:229	tex/chapters/chapter-07/exercises.tex:229	defined
target		unknown	exr:ch07-28	label	tex/chapters/chapter-07/exercises.tex:234	tex/chapters/chapter-07/exercises.tex:234	defined
target		unknown	exr:ch07-29	label	tex/chapters/chapter-07/exercises.tex:239	tex/chapters/chapter-07/exercises.tex:239	defined
target		unknown	exr:ch07-30	label	tex/chapters/chapter-07/exercises.tex:244	tex/chapters/chapter-07/exercises.tex:244	defined
target		unknown	exr:ch07-31	label	tex/chapters/chapter-07/exercises.tex:249	tex/chapters/chapter-07/exercises.tex:249	defined
target		unknown	exr:ch07-32	label	tex/chapters/chapter-07/exercises.tex:254	tex/chapters/chapter-07/exercises.tex:254	defined
target		unknown	exr:ch07-33	label	tex/chapters/chapter-07/exercises.tex:259	tex/chapters/chapter-07/exercises.tex:259	defined
target		unknown	exr:ch07-34	label	tex/chapters/chapter-07/exercises.tex:264	tex/chapters/chapter-07/exercises.tex:264	defined
target		unknown	exr:ch07-35	label	tex/chapters/chapter-07/exercises.tex:276	tex/chapters/chapter-07/exercises.tex:276	defined
target		unknown	exr:ch07-36	label	tex/chapters/chapter-07/exercises.tex:281	tex/chapters/chapter-07/exercises.tex:281	defined
target		unknown	exr:ch07-37	label	tex/chapters/chapter-07/exercises.tex:295	tex/chapters/chapter-07/exercises.tex:295	defined
target		unknown	exr:ch07-38	label	tex/chapters/chapter-07/exercises.tex:309	tex/chapters/chapter-07/exercises.tex:309	defined
target		unknown	exr:ch07-39	label	tex/chapters/chapter-07/exercises.tex:314	tex/chapters/chapter-07/exercises.tex:314	defined
target		unknown	exr:ch07-40	label	tex/chapters/chapter-07/exercises.tex:319	tex/chapters/chapter-07/exercises.tex:319	defined
target		unknown	exr:ch07-41	label	tex/chapters/chapter-07/exercises.tex:324	tex/chapters/chapter-07/exercises.tex:324	defined
target		unknown	exr:ch07-42	label	tex/chapters/chapter-07/exercises.tex:329	tex/chapters/chapter-07/exercises.tex:329	defined
target		unknown	exr:ch07-43	label	tex/chapters/chapter-07/exercises.tex:334	tex/chapters/chapter-07/exercises.tex:334	defined
target		section	sec:ch07-abstract-additive-schwarz-framework	label	tex/chapters/chapter-07/section-01.tex:2	tex/chapters/chapter-07/section-01.tex:2	defined
target		equation	eq:ch07-canonical-duality-pairing	label	tex/chapters/chapter-07/section-01.tex:10	tex/chapters/chapter-07/section-01.tex:10	defined
target		definition	def:ch07-spd-operator-v-to-dual	label	tex/chapters/chapter-07/section-01.tex:17	tex/chapters/chapter-07/section-01.tex:17	defined
target		equation	eq:ch07-spd-a-symmetry	label	tex/chapters/chapter-07/section-01.tex:24	tex/chapters/chapter-07/section-01.tex:24	defined
target		equation	eq:ch07-spd-a-positivity	label	tex/chapters/chapter-07/section-01.tex:28	tex/chapters/chapter-07/section-01.tex:28	defined
target		equation	eq:ch07-spd-b-symmetry	label	tex/chapters/chapter-07/section-01.tex:39	tex/chapters/chapter-07/section-01.tex:39	defined
target		equation	eq:ch07-spd-b-positivity	label	tex/chapters/chapter-07/section-01.tex:43	tex/chapters/chapter-07/section-01.tex:43	defined
target		equation	eq:ch07-abstract-additive-schwarz-preconditioner	label	tex/chapters/chapter-07/section-01.tex:53	tex/chapters/chapter-07/section-01.tex:53	defined
target		equation	eq:ch07-transpose-injection-definition	label	tex/chapters/chapter-07/section-01.tex:60	tex/chapters/chapter-07/section-01.tex:60	defined
target		equation	eq:ch07-auxiliary-space-decomposition	label	tex/chapters/chapter-07/section-01.tex:68	tex/chapters/chapter-07/section-01.tex:68	defined
target		remark	rem:ch07-matrix-form-additive-schwarz	label	tex/chapters/chapter-07/section-01.tex:74	tex/chapters/chapter-07/section-01.tex:74	defined
target		lemma	lem:ch07-additive-schwarz-spd	label	tex/chapters/chapter-07/section-01.tex:80	tex/chapters/chapter-07/section-01.tex:80	defined
target		equation	eq:ch07-additive-schwarz-positive-sum	label	tex/chapters/chapter-07/section-01.tex:89	tex/chapters/chapter-07/section-01.tex:89	defined
target		equation	eq:ch07-vanishing-transpose-components	label	tex/chapters/chapter-07/section-01.tex:99	tex/chapters/chapter-07/section-01.tex:99	defined
target		lemma	lem:ch07-additive-schwarz-minimum-characterization	label	tex/chapters/chapter-07/section-01.tex:118	tex/chapters/chapter-07/section-01.tex:118	defined
target		equation	eq:ch07-additive-schwarz-minimum-characterization	label	tex/chapters/chapter-07/section-01.tex:123	tex/chapters/chapter-07/section-01.tex:123	defined
target		equation	eq:ch07-dual-cauchy-schwarz	label	tex/chapters/chapter-07/section-01.tex:135	tex/chapters/chapter-07/section-01.tex:135	defined
target		equation	eq:ch07-minimum-characterization-lower-bound	label	tex/chapters/chapter-07/section-01.tex:167	tex/chapters/chapter-07/section-01.tex:167	defined
target		equation	eq:ch07-minimizing-decomposition-components	label	tex/chapters/chapter-07/section-01.tex:177	tex/chapters/chapter-07/section-01.tex:177	defined
target		equation	eq:ch07-minimum-characterization-attainment	label	tex/chapters/chapter-07/section-01.tex:191	tex/chapters/chapter-07/section-01.tex:191	defined
target		theorem	thm:ch07-preconditioned-eigenvalue-characterization	label	tex/chapters/chapter-07/section-01.tex:198	tex/chapters/chapter-07/section-01.tex:198	defined
target		equation	eq:ch07-preconditioned-maximum-eigenvalue	label	tex/chapters/chapter-07/section-01.tex:208	tex/chapters/chapter-07/section-01.tex:208	defined
target		equation	eq:ch07-preconditioned-minimum-eigenvalue	label	tex/chapters/chapter-07/section-01.tex:215	tex/chapters/chapter-07/section-01.tex:215	defined
target		remark	rem:ch07-additive-schwarz-equivalent-formulations	label	tex/chapters/chapter-07/section-01.tex:239	tex/chapters/chapter-07/section-01.tex:239	defined
target		equation	eq:ch07-model-poisson-variational-problem	label	tex/chapters/chapter-07/section-01.tex:247	tex/chapters/chapter-07/section-01.tex:247	defined
target		section	sec:ch07-hierarchical-basis-preconditioner	label	tex/chapters/chapter-07/section-02.tex:2	tex/chapters/chapter-07/section-02.tex:2	defined
target		equation	eq:ch07-mesh-level-relation	label	tex/chapters/chapter-07/section-02.tex:10	tex/chapters/chapter-07/section-02.tex:10	defined
target		equation	eq:ch07-hierarchical-discrete-problem	label	tex/chapters/chapter-07/section-02.tex:18	tex/chapters/chapter-07/section-02.tex:18	defined
target		equation	eq:ch07-hierarchical-discrete-operator	label	tex/chapters/chapter-07/section-02.tex:26	tex/chapters/chapter-07/section-02.tex:26	defined
target		equation	eq:ch07-one-level-hierarchical-decomposition	label	tex/chapters/chapter-07/section-02.tex:44	tex/chapters/chapter-07/section-02.tex:44	defined
target		equation	eq:ch07-full-hierarchical-decomposition	label	tex/chapters/chapter-07/section-02.tex:51	tex/chapters/chapter-07/section-02.tex:51	defined
target		equation	eq:ch07-hierarchical-interpolation-decomposition	label	tex/chapters/chapter-07/section-02.tex:58	tex/chapters/chapter-07/section-02.tex:58	defined
target		equation	eq:ch07-hierarchical-local-spd-operator	label	tex/chapters/chapter-07/section-02.tex:68	tex/chapters/chapter-07/section-02.tex:68	defined
target		equation	eq:ch07-hierarchical-basis-preconditioner	label	tex/chapters/chapter-07/section-02.tex:77	tex/chapters/chapter-07/section-02.tex:77	defined
target		equation	eq:ch07-interpolation-difference-estimate	label	tex/chapters/chapter-07/section-02.tex:86	tex/chapters/chapter-07/section-02.tex:86	defined
target		equation	eq:ch07-detail-space-norm-equivalence	label	tex/chapters/chapter-07/section-02.tex:95	tex/chapters/chapter-07/section-02.tex:95	defined
target		equation	eq:ch07-hierarchical-denominator-equivalence	label	tex/chapters/chapter-07/section-02.tex:107	tex/chapters/chapter-07/section-02.tex:107	defined
target		lemma	lem:ch07-hierarchical-interpolation-level-estimate	label	tex/chapters/chapter-07/section-02.tex:119	tex/chapters/chapter-07/section-02.tex:119	defined
target		equation	eq:ch07-hierarchical-interpolation-level-estimate	label	tex/chapters/chapter-07/section-02.tex:124	tex/chapters/chapter-07/section-02.tex:124	defined
target		equation	eq:ch07-hierarchical-minimum-eigenvalue-bound	label	tex/chapters/chapter-07/section-02.tex:166	tex/chapters/chapter-07/section-02.tex:166	defined
target		lemma	lem:ch07-discrete-young-convolution	label	tex/chapters/chapter-07/section-02.tex:176	tex/chapters/chapter-07/section-02.tex:176	defined
target		lemma	lem:ch07-cross-level-gradient-estimate	label	tex/chapters/chapter-07/section-02.tex:190	tex/chapters/chapter-07/section-02.tex:190	defined
target		equation	eq:ch07-cross-level-gradient-estimate	label	tex/chapters/chapter-07/section-02.tex:195	tex/chapters/chapter-07/section-02.tex:195	defined
target		lemma	lem:ch07-strengthened-cauchy-schwarz	label	tex/chapters/chapter-07/section-02.tex:225	tex/chapters/chapter-07/section-02.tex:225	defined
target		equation	eq:ch07-strengthened-cauchy-schwarz	label	tex/chapters/chapter-07/section-02.tex:230	tex/chapters/chapter-07/section-02.tex:230	defined
target		equation	eq:ch07-hierarchical-maximum-eigenvalue-bound	label	tex/chapters/chapter-07/section-02.tex:267	tex/chapters/chapter-07/section-02.tex:267	defined
target		theorem	thm:ch07-hierarchical-basis-condition-number	label	tex/chapters/chapter-07/section-02.tex:275	tex/chapters/chapter-07/section-02.tex:275	defined
target		section	sec:ch07-bpx-preconditioner	label	tex/chapters/chapter-07/section-03.tex:2	tex/chapters/chapter-07/section-03.tex:2	defined
target		equation	eq:ch07-bpx-local-spd-operator	label	tex/chapters/chapter-07/section-03.tex:12	tex/chapters/chapter-07/section-03.tex:12	defined
target		equation	eq:ch07-bpx-preconditioner	label	tex/chapters/chapter-07/section-03.tex:20	tex/chapters/chapter-07/section-03.tex:20	defined
target		equation	eq:ch07-bpx-cross-level-estimate	label	tex/chapters/chapter-07/section-03.tex:28	tex/chapters/chapter-07/section-03.tex:28	defined
target		equation	eq:ch07-bpx-maximum-eigenvalue-bound	label	tex/chapters/chapter-07/section-03.tex:54	tex/chapters/chapter-07/section-03.tex:54	defined
target		equation	eq:ch07-bpx-ritz-projection	label	tex/chapters/chapter-07/section-03.tex:64	tex/chapters/chapter-07/section-03.tex:64	defined
target		equation	eq:ch07-bpx-ritz-decomposition	label	tex/chapters/chapter-07/section-03.tex:74	tex/chapters/chapter-07/section-03.tex:74	defined
target		equation	eq:ch07-bpx-ritz-orthogonality	label	tex/chapters/chapter-07/section-03.tex:82	tex/chapters/chapter-07/section-03.tex:82	defined
target		equation	eq:ch07-bpx-minimum-eigenvalue-bound	label	tex/chapters/chapter-07/section-03.tex:109	tex/chapters/chapter-07/section-03.tex:109	defined
target		remark	rem:ch07-bpx-nonconvex-extension	label	tex/chapters/chapter-07/section-03.tex:115	tex/chapters/chapter-07/section-03.tex:115	defined
target		theorem	thm:ch07-bpx-condition-number	label	tex/chapters/chapter-07/section-03.tex:123	tex/chapters/chapter-07/section-03.tex:123	defined
target		section	sec:ch07-two-level-additive-schwarz-preconditioner	label	tex/chapters/chapter-07/section-04.tex:2	tex/chapters/chapter-07/section-04.tex:2	defined
target		equation	eq:ch07-two-level-fine-operator	label	tex/chapters/chapter-07/section-04.tex:10	tex/chapters/chapter-07/section-04.tex:10	defined
target		equation	eq:ch07-two-level-coarse-operator	label	tex/chapters/chapter-07/section-04.tex:23	tex/chapters/chapter-07/section-04.tex:23	defined
target		equation	eq:ch07-partition-support	label	tex/chapters/chapter-07/section-04.tex:35	tex/chapters/chapter-07/section-04.tex:35	defined
target		equation	eq:ch07-partition-unity	label	tex/chapters/chapter-07/section-04.tex:39	tex/chapters/chapter-07/section-04.tex:39	defined
target		equation	eq:ch07-partition-gradient-bound	label	tex/chapters/chapter-07/section-04.tex:45	tex/chapters/chapter-07/section-04.tex:45	defined
target		equation	eq:ch07-overlap-multiplicity	label	tex/chapters/chapter-07/section-04.tex:52	tex/chapters/chapter-07/section-04.tex:52	defined
target		remark	rem:ch07-overlap-interpretation	label	tex/chapters/chapter-07/section-04.tex:58	tex/chapters/chapter-07/section-04.tex:58	defined
target		equation	eq:ch07-overlapping-local-space	label	tex/chapters/chapter-07/section-04.tex:66	tex/chapters/chapter-07/section-04.tex:66	defined
target		equation	eq:ch07-overlapping-local-operator	label	tex/chapters/chapter-07/section-04.tex:73	tex/chapters/chapter-07/section-04.tex:73	defined
target		equation	eq:ch07-two-level-additive-schwarz-preconditioner	label	tex/chapters/chapter-07/section-04.tex:83	tex/chapters/chapter-07/section-04.tex:83	defined
target		remark	rem:ch07-overlap-construction	label	tex/chapters/chapter-07/section-04.tex:90	tex/chapters/chapter-07/section-04.tex:90	defined
target		figure	fig:ch07-overlapping-domain-decomposition	label	tex/chapters/chapter-07/section-04.tex:106	tex/chapters/chapter-07/section-04.tex:106	defined
target		lemma	lem:ch07-overlapping-space-decomposition	label	tex/chapters/chapter-07/section-04.tex:111	tex/chapters/chapter-07/section-04.tex:111	defined
target		lemma	lem:ch07-two-level-upper-decomposition	label	tex/chapters/chapter-07/section-04.tex:133	tex/chapters/chapter-07/section-04.tex:133	defined
target		equation	eq:ch07-two-level-upper-proof-start	label	tex/chapters/chapter-07/section-04.tex:156	tex/chapters/chapter-07/section-04.tex:156	defined
target		equation	eq:ch07-overlap-indicator-symmetry	label	tex/chapters/chapter-07/section-04.tex:171	tex/chapters/chapter-07/section-04.tex:171	defined
target		equation	eq:ch07-two-level-maximum-eigenvalue	label	tex/chapters/chapter-07/section-04.tex:195	tex/chapters/chapter-07/section-04.tex:195	defined
target		lemma	lem:ch07-two-level-stable-decomposition	label	tex/chapters/chapter-07/section-04.tex:203	tex/chapters/chapter-07/section-04.tex:203	defined
target		equation	eq:ch07-coarse-interpolation-h1-stability	label	tex/chapters/chapter-07/section-04.tex:224	tex/chapters/chapter-07/section-04.tex:224	defined
target		equation	eq:ch07-coarse-interpolation-l2-error	label	tex/chapters/chapter-07/section-04.tex:227	tex/chapters/chapter-07/section-04.tex:227	defined
target		equation	eq:ch07-two-level-local-components	label	tex/chapters/chapter-07/section-04.tex:233	tex/chapters/chapter-07/section-04.tex:233	defined
target		equation	eq:ch07-coarse-component-energy	label	tex/chapters/chapter-07/section-04.tex:240	tex/chapters/chapter-07/section-04.tex:240	defined
target		equation	eq:ch07-local-component-energy-sum	label	tex/chapters/chapter-07/section-04.tex:250	tex/chapters/chapter-07/section-04.tex:250	defined
target		equation	eq:ch07-linear-element-energy-equivalence	label	tex/chapters/chapter-07/section-04.tex:258	tex/chapters/chapter-07/section-04.tex:258	defined
target		equation	eq:ch07-partition-b-difference-bound	label	tex/chapters/chapter-07/section-04.tex:276	tex/chapters/chapter-07/section-04.tex:276	defined
target		equation	eq:ch07-partition-c-difference-bound	label	tex/chapters/chapter-07/section-04.tex:280	tex/chapters/chapter-07/section-04.tex:280	defined
target		equation	eq:ch07-local-component-summed-bound	label	tex/chapters/chapter-07/section-04.tex:297	tex/chapters/chapter-07/section-04.tex:297	defined
target		equation	eq:ch07-two-level-minimum-eigenvalue	label	tex/chapters/chapter-07/section-04.tex:306	tex/chapters/chapter-07/section-04.tex:306	defined
target		theorem	thm:ch07-two-level-condition-number	label	tex/chapters/chapter-07/section-04.tex:316	tex/chapters/chapter-07/section-04.tex:316	defined
target		remark	rem:ch07-two-level-optimality	label	tex/chapters/chapter-07/section-04.tex:328	tex/chapters/chapter-07/section-04.tex:328	defined
target		remark	rem:ch07-two-level-inexact-solves	label	tex/chapters/chapter-07/section-04.tex:339	tex/chapters/chapter-07/section-04.tex:339	defined
target		section	sec:ch07-nonoverlapping-domain-decomposition	label	tex/chapters/chapter-07/section-05.tex:2	tex/chapters/chapter-07/section-05.tex:2	defined
target		equation	eq:ch07-nonoverlap-disjoint-interiors	label	tex/chapters/chapter-07/section-05.tex:13	tex/chapters/chapter-07/section-05.tex:13	defined
target		equation	eq:ch07-nonoverlap-domain-cover	label	tex/chapters/chapter-07/section-05.tex:17	tex/chapters/chapter-07/section-05.tex:17	defined
target		equation	eq:ch07-subdomain-boundary-intersection	label	tex/chapters/chapter-07/section-05.tex:22	tex/chapters/chapter-07/section-05.tex:22	defined
target		equation	eq:ch07-subdomain-shape-regularity	label	tex/chapters/chapter-07/section-05.tex:31	tex/chapters/chapter-07/section-05.tex:31	defined
target		figure	fig:ch07-nonoverlapping-domain-decomposition	label	tex/chapters/chapter-07/section-05.tex:43	tex/chapters/chapter-07/section-05.tex:43	defined
target		remark	rem:ch07-subdomain-shape-regularity	label	tex/chapters/chapter-07/section-05.tex:48	tex/chapters/chapter-07/section-05.tex:48	defined
target		equation	eq:ch07-subdomain-diameter	label	tex/chapters/chapter-07/section-05.tex:53	tex/chapters/chapter-07/section-05.tex:53	defined
target		definition	def:ch07-domain-decomposition-interface	label	tex/chapters/chapter-07/section-05.tex:62	tex/chapters/chapter-07/section-05.tex:62	defined
target		equation	eq:ch07-global-energy-form	label	tex/chapters/chapter-07/section-05.tex:70	tex/chapters/chapter-07/section-05.tex:70	defined
target		equation	eq:ch07-nonoverlap-discrete-problem	label	tex/chapters/chapter-07/section-05.tex:78	tex/chapters/chapter-07/section-05.tex:78	defined
target		definition	def:ch07-interface-zero-space	label	tex/chapters/chapter-07/section-05.tex:86	tex/chapters/chapter-07/section-05.tex:86	defined
target		equation	eq:ch07-interface-zero-space	label	tex/chapters/chapter-07/section-05.tex:92	tex/chapters/chapter-07/section-05.tex:92	defined
target		equation	eq:ch07-interface-harmonic-space	label	tex/chapters/chapter-07/section-05.tex:99	tex/chapters/chapter-07/section-05.tex:99	defined
target		equation	eq:ch07-interface-orthogonal-decomposition	label	tex/chapters/chapter-07/section-05.tex:110	tex/chapters/chapter-07/section-05.tex:110	defined
target		equation	eq:ch07-discrete-solution-interface-decomposition	label	tex/chapters/chapter-07/section-05.tex:117	tex/chapters/chapter-07/section-05.tex:117	defined
target		equation	eq:ch07-interior-subproblem	label	tex/chapters/chapter-07/section-05.tex:125	tex/chapters/chapter-07/section-05.tex:125	defined
target		equation	eq:ch07-interface-subproblem	label	tex/chapters/chapter-07/section-05.tex:129	tex/chapters/chapter-07/section-05.tex:129	defined
target		equation	eq:ch07-subdomain-dirichlet-problem	label	tex/chapters/chapter-07/section-05.tex:135	tex/chapters/chapter-07/section-05.tex:135	defined
target		equation	eq:ch07-schur-complement-operator	label	tex/chapters/chapter-07/section-05.tex:145	tex/chapters/chapter-07/section-05.tex:145	defined
target		equation	eq:ch07-schur-complement-equation	label	tex/chapters/chapter-07/section-05.tex:153	tex/chapters/chapter-07/section-05.tex:153	defined
target		lemma	lem:ch07-interface-nodal-uniqueness	label	tex/chapters/chapter-07/section-05.tex:165	tex/chapters/chapter-07/section-05.tex:165	defined
target		equation	eq:ch07-interface-prescribed-nodal-values	label	tex/chapters/chapter-07/section-05.tex:170	tex/chapters/chapter-07/section-05.tex:170	defined
target		equation	eq:ch07-interface-lifting-equation	label	tex/chapters/chapter-07/section-05.tex:190	tex/chapters/chapter-07/section-05.tex:190	defined
target		remark	rem:ch07-interface-parallel-harmonic-extension	label	tex/chapters/chapter-07/section-05.tex:199	tex/chapters/chapter-07/section-05.tex:199	defined
target		lemma	lem:ch07-interface-minimum-energy	label	tex/chapters/chapter-07/section-05.tex:207	tex/chapters/chapter-07/section-05.tex:207	defined
target		definition	def:ch07-fractional-sobolev-seminorm	label	tex/chapters/chapter-07/section-05.tex:232	tex/chapters/chapter-07/section-05.tex:232	defined
target		lemma	lem:ch07-trace-seminorm-bound	label	tex/chapters/chapter-07/section-05.tex:250	tex/chapters/chapter-07/section-05.tex:250	defined
target		lemma	lem:ch07-discrete-harmonic-trace-equivalence	label	tex/chapters/chapter-07/section-05.tex:276	tex/chapters/chapter-07/section-05.tex:276	defined
target		remark	rem:ch07-finite-element-extension-theorem	label	tex/chapters/chapter-07/section-05.tex:298	tex/chapters/chapter-07/section-05.tex:298	defined
target		equation	eq:ch07-global-harmonic-trace-equivalence	label	tex/chapters/chapter-07/section-05.tex:307	tex/chapters/chapter-07/section-05.tex:307	defined
target		lemma	lem:ch07-edge-truncation-fractional-bound	label	tex/chapters/chapter-07/section-05.tex:325	tex/chapters/chapter-07/section-05.tex:325	defined
target		lemma	lem:ch07-boundary-hat-fractional-norm	label	tex/chapters/chapter-07/section-05.tex:365	tex/chapters/chapter-07/section-05.tex:365	defined
target		corollary	cor:ch07-edge-truncation-energy-bound	label	tex/chapters/chapter-07/section-05.tex:394	tex/chapters/chapter-07/section-05.tex:394	defined
target		section	sec:ch07-bps-preconditioner	label	tex/chapters/chapter-07/section-06.tex:2	tex/chapters/chapter-07/section-06.tex:2	defined
target		equation	eq:ch07-bps-edge-space	label	tex/chapters/chapter-07/section-06.tex:12	tex/chapters/chapter-07/section-06.tex:12	defined
target		equation	eq:ch07-bps-edge-operator	label	tex/chapters/chapter-07/section-06.tex:21	tex/chapters/chapter-07/section-06.tex:21	defined
target		remark	rem:ch07-bps-edge-support	label	tex/chapters/chapter-07/section-06.tex:29	tex/chapters/chapter-07/section-06.tex:29	defined
target		equation	eq:ch07-bps-coarse-operator	label	tex/chapters/chapter-07/section-06.tex:37	tex/chapters/chapter-07/section-06.tex:37	defined
target		equation	eq:ch07-bps-coarse-connection	label	tex/chapters/chapter-07/section-06.tex:45	tex/chapters/chapter-07/section-06.tex:45	defined
target		equation	eq:ch07-bps-preconditioner	label	tex/chapters/chapter-07/section-06.tex:52	tex/chapters/chapter-07/section-06.tex:52	defined
target		remark	rem:ch07-bps-inexact-solves	label	tex/chapters/chapter-07/section-06.tex:58	tex/chapters/chapter-07/section-06.tex:58	defined
target		lemma	lem:ch07-bps-space-decomposition	label	tex/chapters/chapter-07/section-06.tex:64	tex/chapters/chapter-07/section-06.tex:64	defined
target		equation	eq:ch07-bps-edge-component	label	tex/chapters/chapter-07/section-06.tex:77	tex/chapters/chapter-07/section-06.tex:77	defined
target		equation	eq:ch07-bps-unique-decomposition	label	tex/chapters/chapter-07/section-06.tex:88	tex/chapters/chapter-07/section-06.tex:88	defined
target		lemma	lem:ch07-bps-maximum-eigenvalue	label	tex/chapters/chapter-07/section-06.tex:99	tex/chapters/chapter-07/section-06.tex:99	defined
target		equation	eq:ch07-bps-upper-h1-decomposition	label	tex/chapters/chapter-07/section-06.tex:115	tex/chapters/chapter-07/section-06.tex:115	defined
target		equation	eq:ch07-bps-decomposition-cauchy	label	tex/chapters/chapter-07/section-06.tex:124	tex/chapters/chapter-07/section-06.tex:124	defined
target		equation	eq:ch07-bps-coarse-energy-minimality	label	tex/chapters/chapter-07/section-06.tex:133	tex/chapters/chapter-07/section-06.tex:133	defined
target		equation	eq:ch07-bps-edge-sum-energy	label	tex/chapters/chapter-07/section-06.tex:140	tex/chapters/chapter-07/section-06.tex:140	defined
target		lemma	lem:ch07-bps-minimum-eigenvalue	label	tex/chapters/chapter-07/section-06.tex:149	tex/chapters/chapter-07/section-06.tex:149	defined
target		equation	eq:ch07-bps-coarse-local-bound	label	tex/chapters/chapter-07/section-06.tex:172	tex/chapters/chapter-07/section-06.tex:172	defined
target		equation	eq:ch07-bps-coarse-global-bound	label	tex/chapters/chapter-07/section-06.tex:178	tex/chapters/chapter-07/section-06.tex:178	defined
target		equation	eq:ch07-bps-edge-global-bound	label	tex/chapters/chapter-07/section-06.tex:210	tex/chapters/chapter-07/section-06.tex:210	defined
target		theorem	thm:ch07-bps-condition-number	label	tex/chapters/chapter-07/section-06.tex:222	tex/chapters/chapter-07/section-06.tex:222	defined
target		remark	rem:ch07-bps-bound-sharpness	label	tex/chapters/chapter-07/section-06.tex:234	tex/chapters/chapter-07/section-06.tex:234	defined
target		remark	rem:ch07-bps-weighted-coefficients	label	tex/chapters/chapter-07/section-06.tex:240	tex/chapters/chapter-07/section-06.tex:240	defined
target		remark	rem:ch07-bps-three-dimensional	label	tex/chapters/chapter-07/section-06.tex:253	tex/chapters/chapter-07/section-06.tex:253	defined
target		section	sec:ch07-neumann-neumann-preconditioner	label	tex/chapters/chapter-07/section-07.tex:2	tex/chapters/chapter-07/section-07.tex:2	defined
target		equation	eq:ch07-neumann-local-inner-product	label	tex/chapters/chapter-07/section-07.tex:14	tex/chapters/chapter-07/section-07.tex:14	defined
target		equation	eq:ch07-neumann-connection-operator	label	tex/chapters/chapter-07/section-07.tex:31	tex/chapters/chapter-07/section-07.tex:31	defined
target		equation	eq:ch07-neumann-local-schur-operator	label	tex/chapters/chapter-07/section-07.tex:42	tex/chapters/chapter-07/section-07.tex:42	defined
target		equation	eq:ch07-neumann-neumann-preconditioner	label	tex/chapters/chapter-07/section-07.tex:51	tex/chapters/chapter-07/section-07.tex:51	defined
target		remark	rem:ch07-neumann-scaling-inner-product	label	tex/chapters/chapter-07/section-07.tex:57	tex/chapters/chapter-07/section-07.tex:57	defined
target		equation	eq:ch07-neumann-restriction-map	label	tex/chapters/chapter-07/section-07.tex:65	tex/chapters/chapter-07/section-07.tex:65	defined
target		equation	eq:ch07-neumann-partition-of-unity	label	tex/chapters/chapter-07/section-07.tex:73	tex/chapters/chapter-07/section-07.tex:73	defined
target		lemma	lem:ch07-neumann-minimum-eigenvalue	label	tex/chapters/chapter-07/section-07.tex:89	tex/chapters/chapter-07/section-07.tex:89	defined
target		equation	eq:ch07-neumann-stable-decomposition	label	tex/chapters/chapter-07/section-07.tex:98	tex/chapters/chapter-07/section-07.tex:98	defined
target		equation	eq:ch07-neumann-stable-energy-sum	label	tex/chapters/chapter-07/section-07.tex:124	tex/chapters/chapter-07/section-07.tex:124	defined
target		lemma	lem:ch07-neumann-maximum-eigenvalue	label	tex/chapters/chapter-07/section-07.tex:134	tex/chapters/chapter-07/section-07.tex:134	defined
target		equation	eq:ch07-neumann-arbitrary-decomposition	label	tex/chapters/chapter-07/section-07.tex:143	tex/chapters/chapter-07/section-07.tex:143	defined
target		equation	eq:ch07-neumann-upper-energy-target	label	tex/chapters/chapter-07/section-07.tex:150	tex/chapters/chapter-07/section-07.tex:150	defined
target		equation	eq:ch07-neumann-decomposition-energy	label	tex/chapters/chapter-07/section-07.tex:162	tex/chapters/chapter-07/section-07.tex:162	defined
target		equation	eq:ch07-neumann-global-injection-bound	label	tex/chapters/chapter-07/section-07.tex:205	tex/chapters/chapter-07/section-07.tex:205	defined
target		theorem	thm:ch07-neumann-neumann-condition-number	label	tex/chapters/chapter-07/section-07.tex:218	tex/chapters/chapter-07/section-07.tex:218	defined
target		remark	rem:ch07-neumann-bound-sharpness	label	tex/chapters/chapter-07/section-07.tex:230	tex/chapters/chapter-07/section-07.tex:230	defined
target		remark	rem:ch07-neumann-weighted-coefficients	label	tex/chapters/chapter-07/section-07.tex:236	tex/chapters/chapter-07/section-07.tex:236	defined
target		remark	rem:ch07-neumann-three-dimensional	label	tex/chapters/chapter-07/section-07.tex:251	tex/chapters/chapter-07/section-07.tex:251	defined
target		remark	rem:ch07-balancing-domain-decomposition	label	tex/chapters/chapter-07/section-07.tex:257	tex/chapters/chapter-07/section-07.tex:257	defined
target		section	sec:ch07-bddc-preconditioner	label	tex/chapters/chapter-07/section-08.tex:2	tex/chapters/chapter-07/section-08.tex:2	defined
target		equation	eq:ch07-bddc-global-broken-operator	label	tex/chapters/chapter-07/section-08.tex:18	tex/chapters/chapter-07/section-08.tex:18	defined
target		equation	eq:ch07-bddc-schur-restriction	label	tex/chapters/chapter-07/section-08.tex:26	tex/chapters/chapter-07/section-08.tex:26	defined
target		equation	eq:ch07-bddc-coarse-fine-decomposition	label	tex/chapters/chapter-07/section-08.tex:35	tex/chapters/chapter-07/section-08.tex:35	defined
target		equation	eq:ch07-bddc-coarse-space	label	tex/chapters/chapter-07/section-08.tex:42	tex/chapters/chapter-07/section-08.tex:42	defined
target		equation	eq:ch07-bddc-coarse-operator	label	tex/chapters/chapter-07/section-08.tex:50	tex/chapters/chapter-07/section-08.tex:50	defined
target		equation	eq:ch07-bddc-trivial-extension	label	tex/chapters/chapter-07/section-08.tex:59	tex/chapters/chapter-07/section-08.tex:59	defined
target		equation	eq:ch07-bddc-local-operator	label	tex/chapters/chapter-07/section-08.tex:70	tex/chapters/chapter-07/section-08.tex:70	defined
target		equation	eq:ch07-bddc-averaging-operator	label	tex/chapters/chapter-07/section-08.tex:81	tex/chapters/chapter-07/section-08.tex:81	defined
target		equation	eq:ch07-bddc-preconditioner	label	tex/chapters/chapter-07/section-08.tex:90	tex/chapters/chapter-07/section-08.tex:90	defined
target		equation	eq:ch07-bddc-additive-decomposition	label	tex/chapters/chapter-07/section-08.tex:99	tex/chapters/chapter-07/section-08.tex:99	defined
target		lemma	lem:ch07-bddc-lower-bound	label	tex/chapters/chapter-07/section-08.tex:108	tex/chapters/chapter-07/section-08.tex:108	defined
target		remark	rem:ch07-bddc-unit-eigenvalue	label	tex/chapters/chapter-07/section-08.tex:141	tex/chapters/chapter-07/section-08.tex:141	defined
target		lemma	lem:ch07-bddc-upper-bound	label	tex/chapters/chapter-07/section-08.tex:148	tex/chapters/chapter-07/section-08.tex:148	defined
target		equation	eq:ch07-bddc-upper-proof-splitting	label	tex/chapters/chapter-07/section-08.tex:173	tex/chapters/chapter-07/section-08.tex:173	defined
target		equation	eq:ch07-bddc-edge-decomposition	label	tex/chapters/chapter-07/section-08.tex:181	tex/chapters/chapter-07/section-08.tex:181	defined
target		equation	eq:ch07-bddc-local-averaging-error	label	tex/chapters/chapter-07/section-08.tex:221	tex/chapters/chapter-07/section-08.tex:221	defined
target		equation	eq:ch07-bddc-coarse-averaged-energy	label	tex/chapters/chapter-07/section-08.tex:236	tex/chapters/chapter-07/section-08.tex:236	defined
target		equation	eq:ch07-bddc-local-averaged-energy	label	tex/chapters/chapter-07/section-08.tex:242	tex/chapters/chapter-07/section-08.tex:242	defined
target		theorem	thm:ch07-bddc-condition-number	label	tex/chapters/chapter-07/section-08.tex:265	tex/chapters/chapter-07/section-08.tex:265	defined
target		remark	rem:ch07-bddc-feti-duality	label	tex/chapters/chapter-07/section-08.tex:277	tex/chapters/chapter-07/section-08.tex:277	defined
target		remark	rem:ch07-bddc-weighted-coefficients	label	tex/chapters/chapter-07/section-08.tex:283	tex/chapters/chapter-07/section-08.tex:283	defined
target		remark	rem:ch07-bddc-three-dimensional	label	tex/chapters/chapter-07/section-08.tex:297	tex/chapters/chapter-07/section-08.tex:297	defined
reference	证明式~\eqref{eq:ch07-abstract-additive-schwarz-preconditioner} 定义的预条件子 $B$ 是对称的.	equation	eq:ch07-abstract-additive-schwarz-preconditioner	eqref	tex/chapters/chapter-07/exercises.tex:35	tex/chapters/chapter-07/section-01.tex:53	resolved
reference	验证式~\eqref{eq:ch07-minimizing-decomposition-components} 定义的 $v_j$ 构成 $v$ 的一个分解.	equation	eq:ch07-minimizing-decomposition-components	eqref	tex/chapters/chapter-07/exercises.tex:40	tex/chapters/chapter-07/section-01.tex:177	resolved
reference	对定理~\ref{thm:ch07-preconditioned-eigenvalue-characterization} 中的算子 $A,B$, 证明 $BA$ 关于内积 $\langle B^{-1}\cdot,\cdot\rangle$ 为 SPD.	theorem	thm:ch07-preconditioned-eigenvalue-characterization	ref	tex/chapters/chapter-07/exercises.tex:45	tex/chapters/chapter-07/section-01.tex:198	resolved
reference	沿用习题~\ref{exr:ch07-07} 中的 $V,a(\cdot,\cdot),A,V_j,I_j$. 设 $b_j(\cdot,\cdot)$ 是 $V_j$ 上的内积, $B_j:V_j\longrightarrow V_j'$ 定义为	unknown	exr:ch07-07	ref	tex/chapters/chapter-07/exercises.tex:61	tex/chapters/chapter-07/exercises.tex:49	resolved
reference	且 $B$ 为式~\eqref{eq:ch07-abstract-additive-schwarz-preconditioner} 给出的 additive Schwarz 预条件子. 对 $\phi\in V'$, 证明方程 $BAu=B\phi$ 可写成	equation	eq:ch07-abstract-additive-schwarz-preconditioner	eqref	tex/chapters/chapter-07/exercises.tex:67	tex/chapters/chapter-07/section-01.tex:53	resolved
reference	证明 $v=\Pi_{j-1}v+(v-\Pi_{j-1}v)$ 给出式~\eqref{eq:ch07-one-level-hierarchical-decomposition} 所述的唯一分解.	equation	eq:ch07-one-level-hierarchical-decomposition	eqref	tex/chapters/chapter-07/exercises.tex:85	tex/chapters/chapter-07/section-02.tex:44	resolved
reference	在 $\mathcal T_{j-1}$ 的三角形上直接计算, 证明式~\eqref{eq:ch07-interpolation-difference-estimate}.	equation	eq:ch07-interpolation-difference-estimate	eqref	tex/chapters/chapter-07/exercises.tex:91	tex/chapters/chapter-07/section-02.tex:86	resolved
reference	沿用引理~\ref{lem:ch07-hierarchical-interpolation-level-estimate} 中的记号, 使用离散 Sobolev 不等式~\eqref{eq:ch04-discrete-sobolev-inequality}、Friedrichs 不等式~\eqref{eq:ch04-friedrichs-inequality} 和尺度变换证明	lemma	lem:ch07-hierarchical-interpolation-level-estimate	ref	tex/chapters/chapter-07/exercises.tex:96	tex/chapters/chapter-07/section-02.tex:119	resolved
reference	沿用引理~\ref{lem:ch07-hierarchical-interpolation-level-estimate} 中的记号, 使用离散 Sobolev 不等式~\eqref{eq:ch04-discrete-sobolev-inequality}、Friedrichs 不等式~\eqref{eq:ch04-friedrichs-inequality} 和尺度变换证明	equation	eq:ch04-discrete-sobolev-inequality	eqref	tex/chapters/chapter-07/exercises.tex:96	tex/chapters/chapter-04.tex:1891	resolved
reference	沿用引理~\ref{lem:ch07-hierarchical-interpolation-level-estimate} 中的记号, 使用离散 Sobolev 不等式~\eqref{eq:ch04-discrete-sobolev-inequality}、Friedrichs 不等式~\eqref{eq:ch04-friedrichs-inequality} 和尺度变换证明	equation	eq:ch04-friedrichs-inequality	eqref	tex/chapters/chapter-07/exercises.tex:96	tex/chapters/chapter-04.tex:747	resolved
reference	证明引理~\ref{lem:ch07-discrete-young-convolution} 中的离散 Young 不等式.	lemma	lem:ch07-discrete-young-convolution	ref	tex/chapters/chapter-07/exercises.tex:106	tex/chapters/chapter-07/section-02.tex:176	resolved
reference	补全式~\eqref{eq:ch07-bpx-maximum-eigenvalue-bound} 的推导细节.	equation	eq:ch07-bpx-maximum-eigenvalue-bound	eqref	tex/chapters/chapter-07/exercises.tex:111	tex/chapters/chapter-07/section-03.tex:54	resolved
reference	证明正交关系~\eqref{eq:ch07-bpx-ritz-orthogonality}.	equation	eq:ch07-bpx-ritz-orthogonality	eqref	tex/chapters/chapter-07/exercises.tex:116	tex/chapters/chapter-07/section-03.tex:82	resolved
reference	对式~\eqref{eq:ch07-bpx-ritz-projection} 定义的 Ritz 投影算子, 证明 $P_{j-1}P_j=P_{j-1}$.	equation	eq:ch07-bpx-ritz-projection	eqref	tex/chapters/chapter-07/exercises.tex:121	tex/chapters/chapter-07/section-03.tex:64	resolved
reference	并对非凸区域导出估计~\eqref{eq:ch07-bpx-minimum-eigenvalue-bound}.	equation	eq:ch07-bpx-minimum-eigenvalue-bound	eqref	tex/chapters/chapter-07/exercises.tex:138	tex/chapters/chapter-07/section-03.tex:109	resolved
reference	证明引理~\ref{lem:ch07-two-level-stable-decomposition} 的证明中使用的分解.	lemma	lem:ch07-two-level-stable-decomposition	ref	tex/chapters/chapter-07/exercises.tex:143	tex/chapters/chapter-07/section-04.tex:203	resolved
reference	在标准单纯形上直接计算, 再用齐次性(尺度变换)论证证明式~\eqref{eq:ch07-linear-element-energy-equivalence}.	equation	eq:ch07-linear-element-energy-equivalence	eqref	tex/chapters/chapter-07/exercises.tex:148	tex/chapters/chapter-07/section-04.tex:258	resolved
reference	令 $B=\sum_{j=1}^{J}I_jA_j^{-1}I_j^t$ 为与满足条件~\eqref{eq:ch07-partition-support}--\eqref{eq:ch07-overlap-multiplicity} 的重叠区域分解相联系的单层 additive Schwarz 预条件子. 求 $\kappa(BA_h)$ 的一个上界.	equation	eq:ch07-partition-support	eqref	tex/chapters/chapter-07/exercises.tex:153	tex/chapters/chapter-07/section-04.tex:35	resolved
reference	令 $B=\sum_{j=1}^{J}I_jA_j^{-1}I_j^t$ 为与满足条件~\eqref{eq:ch07-partition-support}--\eqref{eq:ch07-overlap-multiplicity} 的重叠区域分解相联系的单层 additive Schwarz 预条件子. 求 $\kappa(BA_h)$ 的一个上界.	equation	eq:ch07-overlap-multiplicity	eqref	tex/chapters/chapter-07/exercises.tex:153	tex/chapters/chapter-07/section-04.tex:52	resolved
reference	其中正常数 $C$ 与 $\delta$ 无关. 使用此估计和尺度变换, 在子区域为正方形的情形证明备注~\ref{rem:ch07-two-level-optimality} 所述两层 additive Schwarz 预条件子的改进界.	remark	rem:ch07-two-level-optimality	ref	tex/chapters/chapter-07/exercises.tex:164	tex/chapters/chapter-07/section-04.tex:328	resolved
reference	证明 $\mathring u_{h,j}\in V_h(\Omega_j)$ 且式~\eqref{eq:ch07-subdomain-dirichlet-problem} 成立.	equation	eq:ch07-subdomain-dirichlet-problem	eqref	tex/chapters/chapter-07/exercises.tex:169	tex/chapters/chapter-07/section-05.tex:135	resolved
reference	沿用习题~\ref{exr:ch07-25} 的记号, 证明对满足 $v(0)=v(1)=0$ 的所有 $v\in\mathcal L_\rho$,	unknown	exr:ch07-25	ref	tex/chapters/chapter-07/exercises.tex:219	tex/chapters/chapter-07/exercises.tex:197	resolved
reference	证明引理~\ref{lem:ch07-boundary-hat-fractional-norm} 的证明中的范数等价关系, 并估计含 $\phi(x)$ 的各项.	lemma	lem:ch07-boundary-hat-fractional-norm	ref	tex/chapters/chapter-07/exercises.tex:230	tex/chapters/chapter-07/section-05.tex:365	resolved
reference	证明引理~\ref{lem:ch07-bps-space-decomposition} 的证明中定义的分解, 是 $v\in V_h(\Gamma)$ 关于粗网格空间 $V_H$ 和边空间 $V_h(E_l)$ $(1\leq l\leq L)$ 的唯一分解.	lemma	lem:ch07-bps-space-decomposition	ref	tex/chapters/chapter-07/exercises.tex:240	tex/chapters/chapter-07/section-06.tex:64	resolved
reference	证明估计~\eqref{eq:ch07-bps-edge-sum-energy}. 提示: 参考引理~\ref{lem:ch07-two-level-upper-decomposition} 的证明.	equation	eq:ch07-bps-edge-sum-energy	eqref	tex/chapters/chapter-07/exercises.tex:245	tex/chapters/chapter-07/section-06.tex:140	resolved
reference	证明估计~\eqref{eq:ch07-bps-edge-sum-energy}. 提示: 参考引理~\ref{lem:ch07-two-level-upper-decomposition} 的证明.	lemma	lem:ch07-two-level-upper-decomposition	ref	tex/chapters/chapter-07/exercises.tex:245	tex/chapters/chapter-07/section-04.tex:133	resolved
reference	验证备注~\ref{rem:ch07-bps-weighted-coefficients} 中的断言.	remark	rem:ch07-bps-weighted-coefficients	ref	tex/chapters/chapter-07/exercises.tex:250	tex/chapters/chapter-07/section-06.tex:240	resolved
reference	用与引理~\ref{lem:ch07-interface-nodal-uniqueness} 的证明类似的论证, 证明 $v\in V_h(\Gamma_j)$ 完全由其在 $\Gamma_{j,h}$ 上的节点值确定.	lemma	lem:ch07-interface-nodal-uniqueness	ref	tex/chapters/chapter-07/exercises.tex:255	tex/chapters/chapter-07/section-05.tex:165	resolved
reference	提示: 参考引理~\ref{lem:ch07-edge-truncation-fractional-bound} 的证明.	lemma	lem:ch07-edge-truncation-fractional-bound	ref	tex/chapters/chapter-07/exercises.tex:271	tex/chapters/chapter-07/section-05.tex:325	resolved
reference	验证备注~\ref{rem:ch07-neumann-weighted-coefficients} 中的断言.	remark	rem:ch07-neumann-weighted-coefficients	ref	tex/chapters/chapter-07/exercises.tex:277	tex/chapters/chapter-07/section-07.tex:236	resolved
reference	其中 $w_q$ 由习题~\ref{exr:ch07-36} 定义. 证明 $\{\omega_p:p\in\Gamma_h\}$ 是 $V_h(\Gamma)'$ 的一组基.	unknown	exr:ch07-36	ref	tex/chapters/chapter-07/exercises.tex:305	tex/chapters/chapter-07/exercises.tex:281	resolved
reference	设 $v\in V_h(\Gamma)$, 且 $S_hv=\sum_{p\in\Gamma_h}\alpha_p\omega_p$(参见习题~\ref{exr:ch07-37}). 证明 $\alpha_p=a(v,v_p)$, 其中 $v_p$ 是 $V_h$ 中与节点 $p$ 相联系的自然节点基函数. 说明如何由 $v$ 在 $\Gamma_h$ 上的节点值计算 $S_hv$.	unknown	exr:ch07-37	ref	tex/chapters/chapter-07/exercises.tex:310	tex/chapters/chapter-07/exercises.tex:295	resolved
reference	相对于 $V$ 和 $V_j$ 的选定基以及 $V'$ 和 $V_j'$ 的相应对偶基, 可用矩阵表示算子 $B$、$B_j$、$I_j$ 和 $I_j^t$. 注意, $B_j^{-1}$ 的矩阵是 $B_j$ 的矩阵之逆, $I_j^t$ 的矩阵是 $I_j$ 的矩阵之转置. 因此, additive Schwarz 预条件子的矩阵形式与式~\eqref{eq:ch07-abstract-additive-schwarz-preconditioner} 完全相同, 即 $B=\sum_{j=0}^{J}I_jB_j^{-1}I_j^t$.	equation	eq:ch07-abstract-additive-schwarz-preconditioner	eqref	tex/chapters/chapter-07/section-01.tex:75	tex/chapters/chapter-07/section-01.tex:53	resolved
reference	由式~\eqref{eq:ch07-abstract-additive-schwarz-preconditioner}、式~\eqref{eq:ch07-transpose-injection-definition} 以及 $B_j^{-1}$ 的对称正定性(参见习题~\ref{exr:ch07-04}), 容易得到 $B$ 的对称性. 此外,	equation	eq:ch07-abstract-additive-schwarz-preconditioner	eqref	tex/chapters/chapter-07/section-01.tex:85	tex/chapters/chapter-07/section-01.tex:53	resolved
reference	由式~\eqref{eq:ch07-abstract-additive-schwarz-preconditioner}、式~\eqref{eq:ch07-transpose-injection-definition} 以及 $B_j^{-1}$ 的对称正定性(参见习题~\ref{exr:ch07-04}), 容易得到 $B$ 的对称性. 此外,	equation	eq:ch07-transpose-injection-definition	eqref	tex/chapters/chapter-07/section-01.tex:85	tex/chapters/chapter-07/section-01.tex:60	resolved
reference	由式~\eqref{eq:ch07-abstract-additive-schwarz-preconditioner}、式~\eqref{eq:ch07-transpose-injection-definition} 以及 $B_j^{-1}$ 的对称正定性(参见习题~\ref{exr:ch07-04}), 容易得到 $B$ 的对称性. 此外,	unknown	exr:ch07-04	ref	tex/chapters/chapter-07/section-01.tex:85	tex/chapters/chapter-07/exercises.tex:34	resolved
reference	设 $\alpha\in V'$ 满足 $\langle\alpha,B\alpha\rangle=0$. 由式~\eqref{eq:ch07-additive-schwarz-positive-sum} 及 $B_j^{-1}$ 的正定性可知	equation	eq:ch07-additive-schwarz-positive-sum	eqref	tex/chapters/chapter-07/section-01.tex:95	tex/chapters/chapter-07/section-01.tex:89	resolved
reference	任取 $v\in V$. 由式~\eqref{eq:ch07-auxiliary-space-decomposition}, 可写成 $v=\sum_{j=0}^{J}I_jv_j$, 其中 $v_j\in V_j$ $(0\leq j\leq J)$. 因而式~\eqref{eq:ch07-vanishing-transpose-components} 蕴含	equation	eq:ch07-auxiliary-space-decomposition	eqref	tex/chapters/chapter-07/section-01.tex:103	tex/chapters/chapter-07/section-01.tex:68	resolved
reference	任取 $v\in V$. 由式~\eqref{eq:ch07-auxiliary-space-decomposition}, 可写成 $v=\sum_{j=0}^{J}I_jv_j$, 其中 $v_j\in V_j$ $(0\leq j\leq J)$. 因而式~\eqref{eq:ch07-vanishing-transpose-components} 蕴含	equation	eq:ch07-vanishing-transpose-components	eqref	tex/chapters/chapter-07/section-01.tex:103	tex/chapters/chapter-07/section-01.tex:99	resolved
reference	&&\text{(由式~\eqref{eq:ch07-transpose-injection-definition})}\\	equation	eq:ch07-transpose-injection-definition	eqref	tex/chapters/chapter-07/section-01.tex:147	tex/chapters/chapter-07/section-01.tex:60	resolved
reference	&&\text{(由式~\eqref{eq:ch07-dual-cauchy-schwarz})}\\	equation	eq:ch07-dual-cauchy-schwarz	eqref	tex/chapters/chapter-07/section-01.tex:151	tex/chapters/chapter-07/section-01.tex:135	resolved
reference	&&\text{(由式~\eqref{eq:ch07-transpose-injection-definition})}\\	equation	eq:ch07-transpose-injection-definition	eqref	tex/chapters/chapter-07/section-01.tex:158	tex/chapters/chapter-07/section-01.tex:60	resolved
reference	&&\text{(由式~\eqref{eq:ch07-abstract-additive-schwarz-preconditioner})}.	equation	eq:ch07-abstract-additive-schwarz-preconditioner	eqref	tex/chapters/chapter-07/section-01.tex:161	tex/chapters/chapter-07/section-01.tex:53	resolved
reference	则 $v_j\in V_j$ 且 $v=\sum_{j=0}^{J}I_jv_j$(参见习题~\ref{exr:ch07-05}), 并有	unknown	exr:ch07-05	ref	tex/chapters/chapter-07/section-01.tex:180	tex/chapters/chapter-07/exercises.tex:39	resolved
reference	&&\text{(由式~\eqref{eq:ch07-transpose-injection-definition})}\notag\\	equation	eq:ch07-transpose-injection-definition	eqref	tex/chapters/chapter-07/section-01.tex:188	tex/chapters/chapter-07/section-01.tex:60	resolved
reference	&&\text{(由式~\eqref{eq:ch07-abstract-additive-schwarz-preconditioner})}.	equation	eq:ch07-abstract-additive-schwarz-preconditioner	eqref	tex/chapters/chapter-07/section-01.tex:190	tex/chapters/chapter-07/section-01.tex:53	resolved
reference	式~\eqref{eq:ch07-additive-schwarz-minimum-characterization} 由式~\eqref{eq:ch07-minimum-characterization-lower-bound} 和式~\eqref{eq:ch07-minimum-characterization-attainment} 得证.	equation	eq:ch07-additive-schwarz-minimum-characterization	eqref	tex/chapters/chapter-07/section-01.tex:193	tex/chapters/chapter-07/section-01.tex:123	resolved
reference	式~\eqref{eq:ch07-additive-schwarz-minimum-characterization} 由式~\eqref{eq:ch07-minimum-characterization-lower-bound} 和式~\eqref{eq:ch07-minimum-characterization-attainment} 得证.	equation	eq:ch07-minimum-characterization-lower-bound	eqref	tex/chapters/chapter-07/section-01.tex:193	tex/chapters/chapter-07/section-01.tex:167	resolved
reference	式~\eqref{eq:ch07-additive-schwarz-minimum-characterization} 由式~\eqref{eq:ch07-minimum-characterization-lower-bound} 和式~\eqref{eq:ch07-minimum-characterization-attainment} 得证.	equation	eq:ch07-minimum-characterization-attainment	eqref	tex/chapters/chapter-07/section-01.tex:193	tex/chapters/chapter-07/section-01.tex:191	resolved
reference	首先注意, $BA:V\longrightarrow V$ 关于内积 $\langle\!\langle\cdot,\cdot\rangle\!\rangle:=\langle B^{-1}\cdot,\cdot\rangle$ 为 SPD(参见习题~\ref{exr:ch07-06}). 因此 $BA$ 的特征值为正, Rayleigh 商公式蕴含	unknown	exr:ch07-06	ref	tex/chapters/chapter-07/section-01.tex:220	tex/chapters/chapter-07/exercises.tex:44	resolved
reference	最后一个等号使用了式~\eqref{eq:ch07-additive-schwarz-minimum-characterization}. 式~\eqref{eq:ch07-preconditioned-minimum-eigenvalue} 的证明类似.	equation	eq:ch07-additive-schwarz-minimum-characterization	eqref	tex/chapters/chapter-07/section-01.tex:233	tex/chapters/chapter-07/section-01.tex:123	resolved
reference	最后一个等号使用了式~\eqref{eq:ch07-additive-schwarz-minimum-characterization}. 式~\eqref{eq:ch07-preconditioned-minimum-eigenvalue} 的证明类似.	equation	eq:ch07-preconditioned-minimum-eigenvalue	eqref	tex/chapters/chapter-07/section-01.tex:233	tex/chapters/chapter-07/section-01.tex:215	resolved
reference	其中 $F\in[\mathring H^1(\Omega)]'$. 我们将把 additive Schwarz 预条件子的抽象理论应用于式~\eqref{eq:ch07-model-poisson-variational-problem} 的各种有限元离散所得方程组的预处理.	equation	eq:ch07-model-poisson-variational-problem	eqref	tex/chapters/chapter-07/section-01.tex:251	tex/chapters/chapter-07/section-01.tex:247	resolved
reference	第~\ref{sec:ch07-hierarchical-basis-preconditioner}、\ref{sec:ch07-bpx-preconditioner} 节讨论两种多层预条件子, 第~\ref{sec:ch07-two-level-additive-schwarz-preconditioner}--\ref{sec:ch07-bddc-preconditioner} 节讨论若干区域分解预条件子. 关于区域分解预条件子的其他应用, 可参见 LeTallec 1994; Chan \& Matthew 1994; Dryja, Smith \& Widlund 1994; Smith, Bjørstad \& Gropp 1996; Xu \& Zou 1998; Quarteroni \& Valli 1999; Toselli \& Widlund 2004.	section	sec:ch07-hierarchical-basis-preconditioner	ref	tex/chapters/chapter-07/section-01.tex:253	tex/chapters/chapter-07/section-02.tex:2	resolved
reference	第~\ref{sec:ch07-hierarchical-basis-preconditioner}、\ref{sec:ch07-bpx-preconditioner} 节讨论两种多层预条件子, 第~\ref{sec:ch07-two-level-additive-schwarz-preconditioner}--\ref{sec:ch07-bddc-preconditioner} 节讨论若干区域分解预条件子. 关于区域分解预条件子的其他应用, 可参见 LeTallec 1994; Chan \& Matthew 1994; Dryja, Smith \& Widlund 1994; Smith, Bjørstad \& Gropp 1996; Xu \& Zou 1998; Quarteroni \& Valli 1999; Toselli \& Widlund 2004.	section	sec:ch07-bpx-preconditioner	ref	tex/chapters/chapter-07/section-01.tex:253	tex/chapters/chapter-07/section-03.tex:2	resolved
reference	第~\ref{sec:ch07-hierarchical-basis-preconditioner}、\ref{sec:ch07-bpx-preconditioner} 节讨论两种多层预条件子, 第~\ref{sec:ch07-two-level-additive-schwarz-preconditioner}--\ref{sec:ch07-bddc-preconditioner} 节讨论若干区域分解预条件子. 关于区域分解预条件子的其他应用, 可参见 LeTallec 1994; Chan \& Matthew 1994; Dryja, Smith \& Widlund 1994; Smith, Bjørstad \& Gropp 1996; Xu \& Zou 1998; Quarteroni \& Valli 1999; Toselli \& Widlund 2004.	section	sec:ch07-two-level-additive-schwarz-preconditioner	ref	tex/chapters/chapter-07/section-01.tex:253	tex/chapters/chapter-07/section-04.tex:2	resolved
reference	第~\ref{sec:ch07-hierarchical-basis-preconditioner}、\ref{sec:ch07-bpx-preconditioner} 节讨论两种多层预条件子, 第~\ref{sec:ch07-two-level-additive-schwarz-preconditioner}--\ref{sec:ch07-bddc-preconditioner} 节讨论若干区域分解预条件子. 关于区域分解预条件子的其他应用, 可参见 LeTallec 1994; Chan \& Matthew 1994; Dryja, Smith \& Widlund 1994; Smith, Bjørstad \& Gropp 1996; Xu \& Zou 1998; Quarteroni \& Valli 1999; Toselli \& Widlund 2004.	section	sec:ch07-bddc-preconditioner	ref	tex/chapters/chapter-07/section-01.tex:253	tex/chapters/chapter-07/section-08.tex:2	resolved
reference	令 $V_j\subseteq\mathring H^1(\Omega)$ 为与 $\mathcal T_j$ 相应的 $\mathcal P_1$ 有限元空间. 式~\eqref{eq:ch07-model-poisson-variational-problem} 的离散问题是求 $u_J\in V_J$, 使得	equation	eq:ch07-model-poisson-variational-problem	eqref	tex/chapters/chapter-07/section-02.tex:14	tex/chapters/chapter-07/section-01.tex:247	resolved
reference	并以 $\langle f_J,v\rangle=F(v)$ $(v\in V_J)$ 定义 $f_J\in V_J'$. 则式~\eqref{eq:ch07-hierarchical-discrete-problem} 可写为 $A_Ju_J=f_J$.	equation	eq:ch07-hierarchical-discrete-problem	eqref	tex/chapters/chapter-07/section-02.tex:30	tex/chapters/chapter-07/section-02.tex:18	resolved
reference	容易看出(参见习题~\ref{exr:ch07-09})	unknown	exr:ch07-09	ref	tex/chapters/chapter-07/section-02.tex:40	tex/chapters/chapter-07/exercises.tex:84	resolved
reference	事实上, 对 $v\in V_J$, 式~\eqref{eq:ch07-full-hierarchical-decomposition} 中的分解可显式写成	equation	eq:ch07-full-hierarchical-decomposition	eqref	tex/chapters/chapter-07/section-02.tex:54	tex/chapters/chapter-07/section-02.tex:51	resolved
reference	由于式~\eqref{eq:ch07-full-hierarchical-decomposition} 蕴含式~\eqref{eq:ch07-auxiliary-space-decomposition}, 可用定理~\ref{thm:ch07-preconditioned-eigenvalue-characterization} 分析 $B_{HB}$.	equation	eq:ch07-full-hierarchical-decomposition	eqref	tex/chapters/chapter-07/section-02.tex:80	tex/chapters/chapter-07/section-02.tex:51	resolved
reference	由于式~\eqref{eq:ch07-full-hierarchical-decomposition} 蕴含式~\eqref{eq:ch07-auxiliary-space-decomposition}, 可用定理~\ref{thm:ch07-preconditioned-eigenvalue-characterization} 分析 $B_{HB}$.	equation	eq:ch07-auxiliary-space-decomposition	eqref	tex/chapters/chapter-07/section-02.tex:80	tex/chapters/chapter-07/section-01.tex:68	resolved
reference	由于式~\eqref{eq:ch07-full-hierarchical-decomposition} 蕴含式~\eqref{eq:ch07-auxiliary-space-decomposition}, 可用定理~\ref{thm:ch07-preconditioned-eigenvalue-characterization} 分析 $B_{HB}$.	theorem	thm:ch07-preconditioned-eigenvalue-characterization	ref	tex/chapters/chapter-07/section-02.tex:80	tex/chapters/chapter-07/section-01.tex:198	resolved
reference	设 $v=\sum_{j=1}^{J}w_j$, 其中 $w_j=\Pi_jv-\Pi_{j-1}v$, 是 $v\in V_J$ 的唯一分解(参见式~\eqref{eq:ch07-hierarchical-interpolation-decomposition}), 这里取 $\Pi_0v=0$. 注意, 直接计算可得(参见习题~\ref{exr:ch07-10})	equation	eq:ch07-hierarchical-interpolation-decomposition	eqref	tex/chapters/chapter-07/section-02.tex:82	tex/chapters/chapter-07/section-02.tex:58	resolved
reference	设 $v=\sum_{j=1}^{J}w_j$, 其中 $w_j=\Pi_jv-\Pi_{j-1}v$, 是 $v\in V_J$ 的唯一分解(参见式~\eqref{eq:ch07-hierarchical-interpolation-decomposition}), 这里取 $\Pi_0v=0$. 注意, 直接计算可得(参见习题~\ref{exr:ch07-10})	unknown	exr:ch07-10	ref	tex/chapters/chapter-07/section-02.tex:82	tex/chapters/chapter-07/exercises.tex:90	resolved
reference	由式~\eqref{eq:ch07-interpolation-difference-estimate} 和逆估计(参见定理~\ref{thm:ch04-global-inverse-estimate})可得	equation	eq:ch07-interpolation-difference-estimate	eqref	tex/chapters/chapter-07/section-02.tex:91	tex/chapters/chapter-07/section-02.tex:86	resolved
reference	由式~\eqref{eq:ch07-interpolation-difference-estimate} 和逆估计(参见定理~\ref{thm:ch04-global-inverse-estimate})可得	theorem	thm:ch04-global-inverse-estimate	ref	tex/chapters/chapter-07/section-02.tex:91	tex/chapters/chapter-04.tex:1260	resolved
reference	由式~\eqref{eq:ch07-hierarchical-local-spd-operator}、引理~\ref{lem:ch06-l2-mesh-norm-equivalence} 以及式~\eqref{eq:ch07-detail-space-norm-equivalence}, 对式~\eqref{eq:ch07-preconditioned-maximum-eigenvalue} 和式~\eqref{eq:ch07-preconditioned-minimum-eigenvalue} 分母中的量可得	equation	eq:ch07-hierarchical-local-spd-operator	eqref	tex/chapters/chapter-07/section-02.tex:103	tex/chapters/chapter-07/section-02.tex:68	resolved
reference	由式~\eqref{eq:ch07-hierarchical-local-spd-operator}、引理~\ref{lem:ch06-l2-mesh-norm-equivalence} 以及式~\eqref{eq:ch07-detail-space-norm-equivalence}, 对式~\eqref{eq:ch07-preconditioned-maximum-eigenvalue} 和式~\eqref{eq:ch07-preconditioned-minimum-eigenvalue} 分母中的量可得	lemma	lem:ch06-l2-mesh-norm-equivalence	ref	tex/chapters/chapter-07/section-02.tex:103	tex/chapters/chapter-06/section-02.tex:54	resolved
reference	由式~\eqref{eq:ch07-hierarchical-local-spd-operator}、引理~\ref{lem:ch06-l2-mesh-norm-equivalence} 以及式~\eqref{eq:ch07-detail-space-norm-equivalence}, 对式~\eqref{eq:ch07-preconditioned-maximum-eigenvalue} 和式~\eqref{eq:ch07-preconditioned-minimum-eigenvalue} 分母中的量可得	equation	eq:ch07-detail-space-norm-equivalence	eqref	tex/chapters/chapter-07/section-02.tex:103	tex/chapters/chapter-07/section-02.tex:95	resolved
reference	由式~\eqref{eq:ch07-hierarchical-local-spd-operator}、引理~\ref{lem:ch06-l2-mesh-norm-equivalence} 以及式~\eqref{eq:ch07-detail-space-norm-equivalence}, 对式~\eqref{eq:ch07-preconditioned-maximum-eigenvalue} 和式~\eqref{eq:ch07-preconditioned-minimum-eigenvalue} 分母中的量可得	equation	eq:ch07-preconditioned-maximum-eigenvalue	eqref	tex/chapters/chapter-07/section-02.tex:103	tex/chapters/chapter-07/section-01.tex:208	resolved
reference	由式~\eqref{eq:ch07-hierarchical-local-spd-operator}、引理~\ref{lem:ch06-l2-mesh-norm-equivalence} 以及式~\eqref{eq:ch07-detail-space-norm-equivalence}, 对式~\eqref{eq:ch07-preconditioned-maximum-eigenvalue} 和式~\eqref{eq:ch07-preconditioned-minimum-eigenvalue} 分母中的量可得	equation	eq:ch07-preconditioned-minimum-eigenvalue	eqref	tex/chapters/chapter-07/section-02.tex:103	tex/chapters/chapter-07/section-01.tex:215	resolved
reference	&&\text{(由式~\eqref{eq:ch07-interpolation-difference-estimate})}\\	equation	eq:ch07-interpolation-difference-estimate	eqref	tex/chapters/chapter-07/section-02.tex:138	tex/chapters/chapter-07/section-02.tex:86	resolved
reference	&&\text{(由引理~\ref{lem:ch04-local-inverse-estimate})}\\	lemma	lem:ch04-local-inverse-estimate	ref	tex/chapters/chapter-07/section-02.tex:140	tex/chapters/chapter-04.tex:1177	resolved
reference	&&\text{(由习题~\ref{exr:ch07-11})}.	unknown	exr:ch07-11	ref	tex/chapters/chapter-07/section-02.tex:144	tex/chapters/chapter-07/exercises.tex:95	resolved
reference	引理由式~\eqref{eq:ch07-mesh-level-relation} 得证.	equation	eq:ch07-mesh-level-relation	eqref	tex/chapters/chapter-07/section-02.tex:146	tex/chapters/chapter-07/section-02.tex:10	resolved
reference	结合式~\eqref{eq:ch07-hierarchical-denominator-equivalence} 和式~\eqref{eq:ch07-hierarchical-interpolation-level-estimate}, 可得	equation	eq:ch07-hierarchical-denominator-equivalence	eqref	tex/chapters/chapter-07/section-02.tex:149	tex/chapters/chapter-07/section-02.tex:107	resolved
reference	结合式~\eqref{eq:ch07-hierarchical-denominator-equivalence} 和式~\eqref{eq:ch07-hierarchical-interpolation-level-estimate}, 可得	equation	eq:ch07-hierarchical-interpolation-level-estimate	eqref	tex/chapters/chapter-07/section-02.tex:149	tex/chapters/chapter-07/section-02.tex:124	resolved
reference	由式~\eqref{eq:ch07-mesh-level-relation} 和式~\eqref{eq:ch07-hierarchical-discrete-operator}, 有	equation	eq:ch07-mesh-level-relation	eqref	tex/chapters/chapter-07/section-02.tex:156	tex/chapters/chapter-07/section-02.tex:10	resolved
reference	由式~\eqref{eq:ch07-mesh-level-relation} 和式~\eqref{eq:ch07-hierarchical-discrete-operator}, 有	equation	eq:ch07-hierarchical-discrete-operator	eqref	tex/chapters/chapter-07/section-02.tex:156	tex/chapters/chapter-07/section-02.tex:26	resolved
reference	故式~\eqref{eq:ch07-preconditioned-minimum-eigenvalue} 蕴含	equation	eq:ch07-preconditioned-minimum-eigenvalue	eqref	tex/chapters/chapter-07/section-02.tex:162	tex/chapters/chapter-07/section-01.tex:215	resolved
reference	为估计 $\lambda_{\max}(B_{HB}A_J)$, 还需要下面两个引理. 第一个引理是卷积 Young 不等式的离散版本, 留作习题(参见习题~\ref{exr:ch07-12}).	unknown	exr:ch07-12	ref	tex/chapters/chapter-07/section-02.tex:172	tex/chapters/chapter-07/exercises.tex:105	resolved
reference	&&\text{(由引理~\ref{lem:ch06-l2-mesh-norm-equivalence})}.	lemma	lem:ch06-l2-mesh-norm-equivalence	ref	tex/chapters/chapter-07/section-02.tex:218	tex/chapters/chapter-06/section-02.tex:54	resolved
reference	对所有 $T\in\mathcal T_j$ 求和, 再应用 Cauchy--Schwarz 不等式和式~\eqref{eq:ch07-mesh-level-relation}, 即得式~\eqref{eq:ch07-cross-level-gradient-estimate}.	equation	eq:ch07-mesh-level-relation	eqref	tex/chapters/chapter-07/section-02.tex:220	tex/chapters/chapter-07/section-02.tex:10	resolved
reference	对所有 $T\in\mathcal T_j$ 求和, 再应用 Cauchy--Schwarz 不等式和式~\eqref{eq:ch07-mesh-level-relation}, 即得式~\eqref{eq:ch07-cross-level-gradient-estimate}.	equation	eq:ch07-cross-level-gradient-estimate	eqref	tex/chapters/chapter-07/section-02.tex:220	tex/chapters/chapter-07/section-02.tex:195	resolved
reference	因为 $w_k=w_k-\Pi_{k-1}w_k$, 式~\eqref{eq:ch07-strengthened-cauchy-schwarz} 由式~\eqref{eq:ch07-interpolation-difference-estimate} 和式~\eqref{eq:ch07-cross-level-gradient-estimate} 得到.	equation	eq:ch07-strengthened-cauchy-schwarz	eqref	tex/chapters/chapter-07/section-02.tex:237	tex/chapters/chapter-07/section-02.tex:230	resolved
reference	因为 $w_k=w_k-\Pi_{k-1}w_k$, 式~\eqref{eq:ch07-strengthened-cauchy-schwarz} 由式~\eqref{eq:ch07-interpolation-difference-estimate} 和式~\eqref{eq:ch07-cross-level-gradient-estimate} 得到.	equation	eq:ch07-interpolation-difference-estimate	eqref	tex/chapters/chapter-07/section-02.tex:237	tex/chapters/chapter-07/section-02.tex:86	resolved
reference	因为 $w_k=w_k-\Pi_{k-1}w_k$, 式~\eqref{eq:ch07-strengthened-cauchy-schwarz} 由式~\eqref{eq:ch07-interpolation-difference-estimate} 和式~\eqref{eq:ch07-cross-level-gradient-estimate} 得到.	equation	eq:ch07-cross-level-gradient-estimate	eqref	tex/chapters/chapter-07/section-02.tex:237	tex/chapters/chapter-07/section-02.tex:195	resolved
reference	&&\text{(由式~\eqref{eq:ch07-hierarchical-discrete-operator})}\\	equation	eq:ch07-hierarchical-discrete-operator	eqref	tex/chapters/chapter-07/section-02.tex:247	tex/chapters/chapter-07/section-02.tex:26	resolved
reference	&&\text{(由式~\eqref{eq:ch07-strengthened-cauchy-schwarz})}\\	equation	eq:ch07-strengthened-cauchy-schwarz	eqref	tex/chapters/chapter-07/section-02.tex:250	tex/chapters/chapter-07/section-02.tex:230	resolved
reference	&&\text{(由引理~\ref{lem:ch07-discrete-young-convolution})}\\	lemma	lem:ch07-discrete-young-convolution	ref	tex/chapters/chapter-07/section-02.tex:259	tex/chapters/chapter-07/section-02.tex:176	resolved
reference	&&\text{(由式~\eqref{eq:ch07-hierarchical-denominator-equivalence})}.	equation	eq:ch07-hierarchical-denominator-equivalence	eqref	tex/chapters/chapter-07/section-02.tex:261	tex/chapters/chapter-07/section-02.tex:107	resolved
reference	结合式~\eqref{eq:ch07-preconditioned-maximum-eigenvalue}, 这蕴含	equation	eq:ch07-preconditioned-maximum-eigenvalue	eqref	tex/chapters/chapter-07/section-02.tex:263	tex/chapters/chapter-07/section-01.tex:208	resolved
reference	结合式~\eqref{eq:ch07-hierarchical-minimum-eigenvalue-bound} 和式~\eqref{eq:ch07-hierarchical-maximum-eigenvalue-bound}, 得到关于分层基预条件子的如下定理.	equation	eq:ch07-hierarchical-minimum-eigenvalue-bound	eqref	tex/chapters/chapter-07/section-02.tex:271	tex/chapters/chapter-07/section-02.tex:166	resolved
reference	结合式~\eqref{eq:ch07-hierarchical-minimum-eigenvalue-bound} 和式~\eqref{eq:ch07-hierarchical-maximum-eigenvalue-bound}, 得到关于分层基预条件子的如下定理.	equation	eq:ch07-hierarchical-maximum-eigenvalue-bound	eqref	tex/chapters/chapter-07/section-02.tex:271	tex/chapters/chapter-07/section-02.tex:267	resolved
reference	本节讨论 Bramble, Pasciak \& Xu 引入的预条件子(参见 Bramble, Pasciak \& Xu 1990). 我们沿用第~\ref{sec:ch07-hierarchical-basis-preconditioner} 节的设置. 仍要预处理 $A_J:V_J\longrightarrow V_J'$, 但这次取辅助空间为 $V_1,V_2,\ldots,V_J$, 它们通过自然嵌入 $I_j:V_j\longrightarrow V_J$ 与 $V_J$ 相连. 条件~\eqref{eq:ch07-auxiliary-space-decomposition} 显然满足.	section	sec:ch07-hierarchical-basis-preconditioner	ref	tex/chapters/chapter-07/section-03.tex:6	tex/chapters/chapter-07/section-02.tex:2	resolved
reference	本节讨论 Bramble, Pasciak \& Xu 引入的预条件子(参见 Bramble, Pasciak \& Xu 1990). 我们沿用第~\ref{sec:ch07-hierarchical-basis-preconditioner} 节的设置. 仍要预处理 $A_J:V_J\longrightarrow V_J'$, 但这次取辅助空间为 $V_1,V_2,\ldots,V_J$, 它们通过自然嵌入 $I_j:V_j\longrightarrow V_J$ 与 $V_J$ 相连. 条件~\eqref{eq:ch07-auxiliary-space-decomposition} 显然满足.	equation	eq:ch07-auxiliary-space-decomposition	eqref	tex/chapters/chapter-07/section-03.tex:6	tex/chapters/chapter-07/section-01.tex:68	resolved
reference	设 $v\in V_J$, 且 $v=\sum_{j=1}^{J}v_j$, 其中 $v_j\in V_j$, 是 $v$ 的任一分解. 由式~\eqref{eq:ch07-cross-level-gradient-estimate} 和逆估计(参见定理~\ref{thm:ch04-global-inverse-estimate}), 对 $1\leq j,k\leq J$ 有	equation	eq:ch07-cross-level-gradient-estimate	eqref	tex/chapters/chapter-07/section-03.tex:24	tex/chapters/chapter-07/section-02.tex:195	resolved
reference	设 $v\in V_J$, 且 $v=\sum_{j=1}^{J}v_j$, 其中 $v_j\in V_j$, 是 $v$ 的任一分解. 由式~\eqref{eq:ch07-cross-level-gradient-estimate} 和逆估计(参见定理~\ref{thm:ch04-global-inverse-estimate}), 对 $1\leq j,k\leq J$ 有	theorem	thm:ch04-global-inverse-estimate	ref	tex/chapters/chapter-07/section-03.tex:24	tex/chapters/chapter-04.tex:1260	resolved
reference	于是, 与引理~\ref{lem:ch07-strengthened-cauchy-schwarz} 的证明相同,	lemma	lem:ch07-strengthened-cauchy-schwarz	ref	tex/chapters/chapter-07/section-03.tex:34	tex/chapters/chapter-07/section-02.tex:225	resolved
reference	&&\text{(由式~\eqref{eq:ch07-hierarchical-discrete-operator})}\\	equation	eq:ch07-hierarchical-discrete-operator	eqref	tex/chapters/chapter-07/section-03.tex:40	tex/chapters/chapter-07/section-02.tex:26	resolved
reference	&&\text{(由式~\eqref{eq:ch07-bpx-cross-level-estimate})}\\	equation	eq:ch07-bpx-cross-level-estimate	eqref	tex/chapters/chapter-07/section-03.tex:44	tex/chapters/chapter-07/section-03.tex:28	resolved
reference	&&\text{(由引理~\ref{lem:ch07-discrete-young-convolution})}\\	lemma	lem:ch07-discrete-young-convolution	ref	tex/chapters/chapter-07/section-03.tex:46	tex/chapters/chapter-07/section-02.tex:176	resolved
reference	&&\text{(由式~\eqref{eq:ch07-bpx-local-spd-operator} 和引理~\ref{lem:ch06-l2-mesh-norm-equivalence})}.	equation	eq:ch07-bpx-local-spd-operator	eqref	tex/chapters/chapter-07/section-03.tex:48	tex/chapters/chapter-07/section-03.tex:12	resolved
reference	&&\text{(由式~\eqref{eq:ch07-bpx-local-spd-operator} 和引理~\ref{lem:ch06-l2-mesh-norm-equivalence})}.	lemma	lem:ch06-l2-mesh-norm-equivalence	ref	tex/chapters/chapter-07/section-03.tex:48	tex/chapters/chapter-06/section-02.tex:54	resolved
reference	结合式~\eqref{eq:ch07-preconditioned-maximum-eigenvalue}, 可得	equation	eq:ch07-preconditioned-maximum-eigenvalue	eqref	tex/chapters/chapter-07/section-03.tex:50	tex/chapters/chapter-07/section-01.tex:208	resolved
reference	现在估计 $\lambda_{\min}(B_{BPX}A_J)$. 为简化起见, 假设 $\Omega$ 为凸区域, 从而可利用式~\eqref{eq:ch07-model-poisson-variational-problem} 的解所具有的完全椭圆正则性.	equation	eq:ch07-model-poisson-variational-problem	eqref	tex/chapters/chapter-07/section-03.tex:58	tex/chapters/chapter-07/section-01.tex:247	resolved
reference	其中取 $P_0v=0$. 显然 $v=\sum_{j=1}^{J}v_j$, 且由式~\eqref{eq:ch07-bpx-ritz-decomposition} 容易看出(参见习题~\ref{exr:ch07-14})	equation	eq:ch07-bpx-ritz-decomposition	eqref	tex/chapters/chapter-07/section-03.tex:78	tex/chapters/chapter-07/section-03.tex:74	resolved
reference	其中取 $P_0v=0$. 显然 $v=\sum_{j=1}^{J}v_j$, 且由式~\eqref{eq:ch07-bpx-ritz-decomposition} 容易看出(参见习题~\ref{exr:ch07-14})	unknown	exr:ch07-14	ref	tex/chapters/chapter-07/section-03.tex:78	tex/chapters/chapter-07/exercises.tex:115	resolved
reference	&&\text{(由式~\eqref{eq:ch07-bpx-ritz-decomposition})}\\	equation	eq:ch07-bpx-ritz-decomposition	eqref	tex/chapters/chapter-07/section-03.tex:91	tex/chapters/chapter-07/section-03.tex:74	resolved
reference	&&\text{(由习题~\ref{exr:ch07-15})}\\	unknown	exr:ch07-15	ref	tex/chapters/chapter-07/section-03.tex:93	tex/chapters/chapter-07/exercises.tex:120	resolved
reference	&&\text{(由定理~\ref{thm:ch05-poisson-l2-error} 和式~\eqref{eq:ch07-bpx-ritz-decomposition})}	theorem	thm:ch05-poisson-l2-error	ref	tex/chapters/chapter-07/section-03.tex:95	tex/chapters/chapter-05/section-04.tex:93	resolved
reference	&&\text{(由定理~\ref{thm:ch05-poisson-l2-error} 和式~\eqref{eq:ch07-bpx-ritz-decomposition})}	equation	eq:ch07-bpx-ritz-decomposition	eqref	tex/chapters/chapter-07/section-03.tex:95	tex/chapters/chapter-07/section-03.tex:74	resolved
reference	对 $2\leq j\leq J$ 成立. 对 $j=1$ 此估计也显然成立(参见习题~\ref{exr:ch07-16}). 因此由式~\eqref{eq:ch07-bpx-ritz-orthogonality},	unknown	exr:ch07-16	ref	tex/chapters/chapter-07/section-03.tex:97	tex/chapters/chapter-07/exercises.tex:125	resolved
reference	对 $2\leq j\leq J$ 成立. 对 $j=1$ 此估计也显然成立(参见习题~\ref{exr:ch07-16}). 因此由式~\eqref{eq:ch07-bpx-ritz-orthogonality},	equation	eq:ch07-bpx-ritz-orthogonality	eqref	tex/chapters/chapter-07/section-03.tex:97	tex/chapters/chapter-07/section-03.tex:82	resolved
reference	故式~\eqref{eq:ch07-preconditioned-minimum-eigenvalue} 蕴含	equation	eq:ch07-preconditioned-minimum-eigenvalue	eqref	tex/chapters/chapter-07/section-03.tex:105	tex/chapters/chapter-07/section-01.tex:215	resolved
reference	估计~\eqref{eq:ch07-bpx-minimum-eigenvalue-bound} 对非凸多边形区域也成立(参见习题~\ref{exr:ch07-17}).	equation	eq:ch07-bpx-minimum-eigenvalue-bound	eqref	tex/chapters/chapter-07/section-03.tex:116	tex/chapters/chapter-07/section-03.tex:109	resolved
reference	估计~\eqref{eq:ch07-bpx-minimum-eigenvalue-bound} 对非凸多边形区域也成立(参见习题~\ref{exr:ch07-17}).	unknown	exr:ch07-17	ref	tex/chapters/chapter-07/section-03.tex:116	tex/chapters/chapter-07/exercises.tex:130	resolved
reference	结合式~\eqref{eq:ch07-bpx-maximum-eigenvalue-bound} 和式~\eqref{eq:ch07-bpx-minimum-eigenvalue-bound}, 得到关于 BPX 预条件子的如下定理.	equation	eq:ch07-bpx-maximum-eigenvalue-bound	eqref	tex/chapters/chapter-07/section-03.tex:119	tex/chapters/chapter-07/section-03.tex:54	resolved
reference	结合式~\eqref{eq:ch07-bpx-maximum-eigenvalue-bound} 和式~\eqref{eq:ch07-bpx-minimum-eigenvalue-bound}, 得到关于 BPX 预条件子的如下定理.	equation	eq:ch07-bpx-minimum-eigenvalue-bound	eqref	tex/chapters/chapter-07/section-03.tex:119	tex/chapters/chapter-07/section-03.tex:109	resolved
reference	设 $\mathcal T_h$ 是 $\Omega$ 上网格尺寸为 $h$ 的拟一致三角剖分, $V_h\subset\mathring H^1(\Omega)$ 是由第~\ref{sec:ch03-triangular-finite-elements} 节的 $\mathcal P_1$ 有限元构成、与 $\mathcal T_h$ 相应的有限元空间. 定义 SPD 算子 $A_h:V_h\longrightarrow V_h'$:	section	sec:ch03-triangular-finite-elements	ref	tex/chapters/chapter-07/section-04.tex:6	tex/chapters/chapter-03.tex:163	resolved
reference	并以 $\langle f_h,v\rangle=F(v)$ $(v\in V_h)$ 定义 $f_h\in V_h'$. 则式~\eqref{eq:ch07-model-poisson-variational-problem} 的离散问题可写成 $A_hu_h=f_h$.	equation	eq:ch07-model-poisson-variational-problem	eqref	tex/chapters/chapter-07/section-04.tex:15	tex/chapters/chapter-07/section-01.tex:247	resolved
reference	条件~\eqref{eq:ch07-partition-support} 和~\eqref{eq:ch07-partition-unity} 蕴含 $\Omega_1,\ldots,\Omega_J$ 构成 $\Omega$ 的重叠分解. 式~\eqref{eq:ch07-partition-gradient-bound} 中的常数 $\delta$ 度量相邻子区域之间的重叠量.	equation	eq:ch07-partition-support	eqref	tex/chapters/chapter-07/section-04.tex:59	tex/chapters/chapter-07/section-04.tex:35	resolved
reference	条件~\eqref{eq:ch07-partition-support} 和~\eqref{eq:ch07-partition-unity} 蕴含 $\Omega_1,\ldots,\Omega_J$ 构成 $\Omega$ 的重叠分解. 式~\eqref{eq:ch07-partition-gradient-bound} 中的常数 $\delta$ 度量相邻子区域之间的重叠量.	equation	eq:ch07-partition-unity	eqref	tex/chapters/chapter-07/section-04.tex:59	tex/chapters/chapter-07/section-04.tex:39	resolved
reference	条件~\eqref{eq:ch07-partition-support} 和~\eqref{eq:ch07-partition-unity} 蕴含 $\Omega_1,\ldots,\Omega_J$ 构成 $\Omega$ 的重叠分解. 式~\eqref{eq:ch07-partition-gradient-bound} 中的常数 $\delta$ 度量相邻子区域之间的重叠量.	equation	eq:ch07-partition-gradient-bound	eqref	tex/chapters/chapter-07/section-04.tex:59	tex/chapters/chapter-07/section-04.tex:45	resolved
reference	$\mathcal T_H,\mathcal T_h$ 和 $\Omega_j$ 可按如下方式构造(参见图~\ref{fig:ch07-overlapping-domain-decomposition}), 使假设~\eqref{eq:ch07-partition-support}--\eqref{eq:ch07-overlap-multiplicity} 成立:	figure	fig:ch07-overlapping-domain-decomposition	ref	tex/chapters/chapter-07/section-04.tex:91	tex/chapters/chapter-07/section-04.tex:106	resolved
reference	$\mathcal T_H,\mathcal T_h$ 和 $\Omega_j$ 可按如下方式构造(参见图~\ref{fig:ch07-overlapping-domain-decomposition}), 使假设~\eqref{eq:ch07-partition-support}--\eqref{eq:ch07-overlap-multiplicity} 成立:	equation	eq:ch07-partition-support	eqref	tex/chapters/chapter-07/section-04.tex:91	tex/chapters/chapter-07/section-04.tex:35	resolved
reference	$\mathcal T_H,\mathcal T_h$ 和 $\Omega_j$ 可按如下方式构造(参见图~\ref{fig:ch07-overlapping-domain-decomposition}), 使假设~\eqref{eq:ch07-partition-support}--\eqref{eq:ch07-overlap-multiplicity} 成立:	equation	eq:ch07-overlap-multiplicity	eqref	tex/chapters/chapter-07/section-04.tex:91	tex/chapters/chapter-07/section-04.tex:52	resolved
reference	由于 $\widetilde\Omega_{j,\delta}$ 构成 $\overline\Omega$ 的开覆盖, 具有性质~\eqref{eq:ch07-partition-support}--\eqref{eq:ch07-partition-gradient-bound} 的单位分解之存在性是标准结果(参见 Rudin 1991). 此时 $N_C$ 由可共享 $\mathcal T_H$ 某个顶点的 $\widetilde\Omega_j$ 个数决定, 而后者又由 $\mathcal T_H$ 的最小角决定.	equation	eq:ch07-partition-support	eqref	tex/chapters/chapter-07/section-04.tex:99	tex/chapters/chapter-07/section-04.tex:35	resolved
reference	由于 $\widetilde\Omega_{j,\delta}$ 构成 $\overline\Omega$ 的开覆盖, 具有性质~\eqref{eq:ch07-partition-support}--\eqref{eq:ch07-partition-gradient-bound} 的单位分解之存在性是标准结果(参见 Rudin 1991). 此时 $N_C$ 由可共享 $\mathcal T_H$ 某个顶点的 $\widetilde\Omega_j$ 个数决定, 而后者又由 $\mathcal T_H$ 的最小角决定.	equation	eq:ch07-partition-gradient-bound	eqref	tex/chapters/chapter-07/section-04.tex:99	tex/chapters/chapter-07/section-04.tex:45	resolved
reference	给定 $v\in V_h$, 对 $1\leq j\leq J$ 令 $v_j=\Pi_h(\theta_jv)$, 其中 $\Pi_h:C(\overline\Omega)\longrightarrow V_h$ 是节点插值算子. 由式~\eqref{eq:ch07-partition-support}, $\theta_jv=0$ 在 $\Omega\setminus\Omega_j$ 上, 且 $\partial\Omega_j$ 与 $\mathcal T_h$ 对齐, 故 $v_j=\Pi_h(\theta_jv)=0$ 在 $\Omega\setminus\Omega_j$ 上, 从而由式~\eqref{eq:ch07-overlapping-local-space} 有 $v_j\in V_j$. 又由式~\eqref{eq:ch07-partition-unity},	equation	eq:ch07-partition-support	eqref	tex/chapters/chapter-07/section-04.tex:116	tex/chapters/chapter-07/section-04.tex:35	resolved
reference	给定 $v\in V_h$, 对 $1\leq j\leq J$ 令 $v_j=\Pi_h(\theta_jv)$, 其中 $\Pi_h:C(\overline\Omega)\longrightarrow V_h$ 是节点插值算子. 由式~\eqref{eq:ch07-partition-support}, $\theta_jv=0$ 在 $\Omega\setminus\Omega_j$ 上, 且 $\partial\Omega_j$ 与 $\mathcal T_h$ 对齐, 故 $v_j=\Pi_h(\theta_jv)=0$ 在 $\Omega\setminus\Omega_j$ 上, 从而由式~\eqref{eq:ch07-overlapping-local-space} 有 $v_j\in V_j$. 又由式~\eqref{eq:ch07-partition-unity},	equation	eq:ch07-overlapping-local-space	eqref	tex/chapters/chapter-07/section-04.tex:116	tex/chapters/chapter-07/section-04.tex:66	resolved
reference	给定 $v\in V_h$, 对 $1\leq j\leq J$ 令 $v_j=\Pi_h(\theta_jv)$, 其中 $\Pi_h:C(\overline\Omega)\longrightarrow V_h$ 是节点插值算子. 由式~\eqref{eq:ch07-partition-support}, $\theta_jv=0$ 在 $\Omega\setminus\Omega_j$ 上, 且 $\partial\Omega_j$ 与 $\mathcal T_h$ 对齐, 故 $v_j=\Pi_h(\theta_jv)=0$ 在 $\Omega\setminus\Omega_j$ 上, 从而由式~\eqref{eq:ch07-overlapping-local-space} 有 $v_j\in V_j$. 又由式~\eqref{eq:ch07-partition-unity},	equation	eq:ch07-partition-unity	eqref	tex/chapters/chapter-07/section-04.tex:116	tex/chapters/chapter-07/section-04.tex:39	resolved
reference	由引理~\ref{lem:ch07-overlapping-space-decomposition}, 条件~\eqref{eq:ch07-auxiliary-space-decomposition} 成立.	lemma	lem:ch07-overlapping-space-decomposition	ref	tex/chapters/chapter-07/section-04.tex:126	tex/chapters/chapter-07/section-04.tex:111	resolved
reference	由引理~\ref{lem:ch07-overlapping-space-decomposition}, 条件~\eqref{eq:ch07-auxiliary-space-decomposition} 成立.	equation	eq:ch07-auxiliary-space-decomposition	eqref	tex/chapters/chapter-07/section-04.tex:126	tex/chapters/chapter-07/section-01.tex:68	resolved
reference	由式~\eqref{eq:ch07-two-level-fine-operator} 和式~\eqref{eq:ch07-two-level-coarse-operator},	equation	eq:ch07-two-level-fine-operator	eqref	tex/chapters/chapter-07/section-04.tex:144	tex/chapters/chapter-07/section-04.tex:10	resolved
reference	由式~\eqref{eq:ch07-two-level-fine-operator} 和式~\eqref{eq:ch07-two-level-coarse-operator},	equation	eq:ch07-two-level-coarse-operator	eqref	tex/chapters/chapter-07/section-04.tex:144	tex/chapters/chapter-07/section-04.tex:23	resolved
reference	于是式~\eqref{eq:ch07-two-level-upper-proof-start} 右端第二项满足	equation	eq:ch07-two-level-upper-proof-start	eqref	tex/chapters/chapter-07/section-04.tex:174	tex/chapters/chapter-07/section-04.tex:156	resolved
reference	这里最后两个不等式分别使用了 Cauchy--Schwarz 不等式与式~\eqref{eq:ch07-overlap-indicator-symmetry}, 以及式~\eqref{eq:ch07-overlap-multiplicity} 与式~\eqref{eq:ch07-overlapping-local-operator}.	equation	eq:ch07-overlap-indicator-symmetry	eqref	tex/chapters/chapter-07/section-04.tex:186	tex/chapters/chapter-07/section-04.tex:171	resolved
reference	这里最后两个不等式分别使用了 Cauchy--Schwarz 不等式与式~\eqref{eq:ch07-overlap-indicator-symmetry}, 以及式~\eqref{eq:ch07-overlap-multiplicity} 与式~\eqref{eq:ch07-overlapping-local-operator}.	equation	eq:ch07-overlap-multiplicity	eqref	tex/chapters/chapter-07/section-04.tex:186	tex/chapters/chapter-07/section-04.tex:52	resolved
reference	这里最后两个不等式分别使用了 Cauchy--Schwarz 不等式与式~\eqref{eq:ch07-overlap-indicator-symmetry}, 以及式~\eqref{eq:ch07-overlap-multiplicity} 与式~\eqref{eq:ch07-overlapping-local-operator}.	equation	eq:ch07-overlapping-local-operator	eqref	tex/chapters/chapter-07/section-04.tex:186	tex/chapters/chapter-07/section-04.tex:73	resolved
reference	引理由此估计和式~\eqref{eq:ch07-two-level-upper-proof-start} 得证.	equation	eq:ch07-two-level-upper-proof-start	eqref	tex/chapters/chapter-07/section-04.tex:187	tex/chapters/chapter-07/section-04.tex:156	resolved
reference	结合引理~\ref{lem:ch07-two-level-upper-decomposition} 与式~\eqref{eq:ch07-preconditioned-maximum-eigenvalue}, 立即得到	lemma	lem:ch07-two-level-upper-decomposition	ref	tex/chapters/chapter-07/section-04.tex:190	tex/chapters/chapter-07/section-04.tex:133	resolved
reference	结合引理~\ref{lem:ch07-two-level-upper-decomposition} 与式~\eqref{eq:ch07-preconditioned-maximum-eigenvalue}, 立即得到	equation	eq:ch07-preconditioned-maximum-eigenvalue	eqref	tex/chapters/chapter-07/section-04.tex:190	tex/chapters/chapter-07/section-01.tex:208	resolved
reference	下一个引理与式~\eqref{eq:ch07-preconditioned-minimum-eigenvalue} 结合, 将给出 $\lambda_{\min}(B_{TL}A_h)$ 的下界.	equation	eq:ch07-preconditioned-minimum-eigenvalue	eqref	tex/chapters/chapter-07/section-04.tex:199	tex/chapters/chapter-07/section-01.tex:215	resolved
reference	令 $\widetilde I^H:\mathring H^1(\Omega)\longrightarrow V_H$ 为第~\ref{sec:ch04-nonsmooth-function-interpolation} 节定义的插值算子. 对 $v\in V_h$, 令 $v_H=\widetilde I^Hv$. 由推论~\ref{cor:ch04-generalized-interpolant-stability},	section	sec:ch04-nonsmooth-function-interpolation	ref	tex/chapters/chapter-07/section-04.tex:219	tex/chapters/chapter-04.tex:1666	resolved
reference	令 $\widetilde I^H:\mathring H^1(\Omega)\longrightarrow V_H$ 为第~\ref{sec:ch04-nonsmooth-function-interpolation} 节定义的插值算子. 对 $v\in V_h$, 令 $v_H=\widetilde I^Hv$. 由推论~\ref{cor:ch04-generalized-interpolant-stability},	corollary	cor:ch04-generalized-interpolant-stability	ref	tex/chapters/chapter-07/section-04.tex:219	tex/chapters/chapter-04.tex:1844	resolved
reference	容易验证 $v=v_H+\sum_{j=1}^{J}v_j$(参见习题~\ref{exr:ch07-18}). 由式~\eqref{eq:ch07-two-level-coarse-operator}、式~\eqref{eq:ch07-coarse-interpolation-h1-stability} 和式~\eqref{eq:ch07-two-level-fine-operator},	unknown	exr:ch07-18	ref	tex/chapters/chapter-07/section-04.tex:236	tex/chapters/chapter-07/exercises.tex:142	resolved
reference	容易验证 $v=v_H+\sum_{j=1}^{J}v_j$(参见习题~\ref{exr:ch07-18}). 由式~\eqref{eq:ch07-two-level-coarse-operator}、式~\eqref{eq:ch07-coarse-interpolation-h1-stability} 和式~\eqref{eq:ch07-two-level-fine-operator},	equation	eq:ch07-two-level-coarse-operator	eqref	tex/chapters/chapter-07/section-04.tex:236	tex/chapters/chapter-07/section-04.tex:23	resolved
reference	容易验证 $v=v_H+\sum_{j=1}^{J}v_j$(参见习题~\ref{exr:ch07-18}). 由式~\eqref{eq:ch07-two-level-coarse-operator}、式~\eqref{eq:ch07-coarse-interpolation-h1-stability} 和式~\eqref{eq:ch07-two-level-fine-operator},	equation	eq:ch07-coarse-interpolation-h1-stability	eqref	tex/chapters/chapter-07/section-04.tex:236	tex/chapters/chapter-07/section-04.tex:224	resolved
reference	容易验证 $v=v_H+\sum_{j=1}^{J}v_j$(参见习题~\ref{exr:ch07-18}). 由式~\eqref{eq:ch07-two-level-coarse-operator}、式~\eqref{eq:ch07-coarse-interpolation-h1-stability} 和式~\eqref{eq:ch07-two-level-fine-operator},	equation	eq:ch07-two-level-fine-operator	eqref	tex/chapters/chapter-07/section-04.tex:236	tex/chapters/chapter-07/section-04.tex:10	resolved
reference	又由式~\eqref{eq:ch07-overlapping-local-operator},	equation	eq:ch07-overlapping-local-operator	eqref	tex/chapters/chapter-07/section-04.tex:246	tex/chapters/chapter-07/section-04.tex:73	resolved
reference	设 $T\in\mathcal T_h$, $T\subseteq\Omega_j$, 且 $a,b,c$ 是 $T$ 的顶点. 直接计算(参见习题~\ref{exr:ch07-19})可得	unknown	exr:ch07-19	ref	tex/chapters/chapter-07/section-04.tex:254	tex/chapters/chapter-07/exercises.tex:147	resolved
reference	由式~\eqref{eq:ch07-two-level-local-components},	equation	eq:ch07-two-level-local-components	eqref	tex/chapters/chapter-07/section-04.tex:262	tex/chapters/chapter-07/section-04.tex:233	resolved
reference	因此由式~\eqref{eq:ch07-partition-unity} 和式~\eqref{eq:ch07-partition-gradient-bound},	equation	eq:ch07-partition-unity	eqref	tex/chapters/chapter-07/section-04.tex:268	tex/chapters/chapter-07/section-04.tex:39	resolved
reference	因此由式~\eqref{eq:ch07-partition-unity} 和式~\eqref{eq:ch07-partition-gradient-bound},	equation	eq:ch07-partition-gradient-bound	eqref	tex/chapters/chapter-07/section-04.tex:268	tex/chapters/chapter-07/section-04.tex:45	resolved
reference	由式~\eqref{eq:ch07-partition-b-difference-bound}、式~\eqref{eq:ch07-partition-c-difference-bound}、引理~\ref{lem:ch06-l2-mesh-norm-equivalence} 和式~\eqref{eq:ch07-linear-element-energy-equivalence},	equation	eq:ch07-partition-b-difference-bound	eqref	tex/chapters/chapter-07/section-04.tex:282	tex/chapters/chapter-07/section-04.tex:276	resolved
reference	由式~\eqref{eq:ch07-partition-b-difference-bound}、式~\eqref{eq:ch07-partition-c-difference-bound}、引理~\ref{lem:ch06-l2-mesh-norm-equivalence} 和式~\eqref{eq:ch07-linear-element-energy-equivalence},	equation	eq:ch07-partition-c-difference-bound	eqref	tex/chapters/chapter-07/section-04.tex:282	tex/chapters/chapter-07/section-04.tex:280	resolved
reference	由式~\eqref{eq:ch07-partition-b-difference-bound}、式~\eqref{eq:ch07-partition-c-difference-bound}、引理~\ref{lem:ch06-l2-mesh-norm-equivalence} 和式~\eqref{eq:ch07-linear-element-energy-equivalence},	lemma	lem:ch06-l2-mesh-norm-equivalence	ref	tex/chapters/chapter-07/section-04.tex:282	tex/chapters/chapter-06/section-02.tex:54	resolved
reference	由式~\eqref{eq:ch07-partition-b-difference-bound}、式~\eqref{eq:ch07-partition-c-difference-bound}、引理~\ref{lem:ch06-l2-mesh-norm-equivalence} 和式~\eqref{eq:ch07-linear-element-energy-equivalence},	equation	eq:ch07-linear-element-energy-equivalence	eqref	tex/chapters/chapter-07/section-04.tex:282	tex/chapters/chapter-07/section-04.tex:258	resolved
reference	结合式~\eqref{eq:ch07-local-component-energy-sum} 并求和, 得	equation	eq:ch07-local-component-energy-sum	eqref	tex/chapters/chapter-07/section-04.tex:288	tex/chapters/chapter-07/section-04.tex:250	resolved
reference	&&\text{(由式~\eqref{eq:ch07-coarse-interpolation-h1-stability} 和式~\eqref{eq:ch07-coarse-interpolation-l2-error})}\notag\\	equation	eq:ch07-coarse-interpolation-h1-stability	eqref	tex/chapters/chapter-07/section-04.tex:295	tex/chapters/chapter-07/section-04.tex:224	resolved
reference	&&\text{(由式~\eqref{eq:ch07-coarse-interpolation-h1-stability} 和式~\eqref{eq:ch07-coarse-interpolation-l2-error})}\notag\\	equation	eq:ch07-coarse-interpolation-l2-error	eqref	tex/chapters/chapter-07/section-04.tex:295	tex/chapters/chapter-07/section-04.tex:227	resolved
reference	引理由式~\eqref{eq:ch07-coarse-component-energy} 和式~\eqref{eq:ch07-local-component-summed-bound} 得证.	equation	eq:ch07-coarse-component-energy	eqref	tex/chapters/chapter-07/section-04.tex:299	tex/chapters/chapter-07/section-04.tex:240	resolved
reference	引理由式~\eqref{eq:ch07-coarse-component-energy} 和式~\eqref{eq:ch07-local-component-summed-bound} 得证.	equation	eq:ch07-local-component-summed-bound	eqref	tex/chapters/chapter-07/section-04.tex:299	tex/chapters/chapter-07/section-04.tex:297	resolved
reference	由引理~\ref{lem:ch07-two-level-stable-decomposition} 和式~\eqref{eq:ch07-preconditioned-minimum-eigenvalue}, 立即得到	lemma	lem:ch07-two-level-stable-decomposition	ref	tex/chapters/chapter-07/section-04.tex:302	tex/chapters/chapter-07/section-04.tex:203	resolved
reference	由引理~\ref{lem:ch07-two-level-stable-decomposition} 和式~\eqref{eq:ch07-preconditioned-minimum-eigenvalue}, 立即得到	equation	eq:ch07-preconditioned-minimum-eigenvalue	eqref	tex/chapters/chapter-07/section-04.tex:302	tex/chapters/chapter-07/section-01.tex:215	resolved
reference	最后, 结合式~\eqref{eq:ch07-two-level-maximum-eigenvalue} 和式~\eqref{eq:ch07-two-level-minimum-eigenvalue}, 得到关于两层 additive Schwarz 预条件子的如下定理.	equation	eq:ch07-two-level-maximum-eigenvalue	eqref	tex/chapters/chapter-07/section-04.tex:311	tex/chapters/chapter-07/section-04.tex:195	resolved
reference	最后, 结合式~\eqref{eq:ch07-two-level-maximum-eigenvalue} 和式~\eqref{eq:ch07-two-level-minimum-eigenvalue}, 得到关于两层 additive Schwarz 预条件子的如下定理.	equation	eq:ch07-two-level-minimum-eigenvalue	eqref	tex/chapters/chapter-07/section-04.tex:311	tex/chapters/chapter-07/section-04.tex:306	resolved
reference	若 $H/\delta$ 有统一上界, 则两层 additive 预条件子是最优的. 当 $\delta$ 相对于 $H$ 很小时, 因子 $1+(H/\delta)^2$ 变得显著. 注意, 估计~\eqref{eq:ch07-partition-b-difference-bound} 和~\eqref{eq:ch07-partition-c-difference-bound} 非常保守, 因为在 $\Omega_j$ 中不属于其他子区域的所有节点上 $\theta_j=1$. 在对子区域 $\Omega_j$ 的某些形状正则性假设下, $\kappa(B_{TL}A_h)$ 的界可改进为(参见 Dryja \& Widlund 1994 和习题~\ref{exr:ch07-21})	equation	eq:ch07-partition-b-difference-bound	eqref	tex/chapters/chapter-07/section-04.tex:329	tex/chapters/chapter-07/section-04.tex:276	resolved
reference	若 $H/\delta$ 有统一上界, 则两层 additive 预条件子是最优的. 当 $\delta$ 相对于 $H$ 很小时, 因子 $1+(H/\delta)^2$ 变得显著. 注意, 估计~\eqref{eq:ch07-partition-b-difference-bound} 和~\eqref{eq:ch07-partition-c-difference-bound} 非常保守, 因为在 $\Omega_j$ 中不属于其他子区域的所有节点上 $\theta_j=1$. 在对子区域 $\Omega_j$ 的某些形状正则性假设下, $\kappa(B_{TL}A_h)$ 的界可改进为(参见 Dryja \& Widlund 1994 和习题~\ref{exr:ch07-21})	equation	eq:ch07-partition-c-difference-bound	eqref	tex/chapters/chapter-07/section-04.tex:329	tex/chapters/chapter-07/section-04.tex:280	resolved
reference	若 $H/\delta$ 有统一上界, 则两层 additive 预条件子是最优的. 当 $\delta$ 相对于 $H$ 很小时, 因子 $1+(H/\delta)^2$ 变得显著. 注意, 估计~\eqref{eq:ch07-partition-b-difference-bound} 和~\eqref{eq:ch07-partition-c-difference-bound} 非常保守, 因为在 $\Omega_j$ 中不属于其他子区域的所有节点上 $\theta_j=1$. 在对子区域 $\Omega_j$ 的某些形状正则性假设下, $\kappa(B_{TL}A_h)$ 的界可改进为(参见 Dryja \& Widlund 1994 和习题~\ref{exr:ch07-21})	unknown	exr:ch07-21	ref	tex/chapters/chapter-07/section-04.tex:329	tex/chapters/chapter-07/exercises.tex:157	resolved
reference	若式~\eqref{eq:ch07-two-level-additive-schwarz-preconditioner} 中的精确求解算子 $A_H^{-1}$ 和 $A_j^{-1}$ 被谱等价的非精确求解替代, 且只假设三角剖分 $\mathcal T_h$ 和 $\mathcal T_H$ 正则, 则本节结果仍然成立(此时需适当解释 $H$ 和 $\delta$, 参见 Widlund 1999).	equation	eq:ch07-two-level-additive-schwarz-preconditioner	eqref	tex/chapters/chapter-07/section-04.tex:340	tex/chapters/chapter-07/section-04.tex:83	resolved
reference	将 $\Omega$ 分成多边形子区域 $\Omega_1,\ldots,\Omega_J$(参见图~\ref{fig:ch07-nonoverlapping-domain-decomposition} 左图), 使得	figure	fig:ch07-nonoverlapping-domain-decomposition	ref	tex/chapters/chapter-07/section-05.tex:8	tex/chapters/chapter-07/section-05.tex:43	resolved
reference	形状正则性条件~\eqref{eq:ch07-subdomain-shape-regularity} 蕴含: 涉及子区域的所有估计都可由参考区域上的相应估计得到. 它还蕴含	equation	eq:ch07-subdomain-shape-regularity	eqref	tex/chapters/chapter-07/section-05.tex:49	tex/chapters/chapter-07/section-05.tex:31	resolved
reference	对 BPS 和 Neumann--Neumann 预条件子, 子区域之间的全局通信都由粗网格空间提供. 以各子区域的顶点为节点, 对每个子区域作三角剖分来构造粗网格; 它们共同形成 $\Omega$ 上网格尺寸约为 $H$ 的三角剖分 $\mathcal T_H$(参见图~\ref{fig:ch07-nonoverlapping-domain-decomposition} 右图).	figure	fig:ch07-nonoverlapping-domain-decomposition	ref	tex/chapters/chapter-07/section-05.tex:58	tex/chapters/chapter-07/section-05.tex:43	resolved
reference	定义模型问题~\eqref{eq:ch07-model-poisson-variational-problem} 的变分双线性型	equation	eq:ch07-model-poisson-variational-problem	eqref	tex/chapters/chapter-07/section-05.tex:66	tex/chapters/chapter-07/section-01.tex:247	resolved
reference	式~\eqref{eq:ch07-model-poisson-variational-problem} 的离散问题是求与 $\mathcal T_h$ 相应的 $\mathring H^1(\Omega)$ 中 $\mathcal P_1$ 有限元空间 $V_h(\Omega)$ 里的 $u_h$, 使得	equation	eq:ch07-model-poisson-variational-problem	eqref	tex/chapters/chapter-07/section-05.tex:74	tex/chapters/chapter-07/section-01.tex:247	resolved
reference	由定义~\ref{def:ch07-interface-zero-space} 显然有	definition	def:ch07-interface-zero-space	ref	tex/chapters/chapter-07/section-05.tex:106	tex/chapters/chapter-07/section-05.tex:86	resolved
reference	因此, 式~\eqref{eq:ch07-nonoverlap-discrete-problem} 的解 $u_h$ 可写成	equation	eq:ch07-nonoverlap-discrete-problem	eqref	tex/chapters/chapter-07/section-05.tex:113	tex/chapters/chapter-07/section-05.tex:78	resolved
reference	其中 $\mathring u_h\in V_h(\Omega\setminus\Gamma)$, $\widehat u_h\in V_h(\Gamma)$. 式~\eqref{eq:ch07-nonoverlap-discrete-problem} 以及 $V_h(\Omega\setminus\Gamma)$ 与 $V_h(\Gamma)$ 的正交性蕴含	equation	eq:ch07-nonoverlap-discrete-problem	eqref	tex/chapters/chapter-07/section-05.tex:120	tex/chapters/chapter-07/section-05.tex:78	resolved
reference	容易看出(参见习题~\ref{exr:ch07-22}), $\mathring u_{h,j}:=\mathring u_h|_{\Omega_j}$ 属于与 $\mathcal T_h$ 在 $\Omega_j$ 上诱导的三角剖分相应的 $H_0^1(\Omega_j)$ 中 $\mathcal P_1$ 有限元空间 $V_h(\Omega_j)$, 并满足	unknown	exr:ch07-22	ref	tex/chapters/chapter-07/section-05.tex:131	tex/chapters/chapter-07/exercises.tex:168	resolved
reference	其中 $\widetilde v\in V_h$ 是 $v$ 的零延拓. 因此 $1\leq j\leq J$ 时的 $\mathring u_{h,j}$ 可由式~\eqref{eq:ch07-subdomain-dirichlet-problem} 计算, 即在每个 $\Omega_j$ 上求解离散 Dirichlet 问题, 且这些问题可并行求解.	equation	eq:ch07-subdomain-dirichlet-problem	eqref	tex/chapters/chapter-07/section-05.tex:139	tex/chapters/chapter-07/section-05.tex:135	resolved
reference	于是式~\eqref{eq:ch07-interface-subproblem} 可写成	equation	eq:ch07-interface-subproblem	eqref	tex/chapters/chapter-07/section-05.tex:149	tex/chapters/chapter-07/section-05.tex:129	resolved
reference	由式~\eqref{eq:ch07-schur-complement-operator} 可知 $S_h$ 为 SPD. 非重叠区域分解方法的目标是为 $S_h$ 提供一个良好的预条件子, 使得可由式~\eqref{eq:ch07-schur-complement-equation} 通过预条件共轭梯度法等高效求得 $\widehat u_h$.	equation	eq:ch07-schur-complement-operator	eqref	tex/chapters/chapter-07/section-05.tex:158	tex/chapters/chapter-07/section-05.tex:145	resolved
reference	由式~\eqref{eq:ch07-schur-complement-operator} 可知 $S_h$ 为 SPD. 非重叠区域分解方法的目标是为 $S_h$ 提供一个良好的预条件子, 使得可由式~\eqref{eq:ch07-schur-complement-equation} 通过预条件共轭梯度法等高效求得 $\widehat u_h$.	equation	eq:ch07-schur-complement-equation	eqref	tex/chapters/chapter-07/section-05.tex:158	tex/chapters/chapter-07/section-05.tex:153	resolved
reference	若 $v\in V_h(\Gamma)$ 满足式~\eqref{eq:ch07-interface-prescribed-nodal-values}, 则 $v_*=v-w\in V_h(\Omega\setminus\Gamma)$, 且 $V_h(\Omega\setminus\Gamma)$ 与 $V_h(\Gamma)$ 的正交性给出	equation	eq:ch07-interface-prescribed-nodal-values	eqref	tex/chapters/chapter-07/section-05.tex:186	tex/chapters/chapter-07/section-05.tex:170	resolved
reference	反过来, 若 $v_*\in V_h(\Omega\setminus\Gamma)$ 满足式~\eqref{eq:ch07-interface-lifting-equation}, 则 $v=v_*+w\in V_h(\Gamma)$ 且满足式~\eqref{eq:ch07-interface-prescribed-nodal-values}. 由于 $a(\cdot,\cdot)$ 是 $V_h$ 上的内积, 式~\eqref{eq:ch07-interface-lifting-equation} 在 $V_h(\Omega\setminus\Gamma)$ 中有唯一解, 结论得证.	equation	eq:ch07-interface-lifting-equation	eqref	tex/chapters/chapter-07/section-05.tex:194	tex/chapters/chapter-07/section-05.tex:190	resolved
reference	反过来, 若 $v_*\in V_h(\Omega\setminus\Gamma)$ 满足式~\eqref{eq:ch07-interface-lifting-equation}, 则 $v=v_*+w\in V_h(\Gamma)$ 且满足式~\eqref{eq:ch07-interface-prescribed-nodal-values}. 由于 $a(\cdot,\cdot)$ 是 $V_h$ 上的内积, 式~\eqref{eq:ch07-interface-lifting-equation} 在 $V_h(\Omega\setminus\Gamma)$ 中有唯一解, 结论得证.	equation	eq:ch07-interface-prescribed-nodal-values	eqref	tex/chapters/chapter-07/section-05.tex:194	tex/chapters/chapter-07/section-05.tex:170	resolved
reference	反过来, 若 $v_*\in V_h(\Omega\setminus\Gamma)$ 满足式~\eqref{eq:ch07-interface-lifting-equation}, 则 $v=v_*+w\in V_h(\Gamma)$ 且满足式~\eqref{eq:ch07-interface-prescribed-nodal-values}. 由于 $a(\cdot,\cdot)$ 是 $V_h$ 上的内积, 式~\eqref{eq:ch07-interface-lifting-equation} 在 $V_h(\Omega\setminus\Gamma)$ 中有唯一解, 结论得证.	equation	eq:ch07-interface-lifting-equation	eqref	tex/chapters/chapter-07/section-05.tex:194	tex/chapters/chapter-07/section-05.tex:190	resolved
reference	由式~\eqref{eq:ch07-interface-lifting-equation}, $v\in V_h(\Gamma)$ 可由其在 $\Gamma$ 上的节点值获得: 在每个子区域上并行求解具有齐次边界条件的离散 Poisson 方程.	equation	eq:ch07-interface-lifting-equation	eqref	tex/chapters/chapter-07/section-05.tex:200	tex/chapters/chapter-07/section-05.tex:190	resolved
reference	其中最后一步使用 Friedrichs 不等式~\eqref{eq:ch04-friedrichs-inequality}.	equation	eq:ch04-friedrichs-inequality	eqref	tex/chapters/chapter-07/section-05.tex:271	tex/chapters/chapter-04.tex:747	resolved
reference	任取 $v\in\widehat V_{\widehat h}(\partial D)$, 令 $\overline v=|\partial D|^{-1}\int_{\partial D}v\,ds$. 注意 $v-\overline v$ 仍属于 $\widehat V_{\widehat h}(\partial D)$. 由迹定理, 存在 $w\in H^1(D)$, 使 $w|_{\partial D}=(v-\overline v)|_{\partial D}$ 且 $\|w\|_{H^1(D)}\lesssim\|v-\overline v\|_{H^{1/2}(\partial D)}$. 由第~\ref{sec:ch04-nonsmooth-function-interpolation} 节, $\widetilde w=\widetilde I^{\widehat h}w\in\widehat V_{\widehat h}(D)$, $|\widetilde w|_{H^1(D)}\lesssim|w|_{H^1(D)}$, 且 $\widetilde w|_{\partial D}=w|_{\partial D}$. 因此	section	sec:ch04-nonsmooth-function-interpolation	ref	tex/chapters/chapter-07/section-05.tex:285	tex/chapters/chapter-04.tex:1666	resolved
reference	其中使用引理~\ref{lem:ch07-interface-minimum-energy} 与习题~\ref{exr:ch07-24}. 结合引理~\ref{lem:ch07-trace-seminorm-bound} 即得结论.	lemma	lem:ch07-interface-minimum-energy	ref	tex/chapters/chapter-07/section-05.tex:293	tex/chapters/chapter-07/section-05.tex:207	resolved
reference	其中使用引理~\ref{lem:ch07-interface-minimum-energy} 与习题~\ref{exr:ch07-24}. 结合引理~\ref{lem:ch07-trace-seminorm-bound} 即得结论.	unknown	exr:ch07-24	ref	tex/chapters/chapter-07/section-05.tex:293	tex/chapters/chapter-07/exercises.tex:178	resolved
reference	其中使用引理~\ref{lem:ch07-interface-minimum-energy} 与习题~\ref{exr:ch07-24}. 结合引理~\ref{lem:ch07-trace-seminorm-bound} 即得结论.	lemma	lem:ch07-trace-seminorm-bound	ref	tex/chapters/chapter-07/section-05.tex:293	tex/chapters/chapter-07/section-05.tex:250	resolved
reference	由式~\eqref{eq:ch07-subdomain-shape-regularity}、引理~\ref{lem:ch07-discrete-harmonic-trace-equivalence} 和尺度变换可得	equation	eq:ch07-subdomain-shape-regularity	eqref	tex/chapters/chapter-07/section-05.tex:303	tex/chapters/chapter-07/section-05.tex:31	resolved
reference	由式~\eqref{eq:ch07-subdomain-shape-regularity}、引理~\ref{lem:ch07-discrete-harmonic-trace-equivalence} 和尺度变换可得	lemma	lem:ch07-discrete-harmonic-trace-equivalence	ref	tex/chapters/chapter-07/section-05.tex:303	tex/chapters/chapter-07/section-05.tex:276	resolved
reference	其中最后一步使用习题~\ref{exr:ch07-25} 和~\ref{exr:ch07-26}.	unknown	exr:ch07-25	ref	tex/chapters/chapter-07/section-05.tex:360	tex/chapters/chapter-07/exercises.tex:197	resolved
reference	其中最后一步使用习题~\ref{exr:ch07-25} 和~\ref{exr:ch07-26}.	unknown	exr:ch07-26	ref	tex/chapters/chapter-07/section-05.tex:360	tex/chapters/chapter-07/exercises.tex:218	resolved
reference	设 $a,b$ 是与 $p$ 相邻的两个节点, $\widehat h_1=|a-p|$, $\widehat h_2=|b-p|$. 由习题~\ref{exr:ch07-27},	unknown	exr:ch07-27	ref	tex/chapters/chapter-07/section-05.tex:370	tex/chapters/chapter-07/exercises.tex:229	resolved
reference	设 $v\in\widehat V_{\widehat h}(\partial D)$ 在 $\partial D$ 上某点为零. 沿用引理~\ref{lem:ch07-edge-truncation-fractional-bound} 的记号, 有	lemma	lem:ch07-edge-truncation-fractional-bound	ref	tex/chapters/chapter-07/section-05.tex:395	tex/chapters/chapter-07/section-05.tex:325	resolved
reference	于是由引理~\ref{lem:ch07-edge-truncation-fractional-bound}、引理~\ref{lem:ch07-discrete-harmonic-trace-equivalence}、离散 Sobolev 不等式~\eqref{eq:ch04-discrete-sobolev-inequality} 和 Friedrichs 不等式~\eqref{eq:ch04-friedrichs-inequality},	lemma	lem:ch07-edge-truncation-fractional-bound	ref	tex/chapters/chapter-07/section-05.tex:410	tex/chapters/chapter-07/section-05.tex:325	resolved
reference	于是由引理~\ref{lem:ch07-edge-truncation-fractional-bound}、引理~\ref{lem:ch07-discrete-harmonic-trace-equivalence}、离散 Sobolev 不等式~\eqref{eq:ch04-discrete-sobolev-inequality} 和 Friedrichs 不等式~\eqref{eq:ch04-friedrichs-inequality},	lemma	lem:ch07-discrete-harmonic-trace-equivalence	ref	tex/chapters/chapter-07/section-05.tex:410	tex/chapters/chapter-07/section-05.tex:276	resolved
reference	于是由引理~\ref{lem:ch07-edge-truncation-fractional-bound}、引理~\ref{lem:ch07-discrete-harmonic-trace-equivalence}、离散 Sobolev 不等式~\eqref{eq:ch04-discrete-sobolev-inequality} 和 Friedrichs 不等式~\eqref{eq:ch04-friedrichs-inequality},	equation	eq:ch04-discrete-sobolev-inequality	eqref	tex/chapters/chapter-07/section-05.tex:410	tex/chapters/chapter-04.tex:1891	resolved
reference	于是由引理~\ref{lem:ch07-edge-truncation-fractional-bound}、引理~\ref{lem:ch07-discrete-harmonic-trace-equivalence}、离散 Sobolev 不等式~\eqref{eq:ch04-discrete-sobolev-inequality} 和 Friedrichs 不等式~\eqref{eq:ch04-friedrichs-inequality},	equation	eq:ch04-friedrichs-inequality	eqref	tex/chapters/chapter-07/section-05.tex:410	tex/chapters/chapter-04.tex:747	resolved
reference	本节讨论 Schur 补算子 $S_h$ 的 Bramble--Pasciak--Schatz (BPS)预条件子(参见 Bramble, Pasciak \& Schatz 1986), 并沿用第~\ref{sec:ch07-nonoverlapping-domain-decomposition} 节的记号. BPS 预条件子有两类辅助空间: 一类与子区域的公共边相联系, 另一类与粗三角剖分 $\mathcal T_H$ 相联系.	section	sec:ch07-nonoverlapping-domain-decomposition	ref	tex/chapters/chapter-07/section-06.tex:6	tex/chapters/chapter-07/section-05.tex:2	resolved
reference	由引理~\ref{lem:ch07-interface-nodal-uniqueness} 的论证, $V_h(E_l)$ 中的函数在边界不包含 $E_l$ 的子区域上恒为零(参见习题~\ref{exr:ch07-28}). 此外, 因为参考区域至多只有 $K$ 个, 每个 $\Omega_j$ 边界上的边数由常数控制.	lemma	lem:ch07-interface-nodal-uniqueness	ref	tex/chapters/chapter-07/section-06.tex:30	tex/chapters/chapter-07/section-05.tex:165	resolved
reference	由引理~\ref{lem:ch07-interface-nodal-uniqueness} 的论证, $V_h(E_l)$ 中的函数在边界不包含 $E_l$ 的子区域上恒为零(参见习题~\ref{exr:ch07-28}). 此外, 因为参考区域至多只有 $K$ 个, 每个 $\Omega_j$ 边界上的边数由常数控制.	unknown	exr:ch07-28	ref	tex/chapters/chapter-07/section-06.tex:30	tex/chapters/chapter-07/exercises.tex:234	resolved
reference	利用引理~\ref{lem:ch07-interface-nodal-uniqueness}, 定义连接算子 $I_H:V_H\longrightarrow V_h(\Gamma)$:	lemma	lem:ch07-interface-nodal-uniqueness	ref	tex/chapters/chapter-07/section-06.tex:41	tex/chapters/chapter-07/section-05.tex:165	resolved
reference	设 $v\in V_h(\Gamma)$, 定义 $v_H=\Pi_Hv$, 即 $v$ 关于 $\mathcal T_H$ 的节点插值. 由引理~\ref{lem:ch07-interface-nodal-uniqueness}, 可定义 $v_l\in V_h(\Gamma)$:	lemma	lem:ch07-interface-nodal-uniqueness	ref	tex/chapters/chapter-07/section-06.tex:73	tex/chapters/chapter-07/section-05.tex:165	resolved
reference	容易验证(参见习题~\ref{exr:ch07-29})	unknown	exr:ch07-29	ref	tex/chapters/chapter-07/section-06.tex:84	tex/chapters/chapter-07/exercises.tex:239	resolved
reference	由引理~\ref{lem:ch07-bps-space-decomposition}, 条件~\eqref{eq:ch07-auxiliary-space-decomposition} 成立.	lemma	lem:ch07-bps-space-decomposition	ref	tex/chapters/chapter-07/section-06.tex:94	tex/chapters/chapter-07/section-06.tex:64	resolved
reference	由引理~\ref{lem:ch07-bps-space-decomposition}, 条件~\eqref{eq:ch07-auxiliary-space-decomposition} 成立.	equation	eq:ch07-auxiliary-space-decomposition	eqref	tex/chapters/chapter-07/section-06.tex:94	tex/chapters/chapter-07/section-01.tex:68	resolved
reference	任取 $v\in V_h(\Gamma)$. 由式~\eqref{eq:ch07-preconditioned-maximum-eigenvalue}, 只需证明	equation	eq:ch07-preconditioned-maximum-eigenvalue	eqref	tex/chapters/chapter-07/section-06.tex:104	tex/chapters/chapter-07/section-01.tex:208	resolved
reference	其中 $v_H\in V_H$, $v_l\in V_h(E_l)$, 且 $v=v_H+\sum_{l=1}^{L}v_l$. 由式~\eqref{eq:ch07-global-energy-form}、式~\eqref{eq:ch07-schur-complement-operator}、式~\eqref{eq:ch07-bps-coarse-operator} 和式~\eqref{eq:ch07-bps-edge-operator}, 这等价于	equation	eq:ch07-global-energy-form	eqref	tex/chapters/chapter-07/section-06.tex:111	tex/chapters/chapter-07/section-05.tex:70	resolved
reference	其中 $v_H\in V_H$, $v_l\in V_h(E_l)$, 且 $v=v_H+\sum_{l=1}^{L}v_l$. 由式~\eqref{eq:ch07-global-energy-form}、式~\eqref{eq:ch07-schur-complement-operator}、式~\eqref{eq:ch07-bps-coarse-operator} 和式~\eqref{eq:ch07-bps-edge-operator}, 这等价于	equation	eq:ch07-schur-complement-operator	eqref	tex/chapters/chapter-07/section-06.tex:111	tex/chapters/chapter-07/section-05.tex:145	resolved
reference	其中 $v_H\in V_H$, $v_l\in V_h(E_l)$, 且 $v=v_H+\sum_{l=1}^{L}v_l$. 由式~\eqref{eq:ch07-global-energy-form}、式~\eqref{eq:ch07-schur-complement-operator}、式~\eqref{eq:ch07-bps-coarse-operator} 和式~\eqref{eq:ch07-bps-edge-operator}, 这等价于	equation	eq:ch07-bps-coarse-operator	eqref	tex/chapters/chapter-07/section-06.tex:111	tex/chapters/chapter-07/section-06.tex:37	resolved
reference	其中 $v_H\in V_H$, $v_l\in V_h(E_l)$, 且 $v=v_H+\sum_{l=1}^{L}v_l$. 由式~\eqref{eq:ch07-global-energy-form}、式~\eqref{eq:ch07-schur-complement-operator}、式~\eqref{eq:ch07-bps-coarse-operator} 和式~\eqref{eq:ch07-bps-edge-operator}, 这等价于	equation	eq:ch07-bps-edge-operator	eqref	tex/chapters/chapter-07/section-06.tex:111	tex/chapters/chapter-07/section-06.tex:21	resolved
reference	由式~\eqref{eq:ch07-bps-unique-decomposition} 和 Cauchy--Schwarz 不等式,	equation	eq:ch07-bps-unique-decomposition	eqref	tex/chapters/chapter-07/section-06.tex:120	tex/chapters/chapter-07/section-06.tex:88	resolved
reference	其次, 引理~\ref{lem:ch07-interface-minimum-energy}、式~\eqref{eq:ch07-global-energy-form} 和式~\eqref{eq:ch07-bps-coarse-connection} 蕴含	lemma	lem:ch07-interface-minimum-energy	ref	tex/chapters/chapter-07/section-06.tex:129	tex/chapters/chapter-07/section-05.tex:207	resolved
reference	其次, 引理~\ref{lem:ch07-interface-minimum-energy}、式~\eqref{eq:ch07-global-energy-form} 和式~\eqref{eq:ch07-bps-coarse-connection} 蕴含	equation	eq:ch07-global-energy-form	eqref	tex/chapters/chapter-07/section-06.tex:129	tex/chapters/chapter-07/section-05.tex:70	resolved
reference	其次, 引理~\ref{lem:ch07-interface-minimum-energy}、式~\eqref{eq:ch07-global-energy-form} 和式~\eqref{eq:ch07-bps-coarse-connection} 蕴含	equation	eq:ch07-bps-coarse-connection	eqref	tex/chapters/chapter-07/section-06.tex:129	tex/chapters/chapter-07/section-06.tex:45	resolved
reference	最后, 因为除非 $E_l,E_k$ 共享一个子区域, 否则 $a(v_l,v_k)=0$(参见备注~\ref{rem:ch07-bps-edge-support}), 所以(参见习题~\ref{exr:ch07-30})	remark	rem:ch07-bps-edge-support	ref	tex/chapters/chapter-07/section-06.tex:136	tex/chapters/chapter-07/section-06.tex:29	resolved
reference	最后, 因为除非 $E_l,E_k$ 共享一个子区域, 否则 $a(v_l,v_k)=0$(参见备注~\ref{rem:ch07-bps-edge-support}), 所以(参见习题~\ref{exr:ch07-30})	unknown	exr:ch07-30	ref	tex/chapters/chapter-07/section-06.tex:136	tex/chapters/chapter-07/exercises.tex:244	resolved
reference	式~\eqref{eq:ch07-bps-upper-h1-decomposition} 由式~\eqref{eq:ch07-bps-decomposition-cauchy}--\eqref{eq:ch07-bps-edge-sum-energy} 得证.	equation	eq:ch07-bps-upper-h1-decomposition	eqref	tex/chapters/chapter-07/section-06.tex:144	tex/chapters/chapter-07/section-06.tex:115	resolved
reference	式~\eqref{eq:ch07-bps-upper-h1-decomposition} 由式~\eqref{eq:ch07-bps-decomposition-cauchy}--\eqref{eq:ch07-bps-edge-sum-energy} 得证.	equation	eq:ch07-bps-decomposition-cauchy	eqref	tex/chapters/chapter-07/section-06.tex:144	tex/chapters/chapter-07/section-06.tex:124	resolved
reference	式~\eqref{eq:ch07-bps-upper-h1-decomposition} 由式~\eqref{eq:ch07-bps-decomposition-cauchy}--\eqref{eq:ch07-bps-edge-sum-energy} 得证.	equation	eq:ch07-bps-edge-sum-energy	eqref	tex/chapters/chapter-07/section-06.tex:144	tex/chapters/chapter-07/section-06.tex:140	resolved
reference	任取 $v\in V_h(\Gamma)$. 这次需用 $|v|_{H^1(\Omega)}^2$ 估计 $|v_H|_{H^1(\Omega)}^2+\sum_{l=1}^{L}|v_l|_{H^1(\Omega)}^2$, 其中 $v_H,v_l$ 是分解~\eqref{eq:ch07-bps-unique-decomposition} 中的函数.	equation	eq:ch07-bps-unique-decomposition	eqref	tex/chapters/chapter-07/section-06.tex:159	tex/chapters/chapter-07/section-06.tex:88	resolved
reference	这里使用了式~\eqref{eq:ch04-discrete-sobolev-inequality}、尺度变换以及 Friedrichs 不等式~\eqref{eq:ch04-friedrichs-inequality}. 求和得到	equation	eq:ch04-discrete-sobolev-inequality	eqref	tex/chapters/chapter-07/section-06.tex:174	tex/chapters/chapter-04.tex:1891	resolved
reference	这里使用了式~\eqref{eq:ch04-discrete-sobolev-inequality}、尺度变换以及 Friedrichs 不等式~\eqref{eq:ch04-friedrichs-inequality}. 求和得到	equation	eq:ch04-friedrichs-inequality	eqref	tex/chapters/chapter-07/section-06.tex:174	tex/chapters/chapter-04.tex:747	resolved
reference	再考虑式~\eqref{eq:ch07-bps-edge-component} 定义的 $v_l$. 设 $E_l$ 是 $\Omega_{l_1}$ 与 $\Omega_{l_2}$ 的公共边. 在每个 $\Omega_j$ 上, $j=l_1$ 或 $l_2$, 有	equation	eq:ch07-bps-edge-component	eqref	tex/chapters/chapter-07/section-06.tex:183	tex/chapters/chapter-07/section-06.tex:77	resolved
reference	因此对 $j=l_1$ 或 $l_2$, 由引理~\ref{lem:ch07-discrete-harmonic-trace-equivalence}、引理~\ref{lem:ch07-edge-truncation-fractional-bound}、引理~\ref{lem:ch07-trace-seminorm-bound}、式~\eqref{eq:ch07-bps-coarse-local-bound}、离散 Sobolev 不等式和 Friedrichs 不等式,	lemma	lem:ch07-discrete-harmonic-trace-equivalence	ref	tex/chapters/chapter-07/section-06.tex:193	tex/chapters/chapter-07/section-05.tex:276	resolved
reference	因此对 $j=l_1$ 或 $l_2$, 由引理~\ref{lem:ch07-discrete-harmonic-trace-equivalence}、引理~\ref{lem:ch07-edge-truncation-fractional-bound}、引理~\ref{lem:ch07-trace-seminorm-bound}、式~\eqref{eq:ch07-bps-coarse-local-bound}、离散 Sobolev 不等式和 Friedrichs 不等式,	lemma	lem:ch07-edge-truncation-fractional-bound	ref	tex/chapters/chapter-07/section-06.tex:193	tex/chapters/chapter-07/section-05.tex:325	resolved
reference	因此对 $j=l_1$ 或 $l_2$, 由引理~\ref{lem:ch07-discrete-harmonic-trace-equivalence}、引理~\ref{lem:ch07-edge-truncation-fractional-bound}、引理~\ref{lem:ch07-trace-seminorm-bound}、式~\eqref{eq:ch07-bps-coarse-local-bound}、离散 Sobolev 不等式和 Friedrichs 不等式,	lemma	lem:ch07-trace-seminorm-bound	ref	tex/chapters/chapter-07/section-06.tex:193	tex/chapters/chapter-07/section-05.tex:250	resolved
reference	因此对 $j=l_1$ 或 $l_2$, 由引理~\ref{lem:ch07-discrete-harmonic-trace-equivalence}、引理~\ref{lem:ch07-edge-truncation-fractional-bound}、引理~\ref{lem:ch07-trace-seminorm-bound}、式~\eqref{eq:ch07-bps-coarse-local-bound}、离散 Sobolev 不等式和 Friedrichs 不等式,	equation	eq:ch07-bps-coarse-local-bound	eqref	tex/chapters/chapter-07/section-06.tex:193	tex/chapters/chapter-07/section-06.tex:172	resolved
reference	结论由式~\eqref{eq:ch07-preconditioned-minimum-eigenvalue}、式~\eqref{eq:ch07-bps-coarse-global-bound} 和式~\eqref{eq:ch07-bps-edge-global-bound} 得到.	equation	eq:ch07-preconditioned-minimum-eigenvalue	eqref	tex/chapters/chapter-07/section-06.tex:214	tex/chapters/chapter-07/section-01.tex:215	resolved
reference	结论由式~\eqref{eq:ch07-preconditioned-minimum-eigenvalue}、式~\eqref{eq:ch07-bps-coarse-global-bound} 和式~\eqref{eq:ch07-bps-edge-global-bound} 得到.	equation	eq:ch07-bps-coarse-global-bound	eqref	tex/chapters/chapter-07/section-06.tex:214	tex/chapters/chapter-07/section-06.tex:178	resolved
reference	结论由式~\eqref{eq:ch07-preconditioned-minimum-eigenvalue}、式~\eqref{eq:ch07-bps-coarse-global-bound} 和式~\eqref{eq:ch07-bps-edge-global-bound} 得到.	equation	eq:ch07-bps-edge-global-bound	eqref	tex/chapters/chapter-07/section-06.tex:214	tex/chapters/chapter-07/section-06.tex:210	resolved
reference	结合引理~\ref{lem:ch07-bps-maximum-eigenvalue} 和引理~\ref{lem:ch07-bps-minimum-eigenvalue}, 得到如下定理.	lemma	lem:ch07-bps-maximum-eigenvalue	ref	tex/chapters/chapter-07/section-06.tex:218	tex/chapters/chapter-07/section-06.tex:99	resolved
reference	结合引理~\ref{lem:ch07-bps-maximum-eigenvalue} 和引理~\ref{lem:ch07-bps-minimum-eigenvalue}, 得到如下定理.	lemma	lem:ch07-bps-minimum-eigenvalue	ref	tex/chapters/chapter-07/section-06.tex:218	tex/chapters/chapter-07/section-06.tex:149	resolved
reference	定理~\ref{thm:ch07-bps-condition-number} 中的界是尖锐的(参见 Brenner and Sung 2000b).	theorem	thm:ch07-bps-condition-number	ref	tex/chapters/chapter-07/section-06.tex:235	tex/chapters/chapter-07/section-06.tex:222	resolved
reference	定义的边值问题, 其中 $\rho_j$ 为正常数. 定理~\ref{thm:ch07-bps-condition-number} 中的界仍成立, 且常数 $C$ 与 $h,H,J,\rho_j$ 无关.	theorem	thm:ch07-bps-condition-number	ref	tex/chapters/chapter-07/section-06.tex:248	tex/chapters/chapter-07/section-06.tex:222	resolved
reference	本节讨论 Schur 补算子 $S_h$ 的 Neumann--Neumann 预条件子(参见 Dryja \& Widlund 1995), 并沿用第~\ref{sec:ch07-nonoverlapping-domain-decomposition} 节的记号. Neumann--Neumann 预条件子的辅助空间与子区域或粗三角剖分相联系.	section	sec:ch07-nonoverlapping-domain-decomposition	ref	tex/chapters/chapter-07/section-07.tex:6	tex/chapters/chapter-07/section-05.tex:2	resolved
reference	粗网格空间 $V_H$、SPD 算子 $A_H:V_H\longrightarrow V_H'$ 以及连接算子 $I_H$ 按第~\ref{sec:ch07-bps-preconditioner} 节定义.	section	sec:ch07-bps-preconditioner	ref	tex/chapters/chapter-07/section-07.tex:8	tex/chapters/chapter-07/section-06.tex:2	resolved
reference	关于 $\widehat a_j(\cdot,\cdot)$ 的正交补. 容易验证(参见习题~\ref{exr:ch07-32}), $v\in V_h(\Gamma_j)$ 完全由其在 $\Gamma_{j,h}$ 上的节点值确定. 定义连接算子 $I_j:V_h(\Gamma_j)\longrightarrow V_h(\Gamma)$:	unknown	exr:ch07-32	ref	tex/chapters/chapter-07/section-07.tex:26	tex/chapters/chapter-07/exercises.tex:254	resolved
reference	式~\eqref{eq:ch07-neumann-local-inner-product} 右端第二项使用加权积分, 使双线性型在尺度变换下不变. 对至少有一条边位于 $\partial\Omega$ 上的子区域, 也可使用内积 $a_j(v_1,v_2)=\int_{\Omega_j}\nabla v_1\cdot\nabla v_2\,dx$. 但对内部子区域, $a_j(\cdot,\cdot)$ 只是半正定的, 因为 $1\in V_h(\Omega_j\cup\Gamma_j)$ 且 $a_j(1,1)=0$.	equation	eq:ch07-neumann-local-inner-product	eqref	tex/chapters/chapter-07/section-07.tex:58	tex/chapters/chapter-07/section-07.tex:14	resolved
reference	为证明条件~\eqref{eq:ch07-auxiliary-space-decomposition}, 引入限制映射 $R_j:V_h(\Gamma)\longrightarrow V_h(\Gamma_j)$:	equation	eq:ch07-auxiliary-space-decomposition	eqref	tex/chapters/chapter-07/section-07.tex:61	tex/chapters/chapter-07/section-01.tex:68	resolved
reference	事实上, 由引理~\ref{lem:ch07-interface-nodal-uniqueness}, 只需检查式~\eqref{eq:ch07-neumann-partition-of-unity} 两端在 $\Gamma_h$ 上相同. 设 $p\in\Gamma_h$, $\sigma_p=\{j:p\in\Gamma_j\}$, 则由式~\eqref{eq:ch07-neumann-connection-operator} 和式~\eqref{eq:ch07-neumann-restriction-map},	lemma	lem:ch07-interface-nodal-uniqueness	ref	tex/chapters/chapter-07/section-07.tex:77	tex/chapters/chapter-07/section-05.tex:165	resolved
reference	事实上, 由引理~\ref{lem:ch07-interface-nodal-uniqueness}, 只需检查式~\eqref{eq:ch07-neumann-partition-of-unity} 两端在 $\Gamma_h$ 上相同. 设 $p\in\Gamma_h$, $\sigma_p=\{j:p\in\Gamma_j\}$, 则由式~\eqref{eq:ch07-neumann-connection-operator} 和式~\eqref{eq:ch07-neumann-restriction-map},	equation	eq:ch07-neumann-partition-of-unity	eqref	tex/chapters/chapter-07/section-07.tex:77	tex/chapters/chapter-07/section-07.tex:73	resolved
reference	事实上, 由引理~\ref{lem:ch07-interface-nodal-uniqueness}, 只需检查式~\eqref{eq:ch07-neumann-partition-of-unity} 两端在 $\Gamma_h$ 上相同. 设 $p\in\Gamma_h$, $\sigma_p=\{j:p\in\Gamma_j\}$, 则由式~\eqref{eq:ch07-neumann-connection-operator} 和式~\eqref{eq:ch07-neumann-restriction-map},	equation	eq:ch07-neumann-connection-operator	eqref	tex/chapters/chapter-07/section-07.tex:77	tex/chapters/chapter-07/section-07.tex:31	resolved
reference	事实上, 由引理~\ref{lem:ch07-interface-nodal-uniqueness}, 只需检查式~\eqref{eq:ch07-neumann-partition-of-unity} 两端在 $\Gamma_h$ 上相同. 设 $p\in\Gamma_h$, $\sigma_p=\{j:p\in\Gamma_j\}$, 则由式~\eqref{eq:ch07-neumann-connection-operator} 和式~\eqref{eq:ch07-neumann-restriction-map},	equation	eq:ch07-neumann-restriction-map	eqref	tex/chapters/chapter-07/section-07.tex:77	tex/chapters/chapter-07/section-07.tex:65	resolved
reference	条件~\eqref{eq:ch07-auxiliary-space-decomposition} 立即由式~\eqref{eq:ch07-neumann-partition-of-unity} 得到.	equation	eq:ch07-auxiliary-space-decomposition	eqref	tex/chapters/chapter-07/section-07.tex:84	tex/chapters/chapter-07/section-01.tex:68	resolved
reference	条件~\eqref{eq:ch07-auxiliary-space-decomposition} 立即由式~\eqref{eq:ch07-neumann-partition-of-unity} 得到.	equation	eq:ch07-neumann-partition-of-unity	eqref	tex/chapters/chapter-07/section-07.tex:84	tex/chapters/chapter-07/section-07.tex:73	resolved
reference	令 $\widetilde I^H:\mathring H^1(\Omega)\longrightarrow V_H$ 为第~\ref{sec:ch04-nonsmooth-function-interpolation} 节定义的插值算子. 对任意 $v\in V_h(\Gamma)$, 定义 $v_H=\widetilde I^Hv$, 并对 $1\leq j\leq J$ 定义 $v_j=R_j(v-I_Hv_H)$. 由式~\eqref{eq:ch07-neumann-partition-of-unity},	section	sec:ch04-nonsmooth-function-interpolation	ref	tex/chapters/chapter-07/section-07.tex:94	tex/chapters/chapter-04.tex:1666	resolved
reference	令 $\widetilde I^H:\mathring H^1(\Omega)\longrightarrow V_H$ 为第~\ref{sec:ch04-nonsmooth-function-interpolation} 节定义的插值算子. 对任意 $v\in V_h(\Gamma)$, 定义 $v_H=\widetilde I^Hv$, 并对 $1\leq j\leq J$ 定义 $v_j=R_j(v-I_Hv_H)$. 由式~\eqref{eq:ch07-neumann-partition-of-unity},	equation	eq:ch07-neumann-partition-of-unity	eqref	tex/chapters/chapter-07/section-07.tex:94	tex/chapters/chapter-07/section-07.tex:73	resolved
reference	由式~\eqref{eq:ch07-bps-coarse-operator} 和推论~\ref{cor:ch04-generalized-interpolant-stability},	equation	eq:ch07-bps-coarse-operator	eqref	tex/chapters/chapter-07/section-07.tex:102	tex/chapters/chapter-07/section-06.tex:37	resolved
reference	由式~\eqref{eq:ch07-bps-coarse-operator} 和推论~\ref{cor:ch04-generalized-interpolant-stability},	corollary	cor:ch04-generalized-interpolant-stability	ref	tex/chapters/chapter-07/section-07.tex:102	tex/chapters/chapter-04.tex:1844	resolved
reference	&&\text{(由式~\eqref{eq:ch07-neumann-local-schur-operator})}\\	equation	eq:ch07-neumann-local-schur-operator	eqref	tex/chapters/chapter-07/section-07.tex:113	tex/chapters/chapter-07/section-07.tex:42	resolved
reference	&&\text{(由习题~\ref{exr:ch07-33})}\\	unknown	exr:ch07-33	ref	tex/chapters/chapter-07/section-07.tex:115	tex/chapters/chapter-07/exercises.tex:259	resolved
reference	&&\text{(由推论~\ref{cor:ch04-generalized-interpolant-stability})}.	corollary	cor:ch04-generalized-interpolant-stability	ref	tex/chapters/chapter-07/section-07.tex:118	tex/chapters/chapter-04.tex:1844	resolved
reference	因而由式~\eqref{eq:ch07-schur-complement-operator},	equation	eq:ch07-schur-complement-operator	eqref	tex/chapters/chapter-07/section-07.tex:120	tex/chapters/chapter-07/section-05.tex:145	resolved
reference	结论由式~\eqref{eq:ch07-preconditioned-minimum-eigenvalue}、式~\eqref{eq:ch07-neumann-stable-decomposition} 和式~\eqref{eq:ch07-neumann-stable-energy-sum} 得到.	equation	eq:ch07-preconditioned-minimum-eigenvalue	eqref	tex/chapters/chapter-07/section-07.tex:129	tex/chapters/chapter-07/section-01.tex:215	resolved
reference	结论由式~\eqref{eq:ch07-preconditioned-minimum-eigenvalue}、式~\eqref{eq:ch07-neumann-stable-decomposition} 和式~\eqref{eq:ch07-neumann-stable-energy-sum} 得到.	equation	eq:ch07-neumann-stable-decomposition	eqref	tex/chapters/chapter-07/section-07.tex:129	tex/chapters/chapter-07/section-07.tex:98	resolved
reference	结论由式~\eqref{eq:ch07-preconditioned-minimum-eigenvalue}、式~\eqref{eq:ch07-neumann-stable-decomposition} 和式~\eqref{eq:ch07-neumann-stable-energy-sum} 得到.	equation	eq:ch07-neumann-stable-energy-sum	eqref	tex/chapters/chapter-07/section-07.tex:129	tex/chapters/chapter-07/section-07.tex:124	resolved
reference	其中 $v_H\in V_H$, $v_j\in V_h(\Gamma_j)$, 由式~\eqref{eq:ch07-preconditioned-maximum-eigenvalue}、式~\eqref{eq:ch07-schur-complement-operator}、式~\eqref{eq:ch07-bps-coarse-operator}、式~\eqref{eq:ch07-neumann-local-inner-product} 和式~\eqref{eq:ch07-neumann-local-schur-operator}, 需证明	equation	eq:ch07-preconditioned-maximum-eigenvalue	eqref	tex/chapters/chapter-07/section-07.tex:146	tex/chapters/chapter-07/section-01.tex:208	resolved
reference	其中 $v_H\in V_H$, $v_j\in V_h(\Gamma_j)$, 由式~\eqref{eq:ch07-preconditioned-maximum-eigenvalue}、式~\eqref{eq:ch07-schur-complement-operator}、式~\eqref{eq:ch07-bps-coarse-operator}、式~\eqref{eq:ch07-neumann-local-inner-product} 和式~\eqref{eq:ch07-neumann-local-schur-operator}, 需证明	equation	eq:ch07-schur-complement-operator	eqref	tex/chapters/chapter-07/section-07.tex:146	tex/chapters/chapter-07/section-05.tex:145	resolved
reference	其中 $v_H\in V_H$, $v_j\in V_h(\Gamma_j)$, 由式~\eqref{eq:ch07-preconditioned-maximum-eigenvalue}、式~\eqref{eq:ch07-schur-complement-operator}、式~\eqref{eq:ch07-bps-coarse-operator}、式~\eqref{eq:ch07-neumann-local-inner-product} 和式~\eqref{eq:ch07-neumann-local-schur-operator}, 需证明	equation	eq:ch07-bps-coarse-operator	eqref	tex/chapters/chapter-07/section-07.tex:146	tex/chapters/chapter-07/section-06.tex:37	resolved
reference	其中 $v_H\in V_H$, $v_j\in V_h(\Gamma_j)$, 由式~\eqref{eq:ch07-preconditioned-maximum-eigenvalue}、式~\eqref{eq:ch07-schur-complement-operator}、式~\eqref{eq:ch07-bps-coarse-operator}、式~\eqref{eq:ch07-neumann-local-inner-product} 和式~\eqref{eq:ch07-neumann-local-schur-operator}, 需证明	equation	eq:ch07-neumann-local-inner-product	eqref	tex/chapters/chapter-07/section-07.tex:146	tex/chapters/chapter-07/section-07.tex:14	resolved
reference	其中 $v_H\in V_H$, $v_j\in V_h(\Gamma_j)$, 由式~\eqref{eq:ch07-preconditioned-maximum-eigenvalue}、式~\eqref{eq:ch07-schur-complement-operator}、式~\eqref{eq:ch07-bps-coarse-operator}、式~\eqref{eq:ch07-neumann-local-inner-product} 和式~\eqref{eq:ch07-neumann-local-schur-operator}, 需证明	equation	eq:ch07-neumann-local-schur-operator	eqref	tex/chapters/chapter-07/section-07.tex:146	tex/chapters/chapter-07/section-07.tex:42	resolved
reference	由式~\eqref{eq:ch07-neumann-arbitrary-decomposition}、Cauchy--Schwarz 不等式以及与推导式~\eqref{eq:ch07-bps-edge-sum-energy} 相似的论证,	equation	eq:ch07-neumann-arbitrary-decomposition	eqref	tex/chapters/chapter-07/section-07.tex:157	tex/chapters/chapter-07/section-07.tex:143	resolved
reference	由式~\eqref{eq:ch07-neumann-arbitrary-decomposition}、Cauchy--Schwarz 不等式以及与推导式~\eqref{eq:ch07-bps-edge-sum-energy} 相似的论证,	equation	eq:ch07-bps-edge-sum-energy	eqref	tex/chapters/chapter-07/section-07.tex:157	tex/chapters/chapter-07/section-06.tex:140	resolved
reference	注意, 对满足 $\partial\Omega_k\cap\partial\Omega_j=\varnothing$ 的子区域 $\Omega_k$, $I_jv_j$ 恒为零. 当 $\partial\Omega_k\cap\partial\Omega_j\neq\varnothing$ 时有三种情形(参见式~\eqref{eq:ch07-subdomain-boundary-intersection}): (1) $\Omega_k=\Omega_j$; (2) 两边界交于一个顶点; (3) 两边界交于一条开边 $E$ 及其端点 $p_1,p_2$. 只讨论第三种情形, 其余两种类似.	equation	eq:ch07-subdomain-boundary-intersection	eqref	tex/chapters/chapter-07/section-07.tex:169	tex/chapters/chapter-07/section-05.tex:22	resolved
reference	由引理~\ref{lem:ch07-discrete-harmonic-trace-equivalence}、引理~\ref{lem:ch07-boundary-hat-fractional-norm}、式~\eqref{eq:ch07-neumann-connection-operator} 及离散 Sobolev 不等式, 对 $l=1,2$ 有	lemma	lem:ch07-discrete-harmonic-trace-equivalence	ref	tex/chapters/chapter-07/section-07.tex:176	tex/chapters/chapter-07/section-05.tex:276	resolved
reference	由引理~\ref{lem:ch07-discrete-harmonic-trace-equivalence}、引理~\ref{lem:ch07-boundary-hat-fractional-norm}、式~\eqref{eq:ch07-neumann-connection-operator} 及离散 Sobolev 不等式, 对 $l=1,2$ 有	lemma	lem:ch07-boundary-hat-fractional-norm	ref	tex/chapters/chapter-07/section-07.tex:176	tex/chapters/chapter-07/section-05.tex:365	resolved
reference	由引理~\ref{lem:ch07-discrete-harmonic-trace-equivalence}、引理~\ref{lem:ch07-boundary-hat-fractional-norm}、式~\eqref{eq:ch07-neumann-connection-operator} 及离散 Sobolev 不等式, 对 $l=1,2$ 有	equation	eq:ch07-neumann-connection-operator	eqref	tex/chapters/chapter-07/section-07.tex:176	tex/chapters/chapter-07/section-07.tex:31	resolved
reference	对 $w_E$, 由引理~\ref{lem:ch07-discrete-harmonic-trace-equivalence}、习题~\ref{exr:ch07-34}、引理~\ref{lem:ch07-edge-truncation-fractional-bound}、引理~\ref{lem:ch07-trace-seminorm-bound} 和离散 Sobolev 不等式,	lemma	lem:ch07-discrete-harmonic-trace-equivalence	ref	tex/chapters/chapter-07/section-07.tex:184	tex/chapters/chapter-07/section-05.tex:276	resolved
reference	对 $w_E$, 由引理~\ref{lem:ch07-discrete-harmonic-trace-equivalence}、习题~\ref{exr:ch07-34}、引理~\ref{lem:ch07-edge-truncation-fractional-bound}、引理~\ref{lem:ch07-trace-seminorm-bound} 和离散 Sobolev 不等式,	unknown	exr:ch07-34	ref	tex/chapters/chapter-07/section-07.tex:184	tex/chapters/chapter-07/exercises.tex:264	resolved
reference	对 $w_E$, 由引理~\ref{lem:ch07-discrete-harmonic-trace-equivalence}、习题~\ref{exr:ch07-34}、引理~\ref{lem:ch07-edge-truncation-fractional-bound}、引理~\ref{lem:ch07-trace-seminorm-bound} 和离散 Sobolev 不等式,	lemma	lem:ch07-edge-truncation-fractional-bound	ref	tex/chapters/chapter-07/section-07.tex:184	tex/chapters/chapter-07/section-05.tex:325	resolved
reference	对 $w_E$, 由引理~\ref{lem:ch07-discrete-harmonic-trace-equivalence}、习题~\ref{exr:ch07-34}、引理~\ref{lem:ch07-edge-truncation-fractional-bound}、引理~\ref{lem:ch07-trace-seminorm-bound} 和离散 Sobolev 不等式,	lemma	lem:ch07-trace-seminorm-bound	ref	tex/chapters/chapter-07/section-07.tex:184	tex/chapters/chapter-07/section-05.tex:250	resolved
reference	式~\eqref{eq:ch07-neumann-upper-energy-target} 由式~\eqref{eq:ch07-neumann-decomposition-energy} 和式~\eqref{eq:ch07-neumann-global-injection-bound} 得到.	equation	eq:ch07-neumann-upper-energy-target	eqref	tex/chapters/chapter-07/section-07.tex:211	tex/chapters/chapter-07/section-07.tex:150	resolved
reference	式~\eqref{eq:ch07-neumann-upper-energy-target} 由式~\eqref{eq:ch07-neumann-decomposition-energy} 和式~\eqref{eq:ch07-neumann-global-injection-bound} 得到.	equation	eq:ch07-neumann-decomposition-energy	eqref	tex/chapters/chapter-07/section-07.tex:211	tex/chapters/chapter-07/section-07.tex:162	resolved
reference	式~\eqref{eq:ch07-neumann-upper-energy-target} 由式~\eqref{eq:ch07-neumann-decomposition-energy} 和式~\eqref{eq:ch07-neumann-global-injection-bound} 得到.	equation	eq:ch07-neumann-global-injection-bound	eqref	tex/chapters/chapter-07/section-07.tex:211	tex/chapters/chapter-07/section-07.tex:205	resolved
reference	结合引理~\ref{lem:ch07-neumann-minimum-eigenvalue} 和引理~\ref{lem:ch07-neumann-maximum-eigenvalue}, 得到如下定理.	lemma	lem:ch07-neumann-minimum-eigenvalue	ref	tex/chapters/chapter-07/section-07.tex:214	tex/chapters/chapter-07/section-07.tex:89	resolved
reference	结合引理~\ref{lem:ch07-neumann-minimum-eigenvalue} 和引理~\ref{lem:ch07-neumann-maximum-eigenvalue}, 得到如下定理.	lemma	lem:ch07-neumann-maximum-eigenvalue	ref	tex/chapters/chapter-07/section-07.tex:214	tex/chapters/chapter-07/section-07.tex:134	resolved
reference	定理~\ref{thm:ch07-neumann-neumann-condition-number} 中的界是尖锐的(参见 Brenner and Sung 2000b).	theorem	thm:ch07-neumann-neumann-condition-number	ref	tex/chapters/chapter-07/section-07.tex:231	tex/chapters/chapter-07/section-07.tex:218	resolved
reference	Neumann--Neumann 预条件子也可用于备注~\ref{rem:ch07-bps-weighted-coefficients} 中的边值问题. 此时 $I_j$ 的定义改为	remark	rem:ch07-bps-weighted-coefficients	ref	tex/chapters/chapter-07/section-07.tex:237	tex/chapters/chapter-07/section-06.tex:240	resolved
reference	其中 $\sigma_p=\{k:p\in\Gamma_k\}$, $t$ 为任意不小于 $1/2$ 的数. 定理~\ref{thm:ch07-neumann-neumann-condition-number} 中的界仍成立, 且常数 $C$ 与 $h,H,J,\rho_j$ 无关.	theorem	thm:ch07-neumann-neumann-condition-number	ref	tex/chapters/chapter-07/section-07.tex:246	tex/chapters/chapter-07/section-07.tex:218	resolved
reference	记 $I_0$ 为 $\mathcal H_0$ 到 $\mathcal H_c$ 的自然嵌入. 空间 $\mathcal H_0$ 是 BDDC 预条件子的粗空间, 其函数满足约束最小化性质(习题~\ref{exr:ch07-43}). 在 $\mathcal H_0$ 上定义 SPD 算子 $S_0:\mathcal H_0\longrightarrow\mathcal H_0'$:	unknown	exr:ch07-43	ref	tex/chapters/chapter-07/section-08.tex:46	tex/chapters/chapter-07/exercises.tex:334	resolved
reference	为验证条件~\eqref{eq:ch07-auxiliary-space-decomposition}, 任取 $v\in V_h(\Gamma)$, 由式~\eqref{eq:ch07-bddc-coarse-fine-decomposition} 写成 $v=v_0+\mathring v$, 其中 $v_0\in\mathcal H_0$, $\mathring v\in\mathring{\mathcal H}$. 则	equation	eq:ch07-auxiliary-space-decomposition	eqref	tex/chapters/chapter-07/section-08.tex:95	tex/chapters/chapter-07/section-01.tex:68	resolved
reference	为验证条件~\eqref{eq:ch07-auxiliary-space-decomposition}, 任取 $v\in V_h(\Gamma)$, 由式~\eqref{eq:ch07-bddc-coarse-fine-decomposition} 写成 $v=v_0+\mathring v$, 其中 $v_0\in\mathcal H_0$, $\mathring v\in\mathring{\mathcal H}$. 则	equation	eq:ch07-bddc-coarse-fine-decomposition	eqref	tex/chapters/chapter-07/section-08.tex:95	tex/chapters/chapter-07/section-08.tex:35	resolved
reference	任取 $v\in V_h(\Gamma)$. 对分解~\eqref{eq:ch07-bddc-additive-decomposition}, 有	equation	eq:ch07-bddc-additive-decomposition	eqref	tex/chapters/chapter-07/section-08.tex:113	tex/chapters/chapter-07/section-08.tex:99	resolved
reference	&&\text{(由式~\eqref{eq:ch07-bddc-coarse-operator} 和式~\eqref{eq:ch07-bddc-local-operator})}\\	equation	eq:ch07-bddc-coarse-operator	eqref	tex/chapters/chapter-07/section-08.tex:120	tex/chapters/chapter-07/section-08.tex:50	resolved
reference	&&\text{(由式~\eqref{eq:ch07-bddc-coarse-operator} 和式~\eqref{eq:ch07-bddc-local-operator})}\\	equation	eq:ch07-bddc-local-operator	eqref	tex/chapters/chapter-07/section-08.tex:120	tex/chapters/chapter-07/section-08.tex:70	resolved
reference	&&\text{(由式~\eqref{eq:ch07-bddc-coarse-space})}\\	equation	eq:ch07-bddc-coarse-space	eqref	tex/chapters/chapter-07/section-08.tex:123	tex/chapters/chapter-07/section-08.tex:42	resolved
reference	&&\text{(由式~\eqref{eq:ch07-bddc-schur-restriction})}.	equation	eq:ch07-bddc-schur-restriction	eqref	tex/chapters/chapter-07/section-08.tex:125	tex/chapters/chapter-07/section-08.tex:26	resolved
reference	结合式~\eqref{eq:ch07-preconditioned-minimum-eigenvalue} 即得下界.	equation	eq:ch07-preconditioned-minimum-eigenvalue	eqref	tex/chapters/chapter-07/section-08.tex:136	tex/chapters/chapter-07/section-01.tex:215	resolved
reference	由式~\eqref{eq:ch07-bddc-averaging-operator},	equation	eq:ch07-bddc-averaging-operator	eqref	tex/chapters/chapter-07/section-08.tex:203	tex/chapters/chapter-07/section-08.tex:81	resolved
reference	由引理~\ref{lem:ch07-discrete-harmonic-trace-equivalence}、习题~\ref{exr:ch07-34} 和推论~\ref{cor:ch07-edge-truncation-energy-bound} 及尺度变换,	lemma	lem:ch07-discrete-harmonic-trace-equivalence	ref	tex/chapters/chapter-07/section-08.tex:209	tex/chapters/chapter-07/section-05.tex:276	resolved
reference	由引理~\ref{lem:ch07-discrete-harmonic-trace-equivalence}、习题~\ref{exr:ch07-34} 和推论~\ref{cor:ch07-edge-truncation-energy-bound} 及尺度变换,	unknown	exr:ch07-34	ref	tex/chapters/chapter-07/section-08.tex:209	tex/chapters/chapter-07/exercises.tex:264	resolved
reference	由引理~\ref{lem:ch07-discrete-harmonic-trace-equivalence}、习题~\ref{exr:ch07-34} 和推论~\ref{cor:ch07-edge-truncation-energy-bound} 及尺度变换,	corollary	cor:ch07-edge-truncation-energy-bound	ref	tex/chapters/chapter-07/section-08.tex:209	tex/chapters/chapter-07/section-05.tex:394	resolved
reference	结合式~\eqref{eq:ch07-bddc-edge-decomposition},	equation	eq:ch07-bddc-edge-decomposition	eqref	tex/chapters/chapter-07/section-08.tex:217	tex/chapters/chapter-07/section-08.tex:181	resolved
reference	其中 $\mathcal K_j=\{1\leq k\leq J:\Omega_j\text{ 与 }\Omega_k\text{ 共享公共边}\}$. 由式~\eqref{eq:ch07-bddc-local-averaging-error},	equation	eq:ch07-bddc-local-averaging-error	eqref	tex/chapters/chapter-07/section-08.tex:226	tex/chapters/chapter-07/section-08.tex:221	resolved
reference	结合式~\eqref{eq:ch07-bddc-upper-proof-splitting}、式~\eqref{eq:ch07-bddc-coarse-averaged-energy} 和式~\eqref{eq:ch07-bddc-local-averaged-energy}, 可得	equation	eq:ch07-bddc-upper-proof-splitting	eqref	tex/chapters/chapter-07/section-08.tex:247	tex/chapters/chapter-07/section-08.tex:173	resolved
reference	结合式~\eqref{eq:ch07-bddc-upper-proof-splitting}、式~\eqref{eq:ch07-bddc-coarse-averaged-energy} 和式~\eqref{eq:ch07-bddc-local-averaged-energy}, 可得	equation	eq:ch07-bddc-coarse-averaged-energy	eqref	tex/chapters/chapter-07/section-08.tex:247	tex/chapters/chapter-07/section-08.tex:236	resolved
reference	结合式~\eqref{eq:ch07-bddc-upper-proof-splitting}、式~\eqref{eq:ch07-bddc-coarse-averaged-energy} 和式~\eqref{eq:ch07-bddc-local-averaged-energy}, 可得	equation	eq:ch07-bddc-local-averaged-energy	eqref	tex/chapters/chapter-07/section-08.tex:247	tex/chapters/chapter-07/section-08.tex:242	resolved
reference	结合式~\eqref{eq:ch07-preconditioned-maximum-eigenvalue} 即得上界.	equation	eq:ch07-preconditioned-maximum-eigenvalue	eqref	tex/chapters/chapter-07/section-08.tex:257	tex/chapters/chapter-07/section-01.tex:208	resolved
reference	结合引理~\ref{lem:ch07-bddc-lower-bound} 和引理~\ref{lem:ch07-bddc-upper-bound}, 得到如下定理.	lemma	lem:ch07-bddc-lower-bound	ref	tex/chapters/chapter-07/section-08.tex:261	tex/chapters/chapter-07/section-08.tex:108	resolved
reference	结合引理~\ref{lem:ch07-bddc-lower-bound} 和引理~\ref{lem:ch07-bddc-upper-bound}, 得到如下定理.	lemma	lem:ch07-bddc-upper-bound	ref	tex/chapters/chapter-07/section-08.tex:261	tex/chapters/chapter-07/section-08.tex:148	resolved
reference	BDDC 方法与 FETI-DP 方法对偶(Farhat, Lesoinne and Pierson 2000). 事实上, 除去数 $1$, 这两种方法的预条件方程组具有相同的谱(Mandel, Dohrmann and Tezaur 2005; Li and Widlund 2005; Brenner and Sung 2007). 由此联系以及 Brenner 2003b 的结果, 定理~\ref{thm:ch07-bddc-condition-number} 中的界是尖锐的.	theorem	thm:ch07-bddc-condition-number	ref	tex/chapters/chapter-07/section-08.tex:278	tex/chapters/chapter-07/section-08.tex:265	resolved
reference	其中 $t$ 是任意不小于 $1/2$ 的数, 则 BDDC 预条件子也可用于备注~\ref{rem:ch07-bps-weighted-coefficients} 中的边值问题. 定理~\ref{thm:ch07-bddc-condition-number} 中的界仍成立, 且常数 $C$ 与 $h,H,J,\rho_j$ 无关.	remark	rem:ch07-bps-weighted-coefficients	ref	tex/chapters/chapter-07/section-08.tex:292	tex/chapters/chapter-07/section-06.tex:240	resolved
reference	其中 $t$ 是任意不小于 $1/2$ 的数, 则 BDDC 预条件子也可用于备注~\ref{rem:ch07-bps-weighted-coefficients} 中的边值问题. 定理~\ref{thm:ch07-bddc-condition-number} 中的界仍成立, 且常数 $C$ 与 $h,H,J,\rho_j$ 无关.	theorem	thm:ch07-bddc-condition-number	ref	tex/chapters/chapter-07/section-08.tex:292	tex/chapters/chapter-07/section-08.tex:265	resolved
unresolved	14	chap:ch14		MBUnresolvedReference	tex/chapters/chapter-07/section-05.tex:220		needs-review
