Record Type	Original Reference	Target Object	LaTeX Label	Command	Translation Location	Target Location	Status
target		chapter	chap:ch10-variational-crimes	label	tex/chapters/chapter-10.tex:4	tex/chapters/chapter-10.tex:4	defined
target		equation	eq:ch10-dirichlet-model	label	tex/chapters/chapter-10.tex:11	tex/chapters/chapter-10.tex:11	defined
target		equation	eq:ch10-conforming-inclusion	label	tex/chapters/chapter-10.tex:20	tex/chapters/chapter-10.tex:20	defined
target		section	sec:ch10-departure-framework	label	tex/chapters/chapter-10/section-01.tex:3	tex/chapters/chapter-10/section-01.tex:3	defined
target		lemma	lem:ch10-first-strang	label	tex/chapters/chapter-10/section-01.tex:11	tex/chapters/chapter-10/section-01.tex:11	defined
target		equation	eq:ch10-first-strang-estimate	label	tex/chapters/chapter-10/section-01.tex:26	tex/chapters/chapter-10/section-01.tex:26	defined
target		equation	eq:ch10-first-strang-proof-chain	label	tex/chapters/chapter-10/section-01.tex:54	tex/chapters/chapter-10/section-01.tex:54	defined
target		equation	eq:ch10-consistency-upper-bound	label	tex/chapters/chapter-10/section-01.tex:64	tex/chapters/chapter-10/section-01.tex:64	defined
target		equation	eq:ch10-consistency-lower-bound	label	tex/chapters/chapter-10/section-01.tex:71	tex/chapters/chapter-10/section-01.tex:71	defined
target		equation	eq:ch10-two-sided-discretization-error	label	tex/chapters/chapter-10/section-01.tex:79	tex/chapters/chapter-10/section-01.tex:79	defined
target		lemma	lem:ch10-symmetric-strang	label	tex/chapters/chapter-10/section-01.tex:103	tex/chapters/chapter-10/section-01.tex:103	defined
target		equation	eq:ch10-symmetric-strang-estimate	label	tex/chapters/chapter-10/section-01.tex:108	tex/chapters/chapter-10/section-01.tex:108	defined
target		lemma	lem:ch10-second-strang	label	tex/chapters/chapter-10/section-01.tex:125	tex/chapters/chapter-10/section-01.tex:125	defined
target		equation	eq:ch10-second-strang-estimate	label	tex/chapters/chapter-10/section-01.tex:140	tex/chapters/chapter-10/section-01.tex:140	defined
target		equation	eq:ch10-ah-projection	label	tex/chapters/chapter-10/section-01.tex:152	tex/chapters/chapter-10/section-01.tex:152	defined
target		equation	eq:ch10-ah-best-approximation	label	tex/chapters/chapter-10/section-01.tex:159	tex/chapters/chapter-10/section-01.tex:159	defined
target		equation	eq:ch10-second-strang-triangle	label	tex/chapters/chapter-10/section-01.tex:166	tex/chapters/chapter-10/section-01.tex:166	defined
target		section	sec:ch10-interpolated-boundary	label	tex/chapters/chapter-10/section-02.tex:2	tex/chapters/chapter-10/section-02.tex:2	defined
target		figure	fig:ch10-curved-triangulation	label	tex/chapters/chapter-10/section-02.tex:12	tex/chapters/chapter-10/section-02.tex:12	defined
target		equation	eq:ch10-curved-element-disks	label	tex/chapters/chapter-10/section-02.tex:20	tex/chapters/chapter-10/section-02.tex:20	defined
target		equation	eq:ch10-polynomial-infinity-h1	label	tex/chapters/chapter-10/section-02.tex:29	tex/chapters/chapter-10/section-02.tex:29	defined
target		equation	eq:ch10-lobatto-polynomial	label	tex/chapters/chapter-10/section-02.tex:38	tex/chapters/chapter-10/section-02.tex:38	defined
target		equation	eq:ch10-lobatto-weights	label	tex/chapters/chapter-10/section-02.tex:45	tex/chapters/chapter-10/section-02.tex:45	defined
target		lemma	lem:ch10-lobatto-exactness	label	tex/chapters/chapter-10/section-02.tex:51	tex/chapters/chapter-10/section-02.tex:51	defined
target		equation	eq:ch10-lobatto-exactness	label	tex/chapters/chapter-10/section-02.tex:56	tex/chapters/chapter-10/section-02.tex:56	defined
target		equation	eq:ch10-interpolation-quadrature-identity	label	tex/chapters/chapter-10/section-02.tex:66	tex/chapters/chapter-10/section-02.tex:66	defined
target		equation	eq:ch10-lobatto-remainder-vanishes	label	tex/chapters/chapter-10/section-02.tex:81	tex/chapters/chapter-10/section-02.tex:81	defined
target		corollary	cor:ch10-lobatto-error	label	tex/chapters/chapter-10/section-02.tex:92	tex/chapters/chapter-10/section-02.tex:92	defined
target		figure	fig:ch10-curved-nodal-variables	label	tex/chapters/chapter-10/section-02.tex:116	tex/chapters/chapter-10/section-02.tex:116	defined
target		equation	eq:ch10-interpolated-boundary-space	label	tex/chapters/chapter-10/section-02.tex:124	tex/chapters/chapter-10/section-02.tex:124	defined
target		equation	eq:ch10-smooth-domain-variational	label	tex/chapters/chapter-10/section-02.tex:132	tex/chapters/chapter-10/section-02.tex:132	defined
target		equation	eq:ch10-interpolated-boundary-discrete	label	tex/chapters/chapter-10/section-02.tex:139	tex/chapters/chapter-10/section-02.tex:139	defined
target		equation	eq:ch10-boundary-consistency-identity	label	tex/chapters/chapter-10/section-02.tex:152	tex/chapters/chapter-10/section-02.tex:152	defined
target		lemma	lem:ch10-local-curved-edge	label	tex/chapters/chapter-10/section-02.tex:160	tex/chapters/chapter-10/section-02.tex:160	defined
target		equation	eq:ch10-local-curved-edge-estimate	label	tex/chapters/chapter-10/section-02.tex:165	tex/chapters/chapter-10/section-02.tex:165	defined
target		equation	eq:ch10-curved-edge-parameter-integral	label	tex/chapters/chapter-10/section-02.tex:179	tex/chapters/chapter-10/section-02.tex:179	defined
target		lemma	lem:ch10-global-boundary-consistency	label	tex/chapters/chapter-10/section-02.tex:200	tex/chapters/chapter-10/section-02.tex:200	defined
target		equation	eq:ch10-edge-diameter-comparison	label	tex/chapters/chapter-10/section-02.tex:215	tex/chapters/chapter-10/section-02.tex:215	defined
target		equation	eq:ch10-local-boundary-simplified	label	tex/chapters/chapter-10/section-02.tex:222	tex/chapters/chapter-10/section-02.tex:222	defined
target		lemma	lem:ch10-boundary-poincare	label	tex/chapters/chapter-10/section-02.tex:241	tex/chapters/chapter-10/section-02.tex:241	defined
target		equation	eq:ch10-boundary-poincare	label	tex/chapters/chapter-10/section-02.tex:246	tex/chapters/chapter-10/section-02.tex:246	defined
target		equation	eq:ch10-boundary-poincare-sequence-norm	label	tex/chapters/chapter-10/section-02.tex:257	tex/chapters/chapter-10/section-02.tex:257	defined
target		equation	eq:ch10-boundary-poincare-sequence-small	label	tex/chapters/chapter-10/section-02.tex:264	tex/chapters/chapter-10/section-02.tex:264	defined
target		equation	eq:ch10-mean-subtracted-l2	label	tex/chapters/chapter-10/section-02.tex:271	tex/chapters/chapter-10/section-02.tex:271	defined
target		equation	eq:ch10-mean-subtracted-h1-limit	label	tex/chapters/chapter-10/section-02.tex:278	tex/chapters/chapter-10/section-02.tex:278	defined
target		equation	eq:ch10-boundary-trace-limit	label	tex/chapters/chapter-10/section-02.tex:287	tex/chapters/chapter-10/section-02.tex:287	defined
target		equation	eq:ch10-mean-boundary-limit	label	tex/chapters/chapter-10/section-02.tex:294	tex/chapters/chapter-10/section-02.tex:294	defined
target		equation	eq:ch10-vj-h1-zero-limit	label	tex/chapters/chapter-10/section-02.tex:303	tex/chapters/chapter-10/section-02.tex:303	defined
target		lemma	lem:ch10-interpolated-boundary-coercivity	label	tex/chapters/chapter-10/section-02.tex:314	tex/chapters/chapter-10/section-02.tex:314	defined
target		equation	eq:ch10-interpolated-boundary-coercivity	label	tex/chapters/chapter-10/section-02.tex:319	tex/chapters/chapter-10/section-02.tex:319	defined
target		equation	eq:ch10-boundary-functional-bound	label	tex/chapters/chapter-10/section-02.tex:330	tex/chapters/chapter-10/section-02.tex:330	defined
target		equation	eq:ch10-normal-derivative-one	label	tex/chapters/chapter-10/section-02.tex:338	tex/chapters/chapter-10/section-02.tex:338	defined
target		equation	eq:ch10-boundary-integral-v-bound	label	tex/chapters/chapter-10/section-02.tex:345	tex/chapters/chapter-10/section-02.tex:345	defined
target		equation	eq:ch10-coercivity-preliminary	label	tex/chapters/chapter-10/section-02.tex:353	tex/chapters/chapter-10/section-02.tex:353	defined
target		equation	eq:ch10-coercivity-final-step	label	tex/chapters/chapter-10/section-02.tex:361	tex/chapters/chapter-10/section-02.tex:361	defined
target		theorem	thm:ch10-interpolated-boundary-error	label	tex/chapters/chapter-10/section-02.tex:372	tex/chapters/chapter-10/section-02.tex:372	defined
target		equation	eq:ch10-interpolated-boundary-error	label	tex/chapters/chapter-10/section-02.tex:377	tex/chapters/chapter-10/section-02.tex:377	defined
target		section	sec:ch10-nonconforming	label	tex/chapters/chapter-10/section-03.tex:3	tex/chapters/chapter-10/section-03.tex:3	defined
target		equation	eq:ch10-nonconforming-continuous-problem	label	tex/chapters/chapter-10/section-03.tex:11	tex/chapters/chapter-10/section-03.tex:11	defined
target		equation	eq:ch10-nonconforming-p1-space	label	tex/chapters/chapter-10/section-03.tex:20	tex/chapters/chapter-10/section-03.tex:20	defined
target		equation	eq:ch10-broken-bilinear-form	label	tex/chapters/chapter-10/section-03.tex:31	tex/chapters/chapter-10/section-03.tex:31	defined
target		equation	eq:ch10-broken-energy-norm	label	tex/chapters/chapter-10/section-03.tex:38	tex/chapters/chapter-10/section-03.tex:38	defined
target		equation	eq:ch10-nonconforming-discrete-problem	label	tex/chapters/chapter-10/section-03.tex:47	tex/chapters/chapter-10/section-03.tex:47	defined
target		equation	eq:ch10-nonconforming-best-approximation	label	tex/chapters/chapter-10/section-03.tex:54	tex/chapters/chapter-10/section-03.tex:54	defined
target		equation	eq:ch10-nonconforming-consistency-identity	label	tex/chapters/chapter-10/section-03.tex:68	tex/chapters/chapter-10/section-03.tex:68	defined
target		equation	eq:ch10-scaled-trace-edge	label	tex/chapters/chapter-10/section-03.tex:86	tex/chapters/chapter-10/section-03.tex:86	defined
target		equation	eq:ch10-jump-midpoint-estimate	label	tex/chapters/chapter-10/section-03.tex:95	tex/chapters/chapter-10/section-03.tex:95	defined
target		equation	eq:ch10-nonconforming-consistency-estimate	label	tex/chapters/chapter-10/section-03.tex:123	tex/chapters/chapter-10/section-03.tex:123	defined
target		theorem	thm:ch10-nonconforming-energy-error	label	tex/chapters/chapter-10/section-03.tex:130	tex/chapters/chapter-10/section-03.tex:130	defined
target		equation	eq:ch10-nonconforming-dual-continuous	label	tex/chapters/chapter-10/section-03.tex:144	tex/chapters/chapter-10/section-03.tex:144	defined
target		equation	eq:ch10-nonconforming-dual-discrete	label	tex/chapters/chapter-10/section-03.tex:152	tex/chapters/chapter-10/section-03.tex:152	defined
target		equation	eq:ch10-nonconforming-duality-decomposition	label	tex/chapters/chapter-10/section-03.tex:160	tex/chapters/chapter-10/section-03.tex:160	defined
target		equation	eq:ch10-duality-first-term	label	tex/chapters/chapter-10/section-03.tex:168	tex/chapters/chapter-10/section-03.tex:168	defined
target		equation	eq:ch10-duality-second-term-split	label	tex/chapters/chapter-10/section-03.tex:176	tex/chapters/chapter-10/section-03.tex:176	defined
target		equation	eq:ch10-duality-second-first-piece	label	tex/chapters/chapter-10/section-03.tex:183	tex/chapters/chapter-10/section-03.tex:183	defined
target		equation	eq:ch10-duality-interpolant-edge-estimate	label	tex/chapters/chapter-10/section-03.tex:197	tex/chapters/chapter-10/section-03.tex:197	defined
target		equation	eq:ch10-duality-second-term-estimate	label	tex/chapters/chapter-10/section-03.tex:204	tex/chapters/chapter-10/section-03.tex:204	defined
target		equation	eq:ch10-duality-third-term-estimate	label	tex/chapters/chapter-10/section-03.tex:211	tex/chapters/chapter-10/section-03.tex:211	defined
target		theorem	thm:ch10-nonconforming-l2-error	label	tex/chapters/chapter-10/section-03.tex:223	tex/chapters/chapter-10/section-03.tex:223	defined
target		figure	fig:ch10-morley-element	label	tex/chapters/chapter-10/section-03.tex:241	tex/chapters/chapter-10/section-03.tex:241	defined
target		section	sec:ch10-isoparametric	label	tex/chapters/chapter-10/section-04.tex:2	tex/chapters/chapter-10/section-04.tex:2	defined
target		equation	eq:ch10-isoparametric-pullback	label	tex/chapters/chapter-10/section-04.tex:25	tex/chapters/chapter-10/section-04.tex:25	defined
target		equation	eq:ch10-isoparametric-jacobian-error	label	tex/chapters/chapter-10/section-04.tex:32	tex/chapters/chapter-10/section-04.tex:32	defined
target		equation	eq:ch10-isoparametric-discrete-problem	label	tex/chapters/chapter-10/section-04.tex:40	tex/chapters/chapter-10/section-04.tex:40	defined
target		equation	eq:ch10-isoparametric-projection	label	tex/chapters/chapter-10/section-04.tex:47	tex/chapters/chapter-10/section-04.tex:47	defined
target		equation	eq:ch10-isoparametric-consistency-identity	label	tex/chapters/chapter-10/section-04.tex:55	tex/chapters/chapter-10/section-04.tex:55	defined
target		equation	eq:ch10-isoparametric-abstract-estimate	label	tex/chapters/chapter-10/section-04.tex:68	tex/chapters/chapter-10/section-04.tex:68	defined
target		equation	eq:ch10-isoparametric-form-error	label	tex/chapters/chapter-10/section-04.tex:93	tex/chapters/chapter-10/section-04.tex:93	defined
target		theorem	thm:ch10-isoparametric-error	label	tex/chapters/chapter-10/section-04.tex:110	tex/chapters/chapter-10/section-04.tex:110	defined
target		section	sec:ch10-discontinuous	label	tex/chapters/chapter-10/section-05.tex:3	tex/chapters/chapter-10/section-05.tex:3	defined
target		figure	fig:ch10-hanging-node-partition	label	tex/chapters/chapter-10/section-05.tex:19	tex/chapters/chapter-10/section-05.tex:19	defined
target		definition	def:ch10-regular-partitions	label	tex/chapters/chapter-10/section-05.tex:26	tex/chapters/chapter-10/section-05.tex:26	defined
target		equation	eq:ch10-discontinuous-p1-space	label	tex/chapters/chapter-10/section-05.tex:42	tex/chapters/chapter-10/section-05.tex:42	defined
target		equation	eq:ch10-element-green-formula	label	tex/chapters/chapter-10/section-05.tex:52	tex/chapters/chapter-10/section-05.tex:52	defined
target		equation	eq:ch10-partition-green-sum	label	tex/chapters/chapter-10/section-05.tex:60	tex/chapters/chapter-10/section-05.tex:60	defined
target		equation	eq:ch10-interior-penalty-consistency	label	tex/chapters/chapter-10/section-05.tex:68	tex/chapters/chapter-10/section-05.tex:68	defined
target		equation	eq:ch10-interior-penalty-continuous-identity	label	tex/chapters/chapter-10/section-05.tex:83	tex/chapters/chapter-10/section-05.tex:83	defined
target		equation	eq:ch10-interior-penalty-bilinear-forms	label	tex/chapters/chapter-10/section-05.tex:91	tex/chapters/chapter-10/section-05.tex:91	defined
target		equation	eq:ch10-interior-penalty-discrete-problems	label	tex/chapters/chapter-10/section-05.tex:106	tex/chapters/chapter-10/section-05.tex:106	defined
target		remark	rem:ch10-interior-penalty-history	label	tex/chapters/chapter-10/section-05.tex:113	tex/chapters/chapter-10/section-05.tex:113	defined
target		equation	eq:ch10-ip-energy-norm	label	tex/chapters/chapter-10/section-05.tex:121	tex/chapters/chapter-10/section-05.tex:121	defined
target		equation	eq:ch10-ip-boundedness	label	tex/chapters/chapter-10/section-05.tex:131	tex/chapters/chapter-10/section-05.tex:131	defined
target		equation	eq:ch10-ip-triple-norm	label	tex/chapters/chapter-10/section-05.tex:139	tex/chapters/chapter-10/section-05.tex:139	defined
target		equation	eq:ch10-nonsymmetric-coercivity-identity	label	tex/chapters/chapter-10/section-05.tex:148	tex/chapters/chapter-10/section-05.tex:148	defined
target		equation	eq:ch10-ip-norm-one-direction	label	tex/chapters/chapter-10/section-05.tex:157	tex/chapters/chapter-10/section-05.tex:157	defined
target		lemma	lem:ch10-ip-norm-equivalence	label	tex/chapters/chapter-10/section-05.tex:164	tex/chapters/chapter-10/section-05.tex:164	defined
target		equation	eq:ch10-ip-norm-equivalence	label	tex/chapters/chapter-10/section-05.tex:169	tex/chapters/chapter-10/section-05.tex:169	defined
target		equation	eq:ch10-gradient-average-bound	label	tex/chapters/chapter-10/section-05.tex:180	tex/chapters/chapter-10/section-05.tex:180	defined
target		lemma	lem:ch10-nonsymmetric-ip-quasioptimal	label	tex/chapters/chapter-10/section-05.tex:191	tex/chapters/chapter-10/section-05.tex:191	defined
target		lemma	lem:ch10-symmetric-ip-coercivity	label	tex/chapters/chapter-10/section-05.tex:217	tex/chapters/chapter-10/section-05.tex:217	defined
target		equation	eq:ch10-symmetric-ip-coercivity	label	tex/chapters/chapter-10/section-05.tex:222	tex/chapters/chapter-10/section-05.tex:222	defined
target		lemma	lem:ch10-symmetric-ip-quasioptimal	label	tex/chapters/chapter-10/section-05.tex:252	tex/chapters/chapter-10/section-05.tex:252	defined
target		equation	eq:ch10-ip-global-average-bound	label	tex/chapters/chapter-10/section-05.tex:275	tex/chapters/chapter-10/section-05.tex:275	defined
target		equation	eq:ch10-ip-global-jump-bound	label	tex/chapters/chapter-10/section-05.tex:282	tex/chapters/chapter-10/section-05.tex:282	defined
target		lemma	lem:ch10-ip-elementwise-bound	label	tex/chapters/chapter-10/section-05.tex:290	tex/chapters/chapter-10/section-05.tex:290	defined
target		theorem	thm:ch10-interior-penalty-error	label	tex/chapters/chapter-10/section-05.tex:308	tex/chapters/chapter-10/section-05.tex:308	defined
target		equation	eq:ch10-interior-penalty-error	label	tex/chapters/chapter-10/section-05.tex:313	tex/chapters/chapter-10/section-05.tex:313	defined
target		equation	eq:ch10-symmetric-ip-l2-error	label	tex/chapters/chapter-10/section-05.tex:346	tex/chapters/chapter-10/section-05.tex:346	defined
target		remark	rem:ch10-discontinuous-galerkin	label	tex/chapters/chapter-10/section-05.tex:354	tex/chapters/chapter-10/section-05.tex:354	defined
target		section	sec:ch10-piecewise-poincare-friedrichs	label	tex/chapters/chapter-10/section-06.tex:2	tex/chapters/chapter-10/section-06.tex:2	defined
target		equation	eq:ch10-poincare-domain-mean	label	tex/chapters/chapter-10/section-06.tex:10	tex/chapters/chapter-10/section-06.tex:10	defined
target		equation	eq:ch10-poincare-boundary-mean	label	tex/chapters/chapter-10/section-06.tex:17	tex/chapters/chapter-10/section-06.tex:17	defined
target		equation	eq:ch10-piecewise-wp-space	label	tex/chapters/chapter-10/section-06.tex:27	tex/chapters/chapter-10/section-06.tex:27	defined
target		lemma	lem:ch10-piecewise-constant-poincare	label	tex/chapters/chapter-10/section-06.tex:35	tex/chapters/chapter-10/section-06.tex:35	defined
target		equation	eq:ch10-piecewise-constant-domain-mean	label	tex/chapters/chapter-10/section-06.tex:40	tex/chapters/chapter-10/section-06.tex:40	defined
target		equation	eq:ch10-piecewise-constant-boundary-mean	label	tex/chapters/chapter-10/section-06.tex:50	tex/chapters/chapter-10/section-06.tex:50	defined
target		equation	eq:ch10-ec-lp-difference	label	tex/chapters/chapter-10/section-06.tex:84	tex/chapters/chapter-10/section-06.tex:84	defined
target		equation	eq:ch10-ec-wp-difference	label	tex/chapters/chapter-10/section-06.tex:94	tex/chapters/chapter-10/section-06.tex:94	defined
target		equation	eq:ch10-edge-average-bound	label	tex/chapters/chapter-10/section-06.tex:132	tex/chapters/chapter-10/section-06.tex:132	defined
target		theorem	thm:ch10-piecewise-poincare	label	tex/chapters/chapter-10/section-06.tex:139	tex/chapters/chapter-10/section-06.tex:139	defined
target		equation	eq:ch10-piecewise-poincare-domain	label	tex/chapters/chapter-10/section-06.tex:144	tex/chapters/chapter-10/section-06.tex:144	defined
target		equation	eq:ch10-piecewise-poincare-boundary	label	tex/chapters/chapter-10/section-06.tex:156	tex/chapters/chapter-10/section-06.tex:156	defined
target		theorem	thm:ch10-piecewise-poincare-infinity	label	tex/chapters/chapter-10/section-06.tex:195	tex/chapters/chapter-10/section-06.tex:195	defined
target		theorem	thm:ch10-piecewise-poincare-partitions	label	tex/chapters/chapter-10/section-06.tex:243	tex/chapters/chapter-10/section-06.tex:243	defined
target		remark	rem:ch10-poincare-without-edge-average	label	tex/chapters/chapter-10/section-06.tex:253	tex/chapters/chapter-10/section-06.tex:253	defined
target		remark	rem:ch10-poincare-general-partitions	label	tex/chapters/chapter-10/section-06.tex:259	tex/chapters/chapter-10/section-06.tex:259	defined
target		section	sec:ch10-exercises	label	tex/chapters/chapter-10/exercises.tex:3	tex/chapters/chapter-10/exercises.tex:3	defined
target		unknown	exr:ch10-01	label	tex/chapters/chapter-10/exercises.tex:7	tex/chapters/chapter-10/exercises.tex:7	defined
target		unknown	exr:ch10-02	label	tex/chapters/chapter-10/exercises.tex:12	tex/chapters/chapter-10/exercises.tex:12	defined
target		unknown	exr:ch10-03	label	tex/chapters/chapter-10/exercises.tex:17	tex/chapters/chapter-10/exercises.tex:17	defined
target		unknown	exr:ch10-04	label	tex/chapters/chapter-10/exercises.tex:22	tex/chapters/chapter-10/exercises.tex:22	defined
target		unknown	exr:ch10-05	label	tex/chapters/chapter-10/exercises.tex:39	tex/chapters/chapter-10/exercises.tex:39	defined
target		unknown	exr:ch10-06	label	tex/chapters/chapter-10/exercises.tex:44	tex/chapters/chapter-10/exercises.tex:44	defined
target		unknown	exr:ch10-07	label	tex/chapters/chapter-10/exercises.tex:55	tex/chapters/chapter-10/exercises.tex:55	defined
target		unknown	exr:ch10-08	label	tex/chapters/chapter-10/exercises.tex:60	tex/chapters/chapter-10/exercises.tex:60	defined
target		unknown	exr:ch10-09	label	tex/chapters/chapter-10/exercises.tex:65	tex/chapters/chapter-10/exercises.tex:65	defined
target		unknown	exr:ch10-10	label	tex/chapters/chapter-10/exercises.tex:71	tex/chapters/chapter-10/exercises.tex:71	defined
target		unknown	exr:ch10-11	label	tex/chapters/chapter-10/exercises.tex:82	tex/chapters/chapter-10/exercises.tex:82	defined
target		unknown	exr:ch10-12	label	tex/chapters/chapter-10/exercises.tex:93	tex/chapters/chapter-10/exercises.tex:93	defined
target		unknown	exr:ch10-13	label	tex/chapters/chapter-10/exercises.tex:117	tex/chapters/chapter-10/exercises.tex:117	defined
target		unknown	exr:ch10-14	label	tex/chapters/chapter-10/exercises.tex:132	tex/chapters/chapter-10/exercises.tex:132	defined
target		unknown	exr:ch10-15	label	tex/chapters/chapter-10/exercises.tex:137	tex/chapters/chapter-10/exercises.tex:137	defined
target		unknown	exr:ch10-16	label	tex/chapters/chapter-10/exercises.tex:160	tex/chapters/chapter-10/exercises.tex:160	defined
target		unknown	exr:ch10-17	label	tex/chapters/chapter-10/exercises.tex:171	tex/chapters/chapter-10/exercises.tex:171	defined
target		unknown	exr:ch10-18	label	tex/chapters/chapter-10/exercises.tex:188	tex/chapters/chapter-10/exercises.tex:188	defined
target		unknown	exr:ch10-19	label	tex/chapters/chapter-10/exercises.tex:200	tex/chapters/chapter-10/exercises.tex:200	defined
target		unknown	exr:ch10-20	label	tex/chapters/chapter-10/exercises.tex:205	tex/chapters/chapter-10/exercises.tex:205	defined
target		unknown	exr:ch10-21	label	tex/chapters/chapter-10/exercises.tex:217	tex/chapters/chapter-10/exercises.tex:217	defined
target		unknown	exr:ch10-22	label	tex/chapters/chapter-10/exercises.tex:228	tex/chapters/chapter-10/exercises.tex:228	defined
target		unknown	exr:ch10-23	label	tex/chapters/chapter-10/exercises.tex:238	tex/chapters/chapter-10/exercises.tex:238	defined
target		unknown	exr:ch10-24	label	tex/chapters/chapter-10/exercises.tex:243	tex/chapters/chapter-10/exercises.tex:243	defined
target		unknown	exr:ch10-25	label	tex/chapters/chapter-10/exercises.tex:254	tex/chapters/chapter-10/exercises.tex:254	defined
target		unknown	exr:ch10-26	label	tex/chapters/chapter-10/exercises.tex:271	tex/chapters/chapter-10/exercises.tex:271	defined
target		unknown	exr:ch10-27	label	tex/chapters/chapter-10/exercises.tex:276	tex/chapters/chapter-10/exercises.tex:276	defined
target		unknown	exr:ch10-28	label	tex/chapters/chapter-10/exercises.tex:281	tex/chapters/chapter-10/exercises.tex:281	defined
target		unknown	exr:ch10-29	label	tex/chapters/chapter-10/exercises.tex:286	tex/chapters/chapter-10/exercises.tex:286	defined
target		unknown	exr:ch10-30	label	tex/chapters/chapter-10/exercises.tex:291	tex/chapters/chapter-10/exercises.tex:291	defined
target		unknown	exr:ch10-31	label	tex/chapters/chapter-10/exercises.tex:308	tex/chapters/chapter-10/exercises.tex:308	defined
target		unknown	exr:ch10-32	label	tex/chapters/chapter-10/exercises.tex:313	tex/chapters/chapter-10/exercises.tex:313	defined
target		unknown	exr:ch10-33	label	tex/chapters/chapter-10/exercises.tex:318	tex/chapters/chapter-10/exercises.tex:318	defined
target		unknown	exr:ch10-34	label	tex/chapters/chapter-10/exercises.tex:323	tex/chapters/chapter-10/exercises.tex:323	defined
target		unknown	exr:ch10-36	label	tex/chapters/chapter-10/exercises.tex:330	tex/chapters/chapter-10/exercises.tex:330	defined
reference	本章考察式~\eqref{eq:ch10-conforming-inclusion} 不成立的两种情形. 第一种情形是在具有光滑曲边界的区域 $\Omega$ 上考虑问题~\eqref{eq:ch10-dirichlet-model}. 我们讨论逼近这类问题的两种途径. 假设有一个三角剖分 $\mathcal T^h$, 其中边界处的``三角形''有一条曲边. 令 $V_h$ 是与 $\mathcal T^h$ 相联系的 Lagrange 有限元空间, 并在 $\partial\Omega$ 上的点满足 Dirichlet 边界条件. 一般不能期望 $V_h$ 的成员严格满足齐次 Dirichlet 边界条件. 因此, 此时 $V_h\subseteq H^1(\Omega)$, 但 $V_h\not\subseteq V=\mathring H^1(\Omega)$. 另一种途径是采用第~\MBUnresolvedReference{sec:ch04-isoparametric-elements}{4.7} 节所述的等参有限元.	equation	eq:ch10-conforming-inclusion	eqref	tex/chapters/chapter-10.tex:24	tex/chapters/chapter-10.tex:20	resolved
reference	本章考察式~\eqref{eq:ch10-conforming-inclusion} 不成立的两种情形. 第一种情形是在具有光滑曲边界的区域 $\Omega$ 上考虑问题~\eqref{eq:ch10-dirichlet-model}. 我们讨论逼近这类问题的两种途径. 假设有一个三角剖分 $\mathcal T^h$, 其中边界处的``三角形''有一条曲边. 令 $V_h$ 是与 $\mathcal T^h$ 相联系的 Lagrange 有限元空间, 并在 $\partial\Omega$ 上的点满足 Dirichlet 边界条件. 一般不能期望 $V_h$ 的成员严格满足齐次 Dirichlet 边界条件. 因此, 此时 $V_h\subseteq H^1(\Omega)$, 但 $V_h\not\subseteq V=\mathring H^1(\Omega)$. 另一种途径是采用第~\MBUnresolvedReference{sec:ch04-isoparametric-elements}{4.7} 节所述的等参有限元.	equation	eq:ch10-dirichlet-model	eqref	tex/chapters/chapter-10.tex:24	tex/chapters/chapter-10.tex:11	resolved
reference	式~\eqref{eq:ch10-conforming-inclusion} 不成立的另一种情形来自使用``非协调''或``间断''有限元. 这里用非 $C^0$ 的单元说明这一点. 由于有限元函数不够光滑, 式~\eqref{eq:ch10-conforming-inclusion} 失效; 这可以发生在边界条件得到严格满足的多边形区域上. 此外, 还必须修改变分形式的定义.	equation	eq:ch10-conforming-inclusion	eqref	tex/chapters/chapter-10.tex:26	tex/chapters/chapter-10.tex:20	resolved
reference	式~\eqref{eq:ch10-conforming-inclusion} 不成立的另一种情形来自使用``非协调''或``间断''有限元. 这里用非 $C^0$ 的单元说明这一点. 由于有限元函数不够光滑, 式~\eqref{eq:ch10-conforming-inclusion} 失效; 这可以发生在边界条件得到严格满足的多边形区域上. 此外, 还必须修改变分形式的定义.	equation	eq:ch10-conforming-inclusion	eqref	tex/chapters/chapter-10.tex:26	tex/chapters/chapter-10.tex:20	resolved
reference	如果 $V_h\subseteq V$, 式~\eqref{eq:ch10-first-strang-estimate} 右端第二项为零. 因而它度量 $V_h\not\subseteq V$ 的影响. 还要注意, 由连续性,	equation	eq:ch10-first-strang-estimate	eqref	tex/chapters/chapter-10/section-01.tex:60	tex/chapters/chapter-10/section-01.tex:26	resolved
reference	结合式~\eqref{eq:ch10-consistency-lower-bound} 和~\eqref{eq:ch10-first-strang-estimate} 得到	equation	eq:ch10-consistency-lower-bound	eqref	tex/chapters/chapter-10/section-01.tex:75	tex/chapters/chapter-10/section-01.tex:71	resolved
reference	结合式~\eqref{eq:ch10-consistency-lower-bound} 和~\eqref{eq:ch10-first-strang-estimate} 得到	equation	eq:ch10-first-strang-estimate	eqref	tex/chapters/chapter-10/section-01.tex:75	tex/chapters/chapter-10/section-01.tex:26	resolved
reference	不等式~\eqref{eq:ch10-two-sided-discretization-error} 表明, 最佳逼近项与一致性项确实反映离散化误差 $\|u-u_h\|_H$ 的大小.	equation	eq:ch10-two-sided-discretization-error	eqref	tex/chapters/chapter-10/section-01.tex:92	tex/chapters/chapter-10/section-01.tex:79	resolved
reference	改进引理~\ref{lem:ch10-first-strang}.	lemma	lem:ch10-first-strang	ref	tex/chapters/chapter-10/section-01.tex:99	tex/chapters/chapter-10/section-01.tex:11	resolved
reference	设 $V$ 和 $V_h$ 是 $H$ 的子空间, 且 $\dim V_h<\infty$. 假设 $a(\cdot,\cdot)$ 是 $H$ 上的对称正定双线性形式. 令 $u\in V$ 和 $u_h\in V_h$ 如引理~\ref{lem:ch10-first-strang} 所述. 则	lemma	lem:ch10-first-strang	ref	tex/chapters/chapter-10/section-01.tex:104	tex/chapters/chapter-10/section-01.tex:11	resolved
reference	见习题~\ref{exr:ch10-05}.	unknown	exr:ch10-05	ref	tex/chapters/chapter-10/section-01.tex:115	tex/chapters/chapter-10/exercises.tex:39	resolved
reference	第~\ref{sec:ch10-interpolated-boundary} 节将把抽象误差估计~\eqref{eq:ch10-first-strang-estimate} 用于带插值边界条件的问题~\eqref{eq:ch10-dirichlet-model} 的有限元逼近. 第~\ref{sec:ch10-isoparametric} 节将对问题~\eqref{eq:ch10-dirichlet-model} 的等参有限元逼近作同样处理. 第~\MBUnresolvedReference{sec:ch12-stokes}{12.5} 节说明, Stokes 方程的有限元逼近可通过式~\eqref{eq:ch10-symmetric-strang-estimate} 研究.	section	sec:ch10-interpolated-boundary	ref	tex/chapters/chapter-10/section-01.tex:118	tex/chapters/chapter-10/section-02.tex:2	resolved
reference	第~\ref{sec:ch10-interpolated-boundary} 节将把抽象误差估计~\eqref{eq:ch10-first-strang-estimate} 用于带插值边界条件的问题~\eqref{eq:ch10-dirichlet-model} 的有限元逼近. 第~\ref{sec:ch10-isoparametric} 节将对问题~\eqref{eq:ch10-dirichlet-model} 的等参有限元逼近作同样处理. 第~\MBUnresolvedReference{sec:ch12-stokes}{12.5} 节说明, Stokes 方程的有限元逼近可通过式~\eqref{eq:ch10-symmetric-strang-estimate} 研究.	equation	eq:ch10-first-strang-estimate	eqref	tex/chapters/chapter-10/section-01.tex:118	tex/chapters/chapter-10/section-01.tex:26	resolved
reference	第~\ref{sec:ch10-interpolated-boundary} 节将把抽象误差估计~\eqref{eq:ch10-first-strang-estimate} 用于带插值边界条件的问题~\eqref{eq:ch10-dirichlet-model} 的有限元逼近. 第~\ref{sec:ch10-isoparametric} 节将对问题~\eqref{eq:ch10-dirichlet-model} 的等参有限元逼近作同样处理. 第~\MBUnresolvedReference{sec:ch12-stokes}{12.5} 节说明, Stokes 方程的有限元逼近可通过式~\eqref{eq:ch10-symmetric-strang-estimate} 研究.	equation	eq:ch10-dirichlet-model	eqref	tex/chapters/chapter-10/section-01.tex:118	tex/chapters/chapter-10.tex:11	resolved
reference	第~\ref{sec:ch10-interpolated-boundary} 节将把抽象误差估计~\eqref{eq:ch10-first-strang-estimate} 用于带插值边界条件的问题~\eqref{eq:ch10-dirichlet-model} 的有限元逼近. 第~\ref{sec:ch10-isoparametric} 节将对问题~\eqref{eq:ch10-dirichlet-model} 的等参有限元逼近作同样处理. 第~\MBUnresolvedReference{sec:ch12-stokes}{12.5} 节说明, Stokes 方程的有限元逼近可通过式~\eqref{eq:ch10-symmetric-strang-estimate} 研究.	section	sec:ch10-isoparametric	ref	tex/chapters/chapter-10/section-01.tex:118	tex/chapters/chapter-10/section-04.tex:2	resolved
reference	第~\ref{sec:ch10-interpolated-boundary} 节将把抽象误差估计~\eqref{eq:ch10-first-strang-estimate} 用于带插值边界条件的问题~\eqref{eq:ch10-dirichlet-model} 的有限元逼近. 第~\ref{sec:ch10-isoparametric} 节将对问题~\eqref{eq:ch10-dirichlet-model} 的等参有限元逼近作同样处理. 第~\MBUnresolvedReference{sec:ch12-stokes}{12.5} 节说明, Stokes 方程的有限元逼近可通过式~\eqref{eq:ch10-symmetric-strang-estimate} 研究.	equation	eq:ch10-dirichlet-model	eqref	tex/chapters/chapter-10/section-01.tex:118	tex/chapters/chapter-10.tex:11	resolved
reference	第~\ref{sec:ch10-interpolated-boundary} 节将把抽象误差估计~\eqref{eq:ch10-first-strang-estimate} 用于带插值边界条件的问题~\eqref{eq:ch10-dirichlet-model} 的有限元逼近. 第~\ref{sec:ch10-isoparametric} 节将对问题~\eqref{eq:ch10-dirichlet-model} 的等参有限元逼近作同样处理. 第~\MBUnresolvedReference{sec:ch12-stokes}{12.5} 节说明, Stokes 方程的有限元逼近可通过式~\eqref{eq:ch10-symmetric-strang-estimate} 研究.	equation	eq:ch10-symmetric-strang-estimate	eqref	tex/chapters/chapter-10/section-01.tex:118	tex/chapters/chapter-10/section-01.tex:108	resolved
reference	第二种违反式~\eqref{eq:ch10-conforming-inclusion} 的情形来自使用非协调有限元, 此时 $V_h\not\subset H^1(\Omega)$. 由于 $V_h$ 的成员没有全局弱导数, 离散问题必须使用 $a(\cdot,\cdot)$ 的修正形式 $a_h(\cdot,\cdot)$. 有如下抽象误差估计.	equation	eq:ch10-conforming-inclusion	eqref	tex/chapters/chapter-10/section-01.tex:120	tex/chapters/chapter-10.tex:20	resolved
reference	由式~\eqref{eq:ch10-ah-projection}--\eqref{eq:ch10-second-strang-triangle} 即得估计~\eqref{eq:ch10-second-strang-estimate}.	equation	eq:ch10-ah-projection	eqref	tex/chapters/chapter-10/section-01.tex:174	tex/chapters/chapter-10/section-01.tex:152	resolved
reference	由式~\eqref{eq:ch10-ah-projection}--\eqref{eq:ch10-second-strang-triangle} 即得估计~\eqref{eq:ch10-second-strang-estimate}.	equation	eq:ch10-second-strang-triangle	eqref	tex/chapters/chapter-10/section-01.tex:174	tex/chapters/chapter-10/section-01.tex:166	resolved
reference	由式~\eqref{eq:ch10-ah-projection}--\eqref{eq:ch10-second-strang-triangle} 即得估计~\eqref{eq:ch10-second-strang-estimate}.	equation	eq:ch10-second-strang-estimate	eqref	tex/chapters/chapter-10/section-01.tex:174	tex/chapters/chapter-10/section-01.tex:140	resolved
reference	同样, 如果 $V_h\subseteq V$, 式~\eqref{eq:ch10-second-strang-estimate} 右端第二项为零, 因而该项度量 $V_h\not\subseteq V$ 的影响. 这里也成立与式~\eqref{eq:ch10-two-sided-discretization-error} 类似的不等式. 第~\ref{sec:ch10-nonconforming} 节将把抽象误差估计~\eqref{eq:ch10-second-strang-estimate} 用于问题~\eqref{eq:ch10-dirichlet-model} 的非协调分片线性有限元逼近(见图~\MBUnresolvedReference{fig:ch03-nonconforming-p1}{3.2}).	equation	eq:ch10-second-strang-estimate	eqref	tex/chapters/chapter-10/section-01.tex:177	tex/chapters/chapter-10/section-01.tex:140	resolved
reference	同样, 如果 $V_h\subseteq V$, 式~\eqref{eq:ch10-second-strang-estimate} 右端第二项为零, 因而该项度量 $V_h\not\subseteq V$ 的影响. 这里也成立与式~\eqref{eq:ch10-two-sided-discretization-error} 类似的不等式. 第~\ref{sec:ch10-nonconforming} 节将把抽象误差估计~\eqref{eq:ch10-second-strang-estimate} 用于问题~\eqref{eq:ch10-dirichlet-model} 的非协调分片线性有限元逼近(见图~\MBUnresolvedReference{fig:ch03-nonconforming-p1}{3.2}).	equation	eq:ch10-two-sided-discretization-error	eqref	tex/chapters/chapter-10/section-01.tex:177	tex/chapters/chapter-10/section-01.tex:79	resolved
reference	同样, 如果 $V_h\subseteq V$, 式~\eqref{eq:ch10-second-strang-estimate} 右端第二项为零, 因而该项度量 $V_h\not\subseteq V$ 的影响. 这里也成立与式~\eqref{eq:ch10-two-sided-discretization-error} 类似的不等式. 第~\ref{sec:ch10-nonconforming} 节将把抽象误差估计~\eqref{eq:ch10-second-strang-estimate} 用于问题~\eqref{eq:ch10-dirichlet-model} 的非协调分片线性有限元逼近(见图~\MBUnresolvedReference{fig:ch03-nonconforming-p1}{3.2}).	section	sec:ch10-nonconforming	ref	tex/chapters/chapter-10/section-01.tex:177	tex/chapters/chapter-10/section-03.tex:3	resolved
reference	同样, 如果 $V_h\subseteq V$, 式~\eqref{eq:ch10-second-strang-estimate} 右端第二项为零, 因而该项度量 $V_h\not\subseteq V$ 的影响. 这里也成立与式~\eqref{eq:ch10-two-sided-discretization-error} 类似的不等式. 第~\ref{sec:ch10-nonconforming} 节将把抽象误差估计~\eqref{eq:ch10-second-strang-estimate} 用于问题~\eqref{eq:ch10-dirichlet-model} 的非协调分片线性有限元逼近(见图~\MBUnresolvedReference{fig:ch03-nonconforming-p1}{3.2}).	equation	eq:ch10-second-strang-estimate	eqref	tex/chapters/chapter-10/section-01.tex:177	tex/chapters/chapter-10/section-01.tex:140	resolved
reference	同样, 如果 $V_h\subseteq V$, 式~\eqref{eq:ch10-second-strang-estimate} 右端第二项为零, 因而该项度量 $V_h\not\subseteq V$ 的影响. 这里也成立与式~\eqref{eq:ch10-two-sided-discretization-error} 类似的不等式. 第~\ref{sec:ch10-nonconforming} 节将把抽象误差估计~\eqref{eq:ch10-second-strang-estimate} 用于问题~\eqref{eq:ch10-dirichlet-model} 的非协调分片线性有限元逼近(见图~\MBUnresolvedReference{fig:ch03-nonconforming-p1}{3.2}).	equation	eq:ch10-dirichlet-model	eqref	tex/chapters/chapter-10/section-01.tex:177	tex/chapters/chapter-10.tex:11	resolved
reference	设 $\Omega\subseteq\mathbb R^2$ 是具有光滑边界的有界区域, $\mathcal T^h$ 是 $\Omega$ 的一个三角剖分, 其中每个边界三角形至多有一条曲边(见图~\ref{fig:ch10-curved-triangulation}).	figure	fig:ch10-curved-triangulation	ref	tex/chapters/chapter-10/section-02.tex:6	tex/chapters/chapter-10/section-02.tex:12	resolved
reference	$L_k(\xi)$ 有 $k$ 个互异零点 $0=\xi_0<\xi_1<\cdots<\xi_{k-1}=1$(参见习题~\ref{exr:ch10-01}). 对每个 $j$, $0\leq j\leq k-1$, 令 $P_j$ 为次数 $k-1$ 的 Lagrange 插值多项式(见备注~\MBUnresolvedReference{rem:ch03-source-3-1-7}{3.1.7}), 满足 $P_j(\xi_i)=\delta_{ij}$(Kronecker delta), 并令	unknown	exr:ch10-01	ref	tex/chapters/chapter-10/section-02.tex:41	tex/chapters/chapter-10/exercises.tex:7	resolved
reference	令 $P_1$ 为 $P$ 的次数不超过 $k-1$ 的 Lagrange 插值多项式, 即 $P_1(\xi_j)=P(\xi_j)$. 式~\eqref{eq:ch10-interpolation-quadrature-identity} 给出	equation	eq:ch10-interpolation-quadrature-identity	eqref	tex/chapters/chapter-10/section-02.tex:71	tex/chapters/chapter-10/section-02.tex:66	resolved
reference	见习题~\ref{exr:ch10-02}.	unknown	exr:ch10-02	ref	tex/chapters/chapter-10/section-02.tex:102	tex/chapters/chapter-10/exercises.tex:12	resolved
reference	取边界节点 $x(s_e+h_e\xi_j)$, $j=0,\ldots,k-1$. 图~\ref{fig:ch10-curved-nodal-variables} 画出 $k=3$ 的情形. 当 $h=\max_{T\in\mathcal T^h}(\operatorname{diam}T)$ 充分小时, 边界节点可用作确定 $\mathcal P_{k-1}$ 多项式的节点变量(见习题~\ref{exr:ch10-03} 和 Scott 1975). 下文假设这一条件成立.	figure	fig:ch10-curved-nodal-variables	ref	tex/chapters/chapter-10/section-02.tex:110	tex/chapters/chapter-10/section-02.tex:116	resolved
reference	取边界节点 $x(s_e+h_e\xi_j)$, $j=0,\ldots,k-1$. 图~\ref{fig:ch10-curved-nodal-variables} 画出 $k=3$ 的情形. 当 $h=\max_{T\in\mathcal T^h}(\operatorname{diam}T)$ 充分小时, 边界节点可用作确定 $\mathcal P_{k-1}$ 多项式的节点变量(见习题~\ref{exr:ch10-03} 和 Scott 1975). 下文假设这一条件成立.	unknown	exr:ch10-03	ref	tex/chapters/chapter-10/section-02.tex:110	tex/chapters/chapter-10/exercises.tex:17	resolved
reference	令 $a(v,w)=\int_\Omega\nabla v\cdot\nabla w\,dx$. 问题~\eqref{eq:ch10-dirichlet-model} 的变分形式是在 $V=\mathring H^1(\Omega)$ 中求 $u$, 使得	equation	eq:ch10-dirichlet-model	eqref	tex/chapters/chapter-10/section-02.tex:128	tex/chapters/chapter-10.tex:11	resolved
reference	为了使用抽象估计~\eqref{eq:ch10-first-strang-estimate}, 必须估计	equation	eq:ch10-first-strang-estimate	eqref	tex/chapters/chapter-10/section-02.tex:142	tex/chapters/chapter-10/section-01.tex:26	resolved
reference	设三角形 $T$ 满足式~\eqref{eq:ch10-curved-element-disks}, 且有一条曲边 $e$. 假设 $u\in W_\infty^{2k-1}(T)$, $w\in\mathcal P_{k-1}$ 在 $e$ 上的 Lobatto 节点处为零. 则存在常数 $C_{k,\rho}$, 使得	equation	eq:ch10-curved-element-disks	eqref	tex/chapters/chapter-10/section-02.tex:161	tex/chapters/chapter-10/section-02.tex:20	resolved
reference	于是, 由推论~\ref{cor:ch10-lobatto-error} 和式~\eqref{eq:ch10-polynomial-infinity-h1},	corollary	cor:ch10-lobatto-error	ref	tex/chapters/chapter-10/section-02.tex:183	tex/chapters/chapter-10/section-02.tex:92	resolved
reference	于是, 由推论~\ref{cor:ch10-lobatto-error} 和式~\eqref{eq:ch10-polynomial-infinity-h1},	equation	eq:ch10-polynomial-infinity-h1	eqref	tex/chapters/chapter-10/section-02.tex:183	tex/chapters/chapter-10/section-02.tex:29	resolved
reference	式~\eqref{eq:ch10-curved-edge-parameter-integral} 完成证明.	equation	eq:ch10-curved-edge-parameter-integral	eqref	tex/chapters/chapter-10/section-02.tex:193	tex/chapters/chapter-10/section-02.tex:179	resolved
reference	由局部估计~\eqref{eq:ch10-local-curved-edge-estimate} 得到如下全局估计.	equation	eq:ch10-local-curved-edge-estimate	eqref	tex/chapters/chapter-10/section-02.tex:196	tex/chapters/chapter-10/section-02.tex:165	resolved
reference	由于 $\partial\Omega$ 光滑, 当 $h$ 充分小时, 引理~\ref{lem:ch10-local-curved-edge} 中有	lemma	lem:ch10-local-curved-edge	ref	tex/chapters/chapter-10/section-02.tex:211	tex/chapters/chapter-10/section-02.tex:160	resolved
reference	对所有边界边求和, 由式~\eqref{eq:ch10-boundary-consistency-identity} 和~\eqref{eq:ch10-local-boundary-simplified},	equation	eq:ch10-boundary-consistency-identity	eqref	tex/chapters/chapter-10/section-02.tex:226	tex/chapters/chapter-10/section-02.tex:152	resolved
reference	对所有边界边求和, 由式~\eqref{eq:ch10-boundary-consistency-identity} 和~\eqref{eq:ch10-local-boundary-simplified},	equation	eq:ch10-local-boundary-simplified	eqref	tex/chapters/chapter-10/section-02.tex:226	tex/chapters/chapter-10/section-02.tex:222	resolved
reference	由 Friedrichs 不等式~\MBUnresolvedReference{eq:ch04-source-4-3-15}{4.3.15} 和式~\eqref{eq:ch10-boundary-poincare-sequence-small},	equation	eq:ch10-boundary-poincare-sequence-small	eqref	tex/chapters/chapter-10/section-02.tex:267	tex/chapters/chapter-10/section-02.tex:264	resolved
reference	由式~\eqref{eq:ch10-mean-subtracted-h1-limit} 和迹定理~\MBUnresolvedReference{thm:ch01-source-1-6-6}{1.6.6},	equation	eq:ch10-mean-subtracted-h1-limit	eqref	tex/chapters/chapter-10/section-02.tex:283	tex/chapters/chapter-10/section-02.tex:278	resolved
reference	因此, 由式~\eqref{eq:ch10-boundary-poincare-sequence-small} 和~\eqref{eq:ch10-boundary-trace-limit},	equation	eq:ch10-boundary-poincare-sequence-small	eqref	tex/chapters/chapter-10/section-02.tex:290	tex/chapters/chapter-10/section-02.tex:264	resolved
reference	因此, 由式~\eqref{eq:ch10-boundary-poincare-sequence-small} 和~\eqref{eq:ch10-boundary-trace-limit},	equation	eq:ch10-boundary-trace-limit	eqref	tex/chapters/chapter-10/section-02.tex:290	tex/chapters/chapter-10/section-02.tex:287	resolved
reference	故 $\overline v_j\to0$, 再由式~\eqref{eq:ch10-mean-subtracted-h1-limit} 得	equation	eq:ch10-mean-subtracted-h1-limit	eqref	tex/chapters/chapter-10/section-02.tex:299	tex/chapters/chapter-10/section-02.tex:278	resolved
reference	这与式~\eqref{eq:ch10-boundary-poincare-sequence-norm} 矛盾.	equation	eq:ch10-boundary-poincare-sequence-norm	eqref	tex/chapters/chapter-10/section-02.tex:306	tex/chapters/chapter-10/section-02.tex:257	resolved
reference	不失一般性可设 $\Omega$ 连通. 由引理~\ref{lem:ch10-global-boundary-consistency}, 对任意 $u\in W_\infty^{2k-1}(\Omega)$,	lemma	lem:ch10-global-boundary-consistency	ref	tex/chapters/chapter-10/section-02.tex:326	tex/chapters/chapter-10/section-02.tex:200	resolved
reference	则式~\eqref{eq:ch10-boundary-functional-bound} 变为	equation	eq:ch10-boundary-functional-bound	eqref	tex/chapters/chapter-10/section-02.tex:341	tex/chapters/chapter-10/section-02.tex:330	resolved
reference	结合式~\eqref{eq:ch10-boundary-poincare} 和~\eqref{eq:ch10-boundary-integral-v-bound}, 得	equation	eq:ch10-boundary-poincare	eqref	tex/chapters/chapter-10/section-02.tex:349	tex/chapters/chapter-10/section-02.tex:246	resolved
reference	结合式~\eqref{eq:ch10-boundary-poincare} 和~\eqref{eq:ch10-boundary-integral-v-bound}, 得	equation	eq:ch10-boundary-integral-v-bound	eqref	tex/chapters/chapter-10/section-02.tex:349	tex/chapters/chapter-10/section-02.tex:345	resolved
reference	只要 $C_\rho h^{k-\frac12}<\beta/2$, 式~\eqref{eq:ch10-interpolated-boundary-coercivity} 就以 $\gamma=\beta^2/4$ 成立.	equation	eq:ch10-interpolated-boundary-coercivity	eqref	tex/chapters/chapter-10/section-02.tex:365	tex/chapters/chapter-10/section-02.tex:319	resolved
reference	由引理~\ref{lem:ch10-first-strang}、\ref{lem:ch10-global-boundary-consistency} 和~\ref{lem:ch10-interpolated-boundary-coercivity}, 再结合标准插值误差估计(参见定理~\MBUnresolvedReference{thm:ch04-source-4-4-20}{4.4.20}), 得到下述定理.	lemma	lem:ch10-first-strang	ref	tex/chapters/chapter-10/section-02.tex:368	tex/chapters/chapter-10/section-01.tex:11	resolved
reference	由引理~\ref{lem:ch10-first-strang}、\ref{lem:ch10-global-boundary-consistency} 和~\ref{lem:ch10-interpolated-boundary-coercivity}, 再结合标准插值误差估计(参见定理~\MBUnresolvedReference{thm:ch04-source-4-4-20}{4.4.20}), 得到下述定理.	lemma	lem:ch10-global-boundary-consistency	ref	tex/chapters/chapter-10/section-02.tex:368	tex/chapters/chapter-10/section-02.tex:200	resolved
reference	由引理~\ref{lem:ch10-first-strang}、\ref{lem:ch10-global-boundary-consistency} 和~\ref{lem:ch10-interpolated-boundary-coercivity}, 再结合标准插值误差估计(参见定理~\MBUnresolvedReference{thm:ch04-source-4-4-20}{4.4.20}), 得到下述定理.	lemma	lem:ch10-interpolated-boundary-coercivity	ref	tex/chapters/chapter-10/section-02.tex:368	tex/chapters/chapter-10/section-02.tex:314	resolved
reference	假设 $u\in W_\infty^{2k-1}(\Omega)$, 且式~\eqref{eq:ch10-curved-element-disks} 对某个与 $h$ 无关的 $\rho>0$ 成立. 当 $h$ 充分小时, 若用在 Lobatto 边界节点处为零的连续分片多项式 Lagrange 有限元空间离散问题~\eqref{eq:ch10-dirichlet-model}, 且多项式次数不超过 $k-1$, 则有	equation	eq:ch10-curved-element-disks	eqref	tex/chapters/chapter-10/section-02.tex:373	tex/chapters/chapter-10/section-02.tex:20	resolved
reference	假设 $u\in W_\infty^{2k-1}(\Omega)$, 且式~\eqref{eq:ch10-curved-element-disks} 对某个与 $h$ 无关的 $\rho>0$ 成立. 当 $h$ 充分小时, 若用在 Lobatto 边界节点处为零的连续分片多项式 Lagrange 有限元空间离散问题~\eqref{eq:ch10-dirichlet-model}, 且多项式次数不超过 $k-1$, 则有	equation	eq:ch10-dirichlet-model	eqref	tex/chapters/chapter-10/section-02.tex:373	tex/chapters/chapter-10.tex:11	resolved
reference	为了得到 $\|u-u_h\|_{H^1(\Omega)}\leq C_\rho h^{k-1}|u|_{H^k(\Omega)}$, 并不需要假设 $u\in W_\infty^{2k-1}(\Omega)$. 事实上, 可证明(习题~\ref{exr:ch10-04} 和 Scott 1975)该结论对 $u\in H^k(\Omega)$ 成立, 而且这是最佳阶.	unknown	exr:ch10-04	ref	tex/chapters/chapter-10/section-02.tex:382	tex/chapters/chapter-10/exercises.tex:22	resolved
reference	本节考察引理~\ref{lem:ch10-second-strang} 所述的变分罪行. 回顾问题~\eqref{eq:ch10-dirichlet-model} 的变分形式: 在 $V=\mathring H^1(\Omega)$ 中求 $u$, 使得	lemma	lem:ch10-second-strang	ref	tex/chapters/chapter-10/section-03.tex:7	tex/chapters/chapter-10/section-01.tex:125	resolved
reference	本节考察引理~\ref{lem:ch10-second-strang} 所述的变分罪行. 回顾问题~\eqref{eq:ch10-dirichlet-model} 的变分形式: 在 $V=\mathring H^1(\Omega)$ 中求 $u$, 使得	equation	eq:ch10-dirichlet-model	eqref	tex/chapters/chapter-10/section-03.tex:7	tex/chapters/chapter-10.tex:11	resolved
reference	我们用抽象误差估计~\eqref{eq:ch10-second-strang-estimate} 来估计 $\|u-u_h\|_h$. 令 $I^hu\in V_h$ 为 $u$ 的节点插值函数, 即 $I^hu$ 与 $u$ 在 $\mathcal T^h$ 各边的中点一致. 因为 $u\in H^2(\Omega)\cap\mathring H^1(\Omega)$, 定理~\MBUnresolvedReference{thm:ch04-source-4-4-20}{4.4.20} 给出	equation	eq:ch10-second-strang-estimate	eqref	tex/chapters/chapter-10/section-03.tex:50	tex/chapters/chapter-10/section-01.tex:140	resolved
reference	其中 $C$ 仅依赖于式~\MBUnresolvedReference{eq:ch04-source-4-4-16}{4.4.16} 中的参数 $\rho$. 对式~\eqref{eq:ch10-second-strang-estimate} 右端第二项, 有	equation	eq:ch10-second-strang-estimate	eqref	tex/chapters/chapter-10/section-03.tex:57	tex/chapters/chapter-10/section-01.tex:140	resolved
reference	下一步估计 $\sum_{e\in\mathcal E^h}\int_e\nabla u\cdot[\![w]\!]\,ds$, 需要以下迹估计. 设 $e$ 是三角形 $T$ 的一条边. 由带尺度变换的迹定理(参见习题~\ref{exr:ch10-07}),	unknown	exr:ch10-07	ref	tex/chapters/chapter-10/section-03.tex:82	tex/chapters/chapter-10/exercises.tex:55	resolved
reference	其中 $|e|$ 表示 $e$ 的长度, $h_T=\operatorname{diam}T$, 正常数 $C$ 只依赖于 $T$ 的粗壮度参数. 又因为 $[\![w]\!]$ 在每条边的中点为零, 简单计算(习题~\ref{exr:ch10-08})给出	unknown	exr:ch10-08	ref	tex/chapters/chapter-10/section-03.tex:91	tex/chapters/chapter-10/exercises.tex:60	resolved
reference	因此, 由 Cauchy--Schwarz 不等式、式~\eqref{eq:ch10-scaled-trace-edge} 和~\eqref{eq:ch10-jump-midpoint-estimate},	equation	eq:ch10-scaled-trace-edge	eqref	tex/chapters/chapter-10/section-03.tex:108	tex/chapters/chapter-10/section-03.tex:86	resolved
reference	因此, 由 Cauchy--Schwarz 不等式、式~\eqref{eq:ch10-scaled-trace-edge} 和~\eqref{eq:ch10-jump-midpoint-estimate},	equation	eq:ch10-jump-midpoint-estimate	eqref	tex/chapters/chapter-10/section-03.tex:108	tex/chapters/chapter-10/section-03.tex:95	resolved
reference	最后一步使用了式~\MBUnresolvedReference{eq:ch04-source-4-3-8}{4.3.8}. 因而由式~\eqref{eq:ch10-nonconforming-consistency-identity},	equation	eq:ch10-nonconforming-consistency-identity	eqref	tex/chapters/chapter-10/section-03.tex:119	tex/chapters/chapter-10/section-03.tex:68	resolved
reference	结合式~\eqref{eq:ch10-second-strang-estimate}、\eqref{eq:ch10-nonconforming-best-approximation} 和~\eqref{eq:ch10-nonconforming-consistency-estimate}, 得到下述定理.	equation	eq:ch10-second-strang-estimate	eqref	tex/chapters/chapter-10/section-03.tex:126	tex/chapters/chapter-10/section-01.tex:140	resolved
reference	结合式~\eqref{eq:ch10-second-strang-estimate}、\eqref{eq:ch10-nonconforming-best-approximation} 和~\eqref{eq:ch10-nonconforming-consistency-estimate}, 得到下述定理.	equation	eq:ch10-nonconforming-best-approximation	eqref	tex/chapters/chapter-10/section-03.tex:126	tex/chapters/chapter-10/section-03.tex:54	resolved
reference	结合式~\eqref{eq:ch10-second-strang-estimate}、\eqref{eq:ch10-nonconforming-best-approximation} 和~\eqref{eq:ch10-nonconforming-consistency-estimate}, 得到下述定理.	equation	eq:ch10-nonconforming-consistency-estimate	eqref	tex/chapters/chapter-10/section-03.tex:126	tex/chapters/chapter-10/section-03.tex:123	resolved
reference	设 $\Omega$ 是凸多边形区域, $f\in L^2(\Omega)$, 且 $u_h$ 是非协调 $\mathcal P_1$ 离散问题~\eqref{eq:ch10-nonconforming-discrete-problem} 的解. 则	equation	eq:ch10-nonconforming-discrete-problem	eqref	tex/chapters/chapter-10/section-03.tex:131	tex/chapters/chapter-10/section-03.tex:47	resolved
reference	由式~\eqref{eq:ch10-nonconforming-dual-continuous} 和~\eqref{eq:ch10-nonconforming-dual-discrete},	equation	eq:ch10-nonconforming-dual-continuous	eqref	tex/chapters/chapter-10/section-03.tex:156	tex/chapters/chapter-10/section-03.tex:144	resolved
reference	由式~\eqref{eq:ch10-nonconforming-dual-continuous} 和~\eqref{eq:ch10-nonconforming-dual-discrete},	equation	eq:ch10-nonconforming-dual-discrete	eqref	tex/chapters/chapter-10/section-03.tex:156	tex/chapters/chapter-10/section-03.tex:152	resolved
reference	由定理~\ref{thm:ch10-nonconforming-energy-error}(分别用于 $u$ 和 $z$)以及椭圆正则性, 右端第一项满足	theorem	thm:ch10-nonconforming-energy-error	ref	tex/chapters/chapter-10/section-03.tex:164	tex/chapters/chapter-10/section-03.tex:130	resolved
reference	把式~\eqref{eq:ch10-nonconforming-duality-decomposition} 右端第二项改写为	equation	eq:ch10-nonconforming-duality-decomposition	eqref	tex/chapters/chapter-10/section-03.tex:172	tex/chapters/chapter-10/section-03.tex:160	resolved
reference	由式~\eqref{eq:ch10-nonconforming-consistency-estimate} 和插值估计,	equation	eq:ch10-nonconforming-consistency-estimate	eqref	tex/chapters/chapter-10/section-03.tex:179	tex/chapters/chapter-10/section-03.tex:123	resolved
reference	式~\eqref{eq:ch10-nonconforming-consistency-identity} 还给出	equation	eq:ch10-nonconforming-consistency-identity	eqref	tex/chapters/chapter-10/section-03.tex:187	tex/chapters/chapter-10/section-03.tex:68	resolved
reference	重复导出式~\eqref{eq:ch10-nonconforming-consistency-estimate} 的估计, 并用式~\eqref{eq:ch10-scaled-trace-edge} 和插值估计, 得	equation	eq:ch10-nonconforming-consistency-estimate	eqref	tex/chapters/chapter-10/section-03.tex:192	tex/chapters/chapter-10/section-03.tex:123	resolved
reference	重复导出式~\eqref{eq:ch10-nonconforming-consistency-estimate} 的估计, 并用式~\eqref{eq:ch10-scaled-trace-edge} 和插值估计, 得	equation	eq:ch10-scaled-trace-edge	eqref	tex/chapters/chapter-10/section-03.tex:192	tex/chapters/chapter-10/section-03.tex:86	resolved
reference	结合式~\eqref{eq:ch10-duality-second-term-split}--\eqref{eq:ch10-duality-interpolant-edge-estimate}, 有	equation	eq:ch10-duality-second-term-split	eqref	tex/chapters/chapter-10/section-03.tex:200	tex/chapters/chapter-10/section-03.tex:176	resolved
reference	结合式~\eqref{eq:ch10-duality-second-term-split}--\eqref{eq:ch10-duality-interpolant-edge-estimate}, 有	equation	eq:ch10-duality-interpolant-edge-estimate	eqref	tex/chapters/chapter-10/section-03.tex:200	tex/chapters/chapter-10/section-03.tex:197	resolved
reference	将式~\eqref{eq:ch10-nonconforming-duality-decomposition}、\eqref{eq:ch10-duality-first-term}、\eqref{eq:ch10-duality-second-term-estimate} 和~\eqref{eq:ch10-duality-third-term-estimate} 合并, 得	equation	eq:ch10-nonconforming-duality-decomposition	eqref	tex/chapters/chapter-10/section-03.tex:214	tex/chapters/chapter-10/section-03.tex:160	resolved
reference	将式~\eqref{eq:ch10-nonconforming-duality-decomposition}、\eqref{eq:ch10-duality-first-term}、\eqref{eq:ch10-duality-second-term-estimate} 和~\eqref{eq:ch10-duality-third-term-estimate} 合并, 得	equation	eq:ch10-duality-first-term	eqref	tex/chapters/chapter-10/section-03.tex:214	tex/chapters/chapter-10/section-03.tex:168	resolved
reference	将式~\eqref{eq:ch10-nonconforming-duality-decomposition}、\eqref{eq:ch10-duality-first-term}、\eqref{eq:ch10-duality-second-term-estimate} 和~\eqref{eq:ch10-duality-third-term-estimate} 合并, 得	equation	eq:ch10-duality-second-term-estimate	eqref	tex/chapters/chapter-10/section-03.tex:214	tex/chapters/chapter-10/section-03.tex:204	resolved
reference	将式~\eqref{eq:ch10-nonconforming-duality-decomposition}、\eqref{eq:ch10-duality-first-term}、\eqref{eq:ch10-duality-second-term-estimate} 和~\eqref{eq:ch10-duality-third-term-estimate} 合并, 得	equation	eq:ch10-duality-third-term-estimate	eqref	tex/chapters/chapter-10/section-03.tex:214	tex/chapters/chapter-10/section-03.tex:211	resolved
reference	设 $\Omega$ 是凸多边形区域, $f\in L^2(\Omega)$, 且 $u_h$ 是非协调 $\mathcal P_1$ 离散问题~\eqref{eq:ch10-nonconforming-discrete-problem} 的解. 则	equation	eq:ch10-nonconforming-discrete-problem	eqref	tex/chapters/chapter-10/section-03.tex:224	tex/chapters/chapter-10/section-03.tex:47	resolved
reference	另一个例子是双调和方程(参见第~\MBUnresolvedReference{sec:ch05-biharmonic}{5.9} 节). 这是四阶问题, 因而协调有限元必须是 $C^1$ 元, 例如含五次多项式的 Argyris 有限元. 另一方面, 可用图~\ref{fig:ch10-morley-element} 所示的非协调二次 Morley 有限元求解. 该有限元的性质及其对双调和方程的应用见习题~\ref{exr:ch10-09}--\ref{exr:ch10-14}(另见 Shi 1990). 还要注意, Morley 元可为采用 Argyris 元离散双调和方程所得的方程组构造预条件子(参见 Brenner 1996b).	figure	fig:ch10-morley-element	ref	tex/chapters/chapter-10/section-03.tex:235	tex/chapters/chapter-10/section-03.tex:241	resolved
reference	另一个例子是双调和方程(参见第~\MBUnresolvedReference{sec:ch05-biharmonic}{5.9} 节). 这是四阶问题, 因而协调有限元必须是 $C^1$ 元, 例如含五次多项式的 Argyris 有限元. 另一方面, 可用图~\ref{fig:ch10-morley-element} 所示的非协调二次 Morley 有限元求解. 该有限元的性质及其对双调和方程的应用见习题~\ref{exr:ch10-09}--\ref{exr:ch10-14}(另见 Shi 1990). 还要注意, Morley 元可为采用 Argyris 元离散双调和方程所得的方程组构造预条件子(参见 Brenner 1996b).	unknown	exr:ch10-09	ref	tex/chapters/chapter-10/section-03.tex:235	tex/chapters/chapter-10/exercises.tex:65	resolved
reference	另一个例子是双调和方程(参见第~\MBUnresolvedReference{sec:ch05-biharmonic}{5.9} 节). 这是四阶问题, 因而协调有限元必须是 $C^1$ 元, 例如含五次多项式的 Argyris 有限元. 另一方面, 可用图~\ref{fig:ch10-morley-element} 所示的非协调二次 Morley 有限元求解. 该有限元的性质及其对双调和方程的应用见习题~\ref{exr:ch10-09}--\ref{exr:ch10-14}(另见 Shi 1990). 还要注意, Morley 元可为采用 Argyris 元离散双调和方程所得的方程组构造预条件子(参见 Brenner 1996b).	unknown	exr:ch10-14	ref	tex/chapters/chapter-10/section-03.tex:235	tex/chapters/chapter-10/exercises.tex:132	resolved
reference	使用等参有限元(第~\MBUnresolvedReference{sec:ch04-isoparametric-elements}{4.7} 节)同样会造成变分罪行: 可以把它理解为违反式~\eqref{eq:ch10-conforming-inclusion}, 也可以理解为使用了修正的双线性形式. 不过, 这种方法比上一节的方法更容易估计. 用多项式插值边界条件时, $v\in V_h$ 在 $\partial\Omega$ 上可能显著偏离零. Lobatto 插值点保证误差以能相互抵消不利影响的方式振荡, 从而减小这种影响. 另一方面, 等参有限元通过从某个区域 $\Omega_h$ 出发的分片多项式映射变换而来, 因而不再是 $\Omega$ 的坐标多项式. 所以它们能在逐点意义下更精确地匹配 Dirichlet 边界条件.	equation	eq:ch10-conforming-inclusion	eqref	tex/chapters/chapter-10/section-04.tex:6	tex/chapters/chapter-10.tex:20	resolved
reference	先给出模型问题~\eqref{eq:ch10-dirichlet-model} 的表述. 回顾我们有 $\Omega$ 的多面体逼近 $\Omega_h$ 和映射 $F^h$, 使得 $F^h(\Omega_h)$ 紧密逼近 $\Omega$. 假设等参映射满足第~\MBUnresolvedReference{sec:ch04-isoparametric-elements}{4.7} 节的性质 1--3. 特别地, 假设存在辅助映射 $F:\Omega_h\to\Omega$, 且映射的每个分量都满足 $F_i^h=I^hF_i$. 还假设 $F$ 也满足第~\MBUnresolvedReference{sec:ch04-isoparametric-elements}{4.7} 节的条件 1 和 3. 构造这样的 $F$ 并非易事, 但 Lenoir (1986) 给出了构造. 定义	equation	eq:ch10-dirichlet-model	eqref	tex/chapters/chapter-10/section-04.tex:8	tex/chapters/chapter-10.tex:11	resolved
reference	先推导与式~\eqref{eq:ch10-second-strang-estimate} 类似的估计. 定义 $\widehat V_h=\{\widehat v:v\in V_h\}$, 并令 $\widehat v_h$ 表示 $u$ 到 $\widehat V_h$ 上的投影:	equation	eq:ch10-second-strang-estimate	eqref	tex/chapters/chapter-10/section-04.tex:43	tex/chapters/chapter-10/section-01.tex:140	resolved
reference	由式~\eqref{eq:ch10-isoparametric-jacobian-error},	equation	eq:ch10-isoparametric-jacobian-error	eqref	tex/chapters/chapter-10/section-04.tex:89	tex/chapters/chapter-10/section-04.tex:32	resolved
reference	结合式~\eqref{eq:ch10-isoparametric-abstract-estimate} 和~\eqref{eq:ch10-isoparametric-form-error}, 得到下述定理.	equation	eq:ch10-isoparametric-abstract-estimate	eqref	tex/chapters/chapter-10/section-04.tex:106	tex/chapters/chapter-10/section-04.tex:68	resolved
reference	结合式~\eqref{eq:ch10-isoparametric-abstract-estimate} 和~\eqref{eq:ch10-isoparametric-form-error}, 得到下述定理.	equation	eq:ch10-isoparametric-form-error	eqref	tex/chapters/chapter-10/section-04.tex:106	tex/chapters/chapter-10/section-04.tex:93	resolved
reference	设 $u$ 由问题~\eqref{eq:ch10-dirichlet-model} 定义, $u_h$ 由式~\eqref{eq:ch10-isoparametric-discrete-problem} 定义, 其中 $V_h$ 由式~\MBUnresolvedReference{eq:ch04-source-4-7-2}{4.7.2} 定义($\widetilde\Omega=\Omega_h$, $\widetilde F=F^h$). 当 $h$ 充分小时,	equation	eq:ch10-dirichlet-model	eqref	tex/chapters/chapter-10/section-04.tex:111	tex/chapters/chapter-10.tex:11	resolved
reference	设 $u$ 由问题~\eqref{eq:ch10-dirichlet-model} 定义, $u_h$ 由式~\eqref{eq:ch10-isoparametric-discrete-problem} 定义, 其中 $V_h$ 由式~\MBUnresolvedReference{eq:ch04-source-4-7-2}{4.7.2} 定义($\widetilde\Omega=\Omega_h$, $\widetilde F=F^h$). 当 $h$ 充分小时,	equation	eq:ch10-isoparametric-discrete-problem	eqref	tex/chapters/chapter-10/section-04.tex:111	tex/chapters/chapter-10/section-04.tex:40	resolved
reference	其中 $\widehat u_h$ 的定义见式~\eqref{eq:ch10-isoparametric-pullback}.	equation	eq:ch10-isoparametric-pullback	eqref	tex/chapters/chapter-10/section-04.tex:117	tex/chapters/chapter-10/section-04.tex:25	resolved
reference	在有界多边形区域 $\Omega\subset\mathbb R^2$ 和 $f\in L^2(\Omega)$ 的条件下考虑问题~\eqref{eq:ch10-dirichlet-model}. 使用间断有限元构成最彻底的变分罪行. 这种有限元可以定义在允许悬挂节点的区域分割族 $\mathcal P^h$ 上(见图~\ref{fig:ch10-hanging-node-partition}). 更准确地说, 对每个 $h$, 分割 $\mathcal P^h$ 由开三角形组成, 满足	equation	eq:ch10-dirichlet-model	eqref	tex/chapters/chapter-10/section-05.tex:7	tex/chapters/chapter-10.tex:11	resolved
reference	在有界多边形区域 $\Omega\subset\mathbb R^2$ 和 $f\in L^2(\Omega)$ 的条件下考虑问题~\eqref{eq:ch10-dirichlet-model}. 使用间断有限元构成最彻底的变分罪行. 这种有限元可以定义在允许悬挂节点的区域分割族 $\mathcal P^h$ 上(见图~\ref{fig:ch10-hanging-node-partition}). 更准确地说, 对每个 $h$, 分割 $\mathcal P^h$ 由开三角形组成, 满足	figure	fig:ch10-hanging-node-partition	ref	tex/chapters/chapter-10/section-05.tex:7	tex/chapters/chapter-10/section-05.tex:19	resolved
reference	$\mathcal P^h$ 中三角形的顶点集记为 $\mathcal V^h$, $\mathcal E^h$ 表示 $\mathcal P^h$ 中三角形边界上端点属于 $\mathcal V^h$ 的开线段集合. 我们把 $\mathcal E^h$ 中的线段称为 $\mathcal P^h$ 的边. 例如, 图~\ref{fig:ch10-hanging-node-partition} 中的正方形分割有 17 条边. 对 $e\in\mathcal E^h$, 记 $\mathcal P_e$ 为 $\mathcal P^h$ 中边界含有 $e$ 的三角形集合. 若 $e\subset\Omega$, 则 $\mathcal P_e$ 有两个元素; 若 $e\subset\partial\Omega$, 则只有一个元素.	figure	fig:ch10-hanging-node-partition	ref	tex/chapters/chapter-10/section-05.tex:22	tex/chapters/chapter-10/section-05.tex:19	resolved
reference	粗略地说, $\mathcal P^h$ 非退化当且仅当其中三角形的粗壮度参数(参见定义~\MBUnresolvedReference{def:ch04-source-4-2-16}{4.2.16})一致有界, 且悬挂节点在三角形边界上以拟一致方式分布. 习题~\ref{exr:ch10-29} 给出等价条件. 本节始终假设 $\mathcal P^h$ 非退化, 并频繁使用常数 $\theta_*$ 和 $\varrho$.	unknown	exr:ch10-29	ref	tex/chapters/chapter-10/section-05.tex:36	tex/chapters/chapter-10/exercises.tex:286	resolved
reference	考虑两个基于 $V_h$ 的问题~\eqref{eq:ch10-dirichlet-model} 的内部罚方法. 设 $u$ 是问题~\eqref{eq:ch10-dirichlet-model} 的解, $v\in V_h$, $T\in\mathcal P^h$. 为简单起见, 假设 $\Omega$ 凸, 因而 $u\in H^2(\Omega)$, 且 Green 公式	equation	eq:ch10-dirichlet-model	eqref	tex/chapters/chapter-10/section-05.tex:48	tex/chapters/chapter-10.tex:11	resolved
reference	考虑两个基于 $V_h$ 的问题~\eqref{eq:ch10-dirichlet-model} 的内部罚方法. 设 $u$ 是问题~\eqref{eq:ch10-dirichlet-model} 的解, $v\in V_h$, $T\in\mathcal P^h$. 为简单起见, 假设 $\Omega$ 凸, 因而 $u\in H^2(\Omega)$, 且 Green 公式	equation	eq:ch10-dirichlet-model	eqref	tex/chapters/chapter-10/section-05.tex:48	tex/chapters/chapter-10.tex:11	resolved
reference	显然成立, 其中 $n$ 是 $\partial T$ 上的单位外法向量. 实际上, 不需要凸性假设也能证明式~\eqref{eq:ch10-element-green-formula}(见习题~\ref{exr:ch10-30}). 对所有三角形求和, 得	equation	eq:ch10-element-green-formula	eqref	tex/chapters/chapter-10/section-05.tex:56	tex/chapters/chapter-10/section-05.tex:52	resolved
reference	显然成立, 其中 $n$ 是 $\partial T$ 上的单位外法向量. 实际上, 不需要凸性假设也能证明式~\eqref{eq:ch10-element-green-formula}(见习题~\ref{exr:ch10-30}). 对所有三角形求和, 得	unknown	exr:ch10-30	ref	tex/chapters/chapter-10/section-05.tex:56	tex/chapters/chapter-10/exercises.tex:291	resolved
reference	其中跳跃 $[\![v]\!]$ 如第~\ref{sec:ch10-nonconforming} 节所定义. 因为 $[\![u]\!]=0$, 且 $\nabla u$ 在 $\mathcal P^h$ 的边上有良定义的迹, 可将式~\eqref{eq:ch10-partition-green-sum} 改写为	section	sec:ch10-nonconforming	ref	tex/chapters/chapter-10/section-05.tex:64	tex/chapters/chapter-10/section-03.tex:3	resolved
reference	其中跳跃 $[\![v]\!]$ 如第~\ref{sec:ch10-nonconforming} 节所定义. 因为 $[\![u]\!]=0$, 且 $\nabla u$ 在 $\mathcal P^h$ 的边上有良定义的迹, 可将式~\eqref{eq:ch10-partition-green-sum} 改写为	equation	eq:ch10-partition-green-sum	eqref	tex/chapters/chapter-10/section-05.tex:64	tex/chapters/chapter-10/section-05.tex:60	resolved
reference	在边界边上则令 $\{\!\{\nabla u\}\!\}=\nabla u$. 对任意正常数(罚参数)$\eta$, 还可在式~\eqref{eq:ch10-interior-penalty-consistency} 中加入为零的项 $\sum_{e\in\mathcal E^h}\eta|e|^{-1}\int_e[\![u]\!]\cdot[\![v]\!]\,ds$, 得到	equation	eq:ch10-interior-penalty-consistency	eqref	tex/chapters/chapter-10/section-05.tex:79	tex/chapters/chapter-10/section-05.tex:68	resolved
reference	由式~\eqref{eq:ch10-interior-penalty-continuous-identity}, 式~\eqref{eq:ch10-interior-penalty-discrete-problems} 定义的内部罚方法是一致的. 因而这些方法的收敛性取决于稳定性, 即 $a_h^\pm(\cdot,\cdot)$ 的有界性和强制性. 定义网格依赖能量范数	equation	eq:ch10-interior-penalty-continuous-identity	eqref	tex/chapters/chapter-10/section-05.tex:117	tex/chapters/chapter-10/section-05.tex:83	resolved
reference	由式~\eqref{eq:ch10-interior-penalty-continuous-identity}, 式~\eqref{eq:ch10-interior-penalty-discrete-problems} 定义的内部罚方法是一致的. 因而这些方法的收敛性取决于稳定性, 即 $a_h^\pm(\cdot,\cdot)$ 的有界性和强制性. 定义网格依赖能量范数	equation	eq:ch10-interior-penalty-discrete-problems	eqref	tex/chapters/chapter-10/section-05.tex:117	tex/chapters/chapter-10/section-05.tex:106	resolved
reference	为使记号简单, 省略其对 $\eta$ 的依赖. 由 Cauchy--Schwarz 不等式(参见习题~\ref{exr:ch10-32}),	unknown	exr:ch10-32	ref	tex/chapters/chapter-10/section-05.tex:127	tex/chapters/chapter-10/exercises.tex:313	resolved
reference	直接由式~\eqref{eq:ch10-interior-penalty-bilinear-forms},	equation	eq:ch10-interior-penalty-bilinear-forms	eqref	tex/chapters/chapter-10/section-05.tex:144	tex/chapters/chapter-10/section-05.tex:91	resolved
reference	因此 $a_h^+$ 关于 $|||\cdot|||_h$ 强制, 特别地, 离散问题有唯一解. 由式~\eqref{eq:ch10-ip-boundedness} 和~\eqref{eq:ch10-nonsymmetric-coercivity-identity}, 可通过联系 $\|\cdot\|_h$ 和 $|||\cdot|||_h$ 建立非对称内部罚方法的稳定性. 显然,	equation	eq:ch10-ip-boundedness	eqref	tex/chapters/chapter-10/section-05.tex:153	tex/chapters/chapter-10/section-05.tex:131	resolved
reference	因此 $a_h^+$ 关于 $|||\cdot|||_h$ 强制, 特别地, 离散问题有唯一解. 由式~\eqref{eq:ch10-ip-boundedness} 和~\eqref{eq:ch10-nonsymmetric-coercivity-identity}, 可通过联系 $\|\cdot\|_h$ 和 $|||\cdot|||_h$ 建立非对称内部罚方法的稳定性. 显然,	equation	eq:ch10-nonsymmetric-coercivity-identity	eqref	tex/chapters/chapter-10/section-05.tex:153	tex/chapters/chapter-10/section-05.tex:148	resolved
reference	存在只依赖于定义~\ref{def:ch10-regular-partitions} 中 $\theta_*$ 和 $\varrho$ 的正常数 $C$, 使得	definition	def:ch10-regular-partitions	ref	tex/chapters/chapter-10/section-05.tex:165	tex/chapters/chapter-10/section-05.tex:26	resolved
reference	其中 $C$ 是只依赖 $\theta_*$ 和 $\varrho$ 的一般正常数. 这里还用了定义~\ref{def:ch10-regular-partitions} 的条件 (ii), 它保证 $\mathcal P^h$ 中落在任一三角形边界上的边数一致有界. 由式~\eqref{eq:ch10-ip-energy-norm}、\eqref{eq:ch10-ip-triple-norm} 和~\eqref{eq:ch10-gradient-average-bound} 即得结论.	definition	def:ch10-regular-partitions	ref	tex/chapters/chapter-10/section-05.tex:184	tex/chapters/chapter-10/section-05.tex:26	resolved
reference	其中 $C$ 是只依赖 $\theta_*$ 和 $\varrho$ 的一般正常数. 这里还用了定义~\ref{def:ch10-regular-partitions} 的条件 (ii), 它保证 $\mathcal P^h$ 中落在任一三角形边界上的边数一致有界. 由式~\eqref{eq:ch10-ip-energy-norm}、\eqref{eq:ch10-ip-triple-norm} 和~\eqref{eq:ch10-gradient-average-bound} 即得结论.	equation	eq:ch10-ip-energy-norm	eqref	tex/chapters/chapter-10/section-05.tex:184	tex/chapters/chapter-10/section-05.tex:121	resolved
reference	其中 $C$ 是只依赖 $\theta_*$ 和 $\varrho$ 的一般正常数. 这里还用了定义~\ref{def:ch10-regular-partitions} 的条件 (ii), 它保证 $\mathcal P^h$ 中落在任一三角形边界上的边数一致有界. 由式~\eqref{eq:ch10-ip-energy-norm}、\eqref{eq:ch10-ip-triple-norm} 和~\eqref{eq:ch10-gradient-average-bound} 即得结论.	equation	eq:ch10-ip-triple-norm	eqref	tex/chapters/chapter-10/section-05.tex:184	tex/chapters/chapter-10/section-05.tex:139	resolved
reference	其中 $C$ 是只依赖 $\theta_*$ 和 $\varrho$ 的一般正常数. 这里还用了定义~\ref{def:ch10-regular-partitions} 的条件 (ii), 它保证 $\mathcal P^h$ 中落在任一三角形边界上的边数一致有界. 由式~\eqref{eq:ch10-ip-energy-norm}、\eqref{eq:ch10-ip-triple-norm} 和~\eqref{eq:ch10-gradient-average-bound} 即得结论.	equation	eq:ch10-gradient-average-bound	eqref	tex/chapters/chapter-10/section-05.tex:184	tex/chapters/chapter-10/section-05.tex:180	resolved
reference	设 $u$ 是问题~\eqref{eq:ch10-dirichlet-model} 的解, $u_h^+\in V_h$ 满足式~\eqref{eq:ch10-interior-penalty-discrete-problems}. 则存在只依赖于定义~\ref{def:ch10-regular-partitions} 中 $\theta_*$ 和 $\varrho$ 的正常数 $C$, 使得	equation	eq:ch10-dirichlet-model	eqref	tex/chapters/chapter-10/section-05.tex:192	tex/chapters/chapter-10.tex:11	resolved
reference	设 $u$ 是问题~\eqref{eq:ch10-dirichlet-model} 的解, $u_h^+\in V_h$ 满足式~\eqref{eq:ch10-interior-penalty-discrete-problems}. 则存在只依赖于定义~\ref{def:ch10-regular-partitions} 中 $\theta_*$ 和 $\varrho$ 的正常数 $C$, 使得	equation	eq:ch10-interior-penalty-discrete-problems	eqref	tex/chapters/chapter-10/section-05.tex:192	tex/chapters/chapter-10/section-05.tex:106	resolved
reference	设 $u$ 是问题~\eqref{eq:ch10-dirichlet-model} 的解, $u_h^+\in V_h$ 满足式~\eqref{eq:ch10-interior-penalty-discrete-problems}. 则存在只依赖于定义~\ref{def:ch10-regular-partitions} 中 $\theta_*$ 和 $\varrho$ 的正常数 $C$, 使得	definition	def:ch10-regular-partitions	ref	tex/chapters/chapter-10/section-05.tex:192	tex/chapters/chapter-10/section-05.tex:26	resolved
reference	任取 $v\in V_h$. 由三角不等式、式~\eqref{eq:ch10-ip-norm-equivalence}、\eqref{eq:ch10-nonsymmetric-coercivity-identity}、\eqref{eq:ch10-interior-penalty-continuous-identity}、\eqref{eq:ch10-interior-penalty-discrete-problems}、\eqref{eq:ch10-ip-boundedness} 和再次使用式~\eqref{eq:ch10-ip-norm-equivalence},	equation	eq:ch10-ip-norm-equivalence	eqref	tex/chapters/chapter-10/section-05.tex:200	tex/chapters/chapter-10/section-05.tex:169	resolved
reference	任取 $v\in V_h$. 由三角不等式、式~\eqref{eq:ch10-ip-norm-equivalence}、\eqref{eq:ch10-nonsymmetric-coercivity-identity}、\eqref{eq:ch10-interior-penalty-continuous-identity}、\eqref{eq:ch10-interior-penalty-discrete-problems}、\eqref{eq:ch10-ip-boundedness} 和再次使用式~\eqref{eq:ch10-ip-norm-equivalence},	equation	eq:ch10-nonsymmetric-coercivity-identity	eqref	tex/chapters/chapter-10/section-05.tex:200	tex/chapters/chapter-10/section-05.tex:148	resolved
reference	任取 $v\in V_h$. 由三角不等式、式~\eqref{eq:ch10-ip-norm-equivalence}、\eqref{eq:ch10-nonsymmetric-coercivity-identity}、\eqref{eq:ch10-interior-penalty-continuous-identity}、\eqref{eq:ch10-interior-penalty-discrete-problems}、\eqref{eq:ch10-ip-boundedness} 和再次使用式~\eqref{eq:ch10-ip-norm-equivalence},	equation	eq:ch10-interior-penalty-continuous-identity	eqref	tex/chapters/chapter-10/section-05.tex:200	tex/chapters/chapter-10/section-05.tex:83	resolved
reference	任取 $v\in V_h$. 由三角不等式、式~\eqref{eq:ch10-ip-norm-equivalence}、\eqref{eq:ch10-nonsymmetric-coercivity-identity}、\eqref{eq:ch10-interior-penalty-continuous-identity}、\eqref{eq:ch10-interior-penalty-discrete-problems}、\eqref{eq:ch10-ip-boundedness} 和再次使用式~\eqref{eq:ch10-ip-norm-equivalence},	equation	eq:ch10-interior-penalty-discrete-problems	eqref	tex/chapters/chapter-10/section-05.tex:200	tex/chapters/chapter-10/section-05.tex:106	resolved
reference	任取 $v\in V_h$. 由三角不等式、式~\eqref{eq:ch10-ip-norm-equivalence}、\eqref{eq:ch10-nonsymmetric-coercivity-identity}、\eqref{eq:ch10-interior-penalty-continuous-identity}、\eqref{eq:ch10-interior-penalty-discrete-problems}、\eqref{eq:ch10-ip-boundedness} 和再次使用式~\eqref{eq:ch10-ip-norm-equivalence},	equation	eq:ch10-ip-boundedness	eqref	tex/chapters/chapter-10/section-05.tex:200	tex/chapters/chapter-10/section-05.tex:131	resolved
reference	任取 $v\in V_h$. 由三角不等式、式~\eqref{eq:ch10-ip-norm-equivalence}、\eqref{eq:ch10-nonsymmetric-coercivity-identity}、\eqref{eq:ch10-interior-penalty-continuous-identity}、\eqref{eq:ch10-interior-penalty-discrete-problems}、\eqref{eq:ch10-ip-boundedness} 和再次使用式~\eqref{eq:ch10-ip-norm-equivalence},	equation	eq:ch10-ip-norm-equivalence	eqref	tex/chapters/chapter-10/section-05.tex:200	tex/chapters/chapter-10/section-05.tex:169	resolved
reference	存在只依赖于定义~\ref{def:ch10-regular-partitions} 中 $\theta_*$ 和 $\varrho$ 的正常数 $\eta_*$, 使得	definition	def:ch10-regular-partitions	ref	tex/chapters/chapter-10/section-05.tex:218	tex/chapters/chapter-10/section-05.tex:26	resolved
reference	任取 $v\in V_h$. 由式~\eqref{eq:ch10-gradient-average-bound} 和 Cauchy--Schwarz 不等式, 对任意 $\epsilon>0$,	equation	eq:ch10-gradient-average-bound	eqref	tex/chapters/chapter-10/section-05.tex:229	tex/chapters/chapter-10/section-05.tex:180	resolved
reference	其中 $C_*$ 只依赖 $\theta_*$ 和 $\varrho$. 由式~\eqref{eq:ch10-interior-penalty-bilinear-forms},	equation	eq:ch10-interior-penalty-bilinear-forms	eqref	tex/chapters/chapter-10/section-05.tex:238	tex/chapters/chapter-10/section-05.tex:91	resolved
reference	取 $\epsilon=1/(2C_*)$, $\eta_*=2^{-1}+\epsilon^{-1}$, 即得式~\eqref{eq:ch10-symmetric-ip-coercivity}.	equation	eq:ch10-symmetric-ip-coercivity	eqref	tex/chapters/chapter-10/section-05.tex:244	tex/chapters/chapter-10/section-05.tex:222	resolved
reference	特别地, 当 $\eta\geq\eta_*$ 时, 对称内部罚方法的离散问题有唯一解. 利用式~\eqref{eq:ch10-ip-boundedness}、\eqref{eq:ch10-symmetric-ip-coercivity} 和引理~\ref{lem:ch10-nonsymmetric-ip-quasioptimal} 证明中的类似论证, 得到:	equation	eq:ch10-ip-boundedness	eqref	tex/chapters/chapter-10/section-05.tex:247	tex/chapters/chapter-10/section-05.tex:131	resolved
reference	特别地, 当 $\eta\geq\eta_*$ 时, 对称内部罚方法的离散问题有唯一解. 利用式~\eqref{eq:ch10-ip-boundedness}、\eqref{eq:ch10-symmetric-ip-coercivity} 和引理~\ref{lem:ch10-nonsymmetric-ip-quasioptimal} 证明中的类似论证, 得到:	equation	eq:ch10-symmetric-ip-coercivity	eqref	tex/chapters/chapter-10/section-05.tex:247	tex/chapters/chapter-10/section-05.tex:222	resolved
reference	特别地, 当 $\eta\geq\eta_*$ 时, 对称内部罚方法的离散问题有唯一解. 利用式~\eqref{eq:ch10-ip-boundedness}、\eqref{eq:ch10-symmetric-ip-coercivity} 和引理~\ref{lem:ch10-nonsymmetric-ip-quasioptimal} 证明中的类似论证, 得到:	lemma	lem:ch10-nonsymmetric-ip-quasioptimal	ref	tex/chapters/chapter-10/section-05.tex:247	tex/chapters/chapter-10/section-05.tex:191	resolved
reference	设 $u$ 是问题~\eqref{eq:ch10-dirichlet-model} 的解, $\eta\geq\eta_*$, 且 $u_h^-\in V_h$ 满足式~\eqref{eq:ch10-interior-penalty-discrete-problems}. 则存在只依赖于定义~\ref{def:ch10-regular-partitions} 中 $\theta_*$ 和 $\varrho$ 的正常数 $C$, 使得	equation	eq:ch10-dirichlet-model	eqref	tex/chapters/chapter-10/section-05.tex:253	tex/chapters/chapter-10.tex:11	resolved
reference	设 $u$ 是问题~\eqref{eq:ch10-dirichlet-model} 的解, $\eta\geq\eta_*$, 且 $u_h^-\in V_h$ 满足式~\eqref{eq:ch10-interior-penalty-discrete-problems}. 则存在只依赖于定义~\ref{def:ch10-regular-partitions} 中 $\theta_*$ 和 $\varrho$ 的正常数 $C$, 使得	equation	eq:ch10-interior-penalty-discrete-problems	eqref	tex/chapters/chapter-10/section-05.tex:253	tex/chapters/chapter-10/section-05.tex:106	resolved
reference	设 $u$ 是问题~\eqref{eq:ch10-dirichlet-model} 的解, $\eta\geq\eta_*$, 且 $u_h^-\in V_h$ 满足式~\eqref{eq:ch10-interior-penalty-discrete-problems}. 则存在只依赖于定义~\ref{def:ch10-regular-partitions} 中 $\theta_*$ 和 $\varrho$ 的正常数 $C$, 使得	definition	def:ch10-regular-partitions	ref	tex/chapters/chapter-10/section-05.tex:253	tex/chapters/chapter-10/section-05.tex:26	resolved
reference	设 $e\in\mathcal E^h$. 由带尺度变换的迹定理、定义~\ref{def:ch10-regular-partitions} 的条件 (i) 和 (ii), 以及平均和跳跃算子的定义,	definition	def:ch10-regular-partitions	ref	tex/chapters/chapter-10/section-05.tex:260	tex/chapters/chapter-10/section-05.tex:26	resolved
reference	结合式~\eqref{eq:ch10-ip-energy-norm}、\eqref{eq:ch10-ip-global-average-bound} 和~\eqref{eq:ch10-ip-global-jump-bound}, 得到逐单元估计.	equation	eq:ch10-ip-energy-norm	eqref	tex/chapters/chapter-10/section-05.tex:286	tex/chapters/chapter-10/section-05.tex:121	resolved
reference	结合式~\eqref{eq:ch10-ip-energy-norm}、\eqref{eq:ch10-ip-global-average-bound} 和~\eqref{eq:ch10-ip-global-jump-bound}, 得到逐单元估计.	equation	eq:ch10-ip-global-average-bound	eqref	tex/chapters/chapter-10/section-05.tex:286	tex/chapters/chapter-10/section-05.tex:275	resolved
reference	结合式~\eqref{eq:ch10-ip-energy-norm}、\eqref{eq:ch10-ip-global-average-bound} 和~\eqref{eq:ch10-ip-global-jump-bound}, 得到逐单元估计.	equation	eq:ch10-ip-global-jump-bound	eqref	tex/chapters/chapter-10/section-05.tex:286	tex/chapters/chapter-10/section-05.tex:282	resolved
reference	存在只依赖于定义~\ref{def:ch10-regular-partitions} 中 $\theta_*$ 和 $\varrho$ 的正常数 $C$, 使得对任意 $v\in V_h$,	definition	def:ch10-regular-partitions	ref	tex/chapters/chapter-10/section-05.tex:291	tex/chapters/chapter-10/section-05.tex:26	resolved
reference	设 $u$ 是问题~\eqref{eq:ch10-dirichlet-model} 的解, $u_h^\pm\in V_h$ 满足式~\eqref{eq:ch10-interior-penalty-discrete-problems}. 对称内部罚方法中假设 $\eta\geq\eta_*$, 其中 $\eta_*$ 是引理~\ref{lem:ch10-symmetric-ip-coercivity} 中的常数. 则存在只依赖 $\theta_*$ 和 $\varrho$ 的正常数 $C$, 使得	equation	eq:ch10-dirichlet-model	eqref	tex/chapters/chapter-10/section-05.tex:309	tex/chapters/chapter-10.tex:11	resolved
reference	设 $u$ 是问题~\eqref{eq:ch10-dirichlet-model} 的解, $u_h^\pm\in V_h$ 满足式~\eqref{eq:ch10-interior-penalty-discrete-problems}. 对称内部罚方法中假设 $\eta\geq\eta_*$, 其中 $\eta_*$ 是引理~\ref{lem:ch10-symmetric-ip-coercivity} 中的常数. 则存在只依赖 $\theta_*$ 和 $\varrho$ 的正常数 $C$, 使得	equation	eq:ch10-interior-penalty-discrete-problems	eqref	tex/chapters/chapter-10/section-05.tex:309	tex/chapters/chapter-10/section-05.tex:106	resolved
reference	设 $u$ 是问题~\eqref{eq:ch10-dirichlet-model} 的解, $u_h^\pm\in V_h$ 满足式~\eqref{eq:ch10-interior-penalty-discrete-problems}. 对称内部罚方法中假设 $\eta\geq\eta_*$, 其中 $\eta_*$ 是引理~\ref{lem:ch10-symmetric-ip-coercivity} 中的常数. 则存在只依赖 $\theta_*$ 和 $\varrho$ 的正常数 $C$, 使得	lemma	lem:ch10-symmetric-ip-coercivity	ref	tex/chapters/chapter-10/section-05.tex:309	tex/chapters/chapter-10/section-05.tex:217	resolved
reference	令 $I^hu\in V_h$ 为 $u$ 的分片线性插值函数, 即对任意 $T\in\mathcal P^h$, $(I^hu)|_T$ 在 $T$ 的三个顶点与 $u$ 一致. 由引理~\ref{lem:ch10-nonsymmetric-ip-quasioptimal}、\ref{lem:ch10-symmetric-ip-quasioptimal} 和~\ref{lem:ch10-ip-elementwise-bound},	lemma	lem:ch10-nonsymmetric-ip-quasioptimal	ref	tex/chapters/chapter-10/section-05.tex:320	tex/chapters/chapter-10/section-05.tex:191	resolved
reference	令 $I^hu\in V_h$ 为 $u$ 的分片线性插值函数, 即对任意 $T\in\mathcal P^h$, $(I^hu)|_T$ 在 $T$ 的三个顶点与 $u$ 一致. 由引理~\ref{lem:ch10-nonsymmetric-ip-quasioptimal}、\ref{lem:ch10-symmetric-ip-quasioptimal} 和~\ref{lem:ch10-ip-elementwise-bound},	lemma	lem:ch10-symmetric-ip-quasioptimal	ref	tex/chapters/chapter-10/section-05.tex:320	tex/chapters/chapter-10/section-05.tex:252	resolved
reference	令 $I^hu\in V_h$ 为 $u$ 的分片线性插值函数, 即对任意 $T\in\mathcal P^h$, $(I^hu)|_T$ 在 $T$ 的三个顶点与 $u$ 一致. 由引理~\ref{lem:ch10-nonsymmetric-ip-quasioptimal}、\ref{lem:ch10-symmetric-ip-quasioptimal} 和~\ref{lem:ch10-ip-elementwise-bound},	lemma	lem:ch10-ip-elementwise-bound	ref	tex/chapters/chapter-10/section-05.tex:320	tex/chapters/chapter-10/section-05.tex:290	resolved
reference	再用定理~\MBUnresolvedReference{thm:ch04-source-4-4-20}{4.4.20} 即得式~\eqref{eq:ch10-interior-penalty-error}.	equation	eq:ch10-interior-penalty-error	eqref	tex/chapters/chapter-10/section-05.tex:332	tex/chapters/chapter-10/section-05.tex:313	resolved
reference	若 $\mathcal P^h$ 实际上是三角剖分族, 则可利用 $I^hu$ 的连续性把式~\eqref{eq:ch10-interior-penalty-error} 改进为	equation	eq:ch10-interior-penalty-error	eqref	tex/chapters/chapter-10/section-05.tex:335	tex/chapters/chapter-10/section-05.tex:313	resolved
reference	对称内部罚方法满足由式~\eqref{eq:ch10-interior-penalty-continuous-identity} 和~\eqref{eq:ch10-interior-penalty-discrete-problems} 得到的 Galerkin 正交关系 $a_h^-(u-u_h^-,v)=0$, $\forall v\in V_h$. 因而可用标准对偶论证得到	equation	eq:ch10-interior-penalty-continuous-identity	eqref	tex/chapters/chapter-10/section-05.tex:342	tex/chapters/chapter-10/section-05.tex:83	resolved
reference	对称内部罚方法满足由式~\eqref{eq:ch10-interior-penalty-continuous-identity} 和~\eqref{eq:ch10-interior-penalty-discrete-problems} 得到的 Galerkin 正交关系 $a_h^-(u-u_h^-,v)=0$, $\forall v\in V_h$. 因而可用标准对偶论证得到	equation	eq:ch10-interior-penalty-discrete-problems	eqref	tex/chapters/chapter-10/section-05.tex:342	tex/chapters/chapter-10/section-05.tex:106	resolved
reference	其中正常数 $C$ 只依赖于 $\Omega$. 这类不等式可用于第~\ref{sec:ch10-nonconforming} 节和第~\ref{sec:ch10-discontinuous} 节中的有限元函数.	section	sec:ch10-nonconforming	ref	tex/chapters/chapter-10/section-06.tex:21	tex/chapters/chapter-10/section-03.tex:3	resolved
reference	其中正常数 $C$ 只依赖于 $\Omega$. 这类不等式可用于第~\ref{sec:ch10-nonconforming} 节和第~\ref{sec:ch10-discontinuous} 节中的有限元函数.	section	sec:ch10-discontinuous	ref	tex/chapters/chapter-10/section-06.tex:21	tex/chapters/chapter-10/section-05.tex:3	resolved
reference	$\mathcal T$ 的内部边集和边界边集分别记为 $\mathcal E^i(\mathcal T)$ 和 $\mathcal E^b(\mathcal T)$, 顶点集记为 $\mathcal V(\mathcal T)$. 为把式~\eqref{eq:ch10-poincare-domain-mean} 和~\eqref{eq:ch10-poincare-boundary-mean} 推广到 $W_p^1(\Omega,\mathcal T)$, 先对分片常数函数空间 $\mathcal P_0(\Omega,\mathcal T)$ 建立 Poincaré--Friedrichs 不等式.	equation	eq:ch10-poincare-domain-mean	eqref	tex/chapters/chapter-10/section-06.tex:31	tex/chapters/chapter-10/section-06.tex:10	resolved
reference	$\mathcal T$ 的内部边集和边界边集分别记为 $\mathcal E^i(\mathcal T)$ 和 $\mathcal E^b(\mathcal T)$, 顶点集记为 $\mathcal V(\mathcal T)$. 为把式~\eqref{eq:ch10-poincare-domain-mean} 和~\eqref{eq:ch10-poincare-boundary-mean} 推广到 $W_p^1(\Omega,\mathcal T)$, 先对分片常数函数空间 $\mathcal P_0(\Omega,\mathcal T)$ 建立 Poincaré--Friedrichs 不等式.	equation	eq:ch10-poincare-boundary-mean	eqref	tex/chapters/chapter-10/section-06.tex:31	tex/chapters/chapter-10/section-06.tex:17	resolved
reference	其中跳跃 $[\![c]\!]$ 如第~\ref{sec:ch10-nonconforming} 节所定义.	section	sec:ch10-nonconforming	ref	tex/chapters/chapter-10/section-06.tex:56	tex/chapters/chapter-10/section-03.tex:3	resolved
reference	由式~\eqref{eq:ch10-ec-lp-difference} 和引理~\MBUnresolvedReference{lem:ch04-source-4-5-3}{4.5.3}, 还有	equation	eq:ch10-ec-lp-difference	eqref	tex/chapters/chapter-10/section-06.tex:89	tex/chapters/chapter-10/section-06.tex:84	resolved
reference	现在由式~\eqref{eq:ch10-poincare-domain-mean}、三角不等式、Hölder 不等式以及式~\eqref{eq:ch10-ec-lp-difference}--\eqref{eq:ch10-ec-wp-difference},	equation	eq:ch10-poincare-domain-mean	eqref	tex/chapters/chapter-10/section-06.tex:100	tex/chapters/chapter-10/section-06.tex:10	resolved
reference	现在由式~\eqref{eq:ch10-poincare-domain-mean}、三角不等式、Hölder 不等式以及式~\eqref{eq:ch10-ec-lp-difference}--\eqref{eq:ch10-ec-wp-difference},	equation	eq:ch10-ec-lp-difference	eqref	tex/chapters/chapter-10/section-06.tex:100	tex/chapters/chapter-10/section-06.tex:84	resolved
reference	现在由式~\eqref{eq:ch10-poincare-domain-mean}、三角不等式、Hölder 不等式以及式~\eqref{eq:ch10-ec-lp-difference}--\eqref{eq:ch10-ec-wp-difference},	equation	eq:ch10-ec-wp-difference	eqref	tex/chapters/chapter-10/section-06.tex:100	tex/chapters/chapter-10/section-06.tex:94	resolved
reference	这里还用了 $\max_x|\mathcal T_x|^{1-2/p}$ 可由只依赖最小角的常数控制. 这证明了式~\eqref{eq:ch10-piecewise-constant-domain-mean}.	equation	eq:ch10-piecewise-constant-domain-mean	eqref	tex/chapters/chapter-10/section-06.tex:109	tex/chapters/chapter-10/section-06.tex:40	resolved
reference	对式~\eqref{eq:ch10-poincare-boundary-mean} 作同样论证. 边界差异项满足	equation	eq:ch10-poincare-boundary-mean	eqref	tex/chapters/chapter-10/section-06.tex:111	tex/chapters/chapter-10/section-06.tex:17	resolved
reference	结合这一估计和式~\eqref{eq:ch10-ec-wp-difference}, 即得式~\eqref{eq:ch10-piecewise-constant-boundary-mean}.	equation	eq:ch10-ec-wp-difference	eqref	tex/chapters/chapter-10/section-06.tex:119	tex/chapters/chapter-10/section-06.tex:94	resolved
reference	结合这一估计和式~\eqref{eq:ch10-ec-wp-difference}, 即得式~\eqref{eq:ch10-piecewise-constant-boundary-mean}.	equation	eq:ch10-piecewise-constant-boundary-mean	eqref	tex/chapters/chapter-10/section-06.tex:119	tex/chapters/chapter-10/section-06.tex:50	resolved
reference	由引理~\ref{lem:ch10-piecewise-constant-poincare} 可把 Poincaré--Friedrichs 不等式推广到 $W_p^1(\Omega,\mathcal T)$. 定义平均算子	lemma	lem:ch10-piecewise-constant-poincare	ref	tex/chapters/chapter-10/section-06.tex:122	tex/chapters/chapter-10/section-06.tex:35	resolved
reference	任取 $v\in W_p^1(\Omega,\mathcal T)$, 令 $\overline v\in\mathcal P_0(\Omega,\mathcal T)$ 在每个 $T$ 上等于 $v$ 的均值. 由引理~\ref{lem:ch10-piecewise-constant-poincare}、三角不等式和带尺度变换的 Poincaré 不等式,	lemma	lem:ch10-piecewise-constant-poincare	ref	tex/chapters/chapter-10/section-06.tex:167	tex/chapters/chapter-10/section-06.tex:35	resolved
reference	由式~\eqref{eq:ch10-edge-average-bound}、带尺度变换的迹定理和 Poincaré 不等式,	equation	eq:ch10-edge-average-bound	eqref	tex/chapters/chapter-10/section-06.tex:180	tex/chapters/chapter-10/section-06.tex:132	resolved
reference	于是式~\eqref{eq:ch10-piecewise-poincare-domain} 成立. 类似地, 使用式~\eqref{eq:ch10-piecewise-constant-boundary-mean}, 并由迹定理控制 $\int_{\partial\Omega}(v-\overline v)\,ds$, 得式~\eqref{eq:ch10-piecewise-poincare-boundary}.	equation	eq:ch10-piecewise-poincare-domain	eqref	tex/chapters/chapter-10/section-06.tex:187	tex/chapters/chapter-10/section-06.tex:144	resolved
reference	于是式~\eqref{eq:ch10-piecewise-poincare-domain} 成立. 类似地, 使用式~\eqref{eq:ch10-piecewise-constant-boundary-mean}, 并由迹定理控制 $\int_{\partial\Omega}(v-\overline v)\,ds$, 得式~\eqref{eq:ch10-piecewise-poincare-boundary}.	equation	eq:ch10-piecewise-constant-boundary-mean	eqref	tex/chapters/chapter-10/section-06.tex:187	tex/chapters/chapter-10/section-06.tex:50	resolved
reference	于是式~\eqref{eq:ch10-piecewise-poincare-domain} 成立. 类似地, 使用式~\eqref{eq:ch10-piecewise-constant-boundary-mean}, 并由迹定理控制 $\int_{\partial\Omega}(v-\overline v)\,ds$, 得式~\eqref{eq:ch10-piecewise-poincare-boundary}.	equation	eq:ch10-piecewise-poincare-boundary	eqref	tex/chapters/chapter-10/section-06.tex:187	tex/chapters/chapter-10/section-06.tex:156	resolved
reference	令定理~\ref{thm:ch10-piecewise-poincare} 中 $p\uparrow\infty$, 得到:	theorem	thm:ch10-piecewise-poincare	ref	tex/chapters/chapter-10/section-06.tex:191	tex/chapters/chapter-10/section-06.tex:139	resolved
reference	作为应用, 考虑关于 $\mathcal T$ 的非协调 $\mathcal P_1$ 有限元函数 $v$, 并假设 $\int_\Omega v\,dx=0$, 或 $v$ 在边界边的中点为零. 直接应用定理~\ref{thm:ch10-piecewise-poincare}、\ref{thm:ch10-piecewise-poincare-infinity} 和中点公式, 得	theorem	thm:ch10-piecewise-poincare	ref	tex/chapters/chapter-10/section-06.tex:213	tex/chapters/chapter-10/section-06.tex:139	resolved
reference	作为应用, 考虑关于 $\mathcal T$ 的非协调 $\mathcal P_1$ 有限元函数 $v$, 并假设 $\int_\Omega v\,dx=0$, 或 $v$ 在边界边的中点为零. 直接应用定理~\ref{thm:ch10-piecewise-poincare}、\ref{thm:ch10-piecewise-poincare-infinity} 和中点公式, 得	theorem	thm:ch10-piecewise-poincare-infinity	ref	tex/chapters/chapter-10/section-06.tex:213	tex/chapters/chapter-10/section-06.tex:195	resolved
reference	最后把 Poincaré--Friedrichs 不等式推广到关于 $\Omega$ 的单纯形分割 $\mathcal P$ 的分片 $W_p^1$ 函数, 从而可用于第~\ref{sec:ch10-discontinuous} 节的间断有限元函数. 定义	section	sec:ch10-discontinuous	ref	tex/chapters/chapter-10/section-06.tex:226	tex/chapters/chapter-10/section-05.tex:3	resolved
reference	$\mathcal P$ 的边集和顶点集如第~\ref{sec:ch10-discontinuous} 节定义, 内部边集记为 $\mathcal E^i(\mathcal P)$. 用 $\mathcal P$ 的最小角以及	section	sec:ch10-discontinuous	ref	tex/chapters/chapter-10/section-06.tex:232	tex/chapters/chapter-10/section-05.tex:3	resolved
reference	存在只依赖 $\mathcal P$ 的最小角和 $\varrho(\mathcal P)$ 的正常数 $C$, 使得对任意 $v\in W_p^1(\Omega,\mathcal P)$ 和 $1\leq p<\infty$, 定理~\ref{thm:ch10-piecewise-poincare} 的不等式~\eqref{eq:ch10-piecewise-poincare-domain} 和~\eqref{eq:ch10-piecewise-poincare-boundary} 在把 $\mathcal T$ 替换为 $\mathcal P$ 后仍成立; 对任意 $v\in W_\infty^1(\Omega,\mathcal P)$, 定理~\ref{thm:ch10-piecewise-poincare-infinity} 的两个不等式在作同样替换后仍成立.	theorem	thm:ch10-piecewise-poincare	ref	tex/chapters/chapter-10/section-06.tex:244	tex/chapters/chapter-10/section-06.tex:139	resolved
reference	存在只依赖 $\mathcal P$ 的最小角和 $\varrho(\mathcal P)$ 的正常数 $C$, 使得对任意 $v\in W_p^1(\Omega,\mathcal P)$ 和 $1\leq p<\infty$, 定理~\ref{thm:ch10-piecewise-poincare} 的不等式~\eqref{eq:ch10-piecewise-poincare-domain} 和~\eqref{eq:ch10-piecewise-poincare-boundary} 在把 $\mathcal T$ 替换为 $\mathcal P$ 后仍成立; 对任意 $v\in W_\infty^1(\Omega,\mathcal P)$, 定理~\ref{thm:ch10-piecewise-poincare-infinity} 的两个不等式在作同样替换后仍成立.	equation	eq:ch10-piecewise-poincare-domain	eqref	tex/chapters/chapter-10/section-06.tex:244	tex/chapters/chapter-10/section-06.tex:144	resolved
reference	存在只依赖 $\mathcal P$ 的最小角和 $\varrho(\mathcal P)$ 的正常数 $C$, 使得对任意 $v\in W_p^1(\Omega,\mathcal P)$ 和 $1\leq p<\infty$, 定理~\ref{thm:ch10-piecewise-poincare} 的不等式~\eqref{eq:ch10-piecewise-poincare-domain} 和~\eqref{eq:ch10-piecewise-poincare-boundary} 在把 $\mathcal T$ 替换为 $\mathcal P$ 后仍成立; 对任意 $v\in W_\infty^1(\Omega,\mathcal P)$, 定理~\ref{thm:ch10-piecewise-poincare-infinity} 的两个不等式在作同样替换后仍成立.	equation	eq:ch10-piecewise-poincare-boundary	eqref	tex/chapters/chapter-10/section-06.tex:244	tex/chapters/chapter-10/section-06.tex:156	resolved
reference	存在只依赖 $\mathcal P$ 的最小角和 $\varrho(\mathcal P)$ 的正常数 $C$, 使得对任意 $v\in W_p^1(\Omega,\mathcal P)$ 和 $1\leq p<\infty$, 定理~\ref{thm:ch10-piecewise-poincare} 的不等式~\eqref{eq:ch10-piecewise-poincare-domain} 和~\eqref{eq:ch10-piecewise-poincare-boundary} 在把 $\mathcal T$ 替换为 $\mathcal P$ 后仍成立; 对任意 $v\in W_\infty^1(\Omega,\mathcal P)$, 定理~\ref{thm:ch10-piecewise-poincare-infinity} 的两个不等式在作同样替换后仍成立.	theorem	thm:ch10-piecewise-poincare-infinity	ref	tex/chapters/chapter-10/section-06.tex:244	tex/chapters/chapter-10/section-06.tex:195	resolved
reference	连接 $\mathcal P$ 中每个三角形的中心与属于其边界的 $\mathcal P$ 顶点, 得到 $\Omega$ 的单纯形三角剖分 $\mathcal T$. $\mathcal T$ 的最小角只依赖于 $\mathcal P$ 的最小角和 $\varrho(\mathcal P)$. 又因为 $W_p^1(\Omega,\mathcal P)\subset W_p^1(\Omega,\mathcal T)$, 且 $v\in W_p^1(\Omega,\mathcal P)$ 跨越不属于 $\mathcal P$ 的任何 $\mathcal T$ 边的跳跃为零, 所以结论直接由定理~\ref{thm:ch10-piecewise-poincare} 和~\ref{thm:ch10-piecewise-poincare-infinity} 得到.	theorem	thm:ch10-piecewise-poincare	ref	tex/chapters/chapter-10/section-06.tex:248	tex/chapters/chapter-10/section-06.tex:139	resolved
reference	连接 $\mathcal P$ 中每个三角形的中心与属于其边界的 $\mathcal P$ 顶点, 得到 $\Omega$ 的单纯形三角剖分 $\mathcal T$. $\mathcal T$ 的最小角只依赖于 $\mathcal P$ 的最小角和 $\varrho(\mathcal P)$. 又因为 $W_p^1(\Omega,\mathcal P)\subset W_p^1(\Omega,\mathcal T)$, 且 $v\in W_p^1(\Omega,\mathcal P)$ 跨越不属于 $\mathcal P$ 的任何 $\mathcal T$ 边的跳跃为零, 所以结论直接由定理~\ref{thm:ch10-piecewise-poincare} 和~\ref{thm:ch10-piecewise-poincare-infinity} 得到.	theorem	thm:ch10-piecewise-poincare-infinity	ref	tex/chapters/chapter-10/section-06.tex:248	tex/chapters/chapter-10/section-06.tex:195	resolved
reference	由式~\eqref{eq:ch10-edge-average-bound}, 定理~\ref{thm:ch10-piecewise-poincare}、\ref{thm:ch10-piecewise-poincare-infinity} 和~\ref{thm:ch10-piecewise-poincare-partitions} 中的不等式去掉算子 $\mathcal M_e$ 后仍然成立.	equation	eq:ch10-edge-average-bound	eqref	tex/chapters/chapter-10/section-06.tex:254	tex/chapters/chapter-10/section-06.tex:132	resolved
reference	由式~\eqref{eq:ch10-edge-average-bound}, 定理~\ref{thm:ch10-piecewise-poincare}、\ref{thm:ch10-piecewise-poincare-infinity} 和~\ref{thm:ch10-piecewise-poincare-partitions} 中的不等式去掉算子 $\mathcal M_e$ 后仍然成立.	theorem	thm:ch10-piecewise-poincare	ref	tex/chapters/chapter-10/section-06.tex:254	tex/chapters/chapter-10/section-06.tex:139	resolved
reference	由式~\eqref{eq:ch10-edge-average-bound}, 定理~\ref{thm:ch10-piecewise-poincare}、\ref{thm:ch10-piecewise-poincare-infinity} 和~\ref{thm:ch10-piecewise-poincare-partitions} 中的不等式去掉算子 $\mathcal M_e$ 后仍然成立.	theorem	thm:ch10-piecewise-poincare-infinity	ref	tex/chapters/chapter-10/section-06.tex:254	tex/chapters/chapter-10/section-06.tex:195	resolved
reference	由式~\eqref{eq:ch10-edge-average-bound}, 定理~\ref{thm:ch10-piecewise-poincare}、\ref{thm:ch10-piecewise-poincare-infinity} 和~\ref{thm:ch10-piecewise-poincare-partitions} 中的不等式去掉算子 $\mathcal M_e$ 后仍然成立.	theorem	thm:ch10-piecewise-poincare-partitions	ref	tex/chapters/chapter-10/section-06.tex:254	tex/chapters/chapter-10/section-06.tex:243	resolved
reference	证明式~\eqref{eq:ch10-lobatto-polynomial} 定义的多项式 $L_k$ 有互异零点 $0=\xi_0<\xi_1<\cdots<\xi_{k-1}=1$. 提示: 设 $\xi_1<\cdots<\xi_r$ 是 $(0,1)$ 中奇重数零点. 证明 $L_k(x)\prod_{i=1}^r(x-\xi_i)$ 在 $[0,1]$ 上不变号; 再利用式~\eqref{eq:ch10-lobatto-remainder-vanishes} 证明 $r<k-2$ 会导致矛盾.	equation	eq:ch10-lobatto-polynomial	eqref	tex/chapters/chapter-10/exercises.tex:8	tex/chapters/chapter-10/section-02.tex:38	resolved
reference	证明式~\eqref{eq:ch10-lobatto-polynomial} 定义的多项式 $L_k$ 有互异零点 $0=\xi_0<\xi_1<\cdots<\xi_{k-1}=1$. 提示: 设 $\xi_1<\cdots<\xi_r$ 是 $(0,1)$ 中奇重数零点. 证明 $L_k(x)\prod_{i=1}^r(x-\xi_i)$ 在 $[0,1]$ 上不变号; 再利用式~\eqref{eq:ch10-lobatto-remainder-vanishes} 证明 $r<k-2$ 会导致矛盾.	equation	eq:ch10-lobatto-remainder-vanishes	eqref	tex/chapters/chapter-10/exercises.tex:8	tex/chapters/chapter-10/section-02.tex:81	resolved
reference	证明推论~\ref{cor:ch10-lobatto-error}. 提示: 加上再减去 $Q^{2k-2}f$, 并使用第~\MBUnresolvedReference{sec:ch04-approximation}{4.4} 节的方法.	corollary	cor:ch10-lobatto-error	ref	tex/chapters/chapter-10/exercises.tex:13	tex/chapters/chapter-10/section-02.tex:92	resolved
reference	证明当 $h$ 充分小时, 定理~\ref{thm:ch10-interpolated-boundary-error} 可改进为	theorem	thm:ch10-interpolated-boundary-error	ref	tex/chapters/chapter-10/exercises.tex:23	tex/chapters/chapter-10/section-02.tex:372	resolved
reference	证明引理~\ref{lem:ch10-symmetric-strang}. 提示: 取 $v$ 为 $u$ 到 $V_h$ 上的正交投影, 并仿照式~\eqref{eq:ch10-first-strang-proof-chain}.	lemma	lem:ch10-symmetric-strang	ref	tex/chapters/chapter-10/exercises.tex:40	tex/chapters/chapter-10/section-01.tex:103	resolved
reference	证明引理~\ref{lem:ch10-symmetric-strang}. 提示: 取 $v$ 为 $u$ 到 $V_h$ 上的正交投影, 并仿照式~\eqref{eq:ch10-first-strang-proof-chain}.	equation	eq:ch10-first-strang-proof-chain	eqref	tex/chapters/chapter-10/exercises.tex:40	tex/chapters/chapter-10/section-01.tex:54	resolved
reference	定理~\ref{thm:ch10-isoparametric-error} 中关于 $f$ 的范数能否改进? 例如, 当 $k\leq3+n/2$ 时, 是否可以得到	theorem	thm:ch10-isoparametric-error	ref	tex/chapters/chapter-10/exercises.tex:45	tex/chapters/chapter-10/section-04.tex:110	resolved
reference	证明迹估计~\eqref{eq:ch10-scaled-trace-edge}. 提示: 在参考单纯形上使用迹定理, 再作齐次性/尺度变换论证.	equation	eq:ch10-scaled-trace-edge	eqref	tex/chapters/chapter-10/exercises.tex:56	tex/chapters/chapter-10/section-03.tex:86	resolved
reference	证明离散估计~\eqref{eq:ch10-jump-midpoint-estimate}.	equation	eq:ch10-jump-midpoint-estimate	eqref	tex/chapters/chapter-10/exercises.tex:61	tex/chapters/chapter-10/section-03.tex:95	resolved
reference	证明图~\ref{fig:ch10-morley-element} 所示的 Morley 有限元是有限元. 这里 $K$ 是三角形, $\mathcal P$ 是二次多项式空间, $\mathcal N$ 由顶点处的函数值和边中点处的法向导数值组成. 提示: 在三角形顶点为零的二次多项式在边中点达到极值. 用此证明对 $v\in\mathcal P$, $\mathcal Nv=\{0\}$ 蕴含 $\nabla v\equiv0$.	figure	fig:ch10-morley-element	ref	tex/chapters/chapter-10/exercises.tex:66	tex/chapters/chapter-10/section-03.tex:241	resolved
reference	其中 $\mathcal T^h$ 是 $\Omega$ 的三角剖分, $0<\nu<1$. 令 $V_h$ 是与 $\mathcal T^h$ 相联系的 Morley 有限元空间. 证明 $a_h(\cdot,\cdot)$ 在 $V_h\cup V$ 上非退化. 提示: 使用式~\MBUnresolvedReference{eq:ch05-source-5-9-2}{5.9.2} 以及式~\eqref{eq:ch10-broken-energy-norm} 后面的讨论.	equation	eq:ch10-broken-energy-norm	eqref	tex/chapters/chapter-10/exercises.tex:78	tex/chapters/chapter-10/section-03.tex:38	resolved
reference	产生的 $f$ 的 $k$ 阶导数. 令 $G$ 和 $V$ 如习题~\ref{exr:ch10-11}. 证明存在 $C<\infty$, 使得	unknown	exr:ch10-11	ref	tex/chapters/chapter-10/exercises.tex:100	tex/chapters/chapter-10/exercises.tex:82	resolved
reference	提示: 用分部积分公式证明边界项由 $|z|_G|\zeta|_G+\|z\|_{L^2(G)}\|\Delta^2\zeta\|_{L^2(G)}$ 控制, 再应用 Bramble--Hilbert 引理~\MBUnresolvedReference{lem:ch04-source-4-3-8}{4.3.8} 和习题~\ref{exr:ch10-11}. 利用向 $\zeta$ 加二次多项式、向 $z$ 加任意光滑函数都不改变该边界项的事实.	unknown	exr:ch10-11	ref	tex/chapters/chapter-10/exercises.tex:112	tex/chapters/chapter-10/exercises.tex:82	resolved
reference	令 $a_h(\cdot,\cdot)$ 和 $V_h$ 如习题~\ref{exr:ch10-10}, $u_h\in V_h$ 满足	unknown	exr:ch10-10	ref	tex/chapters/chapter-10/exercises.tex:118	tex/chapters/chapter-10/exercises.tex:71	resolved
reference	其中 $\|u\|_h:=\sqrt{a_h(u,u)}$. 提示: 使用习题~\ref{exr:ch10-12}.	unknown	exr:ch10-12	ref	tex/chapters/chapter-10/exercises.tex:128	tex/chapters/chapter-10/exercises.tex:93	resolved
reference	考虑习题~\ref{exr:ch10-13} 所述基于 Morley 元的双调和问题非协调方法. 只假设式~\MBUnresolvedReference{eq:ch05-source-5-9-4}{5.9.4} 的解 $u\in H^3(\Omega)$, 能否在不假设 $f\in L^2(\Omega)$ 的条件下证明 $\|u-u_h\|_h\leq Ch|u|_{H^3(\Omega)}$?	unknown	exr:ch10-13	ref	tex/chapters/chapter-10/exercises.tex:133	tex/chapters/chapter-10/exercises.tex:117	resolved
reference	除习题~\ref{exr:ch10-15} 的求积规则假设外, 再假设 $Q(w)=\sum_{T\in\mathcal T^h}Q_T(w)$, 且 $|Q_T(w)|\leq C\operatorname{meas}(T)\|w\|_{L^\infty(T)}$. 当 $k-r+1>n/2$ 时, 把习题~\ref{exr:ch10-15} 的估计改进为	unknown	exr:ch10-15	ref	tex/chapters/chapter-10/exercises.tex:161	tex/chapters/chapter-10/exercises.tex:137	resolved
reference	除习题~\ref{exr:ch10-15} 的求积规则假设外, 再假设 $Q(w)=\sum_{T\in\mathcal T^h}Q_T(w)$, 且 $|Q_T(w)|\leq C\operatorname{meas}(T)\|w\|_{L^\infty(T)}$. 当 $k-r+1>n/2$ 时, 把习题~\ref{exr:ch10-15} 的估计改进为	unknown	exr:ch10-15	ref	tex/chapters/chapter-10/exercises.tex:161	tex/chapters/chapter-10/exercises.tex:137	resolved
reference	在变系数情形(见第~\MBUnresolvedReference{sec:ch05-variable-coefficients}{5.7} 节)用数值求积逼近变分形式会导致引理~\ref{lem:ch10-second-strang} 所述的变分罪行. 令 $a(\cdot,\cdot)$ 如式~\MBUnresolvedReference{eq:ch05-source-5-6-3}{5.6.3}, 并定义	lemma	lem:ch10-second-strang	ref	tex/chapters/chapter-10/exercises.tex:172	tex/chapters/chapter-10/section-01.tex:125	resolved
reference	其中 $Q$ 满足习题~\ref{exr:ch10-15} 的条件. 假设 $V_h$ 由次数不超过 $r$ 的分片多项式组成, $a(\cdot,\cdot)$ 在 $V$ 上强制, 且 $k>2r-2$. 证明 $a_h(\cdot,\cdot)$ 在 $V_h$ 上强制. 提示: 用逆估计证明	unknown	exr:ch10-15	ref	tex/chapters/chapter-10/exercises.tex:178	tex/chapters/chapter-10/exercises.tex:137	resolved
reference	在习题~\ref{exr:ch10-17} 的假设下, 定义 $\widetilde u_h\in V_h$ 满足 $a_h(\widetilde u_h,v)=(f,v)$, $\forall v\in V_h$. 证明	unknown	exr:ch10-17	ref	tex/chapters/chapter-10/exercises.tex:189	tex/chapters/chapter-10/exercises.tex:171	resolved
reference	提示: 见习题~\MBUnresolvedReference{exr:ch00-source-0-x-13}{0.x.13} 和~\MBUnresolvedReference{exr:ch00-source-0-x-14}{0.x.14}, 应用引理~\ref{lem:ch10-second-strang} 并使用逆估计.	lemma	lem:ch10-second-strang	ref	tex/chapters/chapter-10/exercises.tex:196	tex/chapters/chapter-10/section-01.tex:125	resolved
reference	在习题~\ref{exr:ch10-16} 和~\ref{exr:ch10-17} 的假设下, 改进习题~\ref{exr:ch10-18} 中关于 $u$ 和 $a_{ij}$ 的范数. 提示: 从 $u$ 和 $a_{ij}$ 中减去相应插值函数.	unknown	exr:ch10-16	ref	tex/chapters/chapter-10/exercises.tex:201	tex/chapters/chapter-10/exercises.tex:160	resolved
reference	在习题~\ref{exr:ch10-16} 和~\ref{exr:ch10-17} 的假设下, 改进习题~\ref{exr:ch10-18} 中关于 $u$ 和 $a_{ij}$ 的范数. 提示: 从 $u$ 和 $a_{ij}$ 中减去相应插值函数.	unknown	exr:ch10-17	ref	tex/chapters/chapter-10/exercises.tex:201	tex/chapters/chapter-10/exercises.tex:171	resolved
reference	在习题~\ref{exr:ch10-16} 和~\ref{exr:ch10-17} 的假设下, 改进习题~\ref{exr:ch10-18} 中关于 $u$ 和 $a_{ij}$ 的范数. 提示: 从 $u$ 和 $a_{ij}$ 中减去相应插值函数.	unknown	exr:ch10-18	ref	tex/chapters/chapter-10/exercises.tex:201	tex/chapters/chapter-10/exercises.tex:188	resolved
reference	考虑第~\MBUnresolvedReference{sec:ch05-duality}{5.4} 节所述 Poisson 方程的变分逼近, 在单纯形网格 $\mathcal T^h$ 上使用分片线性函数, 但像习题~\ref{exr:ch10-15} 那样对右端作求积逼近. 具体地, 令 $Q(w)=\sum_{T\in\mathcal T^h}Q_T(w)$, 其中	unknown	exr:ch10-15	ref	tex/chapters/chapter-10/exercises.tex:206	tex/chapters/chapter-10/exercises.tex:137	resolved
reference	证明习题~\ref{exr:ch10-20} 定义的 $n$ 维梯形公式满足习题~\ref{exr:ch10-16} 的条件, 并且当 $n\leq3$ 时,	unknown	exr:ch10-20	ref	tex/chapters/chapter-10/exercises.tex:218	tex/chapters/chapter-10/exercises.tex:205	resolved
reference	证明习题~\ref{exr:ch10-20} 定义的 $n$ 维梯形公式满足习题~\ref{exr:ch10-16} 的条件, 并且当 $n\leq3$ 时,	unknown	exr:ch10-16	ref	tex/chapters/chapter-10/exercises.tex:218	tex/chapters/chapter-10/exercises.tex:160	resolved
reference	其中 $h:=\operatorname{diam}T$. 提示: 证明 $Q_T$ 对线性函数精确, 再使用 Sobolev 不等式和第~\ref{chap:ch04-polynomial-approximation} 章的逼近结果.	chapter	chap:ch04-polynomial-approximation	ref	tex/chapters/chapter-10/exercises.tex:224	tex/chapters/chapter-04.tex:5	resolved
reference	提示: 使用习题~\ref{exr:ch10-18}、\ref{exr:ch10-20} 和~\ref{exr:ch10-21}, 以及分片线性函数的 $\|v\|_{L^\infty(\Omega)}\leq C|\log h|\|v\|_{H^1(\Omega)}$. 另见第~\MBUnresolvedReference{sec:ch08-source-8-5}{8.5} 节和 Scott (1976).	unknown	exr:ch10-18	ref	tex/chapters/chapter-10/exercises.tex:234	tex/chapters/chapter-10/exercises.tex:188	resolved
reference	提示: 使用习题~\ref{exr:ch10-18}、\ref{exr:ch10-20} 和~\ref{exr:ch10-21}, 以及分片线性函数的 $\|v\|_{L^\infty(\Omega)}\leq C|\log h|\|v\|_{H^1(\Omega)}$. 另见第~\MBUnresolvedReference{sec:ch08-source-8-5}{8.5} 节和 Scott (1976).	unknown	exr:ch10-20	ref	tex/chapters/chapter-10/exercises.tex:234	tex/chapters/chapter-10/exercises.tex:205	resolved
reference	提示: 使用习题~\ref{exr:ch10-18}、\ref{exr:ch10-20} 和~\ref{exr:ch10-21}, 以及分片线性函数的 $\|v\|_{L^\infty(\Omega)}\leq C|\log h|\|v\|_{H^1(\Omega)}$. 另见第~\MBUnresolvedReference{sec:ch08-source-8-5}{8.5} 节和 Scott (1976).	unknown	exr:ch10-21	ref	tex/chapters/chapter-10/exercises.tex:234	tex/chapters/chapter-10/exercises.tex:217	resolved
reference	考虑习题~\MBUnresolvedReference{exr:ch06-source-6-x-11}{6.x.11} 中的求积公式. 对哪些分片多项式次数, 它能为变系数问题给出最佳阶逼近? 陈述并证明适当的收敛定理. 提示: 使用习题~\ref{exr:ch10-18}.	unknown	exr:ch10-18	ref	tex/chapters/chapter-10/exercises.tex:239	tex/chapters/chapter-10/exercises.tex:188	resolved
reference	令 $V_h$ 是与式~\eqref{eq:ch10-nonconforming-p1-space} 中三角剖分 $\mathcal T^h$ 相联系的非协调 $\mathcal P_1$ 有限元空间, $\widetilde V_h\subset H_0^1(\Omega)$ 是与 $\mathcal T^h$ 相联系的 $\mathcal P_2$ Lagrange 有限元空间. 定义 $E_h:V_h\to\widetilde V_h$:	equation	eq:ch10-nonconforming-p1-space	eqref	tex/chapters/chapter-10/exercises.tex:255	tex/chapters/chapter-10/section-03.tex:20	resolved
reference	使用习题~\ref{exr:ch10-25} 的结果证明非协调 $\mathcal P_1$ 有限元的 Poincaré 不等式 $\|v\|_{L^2(\Omega)}\leq C\|v\|_h$, $\forall v\in V_h$. 提示: 使用 Poincaré 不等式(参见命题~\MBUnresolvedReference{prop:ch05-source-5-3-5}{5.3.5})和逆估计(参见定理~\MBUnresolvedReference{thm:ch04-source-4-5-11}{4.5.11} 及备注~\MBUnresolvedReference{rem:ch04-source-4-5-20}{4.5.20}).	unknown	exr:ch10-25	ref	tex/chapters/chapter-10/exercises.tex:272	tex/chapters/chapter-10/exercises.tex:254	resolved
reference	为 Morley 有限元找到一个协调亲属(参见习题~\ref{exr:ch10-27}).	unknown	exr:ch10-27	ref	tex/chapters/chapter-10/exercises.tex:282	tex/chapters/chapter-10/exercises.tex:276	resolved
reference	在 $\Omega$ 为有界多边形区域的假设下证明式~\eqref{eq:ch10-element-green-formula}. 椭圆正则性说明 $u$ 在凹角以外属于 $H^2$, 因而只需考虑三角形 $T$ 的顶点 $p$ 是 $\Omega$ 的内角 $\omega>\pi$ 的凹角. 椭圆正则性理论(参见 Grisvard 1985, Dauge 1988, 或 Nazarov and Plamenevsky 1994)在 $p$ 附近给出	equation	eq:ch10-element-green-formula	eqref	tex/chapters/chapter-10/exercises.tex:292	tex/chapters/chapter-10/section-05.tex:52	resolved
reference	中令 $\delta\downarrow0$, 从而证明式~\eqref{eq:ch10-element-green-formula}.	equation	eq:ch10-element-green-formula	eqref	tex/chapters/chapter-10/exercises.tex:303	tex/chapters/chapter-10/section-05.tex:52	resolved
reference	证明式~\eqref{eq:ch10-ip-energy-norm} 和~\eqref{eq:ch10-ip-triple-norm} 定义的 $\|\cdot\|_h$ 与 $|||\cdot|||_h$ 是 $\mathring H^1(\Omega)+V_h$ 上的范数.	equation	eq:ch10-ip-energy-norm	eqref	tex/chapters/chapter-10/exercises.tex:309	tex/chapters/chapter-10/section-05.tex:121	resolved
reference	证明式~\eqref{eq:ch10-ip-energy-norm} 和~\eqref{eq:ch10-ip-triple-norm} 定义的 $\|\cdot\|_h$ 与 $|||\cdot|||_h$ 是 $\mathring H^1(\Omega)+V_h$ 上的范数.	equation	eq:ch10-ip-triple-norm	eqref	tex/chapters/chapter-10/exercises.tex:309	tex/chapters/chapter-10/section-05.tex:139	resolved
reference	使用 $L^2(e)$ 上的 Cauchy--Schwarz 不等式和离散 Cauchy--Schwarz 不等式验证式~\eqref{eq:ch10-ip-boundedness}.	equation	eq:ch10-ip-boundedness	eqref	tex/chapters/chapter-10/exercises.tex:314	tex/chapters/chapter-10/section-05.tex:131	resolved
reference	解释为什么第~\ref{sec:ch10-departure-framework} 节的结果不能用于第~\ref{sec:ch10-discontinuous} 节的内部罚方法.	section	sec:ch10-departure-framework	ref	tex/chapters/chapter-10/exercises.tex:319	tex/chapters/chapter-10/section-01.tex:3	resolved
reference	解释为什么第~\ref{sec:ch10-departure-framework} 节的结果不能用于第~\ref{sec:ch10-discontinuous} 节的内部罚方法.	section	sec:ch10-discontinuous	ref	tex/chapters/chapter-10/exercises.tex:319	tex/chapters/chapter-10/section-05.tex:3	resolved
reference	检查式~\eqref{eq:ch10-ec-wp-difference} 中的常数与 $p$ 无关.	equation	eq:ch10-ec-wp-difference	eqref	tex/chapters/chapter-10/exercises.tex:324	tex/chapters/chapter-10/section-06.tex:94	resolved
reference	补充定理~\ref{thm:ch10-piecewise-poincare-infinity} 的证明细节.	theorem	thm:ch10-piecewise-poincare-infinity	ref	tex/chapters/chapter-10/exercises.tex:331	tex/chapters/chapter-10/section-06.tex:195	resolved
unresolved	式 2.8.2	eq:ch02-source-2-8-2		MBUnresolvedReference	tex/chapters/chapter-10.tex:16		needs-review
unresolved	4.7	sec:ch04-isoparametric-elements		MBUnresolvedReference	tex/chapters/chapter-10.tex:24		needs-review
unresolved	12	chap:ch12-mixed-methods		MBUnresolvedReference	tex/chapters/chapter-10.tex:28		needs-review
unresolved	12.5	sec:ch12-stokes		MBUnresolvedReference	tex/chapters/chapter-10/section-01.tex:118		needs-review
unresolved	3.2	fig:ch03-nonconforming-p1		MBUnresolvedReference	tex/chapters/chapter-10/section-01.tex:177		needs-review
unresolved	4.5.3	lem:ch04-source-4-5-3		MBUnresolvedReference	tex/chapters/chapter-10/section-02.tex:25		needs-review
unresolved	3.1.7	rem:ch03-source-3-1-7		MBUnresolvedReference	tex/chapters/chapter-10/section-02.tex:41		needs-review
unresolved	5	chap:ch05		MBUnresolvedReference	tex/chapters/chapter-10/section-02.tex:135		needs-review
unresolved	4.3.15	eq:ch04-source-4-3-15		MBUnresolvedReference	tex/chapters/chapter-10/section-02.tex:267		needs-review
unresolved	1.6.6	thm:ch01-source-1-6-6		MBUnresolvedReference	tex/chapters/chapter-10/section-02.tex:283		needs-review
unresolved	4.4.20	thm:ch04-source-4-4-20		MBUnresolvedReference	tex/chapters/chapter-10/section-02.tex:368		needs-review
unresolved	3.2	fig:ch03-nonconforming-p1		MBUnresolvedReference	tex/chapters/chapter-10/section-03.tex:16		needs-review
unresolved	4.4.20	thm:ch04-source-4-4-20		MBUnresolvedReference	tex/chapters/chapter-10/section-03.tex:50		needs-review
unresolved	4.4.16	eq:ch04-source-4-4-16		MBUnresolvedReference	tex/chapters/chapter-10/section-03.tex:57		needs-review
unresolved	4.3.8	eq:ch04-source-4-3-8		MBUnresolvedReference	tex/chapters/chapter-10/section-03.tex:119		needs-review
unresolved	4.4.16	eq:ch04-source-4-4-16		MBUnresolvedReference	tex/chapters/chapter-10/section-03.tex:136		needs-review
unresolved	5.4	sec:ch05-duality		MBUnresolvedReference	tex/chapters/chapter-10/section-03.tex:139		needs-review
unresolved	4.4.16	eq:ch04-source-4-4-16		MBUnresolvedReference	tex/chapters/chapter-10/section-03.tex:229		needs-review
unresolved	式 12.4.12	eq:ch12-source-12-4-12		MBUnresolvedReference	tex/chapters/chapter-10/section-03.tex:232		needs-review
unresolved	5.9	sec:ch05-biharmonic		MBUnresolvedReference	tex/chapters/chapter-10/section-03.tex:235		needs-review
unresolved	4.7	sec:ch04-isoparametric-elements		MBUnresolvedReference	tex/chapters/chapter-10/section-04.tex:6		needs-review
unresolved	4.7	sec:ch04-isoparametric-elements		MBUnresolvedReference	tex/chapters/chapter-10/section-04.tex:8		needs-review
unresolved	4.7	sec:ch04-isoparametric-elements		MBUnresolvedReference	tex/chapters/chapter-10/section-04.tex:8		needs-review
unresolved	4.7.2	eq:ch04-source-4-7-2		MBUnresolvedReference	tex/chapters/chapter-10/section-04.tex:36		needs-review
unresolved	4.7.2	eq:ch04-source-4-7-2		MBUnresolvedReference	tex/chapters/chapter-10/section-04.tex:111		needs-review
unresolved	4.2.16	def:ch04-source-4-2-16		MBUnresolvedReference	tex/chapters/chapter-10/section-05.tex:36		needs-review
unresolved	4.4.20	thm:ch04-source-4-4-20		MBUnresolvedReference	tex/chapters/chapter-10/section-05.tex:332		needs-review
unresolved	4.x.4	exr:ch04-source-4-x-4		MBUnresolvedReference	tex/chapters/chapter-10/section-06.tex:6		needs-review
unresolved	5.x.13	exr:ch05-source-5-x-13		MBUnresolvedReference	tex/chapters/chapter-10/section-06.tex:6		needs-review
unresolved	4.5.3	lem:ch04-source-4-5-3		MBUnresolvedReference	tex/chapters/chapter-10/section-06.tex:89		needs-review
unresolved	4.4	sec:ch04-approximation		MBUnresolvedReference	tex/chapters/chapter-10/exercises.tex:13		needs-review
unresolved	5.9	sec:ch05-biharmonic		MBUnresolvedReference	tex/chapters/chapter-10/exercises.tex:72		needs-review
unresolved	5.9.2	eq:ch05-source-5-9-2		MBUnresolvedReference	tex/chapters/chapter-10/exercises.tex:78		needs-review
unresolved	4.3.8	lem:ch04-source-4-3-8		MBUnresolvedReference	tex/chapters/chapter-10/exercises.tex:112		needs-review
unresolved	5.9.4	eq:ch05-source-5-9-4		MBUnresolvedReference	tex/chapters/chapter-10/exercises.tex:123		needs-review
unresolved	5.9.4	eq:ch05-source-5-9-4		MBUnresolvedReference	tex/chapters/chapter-10/exercises.tex:133		needs-review
unresolved	0.x.11	exr:ch00-source-0-x-11		MBUnresolvedReference	tex/chapters/chapter-10/exercises.tex:138		needs-review
unresolved	5.4	sec:ch05-duality		MBUnresolvedReference	tex/chapters/chapter-10/exercises.tex:138		needs-review
unresolved	0.x.13	exr:ch00-source-0-x-13		MBUnresolvedReference	tex/chapters/chapter-10/exercises.tex:155		needs-review
unresolved	0.x.14	exr:ch00-source-0-x-14		MBUnresolvedReference	tex/chapters/chapter-10/exercises.tex:155		needs-review
unresolved	5.7	sec:ch05-variable-coefficients		MBUnresolvedReference	tex/chapters/chapter-10/exercises.tex:172		needs-review
unresolved	5.6.3	eq:ch05-source-5-6-3		MBUnresolvedReference	tex/chapters/chapter-10/exercises.tex:172		needs-review
unresolved	0.x.13	exr:ch00-source-0-x-13		MBUnresolvedReference	tex/chapters/chapter-10/exercises.tex:196		needs-review
unresolved	0.x.14	exr:ch00-source-0-x-14		MBUnresolvedReference	tex/chapters/chapter-10/exercises.tex:196		needs-review
unresolved	5.4	sec:ch05-duality		MBUnresolvedReference	tex/chapters/chapter-10/exercises.tex:206		needs-review
unresolved	0.5	sec:ch00-difference-method		MBUnresolvedReference	tex/chapters/chapter-10/exercises.tex:212		needs-review
unresolved	0.5.3	eq:ch00-source-0-5-3		MBUnresolvedReference	tex/chapters/chapter-10/exercises.tex:229		needs-review
unresolved	0.x.11	exr:ch00-source-0-x-11		MBUnresolvedReference	tex/chapters/chapter-10/exercises.tex:229		needs-review
unresolved	8.5	sec:ch08-source-8-5		MBUnresolvedReference	tex/chapters/chapter-10/exercises.tex:234		needs-review
unresolved	6.x.11	exr:ch06-source-6-x-11		MBUnresolvedReference	tex/chapters/chapter-10/exercises.tex:239		needs-review
unresolved	5.3.5	prop:ch05-source-5-3-5		MBUnresolvedReference	tex/chapters/chapter-10/exercises.tex:272		needs-review
unresolved	4.5.11	thm:ch04-source-4-5-11		MBUnresolvedReference	tex/chapters/chapter-10/exercises.tex:272		needs-review
unresolved	4.5.20	rem:ch04-source-4-5-20		MBUnresolvedReference	tex/chapters/chapter-10/exercises.tex:272		needs-review
unresolved	3.x.15	exr:ch03-source-3-x-15		MBUnresolvedReference	tex/chapters/chapter-10/exercises.tex:277		needs-review
