Record Type	Original Reference	Target Object	LaTeX Label	Command	Translation Location	Target Location	Status
target		section	sec:ch1-stokes-discretization-ii	label	tex/chapters/chapter-01/section-04.tex:3	tex/chapters/chapter-01/section-04.tex:3	defined
target		subsection	subsec:ch1-finite-element-preliminaries	label	tex/chapters/chapter-01/section-04.tex:8	tex/chapters/chapter-01/section-04.tex:8	defined
target		equation	eq:ch1-simplex-coordinate-matrix	label	tex/chapters/chapter-01/section-04.tex:24	tex/chapters/chapter-01/section-04.tex:24	defined
target		equation	eq:ch1-barycentric-position	label	tex/chapters/chapter-01/section-04.tex:31	tex/chapters/chapter-01/section-04.tex:31	defined
target		equation	eq:ch1-barycentric-sum	label	tex/chapters/chapter-01/section-04.tex:35	tex/chapters/chapter-01/section-04.tex:35	defined
target		equation	eq:ch1-barycentric-linear-system	label	tex/chapters/chapter-01/section-04.tex:49	tex/chapters/chapter-01/section-04.tex:49	defined
target		equation	eq:ch1-barycentric-affine-functions	label	tex/chapters/chapter-01/section-04.tex:57	tex/chapters/chapter-01/section-04.tex:57	defined
target		equation	eq:ch1-barycentric-vector-identity	label	tex/chapters/chapter-01/section-04.tex:62	tex/chapters/chapter-01/section-04.tex:62	defined
target		equation	eq:ch1-simplex-barycentric-bounds	label	tex/chapters/chapter-01/section-04.tex:68	tex/chapters/chapter-01/section-04.tex:68	defined
target		proposition	prop:ch1-linear-barycentric-interpolation	label	tex/chapters/chapter-01/section-04.tex:76	tex/chapters/chapter-01/section-04.tex:76	defined
target		equation	eq:ch1-linear-barycentric-interpolation	label	tex/chapters/chapter-01/section-04.tex:81	tex/chapters/chapter-01/section-04.tex:81	defined
target		remark	rem:ch1-higher-order-barycentric-interpolation	label	tex/chapters/chapter-01/section-04.tex:96	tex/chapters/chapter-01/section-04.tex:96	defined
target		lemma	lem:ch1-barycentric-differential-identities	label	tex/chapters/chapter-01/section-04.tex:106	tex/chapters/chapter-01/section-04.tex:106	defined
target		equation	eq:ch1-barycentric-gradient-sum	label	tex/chapters/chapter-01/section-04.tex:109	tex/chapters/chapter-01/section-04.tex:109	defined
target		equation	eq:ch1-barycentric-gradient-vector	label	tex/chapters/chapter-01/section-04.tex:114	tex/chapters/chapter-01/section-04.tex:114	defined
target		lemma	lem:ch1-barycentric-gradient-bound	label	tex/chapters/chapter-01/section-04.tex:137	tex/chapters/chapter-01/section-04.tex:137	defined
target		equation	eq:ch1-barycentric-gradient-bound	label	tex/chapters/chapter-01/section-04.tex:142	tex/chapters/chapter-01/section-04.tex:142	defined
target		equation	eq:ch1-barycentric-gradient-direction	label	tex/chapters/chapter-01/section-04.tex:150	tex/chapters/chapter-01/section-04.tex:150	defined
target		equation	eq:ch1-simplex-linear-map	label	tex/chapters/chapter-01/section-04.tex:173	tex/chapters/chapter-01/section-04.tex:173	defined
target		lemma	lem:ch1-simplex-linear-map-norms	label	tex/chapters/chapter-01/section-04.tex:179	tex/chapters/chapter-01/section-04.tex:179	defined
target		equation	eq:ch1-simplex-linear-map-norms	label	tex/chapters/chapter-01/section-04.tex:184	tex/chapters/chapter-01/section-04.tex:184	defined
target		lemma	lem:ch1-linear-map-preserves-divergence	label	tex/chapters/chapter-01/section-04.tex:202	tex/chapters/chapter-01/section-04.tex:202	defined
target		equation	eq:ch1-divergence-preserving-transform	label	tex/chapters/chapter-01/section-04.tex:207	tex/chapters/chapter-01/section-04.tex:207	defined
target		equation	eq:ch1-triangulation-covered-domain	label	tex/chapters/chapter-01/section-04.tex:233	tex/chapters/chapter-01/section-04.tex:233	defined
target		equation	eq:ch1-admissible-triangulation-intersections	label	tex/chapters/chapter-01/section-04.tex:241	tex/chapters/chapter-01/section-04.tex:241	defined
target		equation	eq:ch1-triangulation-max-diameter	label	tex/chapters/chapter-01/section-04.tex:247	tex/chapters/chapter-01/section-04.tex:247	defined
target		equation	eq:ch1-triangulation-max-inscribed-diameter	label	tex/chapters/chapter-01/section-04.tex:251	tex/chapters/chapter-01/section-04.tex:251	defined
target		equation	eq:ch1-triangulation-shape-ratio	label	tex/chapters/chapter-01/section-04.tex:255	tex/chapters/chapter-01/section-04.tex:255	defined
target		equation	eq:ch1-regular-triangulation-shape-bound	label	tex/chapters/chapter-01/section-04.tex:261	tex/chapters/chapter-01/section-04.tex:261	defined
target		equation	eq:ch1-triangulation-domain-exhaustion	label	tex/chapters/chapter-01/section-04.tex:269	tex/chapters/chapter-01/section-04.tex:269	defined
target		remark	rem:ch1-triangle-minimum-angle	label	tex/chapters/chapter-01/section-04.tex:275	tex/chapters/chapter-01/section-04.tex:275	defined
target		equation	eq:ch1-triangle-minimum-angle-bound	label	tex/chapters/chapter-01/section-04.tex:285	tex/chapters/chapter-01/section-04.tex:285	defined
target		subsection	subsec:ch1-degree-two-elements	label	tex/chapters/chapter-01/section-04.tex:292	tex/chapters/chapter-01/section-04.tex:292	defined
target		unknown	subsubsec:ch1-degree-two-h01	label	tex/chapters/chapter-01/section-04.tex:297	tex/chapters/chapter-01/section-04.tex:297	defined
target		equation	eq:ch1-degree-two-domain	label	tex/chapters/chapter-01/section-04.tex:304	tex/chapters/chapter-01/section-04.tex:304	defined
target		equation	eq:ch1-degree-two-h01-product	label	tex/chapters/chapter-01/section-04.tex:312	tex/chapters/chapter-01/section-04.tex:312	defined
target		lemma	lem:ch1-quadratic-simplex-interpolation	label	tex/chapters/chapter-01/section-04.tex:319	tex/chapters/chapter-01/section-04.tex:319	defined
target		equation	eq:ch1-quadratic-barycentric-interpolation	label	tex/chapters/chapter-01/section-04.tex:326	tex/chapters/chapter-01/section-04.tex:326	defined
target		equation	eq:ch1-general-quadratic-polynomial	label	tex/chapters/chapter-01/section-04.tex:343	tex/chapters/chapter-01/section-04.tex:343	defined
target		equation	eq:ch1-quadratic-interpolation-data	label	tex/chapters/chapter-01/section-04.tex:349	tex/chapters/chapter-01/section-04.tex:349	defined
target		lemma	lem:ch1-global-quadratic-interpolant	label	tex/chapters/chapter-01/section-04.tex:358	tex/chapters/chapter-01/section-04.tex:358	defined
target		equation	eq:ch1-quadratic-nodal-basis-function	label	tex/chapters/chapter-01/section-04.tex:372	tex/chapters/chapter-01/section-04.tex:372	defined
target		lemma	lem:ch1-quadratic-wh-basis	label	tex/chapters/chapter-01/section-04.tex:378	tex/chapters/chapter-01/section-04.tex:378	defined
target		equation	eq:ch1-quadratic-wh-expansion	label	tex/chapters/chapter-01/section-04.tex:390	tex/chapters/chapter-01/section-04.tex:390	defined
target		equation	eq:ch1-quadratic-prolongation	label	tex/chapters/chapter-01/section-04.tex:397	tex/chapters/chapter-01/section-04.tex:397	defined
target		equation	eq:ch1-quadratic-restriction	label	tex/chapters/chapter-01/section-04.tex:404	tex/chapters/chapter-01/section-04.tex:404	defined
target		proposition	prop:ch1-quadratic-h01-convergence	label	tex/chapters/chapter-01/section-04.tex:409	tex/chapters/chapter-01/section-04.tex:409	defined
target		equation	eq:ch1-quadratic-global-error	label	tex/chapters/chapter-01/section-04.tex:423	tex/chapters/chapter-01/section-04.tex:423	defined
target		lemma	lem:ch1-quadratic-interpolation-error	label	tex/chapters/chapter-01/section-04.tex:430	tex/chapters/chapter-01/section-04.tex:430	defined
target		equation	eq:ch1-quadratic-value-error	label	tex/chapters/chapter-01/section-04.tex:440	tex/chapters/chapter-01/section-04.tex:440	defined
target		equation	eq:ch1-quadratic-derivative-error	label	tex/chapters/chapter-01/section-04.tex:447	tex/chapters/chapter-01/section-04.tex:447	defined
target		equation	eq:ch1-k-unisolvent-data	label	tex/chapters/chapter-01/section-04.tex:457	tex/chapters/chapter-01/section-04.tex:457	defined
target		equation	eq:ch1-unisolvent-cardinal-polynomials	label	tex/chapters/chapter-01/section-04.tex:465	tex/chapters/chapter-01/section-04.tex:465	defined
target		equation	eq:ch1-unisolvent-interpolation-expansion	label	tex/chapters/chapter-01/section-04.tex:470	tex/chapters/chapter-01/section-04.tex:470	defined
target		equation	eq:ch1-general-interpolant-values	label	tex/chapters/chapter-01/section-04.tex:476	tex/chapters/chapter-01/section-04.tex:476	defined
target		equation	eq:ch1-general-interpolant-expansion	label	tex/chapters/chapter-01/section-04.tex:481	tex/chapters/chapter-01/section-04.tex:481	defined
target		equation	eq:ch1-general-interpolation-taylor	label	tex/chapters/chapter-01/section-04.tex:490	tex/chapters/chapter-01/section-04.tex:490	defined
target		equation	eq:ch1-general-simplex-interpolation-error	label	tex/chapters/chapter-01/section-04.tex:505	tex/chapters/chapter-01/section-04.tex:505	defined
target		equation	eq:ch1-cardinal-polynomial-derivative-bound	label	tex/chapters/chapter-01/section-04.tex:512	tex/chapters/chapter-01/section-04.tex:512	defined
target		unknown	subsubsec:ch1-v-apx2	label	tex/chapters/chapter-01/section-04.tex:521	tex/chapters/chapter-01/section-04.tex:521	defined
target		equation	eq:ch1-apx2-omega	label	tex/chapters/chapter-01/section-04.tex:528	tex/chapters/chapter-01/section-04.tex:528	defined
target		equation	eq:ch1-apx2-domain	label	tex/chapters/chapter-01/section-04.tex:535	tex/chapters/chapter-01/section-04.tex:535	defined
target		equation	eq:ch1-apx2-discrete-divergence	label	tex/chapters/chapter-01/section-04.tex:541	tex/chapters/chapter-01/section-04.tex:541	defined
target		equation	eq:ch1-apx2-inner-product	label	tex/chapters/chapter-01/section-04.tex:557	tex/chapters/chapter-01/section-04.tex:557	defined
target		equation	eq:ch1-apx2-restriction-split	label	tex/chapters/chapter-01/section-04.tex:565	tex/chapters/chapter-01/section-04.tex:565	defined
target		equation	eq:ch1-apx2-primary-interpolant	label	tex/chapters/chapter-01/section-04.tex:570	tex/chapters/chapter-01/section-04.tex:570	defined
target		equation	eq:ch1-apx2-corrector-nodal-values	label	tex/chapters/chapter-01/section-04.tex:582	tex/chapters/chapter-01/section-04.tex:582	defined
target		lemma	lem:ch1-apx2-restriction-in-vh	label	tex/chapters/chapter-01/section-04.tex:587	tex/chapters/chapter-01/section-04.tex:587	defined
target		equation	eq:ch1-apx2-edge-flux	label	tex/chapters/chapter-01/section-04.tex:596	tex/chapters/chapter-01/section-04.tex:596	defined
target		equation	eq:ch1-apx2-corrector-expansion	label	tex/chapters/chapter-01/section-04.tex:610	tex/chapters/chapter-01/section-04.tex:610	defined
target		equation	eq:ch1-midpoint-basis-edge	label	tex/chapters/chapter-01/section-04.tex:616	tex/chapters/chapter-01/section-04.tex:616	defined
target		equation	eq:ch1-vertex-basis-edge	label	tex/chapters/chapter-01/section-04.tex:624	tex/chapters/chapter-01/section-04.tex:624	defined
target		proposition	prop:ch1-apx2-stable-convergent	label	tex/chapters/chapter-01/section-04.tex:631	tex/chapters/chapter-01/section-04.tex:631	defined
target		equation	eq:ch1-apx2-limit-divergence	label	tex/chapters/chapter-01/section-04.tex:639	tex/chapters/chapter-01/section-04.tex:639	defined
target		equation	eq:ch1-apx2-test-step-function	label	tex/chapters/chapter-01/section-04.tex:644	tex/chapters/chapter-01/section-04.tex:644	defined
target		equation	eq:ch1-apx2-condition-c1	label	tex/chapters/chapter-01/section-04.tex:661	tex/chapters/chapter-01/section-04.tex:661	defined
target		equation	eq:ch1-apx2-restriction-convergence	label	tex/chapters/chapter-01/section-04.tex:666	tex/chapters/chapter-01/section-04.tex:666	defined
target		equation	eq:ch1-apx2-primary-error	label	tex/chapters/chapter-01/section-04.tex:675	tex/chapters/chapter-01/section-04.tex:675	defined
target		equation	eq:ch1-apx2-corrector-edge-average	label	tex/chapters/chapter-01/section-04.tex:684	tex/chapters/chapter-01/section-04.tex:684	defined
target		equation	eq:ch1-apx2-corrector-node-bound	label	tex/chapters/chapter-01/section-04.tex:690	tex/chapters/chapter-01/section-04.tex:690	defined
target		equation	eq:ch1-apx2-basis-bounds	label	tex/chapters/chapter-01/section-04.tex:698	tex/chapters/chapter-01/section-04.tex:698	defined
target		equation	eq:ch1-apx2-corrector-bounds	label	tex/chapters/chapter-01/section-04.tex:707	tex/chapters/chapter-01/section-04.tex:707	defined
target		equation	eq:ch1-apx2-global-bounds	label	tex/chapters/chapter-01/section-04.tex:718	tex/chapters/chapter-01/section-04.tex:718	defined
target		remark	rem:ch1-apx2-polygonal-domain	label	tex/chapters/chapter-01/section-04.tex:725	tex/chapters/chapter-01/section-04.tex:725	defined
target		equation	eq:ch1-apx2-polygonal-error	label	tex/chapters/chapter-01/section-04.tex:729	tex/chapters/chapter-01/section-04.tex:729	defined
target		unknown	subsubsec:ch1-apx2-stokes	label	tex/chapters/chapter-01/section-04.tex:734	tex/chapters/chapter-01/section-04.tex:734	defined
target		equation	eq:ch1-apx2-stokes-forms	label	tex/chapters/chapter-01/section-04.tex:742	tex/chapters/chapter-01/section-04.tex:742	defined
target		equation	eq:ch1-apx2-stokes-problem	label	tex/chapters/chapter-01/section-04.tex:748	tex/chapters/chapter-01/section-04.tex:748	defined
target		proposition	prop:ch1-apx2-stokes-convergence	label	tex/chapters/chapter-01/section-04.tex:753	tex/chapters/chapter-01/section-04.tex:753	defined
target		equation	eq:ch1-apx2-pressure-multipliers	label	tex/chapters/chapter-01/section-04.tex:770	tex/chapters/chapter-01/section-04.tex:770	defined
target		equation	eq:ch1-apx2-discrete-pressure	label	tex/chapters/chapter-01/section-04.tex:777	tex/chapters/chapter-01/section-04.tex:777	defined
target		equation	eq:ch1-apx2-discrete-momentum	label	tex/chapters/chapter-01/section-04.tex:783	tex/chapters/chapter-01/section-04.tex:783	defined
target		equation	eq:ch1-continuous-stokes-weak-pressure	label	tex/chapters/chapter-01/section-04.tex:789	tex/chapters/chapter-01/section-04.tex:789	defined
target		remark	rem:ch1-apx2-computation	label	tex/chapters/chapter-01/section-04.tex:795	tex/chapters/chapter-01/section-04.tex:795	defined
target		equation	eq:ch1-apx2-restriction-h1-error	label	tex/chapters/chapter-01/section-04.tex:802	tex/chapters/chapter-01/section-04.tex:802	defined
target		equation	eq:ch1-apx2-error-identity	label	tex/chapters/chapter-01/section-04.tex:808	tex/chapters/chapter-01/section-04.tex:808	defined
target		equation	eq:ch1-apx2-cell-average-pressure	label	tex/chapters/chapter-01/section-04.tex:815	tex/chapters/chapter-01/section-04.tex:815	defined
target		equation	eq:ch1-apx2-error-basic-bound	label	tex/chapters/chapter-01/section-04.tex:839	tex/chapters/chapter-01/section-04.tex:839	defined
target		equation	eq:ch1-apx2-h1-order-one	label	tex/chapters/chapter-01/section-04.tex:847	tex/chapters/chapter-01/section-04.tex:847	defined
target		equation	eq:ch1-apx2-final-order-one	label	tex/chapters/chapter-01/section-04.tex:852	tex/chapters/chapter-01/section-04.tex:852	defined
target		remark	rem:ch1-apx2-suboptimal-error	label	tex/chapters/chapter-01/section-04.tex:858	tex/chapters/chapter-01/section-04.tex:858	defined
target		unknown	subsubsec:ch1-bubble-functions	label	tex/chapters/chapter-01/section-04.tex:865	tex/chapters/chapter-01/section-04.tex:865	defined
target		equation	eq:ch1-bubble-space	label	tex/chapters/chapter-01/section-04.tex:879	tex/chapters/chapter-01/section-04.tex:879	defined
target		equation	eq:ch1-enriched-space-sum	label	tex/chapters/chapter-01/section-04.tex:884	tex/chapters/chapter-01/section-04.tex:884	defined
target		equation	eq:ch1-enriched-space-decomposition	label	tex/chapters/chapter-01/section-04.tex:890	tex/chapters/chapter-01/section-04.tex:890	defined
target		equation	eq:ch1-enriched-h01-product	label	tex/chapters/chapter-01/section-04.tex:897	tex/chapters/chapter-01/section-04.tex:897	defined
target		proposition	prop:ch1-enriched-h01-convergence	label	tex/chapters/chapter-01/section-04.tex:908	tex/chapters/chapter-01/section-04.tex:908	defined
target		equation	eq:ch1-apx2prime-discrete-divergence	label	tex/chapters/chapter-01/section-04.tex:918	tex/chapters/chapter-01/section-04.tex:918	defined
target		equation	eq:ch1-apx2prime-restriction	label	tex/chapters/chapter-01/section-04.tex:927	tex/chapters/chapter-01/section-04.tex:927	defined
target		equation	eq:ch1-apx2prime-primary-part	label	tex/chapters/chapter-01/section-04.tex:932	tex/chapters/chapter-01/section-04.tex:932	defined
target		equation	eq:ch1-apx2prime-bubble-corrector	label	tex/chapters/chapter-01/section-04.tex:937	tex/chapters/chapter-01/section-04.tex:937	defined
target		equation	eq:ch1-apx2prime-bubble-coefficients	label	tex/chapters/chapter-01/section-04.tex:945	tex/chapters/chapter-01/section-04.tex:945	defined
target		lemma	lem:ch1-apx2prime-restriction-in-vhplus	label	tex/chapters/chapter-01/section-04.tex:950	tex/chapters/chapter-01/section-04.tex:950	defined
target		equation	eq:ch1-apx2prime-linear-moment-condition	label	tex/chapters/chapter-01/section-04.tex:967	tex/chapters/chapter-01/section-04.tex:967	defined
target		lemma	lem:ch1-bubble-integral	label	tex/chapters/chapter-01/section-04.tex:979	tex/chapters/chapter-01/section-04.tex:979	defined
target		equation	eq:ch1-bubble-integral	label	tex/chapters/chapter-01/section-04.tex:983	tex/chapters/chapter-01/section-04.tex:983	defined
target		proposition	prop:ch1-apx2prime-stable-convergent	label	tex/chapters/chapter-01/section-04.tex:1009	tex/chapters/chapter-01/section-04.tex:1009	defined
target		equation	eq:ch1-apx2prime-bubble-vanishes	label	tex/chapters/chapter-01/section-04.tex:1019	tex/chapters/chapter-01/section-04.tex:1019	defined
target		equation	eq:ch1-apx2prime-coefficient-error-form	label	tex/chapters/chapter-01/section-04.tex:1034	tex/chapters/chapter-01/section-04.tex:1034	defined
target		equation	eq:ch1-apx2prime-primary-uniform-error	label	tex/chapters/chapter-01/section-04.tex:1041	tex/chapters/chapter-01/section-04.tex:1041	defined
target		equation	eq:ch1-apx2prime-coefficient-bound	label	tex/chapters/chapter-01/section-04.tex:1047	tex/chapters/chapter-01/section-04.tex:1047	defined
target		equation	eq:ch1-apx2prime-bubble-gradient-integral	label	tex/chapters/chapter-01/section-04.tex:1068	tex/chapters/chapter-01/section-04.tex:1068	defined
target		equation	eq:ch1-apx2prime-bubble-h1-bound	label	tex/chapters/chapter-01/section-04.tex:1074	tex/chapters/chapter-01/section-04.tex:1074	defined
target		remark	rem:ch1-apx2prime-interpolation-bounds	label	tex/chapters/chapter-01/section-04.tex:1081	tex/chapters/chapter-01/section-04.tex:1081	defined
target		equation	eq:ch1-apx2prime-uniform-bounds	label	tex/chapters/chapter-01/section-04.tex:1090	tex/chapters/chapter-01/section-04.tex:1090	defined
target		equation	eq:ch1-apx2prime-h1-interpolation-error	label	tex/chapters/chapter-01/section-04.tex:1099	tex/chapters/chapter-01/section-04.tex:1099	defined
target		equation	eq:ch1-apx2prime-stokes-bilinear	label	tex/chapters/chapter-01/section-04.tex:1107	tex/chapters/chapter-01/section-04.tex:1107	defined
target		equation	eq:ch1-apx2prime-stokes-linear	label	tex/chapters/chapter-01/section-04.tex:1112	tex/chapters/chapter-01/section-04.tex:1112	defined
target		equation	eq:ch1-apx2prime-stokes-problem	label	tex/chapters/chapter-01/section-04.tex:1119	tex/chapters/chapter-01/section-04.tex:1119	defined
target		proposition	prop:ch1-apx2prime-stokes-convergence	label	tex/chapters/chapter-01/section-04.tex:1125	tex/chapters/chapter-01/section-04.tex:1125	defined
target		equation	eq:ch1-apx2prime-discrete-momentum	label	tex/chapters/chapter-01/section-04.tex:1150	tex/chapters/chapter-01/section-04.tex:1150	defined
target		equation	eq:ch1-apx2prime-restriction-error	label	tex/chapters/chapter-01/section-04.tex:1158	tex/chapters/chapter-01/section-04.tex:1158	defined
target		equation	eq:ch1-apx2prime-error-identity	label	tex/chapters/chapter-01/section-04.tex:1167	tex/chapters/chapter-01/section-04.tex:1167	defined
target		equation	eq:ch1-apx2prime-pressure-interpolation	label	tex/chapters/chapter-01/section-04.tex:1177	tex/chapters/chapter-01/section-04.tex:1177	defined
target		equation	eq:ch1-apx2prime-optimal-error	label	tex/chapters/chapter-01/section-04.tex:1193	tex/chapters/chapter-01/section-04.tex:1193	defined
target		lemma	lem:ch1-vhplus-vh-isomorphism	label	tex/chapters/chapter-01/section-04.tex:1207	tex/chapters/chapter-01/section-04.tex:1207	defined
target		equation	eq:ch1-apx2prime-vh-scheme	label	tex/chapters/chapter-01/section-04.tex:1233	tex/chapters/chapter-01/section-04.tex:1233	defined
target		subsection	subsec:ch1-degree-three-elements	label	tex/chapters/chapter-01/section-04.tex:1239	tex/chapters/chapter-01/section-04.tex:1239	defined
target		equation	eq:ch1-degree-three-domain	label	tex/chapters/chapter-01/section-04.tex:1249	tex/chapters/chapter-01/section-04.tex:1249	defined
target		lemma	lem:ch1-cubic-tetrahedron-interpolation	label	tex/chapters/chapter-01/section-04.tex:1256	tex/chapters/chapter-01/section-04.tex:1256	defined
target		equation	eq:ch1-cubic-tetrahedron-formula	label	tex/chapters/chapter-01/section-04.tex:1271	tex/chapters/chapter-01/section-04.tex:1271	defined
target		equation	eq:ch1-cubic-value-basis	label	tex/chapters/chapter-01/section-04.tex:1290	tex/chapters/chapter-01/section-04.tex:1290	defined
target		equation	eq:ch1-cubic-derivative-basis	label	tex/chapters/chapter-01/section-04.tex:1299	tex/chapters/chapter-01/section-04.tex:1299	defined
target		equation	eq:ch1-cubic-wh-representation	label	tex/chapters/chapter-01/section-04.tex:1307	tex/chapters/chapter-01/section-04.tex:1307	defined
target		equation	eq:ch1-cubic-wh-product	label	tex/chapters/chapter-01/section-04.tex:1314	tex/chapters/chapter-01/section-04.tex:1314	defined
target		equation	eq:ch1-cubic-restriction	label	tex/chapters/chapter-01/section-04.tex:1326	tex/chapters/chapter-01/section-04.tex:1326	defined
target		proposition	prop:ch1-cubic-h01-convergence	label	tex/chapters/chapter-01/section-04.tex:1331	tex/chapters/chapter-01/section-04.tex:1331	defined
target		equation	eq:ch1-cubic-local-error	label	tex/chapters/chapter-01/section-04.tex:1345	tex/chapters/chapter-01/section-04.tex:1345	defined
target		equation	eq:ch1-cubic-global-error	label	tex/chapters/chapter-01/section-04.tex:1355	tex/chapters/chapter-01/section-04.tex:1355	defined
target		equation	eq:ch1-cubic-h1-error	label	tex/chapters/chapter-01/section-04.tex:1360	tex/chapters/chapter-01/section-04.tex:1360	defined
target		equation	eq:ch1-apx3-discrete-divergence	label	tex/chapters/chapter-01/section-04.tex:1373	tex/chapters/chapter-01/section-04.tex:1373	defined
target		equation	eq:ch1-apx3-restriction-split	label	tex/chapters/chapter-01/section-04.tex:1381	tex/chapters/chapter-01/section-04.tex:1381	defined
target		equation	eq:ch1-apx3-primary-interpolant	label	tex/chapters/chapter-01/section-04.tex:1389	tex/chapters/chapter-01/section-04.tex:1389	defined
target		equation	eq:ch1-apx3-corrector-vertices	label	tex/chapters/chapter-01/section-04.tex:1395	tex/chapters/chapter-01/section-04.tex:1395	defined
target		equation	eq:ch1-apx3-face-flux	label	tex/chapters/chapter-01/section-04.tex:1401	tex/chapters/chapter-01/section-04.tex:1401	defined
target		equation	eq:ch1-apx3-corrector-normal	label	tex/chapters/chapter-01/section-04.tex:1413	tex/chapters/chapter-01/section-04.tex:1413	defined
target		proposition	prop:ch1-apx3-stable-convergent	label	tex/chapters/chapter-01/section-04.tex:1425	tex/chapters/chapter-01/section-04.tex:1425	defined
target		subsection	subsec:ch1-internal-approximation-v	label	tex/chapters/chapter-01/section-04.tex:1432	tex/chapters/chapter-01/section-04.tex:1432	defined
target		equation	eq:ch1-apx4-divergence-free	label	tex/chapters/chapter-01/section-04.tex:1439	tex/chapters/chapter-01/section-04.tex:1439	defined
target		equation	eq:ch1-apx4-stream-function	label	tex/chapters/chapter-01/section-04.tex:1446	tex/chapters/chapter-01/section-04.tex:1446	defined
target		equation	eq:ch1-apx4-stream-isomorphism	label	tex/chapters/chapter-01/section-04.tex:1457	tex/chapters/chapter-01/section-04.tex:1457	defined
target		equation	eq:ch1-apx4-domain	label	tex/chapters/chapter-01/section-04.tex:1468	tex/chapters/chapter-01/section-04.tex:1468	defined
target		lemma	lem:ch1-quintic-triangle-unisolvence	label	tex/chapters/chapter-01/section-04.tex:1477	tex/chapters/chapter-01/section-04.tex:1477	defined
target		equation	eq:ch1-quintic-vertex-data	label	tex/chapters/chapter-01/section-04.tex:1483	tex/chapters/chapter-01/section-04.tex:1483	defined
target		equation	eq:ch1-quintic-midpoint-data	label	tex/chapters/chapter-01/section-04.tex:1489	tex/chapters/chapter-01/section-04.tex:1489	defined
target		equation	eq:ch1-apx4-node-sets	label	tex/chapters/chapter-01/section-04.tex:1505	tex/chapters/chapter-01/section-04.tex:1505	defined
target		equation	eq:ch1-apx4-midpoint-basis	label	tex/chapters/chapter-01/section-04.tex:1520	tex/chapters/chapter-01/section-04.tex:1520	defined
target		equation	eq:ch1-apx4-vertex-basis-value	label	tex/chapters/chapter-01/section-04.tex:1527	tex/chapters/chapter-01/section-04.tex:1527	defined
target		equation	eq:ch1-apx4-vertex-basis-first	label	tex/chapters/chapter-01/section-04.tex:1533	tex/chapters/chapter-01/section-04.tex:1533	defined
target		equation	eq:ch1-apx4-vertex-basis-second	label	tex/chapters/chapter-01/section-04.tex:1543	tex/chapters/chapter-01/section-04.tex:1543	defined
target		equation	eq:ch1-apx4-xh-expansion	label	tex/chapters/chapter-01/section-04.tex:1552	tex/chapters/chapter-01/section-04.tex:1552	defined
target		equation	eq:ch1-apx4-boundary-nodal-data	label	tex/chapters/chapter-01/section-04.tex:1563	tex/chapters/chapter-01/section-04.tex:1563	defined
target		equation	eq:ch1-apx4-xh-product	label	tex/chapters/chapter-01/section-04.tex:1569	tex/chapters/chapter-01/section-04.tex:1569	defined
target		equation	eq:ch1-apx4-restriction	label	tex/chapters/chapter-01/section-04.tex:1583	tex/chapters/chapter-01/section-04.tex:1583	defined
target		proposition	prop:ch1-apx4-h02-stable-convergent	label	tex/chapters/chapter-01/section-04.tex:1588	tex/chapters/chapter-01/section-04.tex:1588	defined
target		equation	eq:ch1-apx4-h02-convergence	label	tex/chapters/chapter-01/section-04.tex:1598	tex/chapters/chapter-01/section-04.tex:1598	defined
target		equation	eq:ch1-apx4-error-order-zero	label	tex/chapters/chapter-01/section-04.tex:1604	tex/chapters/chapter-01/section-04.tex:1604	defined
target		equation	eq:ch1-apx4-error-order-one	label	tex/chapters/chapter-01/section-04.tex:1610	tex/chapters/chapter-01/section-04.tex:1610	defined
target		equation	eq:ch1-apx4-error-order-two	label	tex/chapters/chapter-01/section-04.tex:1616	tex/chapters/chapter-01/section-04.tex:1616	defined
target		equation	eq:ch1-apx4-h02-domain-error	label	tex/chapters/chapter-01/section-04.tex:1622	tex/chapters/chapter-01/section-04.tex:1622	defined
target		equation	eq:ch1-apx4-h02-outside-error	label	tex/chapters/chapter-01/section-04.tex:1628	tex/chapters/chapter-01/section-04.tex:1628	defined
target		equation	eq:ch1-apx4-vh-stream-form	label	tex/chapters/chapter-01/section-04.tex:1642	tex/chapters/chapter-01/section-04.tex:1642	defined
target		equation	eq:ch1-apx4-vh-product	label	tex/chapters/chapter-01/section-04.tex:1647	tex/chapters/chapter-01/section-04.tex:1647	defined
target		equation	eq:ch1-apx4-stream-norm-bound	label	tex/chapters/chapter-01/section-04.tex:1654	tex/chapters/chapter-01/section-04.tex:1654	defined
target		equation	eq:ch1-apx4-restriction-v	label	tex/chapters/chapter-01/section-04.tex:1663	tex/chapters/chapter-01/section-04.tex:1663	defined
target		proposition	prop:ch1-apx4-v-stable-convergent	label	tex/chapters/chapter-01/section-04.tex:1668	tex/chapters/chapter-01/section-04.tex:1668	defined
target		equation	eq:ch1-apx4-v-convergence	label	tex/chapters/chapter-01/section-04.tex:1678	tex/chapters/chapter-01/section-04.tex:1678	defined
target		equation	eq:ch1-apx4-discrete-bilinear-form	label	tex/chapters/chapter-01/section-04.tex:1692	tex/chapters/chapter-01/section-04.tex:1692	defined
target		equation	eq:ch1-apx4-discrete-linear-form	label	tex/chapters/chapter-01/section-04.tex:1696	tex/chapters/chapter-01/section-04.tex:1696	defined
target		equation	eq:ch1-apx4-stokes-discrete-problem	label	tex/chapters/chapter-01/section-04.tex:1709	tex/chapters/chapter-01/section-04.tex:1709	defined
target		equation	eq:ch1-apx4-stokes-convergence	label	tex/chapters/chapter-01/section-04.tex:1715	tex/chapters/chapter-01/section-04.tex:1715	defined
target		equation	eq:ch1-apx4-interpolation-error	label	tex/chapters/chapter-01/section-04.tex:1721	tex/chapters/chapter-01/section-04.tex:1721	defined
target		equation	eq:ch1-apx4-stokes-error	label	tex/chapters/chapter-01/section-04.tex:1750	tex/chapters/chapter-01/section-04.tex:1750	defined
target		remark	rem:ch1-apx4-multiply-connected	label	tex/chapters/chapter-01/section-04.tex:1755	tex/chapters/chapter-01/section-04.tex:1755	defined
target		equation	eq:ch1-apx4-multiply-connected-space	label	tex/chapters/chapter-01/section-04.tex:1763	tex/chapters/chapter-01/section-04.tex:1763	defined
target		remark	rem:ch1-apx4-higher-degree	label	tex/chapters/chapter-01/section-04.tex:1770	tex/chapters/chapter-01/section-04.tex:1770	defined
target		subsection	subsec:ch1-nonconforming-elements	label	tex/chapters/chapter-01/section-04.tex:1777	tex/chapters/chapter-01/section-04.tex:1777	defined
target		unknown	subsubsec:ch1-nonconforming-h01	label	tex/chapters/chapter-01/section-04.tex:1782	tex/chapters/chapter-01/section-04.tex:1782	defined
target		equation	eq:ch1-nc-barycenter-vector	label	tex/chapters/chapter-01/section-04.tex:1792	tex/chapters/chapter-01/section-04.tex:1792	defined
target		equation	eq:ch1-nc-opposite-barycenter	label	tex/chapters/chapter-01/section-04.tex:1797	tex/chapters/chapter-01/section-04.tex:1797	defined
target		equation	eq:ch1-nc-face-barycenter-difference	label	tex/chapters/chapter-01/section-04.tex:1805	tex/chapters/chapter-01/section-04.tex:1805	defined
target		equation	eq:ch1-nc-face-barycenter-interpolation	label	tex/chapters/chapter-01/section-04.tex:1810	tex/chapters/chapter-01/section-04.tex:1810	defined
target		equation	eq:ch1-nc-scalar-basis-values	label	tex/chapters/chapter-01/section-04.tex:1824	tex/chapters/chapter-01/section-04.tex:1824	defined
target		figure	fig:ch1-two-adjacent-triangles	label	tex/chapters/chapter-01/section-04.tex:1832	tex/chapters/chapter-01/section-04.tex:1832	defined
target		lemma	lem:ch1-nc-wh-basis	label	tex/chapters/chapter-01/section-04.tex:1837	tex/chapters/chapter-01/section-04.tex:1837	defined
target		equation	eq:ch1-nc-wh-expansion	label	tex/chapters/chapter-01/section-04.tex:1845	tex/chapters/chapter-01/section-04.tex:1845	defined
target		equation	eq:ch1-nc-broken-derivative	label	tex/chapters/chapter-01/section-04.tex:1854	tex/chapters/chapter-01/section-04.tex:1854	defined
target		equation	eq:ch1-nc-wh-full-product	label	tex/chapters/chapter-01/section-04.tex:1861	tex/chapters/chapter-01/section-04.tex:1861	defined
target		equation	eq:ch1-nc-h01-full-product	label	tex/chapters/chapter-01/section-04.tex:1866	tex/chapters/chapter-01/section-04.tex:1866	defined
target		equation	eq:ch1-nc-h01-embedding	label	tex/chapters/chapter-01/section-04.tex:1873	tex/chapters/chapter-01/section-04.tex:1873	defined
target		equation	eq:ch1-nc-prolongation	label	tex/chapters/chapter-01/section-04.tex:1880	tex/chapters/chapter-01/section-04.tex:1880	defined
target		equation	eq:ch1-nc-point-restriction	label	tex/chapters/chapter-01/section-04.tex:1888	tex/chapters/chapter-01/section-04.tex:1888	defined
target		proposition	prop:ch1-nc-h01-stable-convergent	label	tex/chapters/chapter-01/section-04.tex:1894	tex/chapters/chapter-01/section-04.tex:1894	defined
target		equation	eq:ch1-nc-l2-convergence	label	tex/chapters/chapter-01/section-04.tex:1905	tex/chapters/chapter-01/section-04.tex:1905	defined
target		equation	eq:ch1-nc-derivative-convergence	label	tex/chapters/chapter-01/section-04.tex:1910	tex/chapters/chapter-01/section-04.tex:1910	defined
target		equation	eq:ch1-nc-local-interpolation-error	label	tex/chapters/chapter-01/section-04.tex:1919	tex/chapters/chapter-01/section-04.tex:1919	defined
target		equation	eq:ch1-nc-global-interpolation-error	label	tex/chapters/chapter-01/section-04.tex:1925	tex/chapters/chapter-01/section-04.tex:1925	defined
target		equation	eq:ch1-nc-weak-function	label	tex/chapters/chapter-01/section-04.tex:1933	tex/chapters/chapter-01/section-04.tex:1933	defined
target		equation	eq:ch1-nc-weak-derivatives	label	tex/chapters/chapter-01/section-04.tex:1939	tex/chapters/chapter-01/section-04.tex:1939	defined
target		equation	eq:ch1-nc-extended-weak-function	label	tex/chapters/chapter-01/section-04.tex:1945	tex/chapters/chapter-01/section-04.tex:1945	defined
target		equation	eq:ch1-nc-extended-weak-derivatives	label	tex/chapters/chapter-01/section-04.tex:1951	tex/chapters/chapter-01/section-04.tex:1951	defined
target		equation	eq:ch1-nc-identify-weak-derivative	label	tex/chapters/chapter-01/section-04.tex:1957	tex/chapters/chapter-01/section-04.tex:1957	defined
target		equation	eq:ch1-nc-jh-weak-estimate	label	tex/chapters/chapter-01/section-04.tex:1985	tex/chapters/chapter-01/section-04.tex:1985	defined
target		proposition	prop:ch1-nc-discrete-poincare	label	tex/chapters/chapter-01/section-04.tex:1994	tex/chapters/chapter-01/section-04.tex:1994	defined
target		equation	eq:ch1-nc-discrete-poincare-scalar	label	tex/chapters/chapter-01/section-04.tex:1999	tex/chapters/chapter-01/section-04.tex:1999	defined
target		equation	eq:ch1-nc-scalar-expansion-repeat	label	tex/chapters/chapter-01/section-04.tex:2004	tex/chapters/chapter-01/section-04.tex:2004	defined
target		equation	eq:ch1-nc-discrete-poincare-vector	label	tex/chapters/chapter-01/section-04.tex:2010	tex/chapters/chapter-01/section-04.tex:2010	defined
target		equation	eq:ch1-nc-broken-gradient-norm	label	tex/chapters/chapter-01/section-04.tex:2016	tex/chapters/chapter-01/section-04.tex:2016	defined
target		equation	eq:ch1-nc-poincare-duality-bound	label	tex/chapters/chapter-01/section-04.tex:2025	tex/chapters/chapter-01/section-04.tex:2025	defined
target		equation	eq:ch1-nc-dirichlet-h2-estimate	label	tex/chapters/chapter-01/section-04.tex:2037	tex/chapters/chapter-01/section-04.tex:2037	defined
target		equation	eq:ch1-nc-duality-green-bound	label	tex/chapters/chapter-01/section-04.tex:2060	tex/chapters/chapter-01/section-04.tex:2060	defined
target		equation	eq:ch1-nc-jh-component-sum	label	tex/chapters/chapter-01/section-04.tex:2070	tex/chapters/chapter-01/section-04.tex:2070	defined
target		equation	eq:ch1-nc-chi-component	label	tex/chapters/chapter-01/section-04.tex:2079	tex/chapters/chapter-01/section-04.tex:2079	defined
target		equation	eq:ch1-nc-jh-duality-estimate	label	tex/chapters/chapter-01/section-04.tex:2103	tex/chapters/chapter-01/section-04.tex:2103	defined
target		proposition	prop:ch1-nc-h01-gradient-product	label	tex/chapters/chapter-01/section-04.tex:2114	tex/chapters/chapter-01/section-04.tex:2114	defined
target		equation	eq:ch1-nc-wh-gradient-product	label	tex/chapters/chapter-01/section-04.tex:2118	tex/chapters/chapter-01/section-04.tex:2118	defined
target		equation	eq:ch1-nc-equivalent-discrete-norms	label	tex/chapters/chapter-01/section-04.tex:2128	tex/chapters/chapter-01/section-04.tex:2128	defined
target		unknown	subsubsec:ch1-apx5-v-approximation	label	tex/chapters/chapter-01/section-04.tex:2133	tex/chapters/chapter-01/section-04.tex:2133	defined
target		equation	eq:ch1-apx5-v-embedding	label	tex/chapters/chapter-01/section-04.tex:2140	tex/chapters/chapter-01/section-04.tex:2140	defined
target		equation	eq:ch1-apx5-vh-definition	label	tex/chapters/chapter-01/section-04.tex:2146	tex/chapters/chapter-01/section-04.tex:2146	defined
target		equation	eq:ch1-apx5-elementwise-divergence	label	tex/chapters/chapter-01/section-04.tex:2153	tex/chapters/chapter-01/section-04.tex:2153	defined
target		equation	eq:ch1-apx5-face-average-restriction	label	tex/chapters/chapter-01/section-04.tex:2167	tex/chapters/chapter-01/section-04.tex:2167	defined
target		proposition	prop:ch1-apx5-v-stable-convergent	label	tex/chapters/chapter-01/section-04.tex:2189	tex/chapters/chapter-01/section-04.tex:2189	defined
target		equation	eq:ch1-apx5-weak-limit	label	tex/chapters/chapter-01/section-04.tex:2198	tex/chapters/chapter-01/section-04.tex:2198	defined
target		equation	eq:ch1-apx5-limit-h01	label	tex/chapters/chapter-01/section-04.tex:2204	tex/chapters/chapter-01/section-04.tex:2204	defined
target		equation	eq:ch1-apx5-point-interpolant-error	label	tex/chapters/chapter-01/section-04.tex:2223	tex/chapters/chapter-01/section-04.tex:2223	defined
target		equation	eq:ch1-apx5-interpolants-difference	label	tex/chapters/chapter-01/section-04.tex:2228	tex/chapters/chapter-01/section-04.tex:2228	defined
target		equation	eq:ch1-apx5-taylor-face-barycenter	label	tex/chapters/chapter-01/section-04.tex:2235	tex/chapters/chapter-01/section-04.tex:2235	defined
target		equation	eq:ch1-apx5-taylor-remainder	label	tex/chapters/chapter-01/section-04.tex:2241	tex/chapters/chapter-01/section-04.tex:2241	defined
target		equation	eq:ch1-apx5-nodal-error	label	tex/chapters/chapter-01/section-04.tex:2252	tex/chapters/chapter-01/section-04.tex:2252	defined
target		equation	eq:ch1-apx5-nodal-error-bound	label	tex/chapters/chapter-01/section-04.tex:2257	tex/chapters/chapter-01/section-04.tex:2257	defined
target		equation	eq:ch1-apx5-broken-derivative-error	label	tex/chapters/chapter-01/section-04.tex:2277	tex/chapters/chapter-01/section-04.tex:2277	defined
target		equation	eq:ch1-apx5-broken-norm-error	label	tex/chapters/chapter-01/section-04.tex:2282	tex/chapters/chapter-01/section-04.tex:2282	defined
target		equation	eq:ch1-apx5-global-convergence-estimate	label	tex/chapters/chapter-01/section-04.tex:2288	tex/chapters/chapter-01/section-04.tex:2288	defined
target		unknown	subsubsec:ch1-apx5-stokes	label	tex/chapters/chapter-01/section-04.tex:2293	tex/chapters/chapter-01/section-04.tex:2293	defined
target		equation	eq:ch1-apx5-bilinear-form	label	tex/chapters/chapter-01/section-04.tex:2301	tex/chapters/chapter-01/section-04.tex:2301	defined
target		equation	eq:ch1-apx5-linear-form	label	tex/chapters/chapter-01/section-04.tex:2306	tex/chapters/chapter-01/section-04.tex:2306	defined
target		equation	eq:ch1-apx5-stokes-problem	label	tex/chapters/chapter-01/section-04.tex:2317	tex/chapters/chapter-01/section-04.tex:2317	defined
target		equation	eq:ch1-apx5-stokes-convergence	label	tex/chapters/chapter-01/section-04.tex:2328	tex/chapters/chapter-01/section-04.tex:2328	defined
target		equation	eq:ch1-apx5-discrete-pressure	label	tex/chapters/chapter-01/section-04.tex:2335	tex/chapters/chapter-01/section-04.tex:2335	defined
target		equation	eq:ch1-apx5-velocity-pressure-system	label	tex/chapters/chapter-01/section-04.tex:2342	tex/chapters/chapter-01/section-04.tex:2342	defined
target		equation	eq:ch1-apx5-discrete-divergence	label	tex/chapters/chapter-01/section-04.tex:2347	tex/chapters/chapter-01/section-04.tex:2347	defined
target		equation	eq:ch1-apx5-smooth-interpolation-error	label	tex/chapters/chapter-01/section-04.tex:2353	tex/chapters/chapter-01/section-04.tex:2353	defined
target		lemma	lem:ch1-apx5-consistency	label	tex/chapters/chapter-01/section-04.tex:2360	tex/chapters/chapter-01/section-04.tex:2360	defined
target		equation	eq:ch1-apx5-consistency-identity	label	tex/chapters/chapter-01/section-04.tex:2365	tex/chapters/chapter-01/section-04.tex:2365	defined
target		equation	eq:ch1-apx5-consistency-bound	label	tex/chapters/chapter-01/section-04.tex:2370	tex/chapters/chapter-01/section-04.tex:2370	defined
target		equation	eq:ch1-apx5-stokes-error	label	tex/chapters/chapter-01/section-04.tex:2391	tex/chapters/chapter-01/section-04.tex:2391	defined
target		equation	eq:ch1-apx5-strong-momentum	label	tex/chapters/chapter-01/section-04.tex:2399	tex/chapters/chapter-01/section-04.tex:2399	defined
target		equation	eq:ch1-apx5-elementwise-momentum	label	tex/chapters/chapter-01/section-04.tex:2405	tex/chapters/chapter-01/section-04.tex:2405	defined
target		remark	rem:ch1-apx5-basis-and-uses	label	tex/chapters/chapter-01/section-04.tex:2424	tex/chapters/chapter-01/section-04.tex:2424	defined
target		unknown	subsubsec:ch1-nc-auxiliary-estimates	label	tex/chapters/chapter-01/section-04.tex:2435	tex/chapters/chapter-01/section-04.tex:2435	defined
target		equation	eq:ch1-nc-auxiliary-jh	label	tex/chapters/chapter-01/section-04.tex:2440	tex/chapters/chapter-01/section-04.tex:2440	defined
target		proposition	prop:ch1-nc-jh-h1-estimate	label	tex/chapters/chapter-01/section-04.tex:2448	tex/chapters/chapter-01/section-04.tex:2448	defined
target		equation	eq:ch1-nc-jh-h1-estimate	label	tex/chapters/chapter-01/section-04.tex:2453	tex/chapters/chapter-01/section-04.tex:2453	defined
target		lemma	lem:ch1-nc-boundary-cancellation	label	tex/chapters/chapter-01/section-04.tex:2461	tex/chapters/chapter-01/section-04.tex:2461	defined
target		equation	eq:ch1-nc-jh-face-sum	label	tex/chapters/chapter-01/section-04.tex:2466	tex/chapters/chapter-01/section-04.tex:2466	defined
target		lemma	lem:ch1-nc-boundary-difference	label	tex/chapters/chapter-01/section-04.tex:2492	tex/chapters/chapter-01/section-04.tex:2492	defined
target		equation	eq:ch1-nc-jh-difference-form	label	tex/chapters/chapter-01/section-04.tex:2498	tex/chapters/chapter-01/section-04.tex:2498	defined
target		equation	eq:ch1-nc-jh-subtract-barycenter	label	tex/chapters/chapter-01/section-04.tex:2508	tex/chapters/chapter-01/section-04.tex:2508	defined
target		equation	eq:ch1-nc-jh-barycenter-cancellation	label	tex/chapters/chapter-01/section-04.tex:2514	tex/chapters/chapter-01/section-04.tex:2514	defined
target		equation	eq:ch1-nc-jh-average-cancellation	label	tex/chapters/chapter-01/section-04.tex:2522	tex/chapters/chapter-01/section-04.tex:2522	defined
target		equation	eq:ch1-nc-linear-face-average	label	tex/chapters/chapter-01/section-04.tex:2532	tex/chapters/chapter-01/section-04.tex:2532	defined
target		lemma	lem:ch1-nc-boundary-cauchy	label	tex/chapters/chapter-01/section-04.tex:2539	tex/chapters/chapter-01/section-04.tex:2539	defined
target		equation	eq:ch1-nc-jh-cauchy-bound	label	tex/chapters/chapter-01/section-04.tex:2545	tex/chapters/chapter-01/section-04.tex:2545	defined
target		equation	eq:ch1-nc-face-measure-bound	label	tex/chapters/chapter-01/section-04.tex:2583	tex/chapters/chapter-01/section-04.tex:2583	defined
target		equation	eq:ch1-nc-inradius-height-bound	label	tex/chapters/chapter-01/section-04.tex:2588	tex/chapters/chapter-01/section-04.tex:2588	defined
target		equation	eq:ch1-nc-jh-pre-cauchy	label	tex/chapters/chapter-01/section-04.tex:2605	tex/chapters/chapter-01/section-04.tex:2605	defined
target		lemma	lem:ch1-nc-uniform-trace	label	tex/chapters/chapter-01/section-04.tex:2612	tex/chapters/chapter-01/section-04.tex:2612	defined
target		equation	eq:ch1-nc-local-trace-poincare	label	tex/chapters/chapter-01/section-04.tex:2617	tex/chapters/chapter-01/section-04.tex:2617	defined
target		equation	eq:ch1-nc-global-trace-poincare	label	tex/chapters/chapter-01/section-04.tex:2623	tex/chapters/chapter-01/section-04.tex:2623	defined
target		equation	eq:ch1-nc-trace-sigma	label	tex/chapters/chapter-01/section-04.tex:2652	tex/chapters/chapter-01/section-04.tex:2652	defined
target		equation	eq:ch1-nc-trace-pullback	label	tex/chapters/chapter-01/section-04.tex:2658	tex/chapters/chapter-01/section-04.tex:2658	defined
target		equation	eq:ch1-nc-determinant-trace-bound	label	tex/chapters/chapter-01/section-04.tex:2699	tex/chapters/chapter-01/section-04.tex:2699	defined
target		proposition	prop:ch1-nc-jh-lp-estimate	label	tex/chapters/chapter-01/section-04.tex:2727	tex/chapters/chapter-01/section-04.tex:2727	defined
target		equation	eq:ch1-nc-jh-lp-estimate	label	tex/chapters/chapter-01/section-04.tex:2733	tex/chapters/chapter-01/section-04.tex:2733	defined
target		lemma	lem:ch1-nc-jh-holder-face	label	tex/chapters/chapter-01/section-04.tex:2741	tex/chapters/chapter-01/section-04.tex:2741	defined
target		equation	eq:ch1-nc-jh-holder-face	label	tex/chapters/chapter-01/section-04.tex:2748	tex/chapters/chapter-01/section-04.tex:2748	defined
target		equation	eq:ch1-nc-linear-face-pointwise	label	tex/chapters/chapter-01/section-04.tex:2762	tex/chapters/chapter-01/section-04.tex:2762	defined
target		lemma	lem:ch1-nc-trace-holder	label	tex/chapters/chapter-01/section-04.tex:2781	tex/chapters/chapter-01/section-04.tex:2781	defined
target		equation	eq:ch1-nc-trace-holder	label	tex/chapters/chapter-01/section-04.tex:2793	tex/chapters/chapter-01/section-04.tex:2793	defined
target		lemma	lem:ch1-nc-jh-lp-intermediate	label	tex/chapters/chapter-01/section-04.tex:2869	tex/chapters/chapter-01/section-04.tex:2869	defined
target		equation	eq:ch1-nc-jh-lp-intermediate	label	tex/chapters/chapter-01/section-04.tex:2875	tex/chapters/chapter-01/section-04.tex:2875	defined
target		equation	eq:ch1-nc-jh-measure-sum	label	tex/chapters/chapter-01/section-04.tex:2897	tex/chapters/chapter-01/section-04.tex:2897	defined
target		equation	eq:ch1-nc-jh-global-holder	label	tex/chapters/chapter-01/section-04.tex:2928	tex/chapters/chapter-01/section-04.tex:2928	defined
target		equation	eq:ch1-nc-discrete-lp-lq	label	tex/chapters/chapter-01/section-04.tex:2937	tex/chapters/chapter-01/section-04.tex:2937	defined
target		lemma	lem:ch1-finite-sequence-lp-lq	label	tex/chapters/chapter-01/section-04.tex:2954	tex/chapters/chapter-01/section-04.tex:2954	defined
target		equation	eq:ch1-finite-sequence-lp-lq	label	tex/chapters/chapter-01/section-04.tex:2959	tex/chapters/chapter-01/section-04.tex:2959	defined
target		equation	eq:ch1-finite-sequence-induction	label	tex/chapters/chapter-01/section-04.tex:2987	tex/chapters/chapter-01/section-04.tex:2987	defined
reference	只需注意, \eqref{eq:ch1-barycentric-position} 与 \eqref{eq:ch1-barycentric-sum} 等价于线性方程组	equation	eq:ch1-barycentric-position	eqref	tex/chapters/chapter-01/section-04.tex:39	tex/chapters/chapter-01/section-04.tex:31	resolved
reference	只需注意, \eqref{eq:ch1-barycentric-position} 与 \eqref{eq:ch1-barycentric-sum} 等价于线性方程组	equation	eq:ch1-barycentric-sum	eqref	tex/chapters/chapter-01/section-04.tex:39	tex/chapters/chapter-01/section-04.tex:35	resolved
reference	由 \eqref{eq:ch1-barycentric-linear-system}, $\lambda_i$ 是 $P$ 的坐标 $x_1,\ldots,x_n$ 的线性函数, 一般是非齐次的:	equation	eq:ch1-barycentric-linear-system	eqref	tex/chapters/chapter-01/section-04.tex:53	tex/chapters/chapter-01/section-04.tex:49	resolved
reference	其中矩阵 $\mathcal B=(b_{i,j})$ 是矩阵 $\mathcal A$ 的逆. 容易看出, 在 \eqref{eq:ch1-barycentric-position} 中把点 $O$ 换成 $\mathbb R^n$ 中另一点不会改变重心坐标的值; 因而	equation	eq:ch1-barycentric-position	eqref	tex/chapters/chapter-01/section-04.tex:59	tex/chapters/chapter-01/section-04.tex:31	resolved
reference	方程组的矩阵是 $\mathcal A$ 的转置矩阵, 因而函数 $u$ 存在且唯一. 公式 \eqref{eq:ch1-linear-barycentric-interpolation} 给出该函数, 因为 $\lambda_i(A_j)=\delta_{ij}$.	equation	eq:ch1-linear-barycentric-interpolation	eqref	tex/chapters/chapter-01/section-04.tex:91	tex/chapters/chapter-01/section-04.tex:81	resolved
reference	\eqref{eq:ch1-barycentric-sum} 立即蕴含 \eqref{eq:ch1-barycentric-gradient-sum}. 由 \eqref{eq:ch1-barycentric-affine-functions},	equation	eq:ch1-barycentric-sum	eqref	tex/chapters/chapter-01/section-04.tex:119	tex/chapters/chapter-01/section-04.tex:35	resolved
reference	\eqref{eq:ch1-barycentric-sum} 立即蕴含 \eqref{eq:ch1-barycentric-gradient-sum}. 由 \eqref{eq:ch1-barycentric-affine-functions},	equation	eq:ch1-barycentric-gradient-sum	eqref	tex/chapters/chapter-01/section-04.tex:119	tex/chapters/chapter-01/section-04.tex:109	resolved
reference	\eqref{eq:ch1-barycentric-sum} 立即蕴含 \eqref{eq:ch1-barycentric-gradient-sum}. 由 \eqref{eq:ch1-barycentric-affine-functions},	equation	eq:ch1-barycentric-affine-functions	eqref	tex/chapters/chapter-01/section-04.tex:119	tex/chapters/chapter-01/section-04.tex:57	resolved
reference	因此, 由 \eqref{eq:ch1-barycentric-gradient-vector},	equation	eq:ch1-barycentric-gradient-vector	eqref	tex/chapters/chapter-01/section-04.tex:157	tex/chapters/chapter-01/section-04.tex:114	resolved
reference	因为 $P,Q\in S$, 有 $-1\leq\mu_i-\lambda_i\leq1$, 从而得到 \eqref{eq:ch1-barycentric-gradient-bound}.	equation	eq:ch1-barycentric-gradient-bound	eqref	tex/chapters/chapter-01/section-04.tex:163	tex/chapters/chapter-01/section-04.tex:142	resolved
reference	如引理 \ref{lem:ch1-barycentric-gradient-bound} 的证明, 令 $x$ 是任意单位向量, 写成 $x=PQ/\rho'$, 其中 $P,Q\in S$. 则	lemma	lem:ch1-barycentric-gradient-bound	ref	tex/chapters/chapter-01/section-04.tex:189	tex/chapters/chapter-01/section-04.tex:137	resolved
reference	以 $\mathcal H_\alpha$ 表示满足 \eqref{eq:ch1-regular-triangulation-shape-bound} 和 \eqref{eq:ch1-triangulation-domain-exhaustion} 的容许剖分集合.	equation	eq:ch1-regular-triangulation-shape-bound	eqref	tex/chapters/chapter-01/section-04.tex:271	tex/chapters/chapter-01/section-04.tex:261	resolved
reference	以 $\mathcal H_\alpha$ 表示满足 \eqref{eq:ch1-regular-triangulation-shape-bound} 和 \eqref{eq:ch1-triangulation-domain-exhaustion} 的容许剖分集合.	equation	eq:ch1-triangulation-domain-exhaustion	eqref	tex/chapters/chapter-01/section-04.tex:271	tex/chapters/chapter-01/section-04.tex:269	resolved
reference	其中 $\theta$ 是 $S$ 的最小角. 因而条件 \eqref{eq:ch1-regular-triangulation-shape-bound} 等价于说所有三角形的最小角都有一致正下界:	equation	eq:ch1-regular-triangulation-shape-bound	eqref	tex/chapters/chapter-01/section-04.tex:282	tex/chapters/chapter-01/section-04.tex:261	resolved
reference	\eqref{eq:ch1-quadratic-barycentric-interpolation} 右端是二次多项式. 若以 $\psi$ 表示该函数, 则	equation	eq:ch1-quadratic-barycentric-interpolation	eqref	tex/chapters/chapter-01/section-04.tex:331	tex/chapters/chapter-01/section-04.tex:326	resolved
reference	恰为关于这些系数的 $(n+1)(n+2)/2$ 个线性方程. 由 \eqref{eq:ch1-quadratic-barycentric-interpolation}, 对任意数据该方程组都有解, 所以方程组正则, 且该解唯一.	equation	eq:ch1-quadratic-barycentric-interpolation	eqref	tex/chapters/chapter-01/section-04.tex:351	tex/chapters/chapter-01/section-04.tex:326	resolved
reference	唯一性已由引理 \ref{lem:ch1-quadratic-simplex-interpolation} 给出. 同一引理还逐个单纯形给出分量为二次多项式的函数 $u_h$, 它在 $\mathring U_h$ 取给定值, 在 $U_h-\mathring U_h$ 以及 $\Omega(h)$ 外为零.	lemma	lem:ch1-quadratic-simplex-interpolation	ref	tex/chapters/chapter-01/section-04.tex:363	tex/chapters/chapter-01/section-04.tex:319	resolved
reference	只需验证连续性. 在任意单纯形的每个 $n-1$ 维面上, $u_h$ 每个分量从相邻两侧给出两个次数不超过二的多项式, 它们在该面的顶点与边中点处相等. 把引理 \ref{lem:ch1-quadratic-simplex-interpolation} 应用于 $n-1$ 维单纯形, 可知两侧多项式在整个面上相等, 故 $u_h$ 连续并属于 $W_h$.	lemma	lem:ch1-quadratic-simplex-interpolation	ref	tex/chapters/chapter-01/section-04.tex:365	tex/chapters/chapter-01/section-04.tex:319	resolved
reference	Ciarlet--Raviart [1] 称这样的集合 $E$ 为 $k$-单值集. 例如, 由命题 \ref{prop:ch1-linear-barycentric-interpolation} 和引理 \ref{lem:ch1-quadratic-simplex-interpolation}, $S$ 的顶点是 1-单值集, 点 $A_i,A_{ij}$ 是 2-单值集.	proposition	prop:ch1-linear-barycentric-interpolation	ref	tex/chapters/chapter-01/section-04.tex:459	tex/chapters/chapter-01/section-04.tex:76	resolved
reference	Ciarlet--Raviart [1] 称这样的集合 $E$ 为 $k$-单值集. 例如, 由命题 \ref{prop:ch1-linear-barycentric-interpolation} 和引理 \ref{lem:ch1-quadratic-simplex-interpolation}, $S$ 的顶点是 1-单值集, 点 $A_i,A_{ij}$ 是 2-单值集.	lemma	lem:ch1-quadratic-simplex-interpolation	ref	tex/chapters/chapter-01/section-04.tex:459	tex/chapters/chapter-01/section-04.tex:319	resolved
reference	的 $k$ 次多项式. 则 \eqref{eq:ch1-k-unisolvent-data} 中的 $p$ 可写成	equation	eq:ch1-k-unisolvent-data	eqref	tex/chapters/chapter-01/section-04.tex:467	tex/chapters/chapter-01/section-04.tex:457	resolved
reference	这是 \eqref{eq:ch1-general-interpolation-taylor} 与估计	equation	eq:ch1-general-interpolation-taylor	eqref	tex/chapters/chapter-01/section-04.tex:507	tex/chapters/chapter-01/section-04.tex:490	resolved
reference	\eqref{eq:ch1-general-interpolation-taylor} 与 \eqref{eq:ch1-cardinal-polynomial-derivative-bound} 的证明见 Ciarlet--Raviart [1], Raviart [2] 和 Strang--Fix [1]; 引理 \ref{lem:ch1-quadratic-interpolation-error} 的特殊情形也见 Ciarlet--Wagshall [1].	equation	eq:ch1-general-interpolation-taylor	eqref	tex/chapters/chapter-01/section-04.tex:518	tex/chapters/chapter-01/section-04.tex:490	resolved
reference	\eqref{eq:ch1-general-interpolation-taylor} 与 \eqref{eq:ch1-cardinal-polynomial-derivative-bound} 的证明见 Ciarlet--Raviart [1], Raviart [2] 和 Strang--Fix [1]; 引理 \ref{lem:ch1-quadratic-interpolation-error} 的特殊情形也见 Ciarlet--Wagshall [1].	equation	eq:ch1-cardinal-polynomial-derivative-bound	eqref	tex/chapters/chapter-01/section-04.tex:518	tex/chapters/chapter-01/section-04.tex:512	resolved
reference	\eqref{eq:ch1-general-interpolation-taylor} 与 \eqref{eq:ch1-cardinal-polynomial-derivative-bound} 的证明见 Ciarlet--Raviart [1], Raviart [2] 和 Strang--Fix [1]; 引理 \ref{lem:ch1-quadratic-interpolation-error} 的特殊情形也见 Ciarlet--Wagshall [1].	lemma	lem:ch1-quadratic-interpolation-error	ref	tex/chapters/chapter-01/section-04.tex:518	tex/chapters/chapter-01/section-04.tex:430	resolved
reference	条件 \eqref{eq:ch1-apx2-discrete-divergence} 是 $\operatorname{div}u=0$ 的离散形式. 函数 $u_h\in V_h$ 属于 $\mathbf H_0^1(\Omega)$, 但不属于 $V$; $V_h\not\subset V$. $V_h$ 没有简单基. 由引理 \ref{lem:ch1-quadratic-wh-basis}, 每个 $u_h\in V_h$ 可写成	equation	eq:ch1-apx2-discrete-divergence	eqref	tex/chapters/chapter-01/section-04.tex:544	tex/chapters/chapter-01/section-04.tex:541	resolved
reference	条件 \eqref{eq:ch1-apx2-discrete-divergence} 是 $\operatorname{div}u=0$ 的离散形式. 函数 $u_h\in V_h$ 属于 $\mathbf H_0^1(\Omega)$, 但不属于 $V$; $V_h\not\subset V$. $V_h$ 没有简单基. 由引理 \ref{lem:ch1-quadratic-wh-basis}, 每个 $u_h\in V_h$ 可写成	lemma	lem:ch1-quadratic-wh-basis	ref	tex/chapters/chapter-01/section-04.tex:544	tex/chapters/chapter-01/section-04.tex:378	resolved
reference	但函数 $w_{hM}$ 不属于 $V_h$. 引理 \ref{lem:ch1-quadratic-wh-basis} 与 \eqref{eq:ch1-apx2-discrete-divergence} 还说明	lemma	lem:ch1-quadratic-wh-basis	ref	tex/chapters/chapter-01/section-04.tex:548	tex/chapters/chapter-01/section-04.tex:378	resolved
reference	但函数 $w_{hM}$ 不属于 $V_h$. 引理 \ref{lem:ch1-quadratic-wh-basis} 与 \eqref{eq:ch1-apx2-discrete-divergence} 还说明	equation	eq:ch1-apx2-discrete-divergence	eqref	tex/chapters/chapter-01/section-04.tex:548	tex/chapters/chapter-01/section-04.tex:541	resolved
reference	\emph{算子 $r_h$.} 由于 $r_hu$ 必须满足 \eqref{eq:ch1-apx2-discrete-divergence}, 限制算子较难定义. 设 $u\in\mathcal V$, 令	equation	eq:ch1-apx2-discrete-divergence	eqref	tex/chapters/chapter-01/section-04.tex:562	tex/chapters/chapter-01/section-04.tex:541	resolved
reference	其中 $u_h^1,u_h^2$ 分别属于 $W_h$. 按 \eqref{eq:ch1-quadratic-restriction} 定义	equation	eq:ch1-quadratic-restriction	eqref	tex/chapters/chapter-01/section-04.tex:567	tex/chapters/chapter-01/section-04.tex:404	resolved
reference	由 \eqref{eq:ch1-apx2-restriction-split}--\eqref{eq:ch1-apx2-corrector-nodal-values} 定义的 $u_h$ 属于 $V_h$.	equation	eq:ch1-apx2-restriction-split	eqref	tex/chapters/chapter-01/section-04.tex:588	tex/chapters/chapter-01/section-04.tex:565	resolved
reference	由 \eqref{eq:ch1-apx2-restriction-split}--\eqref{eq:ch1-apx2-corrector-nodal-values} 定义的 $u_h$ 属于 $V_h$.	equation	eq:ch1-apx2-corrector-nodal-values	eqref	tex/chapters/chapter-01/section-04.tex:588	tex/chapters/chapter-01/section-04.tex:582	resolved
reference	\eqref{eq:ch1-apx2-corrector-nodal-values} 的要点是使	equation	eq:ch1-apx2-corrector-nodal-values	eqref	tex/chapters/chapter-01/section-04.tex:592	tex/chapters/chapter-01/section-04.tex:582	resolved
reference	代入积分并使用 \eqref{eq:ch1-apx2-corrector-nodal-values}, 即得 \eqref{eq:ch1-apx2-edge-flux}.	equation	eq:ch1-apx2-corrector-nodal-values	eqref	tex/chapters/chapter-01/section-04.tex:626	tex/chapters/chapter-01/section-04.tex:582	resolved
reference	代入积分并使用 \eqref{eq:ch1-apx2-corrector-nodal-values}, 即得 \eqref{eq:ch1-apx2-edge-flux}.	equation	eq:ch1-apx2-edge-flux	eqref	tex/chapters/chapter-01/section-04.tex:626	tex/chapters/chapter-01/section-04.tex:596	resolved
reference	先验证定义 \ref{def:ch1-convergent-external-approximation} 的条件 (C2). 设 $p_{h'}u_{h'}$, $u_{h'}\in V_{h'}$, 在 $F$ 中弱收敛到 $\varphi=u$. 由定理 \ref{thm:ch1-characterization-v}, 只需证明	definition	def:ch1-convergent-external-approximation	ref	tex/chapters/chapter-01/section-04.tex:636	tex/chapters/chapter-01/section-03.tex:107	resolved
reference	先验证定义 \ref{def:ch1-convergent-external-approximation} 的条件 (C2). 设 $p_{h'}u_{h'}$, $u_{h'}\in V_{h'}$, 在 $F$ 中弱收敛到 $\varphi=u$. 由定理 \ref{thm:ch1-characterization-v}, 只需证明	theorem	thm:ch1-characterization-v	ref	tex/chapters/chapter-01/section-04.tex:636	tex/chapters/chapter-01/section-01.tex:685	resolved
reference	取任意 $\theta\in\mathcal D(\Omega)$. 由 \eqref{eq:ch1-apx2-discrete-divergence},	equation	eq:ch1-apx2-discrete-divergence	eqref	tex/chapters/chapter-01/section-04.tex:641	tex/chapters/chapter-01/section-04.tex:541	resolved
reference	故 $\theta_h$ 在 $L^\infty$ 和 $L^2$ 范数中收敛到 $\theta$. 在 \eqref{eq:ch1-apx2-test-step-function} 中取极限, 得	equation	eq:ch1-apx2-test-step-function	eqref	tex/chapters/chapter-01/section-04.tex:651	tex/chapters/chapter-01/section-04.tex:644	resolved
reference	从而得到 \eqref{eq:ch1-apx2-limit-divergence}.	equation	eq:ch1-apx2-limit-divergence	eqref	tex/chapters/chapter-01/section-04.tex:656	tex/chapters/chapter-01/section-04.tex:639	resolved
reference	设 $\rho(h)$ 充分小, 使 $\Omega(h)$ 包含 $u$ 的支集. 由引理 \ref{lem:ch1-quadratic-interpolation-error} 和 \eqref{eq:ch1-general-simplex-interpolation-error}, 在每个 $S\in T_h$ 上,	lemma	lem:ch1-quadratic-interpolation-error	ref	tex/chapters/chapter-01/section-04.tex:668	tex/chapters/chapter-01/section-04.tex:430	resolved
reference	设 $\rho(h)$ 充分小, 使 $\Omega(h)$ 包含 $u$ 的支集. 由引理 \ref{lem:ch1-quadratic-interpolation-error} 和 \eqref{eq:ch1-general-simplex-interpolation-error}, 在每个 $S\in T_h$ 上,	equation	eq:ch1-general-simplex-interpolation-error	eqref	tex/chapters/chapter-01/section-04.tex:668	tex/chapters/chapter-01/section-04.tex:505	resolved
reference	由引理 \ref{lem:ch1-apx2-restriction-in-vh} 的证明,	lemma	lem:ch1-apx2-restriction-in-vh	ref	tex/chapters/chapter-01/section-04.tex:677	tex/chapters/chapter-01/section-04.tex:587	resolved
reference	由 \eqref{eq:ch1-cardinal-polynomial-derivative-bound},	equation	eq:ch1-cardinal-polynomial-derivative-bound	eqref	tex/chapters/chapter-01/section-04.tex:692	tex/chapters/chapter-01/section-04.tex:512	resolved
reference	结合 \eqref{eq:ch1-apx2-corrector-expansion}, 得	equation	eq:ch1-apx2-corrector-expansion	eqref	tex/chapters/chapter-01/section-04.tex:700	tex/chapters/chapter-01/section-04.tex:610	resolved
reference	利用上述 $V$ 的逼近以及 \ref{subsec:ch1-general-convergence-theorem}, 可提出二维 Stokes 问题的有限元格式. 在 \eqref{eq:ch1-discrete-variational-problem} 中取	subsection	subsec:ch1-general-convergence-theorem	ref	tex/chapters/chapter-01/section-04.tex:736	tex/chapters/chapter-01/section-03.tex:186	resolved
reference	利用上述 $V$ 的逼近以及 \ref{subsec:ch1-general-convergence-theorem}, 可提出二维 Stokes 问题的有限元格式. 在 \eqref{eq:ch1-discrete-variational-problem} 中取	equation	eq:ch1-discrete-variational-problem	eqref	tex/chapters/chapter-01/section-04.tex:736	tex/chapters/chapter-01/section-03.tex:221	resolved
reference	其中 $\nu,f$ 如 \ref{subsec:ch1-stokes-variational-formulation} 中给定. 逼近问题为	subsection	subsec:ch1-stokes-variational-formulation	ref	tex/chapters/chapter-01/section-04.tex:744	tex/chapters/chapter-01/section-02.tex:8	resolved
reference	若 $\rho(h)\to0$ 且 $\sigma(h)\leq\alpha$(即 $h\in\mathcal H_\alpha$), 则 \eqref{eq:ch1-apx2-stokes-problem} 的解 $u_h$ 在 $\mathbf H_0^1(\Omega)$ 范数中收敛到 \eqref{eq:ch1-stokes-variational-problem} 的解 $u$.	equation	eq:ch1-apx2-stokes-problem	eqref	tex/chapters/chapter-01/section-04.tex:754	tex/chapters/chapter-01/section-04.tex:748	resolved
reference	若 $\rho(h)\to0$ 且 $\sigma(h)\leq\alpha$(即 $h\in\mathcal H_\alpha$), 则 \eqref{eq:ch1-apx2-stokes-problem} 的解 $u_h$ 在 $\mathbf H_0^1(\Omega)$ 范数中收敛到 \eqref{eq:ch1-stokes-variational-problem} 的解 $u$.	equation	eq:ch1-stokes-variational-problem	eqref	tex/chapters/chapter-01/section-04.tex:754	tex/chapters/chapter-01/section-02.tex:45	resolved
reference	容易验证定理 \ref{thm:ch1-general-approximation-convergence} 适用, 其结论恰给出所述收敛结果.	theorem	thm:ch1-general-approximation-convergence	ref	tex/chapters/chapter-01/section-04.tex:758	tex/chapters/chapter-01/section-03.tex:244	resolved
reference	\emph{压力的逼近.} 如 \ref{subsubsec:ch1-stokes-finite-difference-scheme} 那样引入压力逼近. 映射	unknown	subsubsec:ch1-stokes-finite-difference-scheme	ref	tex/chapters/chapter-01/section-04.tex:761	tex/chapters/chapter-01/section-03.tex:950	resolved
reference	是 $W_h$ 上在 $V_h$ 中消失的线性型. 因为 $V_h$ 由线性约束 \eqref{eq:ch1-apx2-discrete-divergence} 刻画, 存在与这些约束对应的 Lagrange 乘子 $\lambda_S$, $S\in T_h$, 使	equation	eq:ch1-apx2-discrete-divergence	eqref	tex/chapters/chapter-01/section-04.tex:765	tex/chapters/chapter-01/section-04.tex:541	resolved
reference	由于没有可用的 $V_h$ 基, \eqref{eq:ch1-apx2-stokes-problem} 的解不易计算. 可用第 \ref{sec:ch1-numerical-algorithms} 节研究的算法进行计算.	equation	eq:ch1-apx2-stokes-problem	eqref	tex/chapters/chapter-01/section-04.tex:796	tex/chapters/chapter-01/section-04.tex:748	resolved
reference	由于没有可用的 $V_h$ 基, \eqref{eq:ch1-apx2-stokes-problem} 的解不易计算. 可用第 \ref{sec:ch1-numerical-algorithms} 节研究的算法进行计算.	section	sec:ch1-numerical-algorithms	ref	tex/chapters/chapter-01/section-04.tex:796	tex/chapters/chapter-01/section-05.tex:3	resolved
reference	\emph{$u$ 与 $u_h$ 之间的误差.} 假设 $\Omega\subset\mathbb R^2$ 具有多边形边界, $u\in\mathbf C^3(\overline\Omega)$, $p\in C^1(\overline\Omega)$. 由注 \ref{rem:ch1-apx2-polygonal-domain},	remark	rem:ch1-apx2-polygonal-domain	ref	tex/chapters/chapter-01/section-04.tex:799	tex/chapters/chapter-01/section-04.tex:725	resolved
reference	在 \eqref{eq:ch1-apx2-discrete-pressure} 与 \eqref{eq:ch1-apx2-discrete-momentum} 中取 $v=v_h=u_h-r_hu$, 再从 \eqref{eq:ch1-apx2-discrete-momentum} 减去 \eqref{eq:ch1-continuous-stokes-weak-pressure}, 得	equation	eq:ch1-apx2-discrete-pressure	eqref	tex/chapters/chapter-01/section-04.tex:804	tex/chapters/chapter-01/section-04.tex:777	resolved
reference	在 \eqref{eq:ch1-apx2-discrete-pressure} 与 \eqref{eq:ch1-apx2-discrete-momentum} 中取 $v=v_h=u_h-r_hu$, 再从 \eqref{eq:ch1-apx2-discrete-momentum} 减去 \eqref{eq:ch1-continuous-stokes-weak-pressure}, 得	equation	eq:ch1-apx2-discrete-momentum	eqref	tex/chapters/chapter-01/section-04.tex:804	tex/chapters/chapter-01/section-04.tex:783	resolved
reference	在 \eqref{eq:ch1-apx2-discrete-pressure} 与 \eqref{eq:ch1-apx2-discrete-momentum} 中取 $v=v_h=u_h-r_hu$, 再从 \eqref{eq:ch1-apx2-discrete-momentum} 减去 \eqref{eq:ch1-continuous-stokes-weak-pressure}, 得	equation	eq:ch1-apx2-discrete-momentum	eqref	tex/chapters/chapter-01/section-04.tex:804	tex/chapters/chapter-01/section-04.tex:783	resolved
reference	在 \eqref{eq:ch1-apx2-discrete-pressure} 与 \eqref{eq:ch1-apx2-discrete-momentum} 中取 $v=v_h=u_h-r_hu$, 再从 \eqref{eq:ch1-apx2-discrete-momentum} 减去 \eqref{eq:ch1-continuous-stokes-weak-pressure}, 得	equation	eq:ch1-continuous-stokes-weak-pressure	eqref	tex/chapters/chapter-01/section-04.tex:804	tex/chapters/chapter-01/section-04.tex:789	resolved
reference	则 \eqref{eq:ch1-apx2-error-identity} 右端等于	equation	eq:ch1-apx2-error-identity	eqref	tex/chapters/chapter-01/section-04.tex:817	tex/chapters/chapter-01/section-04.tex:808	resolved
reference	再利用 \eqref{eq:ch1-apx2-global-bounds},	equation	eq:ch1-apx2-global-bounds	eqref	tex/chapters/chapter-01/section-04.tex:849	tex/chapters/chapter-01/section-04.tex:718	resolved
reference	若 $\Omega$ 的边界不是多边形, \eqref{eq:ch1-apx2-h1-order-one}--\eqref{eq:ch1-apx2-final-order-one} 右端还会像通常那样出现一个 $\rho(h)$ 阶附加误差.	equation	eq:ch1-apx2-h1-order-one	eqref	tex/chapters/chapter-01/section-04.tex:854	tex/chapters/chapter-01/section-04.tex:847	resolved
reference	若 $\Omega$ 的边界不是多边形, \eqref{eq:ch1-apx2-h1-order-one}--\eqref{eq:ch1-apx2-final-order-one} 右端还会像通常那样出现一个 $\rho(h)$ 阶附加误差.	equation	eq:ch1-apx2-final-order-one	eqref	tex/chapters/chapter-01/section-04.tex:854	tex/chapters/chapter-01/section-04.tex:852	resolved
reference	估计 \eqref{eq:ch1-apx2-final-order-one} 并不令人满意, 因为它表明 $u$ 与 $u_h$ 在 $\mathbf H_0^1(\Omega)$ 范数中的误差为 $\rho(h)$ 阶, 而 $u$ 到 $V_h$ 的距离是 $\rho(h)^2$ 阶, 因为该距离由 $\|u-r_hu\|$ 控制.	equation	eq:ch1-apx2-final-order-one	eqref	tex/chapters/chapter-01/section-04.tex:859	tex/chapters/chapter-01/section-04.tex:852	resolved
reference	我们不知道这是因为 \eqref{eq:ch1-apx2-h1-order-one} 并非最优估计, 还是误差 $\|u-u_h\|$ 确实为 $\rho(h)$ 阶. 下一小节改进算法, 得到在 $\mathbf H_0^1(\Omega)$ 范数中误差必为 $\rho(h)^2$ 阶的逼近解.	equation	eq:ch1-apx2-h1-order-one	eqref	tex/chapters/chapter-01/section-04.tex:861	tex/chapters/chapter-01/section-04.tex:847	resolved
reference	现在给出 $H_0^1(\Omega)$ 和 $V$ 的另一个逼近. 它产生与 \eqref{eq:ch1-apx2-stokes-problem} 略有不同的 Stokes 问题逼近算法, 并具有最优阶误差. 相应的 $V$ 逼近记作 (APX2$'$), 逼近空间记作 $\widehat W_h,V_h^+,\ldots$, 而 $W_h,V_h,\ldots$ 仍表示 (APX2) 中的空间.	equation	eq:ch1-apx2-stokes-problem	eqref	tex/chapters/chapter-01/section-04.tex:867	tex/chapters/chapter-01/section-04.tex:748	resolved
reference	其中 $W_h$ 是 \ref{subsubsec:ch1-degree-two-h01} 中的空间. 因为 $W_h\cap B_h=\{0\}$, 每个 $\widetilde v_h\in\widehat W_h$ 有唯一分解	unknown	subsubsec:ch1-degree-two-h01	ref	tex/chapters/chapter-01/section-04.tex:886	tex/chapters/chapter-01/section-04.tex:297	resolved
reference	命题 \ref{prop:ch1-quadratic-h01-convergence} 的证明立即给出下述结果.	proposition	prop:ch1-quadratic-h01-convergence	ref	tex/chapters/chapter-01/section-04.tex:904	tex/chapters/chapter-01/section-04.tex:409	resolved
reference	的 $\widetilde u_h\in\widehat W_h$ 构成. 虽然 $W_h$ 显然嵌入 $\widehat W_h$, 但 $V_h$ 不包含于 $V_h^+$. $V_h^+$ 中的函数因泡函数而更一般, 但满足比 \eqref{eq:ch1-apx2-discrete-divergence} 更严格的代数关系 \eqref{eq:ch1-apx2prime-discrete-divergence}. 稍后将说明 $V_h$ 与 $V_h^+$ 的特殊关系, 特别是 $\dim V_h=\dim V_h^+$.	equation	eq:ch1-apx2-discrete-divergence	eqref	tex/chapters/chapter-01/section-04.tex:920	tex/chapters/chapter-01/section-04.tex:541	resolved
reference	的 $\widetilde u_h\in\widehat W_h$ 构成. 虽然 $W_h$ 显然嵌入 $\widehat W_h$, 但 $V_h$ 不包含于 $V_h^+$. $V_h^+$ 中的函数因泡函数而更一般, 但满足比 \eqref{eq:ch1-apx2-discrete-divergence} 更严格的代数关系 \eqref{eq:ch1-apx2prime-discrete-divergence}. 稍后将说明 $V_h$ 与 $V_h^+$ 的特殊关系, 特别是 $\dim V_h=\dim V_h^+$.	equation	eq:ch1-apx2prime-discrete-divergence	eqref	tex/chapters/chapter-01/section-04.tex:920	tex/chapters/chapter-01/section-04.tex:918	resolved
reference	在 $V_h^+\subset\mathbf H_0^1(\Omega)$ 上赋予 \eqref{eq:ch1-enriched-h01-product} 的标量积. 延拓算子 $p_h$ 是恒等算子, 范数为 $1$, 因而稳定.	equation	eq:ch1-enriched-h01-product	eqref	tex/chapters/chapter-01/section-04.tex:922	tex/chapters/chapter-01/section-04.tex:897	resolved
reference	其中按分解 \eqref{eq:ch1-enriched-space-decomposition},	equation	eq:ch1-enriched-space-decomposition	eqref	tex/chapters/chapter-01/section-04.tex:929	tex/chapters/chapter-01/section-04.tex:890	resolved
reference	$r_h$ 是 (APX2) 的限制算子. 选择 $t_h\in B_h$, 使 $u_h+t_h\in V_h^+$. 条件 \eqref{eq:ch1-apx2prime-discrete-divergence} 唯一确定 $t_h$, 且	equation	eq:ch1-apx2prime-discrete-divergence	eqref	tex/chapters/chapter-01/section-04.tex:934	tex/chapters/chapter-01/section-04.tex:918	resolved
reference	由 \eqref{eq:ch1-apx2prime-restriction}--\eqref{eq:ch1-apx2prime-bubble-coefficients} 定义的 $\widetilde u_h$ 属于 $V_h^+$.	equation	eq:ch1-apx2prime-restriction	eqref	tex/chapters/chapter-01/section-04.tex:951	tex/chapters/chapter-01/section-04.tex:927	resolved
reference	由 \eqref{eq:ch1-apx2prime-restriction}--\eqref{eq:ch1-apx2prime-bubble-coefficients} 定义的 $\widetilde u_h$ 属于 $V_h^+$.	equation	eq:ch1-apx2prime-bubble-coefficients	eqref	tex/chapters/chapter-01/section-04.tex:951	tex/chapters/chapter-01/section-04.tex:945	resolved
reference	对每个 $S\in T_h$, 只需验证 \eqref{eq:ch1-apx2prime-discrete-divergence} 对 $q=1,x_1,x_2$ 成立. 当 $q=1$ 时,	equation	eq:ch1-apx2prime-discrete-divergence	eqref	tex/chapters/chapter-01/section-04.tex:955	tex/chapters/chapter-01/section-04.tex:918	resolved
reference	(由 Green 公式和 $\beta_{hS}=0$ 在 $\partial S$ 上), 再用下一个引理, 条件恰等价于 \eqref{eq:ch1-apx2prime-bubble-coefficients}.	equation	eq:ch1-apx2prime-bubble-coefficients	eqref	tex/chapters/chapter-01/section-04.tex:974	tex/chapters/chapter-01/section-04.tex:945	resolved
reference	最后一个不含 $J$ 的积分等于 $1/120$, 因而得到 \eqref{eq:ch1-bubble-integral}.	equation	eq:ch1-bubble-integral	eqref	tex/chapters/chapter-01/section-04.tex:1004	tex/chapters/chapter-01/section-04.tex:983	resolved
reference	定义 \ref{def:ch1-convergent-external-approximation} 的条件 (C2) 用与命题 \ref{prop:ch1-apx2-stable-convergent} 完全相同的论证证明.	definition	def:ch1-convergent-external-approximation	ref	tex/chapters/chapter-01/section-04.tex:1014	tex/chapters/chapter-01/section-03.tex:107	resolved
reference	定义 \ref{def:ch1-convergent-external-approximation} 的条件 (C2) 用与命题 \ref{prop:ch1-apx2-stable-convergent} 完全相同的论证证明.	proposition	prop:ch1-apx2-stable-convergent	ref	tex/chapters/chapter-01/section-04.tex:1014	tex/chapters/chapter-01/section-04.tex:631	resolved
reference	其中 $t_h$ 由 \eqref{eq:ch1-apx2prime-bubble-corrector}--\eqref{eq:ch1-apx2prime-bubble-coefficients} 定义. 因为 $\operatorname{div}u=0$,	equation	eq:ch1-apx2prime-bubble-corrector	eqref	tex/chapters/chapter-01/section-04.tex:1021	tex/chapters/chapter-01/section-04.tex:937	resolved
reference	其中 $t_h$ 由 \eqref{eq:ch1-apx2prime-bubble-corrector}--\eqref{eq:ch1-apx2prime-bubble-coefficients} 定义. 因为 $\operatorname{div}u=0$,	equation	eq:ch1-apx2prime-bubble-coefficients	eqref	tex/chapters/chapter-01/section-04.tex:1021	tex/chapters/chapter-01/section-04.tex:945	resolved
reference	命题 \ref{prop:ch1-apx2-stable-convergent} 证明中的估计给出	proposition	prop:ch1-apx2-stable-convergent	ref	tex/chapters/chapter-01/section-04.tex:1037	tex/chapters/chapter-01/section-04.tex:631	resolved
reference	结合 \eqref{eq:ch1-apx2prime-coefficient-error-form},	equation	eq:ch1-apx2prime-coefficient-error-form	eqref	tex/chapters/chapter-01/section-04.tex:1043	tex/chapters/chapter-01/section-04.tex:1034	resolved
reference	这证明了 \eqref{eq:ch1-apx2prime-bubble-vanishes}.	equation	eq:ch1-apx2prime-bubble-vanishes	eqref	tex/chapters/chapter-01/section-04.tex:1076	tex/chapters/chapter-01/section-04.tex:1019	resolved
reference	由 \eqref{eq:ch1-apx2prime-restriction}, \eqref{eq:ch1-apx2-primary-error}, \eqref{eq:ch1-apx2-corrector-bounds} 与 \eqref{eq:ch1-apx2prime-bubble-gradient-integral}, 推得	equation	eq:ch1-apx2prime-restriction	eqref	tex/chapters/chapter-01/section-04.tex:1082	tex/chapters/chapter-01/section-04.tex:927	resolved
reference	由 \eqref{eq:ch1-apx2prime-restriction}, \eqref{eq:ch1-apx2-primary-error}, \eqref{eq:ch1-apx2-corrector-bounds} 与 \eqref{eq:ch1-apx2prime-bubble-gradient-integral}, 推得	equation	eq:ch1-apx2-primary-error	eqref	tex/chapters/chapter-01/section-04.tex:1082	tex/chapters/chapter-01/section-04.tex:675	resolved
reference	由 \eqref{eq:ch1-apx2prime-restriction}, \eqref{eq:ch1-apx2-primary-error}, \eqref{eq:ch1-apx2-corrector-bounds} 与 \eqref{eq:ch1-apx2prime-bubble-gradient-integral}, 推得	equation	eq:ch1-apx2-corrector-bounds	eqref	tex/chapters/chapter-01/section-04.tex:1082	tex/chapters/chapter-01/section-04.tex:707	resolved
reference	由 \eqref{eq:ch1-apx2prime-restriction}, \eqref{eq:ch1-apx2-primary-error}, \eqref{eq:ch1-apx2-corrector-bounds} 与 \eqref{eq:ch1-apx2prime-bubble-gradient-integral}, 推得	equation	eq:ch1-apx2prime-bubble-gradient-integral	eqref	tex/chapters/chapter-01/section-04.tex:1082	tex/chapters/chapter-01/section-04.tex:1068	resolved
reference	若 $\Omega=\Omega(h)$, 则 \eqref{eq:ch1-apx2prime-uniform-bounds} 对每个	equation	eq:ch1-apx2prime-uniform-bounds	eqref	tex/chapters/chapter-01/section-04.tex:1094	tex/chapters/chapter-01/section-04.tex:1090	resolved
reference	\emph{Stokes 问题的逼近.} 在 \eqref{eq:ch1-discrete-variational-problem} 中取	equation	eq:ch1-discrete-variational-problem	eqref	tex/chapters/chapter-01/section-04.tex:1103	tex/chapters/chapter-01/section-03.tex:221	resolved
reference	解存在且唯一; 应用定理 \ref{thm:ch1-general-approximation-convergence} 得下述收敛结果.	theorem	thm:ch1-general-approximation-convergence	ref	tex/chapters/chapter-01/section-04.tex:1121	tex/chapters/chapter-01/section-03.tex:244	resolved
reference	若 $\rho(h)\to0$ 且 $\sigma(h)\leq\alpha$(即 $h\in\mathcal H_\alpha$), 则 \eqref{eq:ch1-apx2prime-stokes-problem} 的解 $\widetilde u_h$ 在 $\mathbf H_0^1(\Omega)$ 范数中收敛到 \eqref{eq:ch1-stokes-variational-problem} 的解 $u$.	equation	eq:ch1-apx2prime-stokes-problem	eqref	tex/chapters/chapter-01/section-04.tex:1126	tex/chapters/chapter-01/section-04.tex:1119	resolved
reference	若 $\rho(h)\to0$ 且 $\sigma(h)\leq\alpha$(即 $h\in\mathcal H_\alpha$), 则 \eqref{eq:ch1-apx2prime-stokes-problem} 的解 $\widetilde u_h$ 在 $\mathbf H_0^1(\Omega)$ 范数中收敛到 \eqref{eq:ch1-stokes-variational-problem} 的解 $u$.	equation	eq:ch1-stokes-variational-problem	eqref	tex/chapters/chapter-01/section-04.tex:1126	tex/chapters/chapter-01/section-02.tex:45	resolved
reference	\emph{压力逼近.} 如 \eqref{eq:ch1-apx2-discrete-momentum} 那样引入压力逼近. 此时逼近压力 $\widetilde\pi_h$ 在每个三角形上为分片线性函数. 线性型	equation	eq:ch1-apx2-discrete-momentum	eqref	tex/chapters/chapter-01/section-04.tex:1129	tex/chapters/chapter-01/section-04.tex:783	resolved
reference	定义在 $\widehat W_h$ 上并在 $V_h^+$ 上消失. 由于 $V_h^+$ 由 \eqref{eq:ch1-apx2prime-discrete-divergence} 中 $q=1,x_1,x_2$ 的约束刻画, 存在 Lagrange 乘子 $\lambda_S^i$, $i=0,1,2$, $S\in T_h$, 使	equation	eq:ch1-apx2prime-discrete-divergence	eqref	tex/chapters/chapter-01/section-04.tex:1134	tex/chapters/chapter-01/section-04.tex:918	resolved
reference	$u\in\mathbf C^3(\overline\Omega)$, $p\in C^2(\overline\Omega)$. 由注 \ref{rem:ch1-apx2prime-interpolation-bounds},	remark	rem:ch1-apx2prime-interpolation-bounds	ref	tex/chapters/chapter-01/section-04.tex:1154	tex/chapters/chapter-01/section-04.tex:1081	resolved
reference	在 \eqref{eq:ch1-apx2prime-discrete-momentum} 与	equation	eq:ch1-apx2prime-discrete-momentum	eqref	tex/chapters/chapter-01/section-04.tex:1160	tex/chapters/chapter-01/section-04.tex:1150	resolved
reference	\eqref{eq:ch1-continuous-stokes-weak-pressure} 中取	equation	eq:ch1-continuous-stokes-weak-pressure	eqref	tex/chapters/chapter-01/section-04.tex:1161	tex/chapters/chapter-01/section-04.tex:789	resolved
reference	\eqref{eq:ch1-apx2prime-error-identity} 右端也等于	equation	eq:ch1-apx2prime-error-identity	eqref	tex/chapters/chapter-01/section-04.tex:1179	tex/chapters/chapter-01/section-04.tex:1167	resolved
reference	现在给出 $V_h$ 与 $V_h^+$ 之间的简单代数关系: 存在从 $V_h^+$ 到 $V_h$ 的简单同构 $\Lambda_h$. 这说明两空间维数相同, 并可把格式 \eqref{eq:ch1-apx2prime-stokes-problem} 解释为 $V_h$ 中的格式. 这种格式更容易求解, 因为每个 $S\in T_h$ 上只有一个而非三个线性约束.	equation	eq:ch1-apx2prime-stokes-problem	eqref	tex/chapters/chapter-01/section-04.tex:1199	tex/chapters/chapter-01/section-04.tex:1119	resolved
reference	\ref{lem:ch1-apx2prime-restriction-in-vhplus} 的证明相同, 而 $t_h$ 仍由	lemma	lem:ch1-apx2prime-restriction-in-vhplus	ref	tex/chapters/chapter-01/section-04.tex:1221	tex/chapters/chapter-01/section-04.tex:950	resolved
reference	\eqref{eq:ch1-apx2prime-bubble-corrector}--\eqref{eq:ch1-apx2prime-bubble-coefficients} 给出.	equation	eq:ch1-apx2prime-bubble-corrector	eqref	tex/chapters/chapter-01/section-04.tex:1222	tex/chapters/chapter-01/section-04.tex:937	resolved
reference	\eqref{eq:ch1-apx2prime-bubble-corrector}--\eqref{eq:ch1-apx2prime-bubble-coefficients} 给出.	equation	eq:ch1-apx2prime-bubble-coefficients	eqref	tex/chapters/chapter-01/section-04.tex:1222	tex/chapters/chapter-01/section-04.tex:945	resolved
reference	由引理 \ref{lem:ch1-vhplus-vh-isomorphism}, 格式	lemma	lem:ch1-vhplus-vh-isomorphism	ref	tex/chapters/chapter-01/section-04.tex:1225	tex/chapters/chapter-01/section-04.tex:1207	resolved
reference	\eqref{eq:ch1-apx2prime-stokes-problem} 可写为	equation	eq:ch1-apx2prime-stokes-problem	eqref	tex/chapters/chapter-01/section-04.tex:1226	tex/chapters/chapter-01/section-04.tex:1119	resolved
reference	其中 $t_h(u_h)\in B_h$ 由引理 \ref{lem:ch1-vhplus-vh-isomorphism} 和	lemma	lem:ch1-vhplus-vh-isomorphism	ref	tex/chapters/chapter-01/section-04.tex:1235	tex/chapters/chapter-01/section-04.tex:1207	resolved
reference	\eqref{eq:ch1-apx2prime-bubble-corrector}--\eqref{eq:ch1-apx2prime-bubble-coefficients} 给出.	equation	eq:ch1-apx2prime-bubble-corrector	eqref	tex/chapters/chapter-01/section-04.tex:1236	tex/chapters/chapter-01/section-04.tex:937	resolved
reference	\eqref{eq:ch1-apx2prime-bubble-corrector}--\eqref{eq:ch1-apx2prime-bubble-coefficients} 给出.	equation	eq:ch1-apx2prime-bubble-coefficients	eqref	tex/chapters/chapter-01/section-04.tex:1236	tex/chapters/chapter-01/section-04.tex:945	resolved
reference	证明与引理 \ref{lem:ch1-quadratic-simplex-interpolation} 完全相同. $\varphi$ 的系数是方程数与未知数数目相同的线性方程组的解; 只需验证	lemma	lem:ch1-quadratic-simplex-interpolation	ref	tex/chapters/chapter-01/section-04.tex:1276	tex/chapters/chapter-01/section-04.tex:319	resolved
reference	\eqref{eq:ch1-cubic-tetrahedron-formula} 右端对任意数据	equation	eq:ch1-cubic-tetrahedron-formula	eqref	tex/chapters/chapter-01/section-04.tex:1277	tex/chapters/chapter-01/section-04.tex:1271	resolved
reference	$h\in\mathcal H_\alpha$ 时, $r_hu\to u$ 在 $\mathbf H_0^1(\Omega)$ 中成立. Hermite 型插值多项式的 \eqref{eq:ch1-general-simplex-interpolation-error} 类似物给出	equation	eq:ch1-general-simplex-interpolation-error	eqref	tex/chapters/chapter-01/section-04.tex:1338	tex/chapters/chapter-01/section-04.tex:505	resolved
reference	\eqref{eq:ch1-cubic-wh-product} 的标量积. 延拓算子 $p_h$ 是恒等算子.	equation	eq:ch1-cubic-wh-product	eqref	tex/chapters/chapter-01/section-04.tex:1376	tex/chapters/chapter-01/section-04.tex:1314	resolved
reference	该命题的证明与命题 \ref{prop:ch1-apx2-stable-convergent} 的证明相同. Stokes 问题的逼近也可完全按照 \ref{subsec:ch1-degree-two-elements} 研究.	proposition	prop:ch1-apx2-stable-convergent	ref	tex/chapters/chapter-01/section-04.tex:1429	tex/chapters/chapter-01/section-04.tex:631	resolved
reference	该命题的证明与命题 \ref{prop:ch1-apx2-stable-convergent} 的证明相同. Stokes 问题的逼近也可完全按照 \ref{subsec:ch1-degree-two-elements} 研究.	subsection	subsec:ch1-degree-two-elements	ref	tex/chapters/chapter-01/section-04.tex:1429	tex/chapters/chapter-01/section-04.tex:292	resolved
reference	这里假设 $\Omega$ 是 $\mathbb R^2$ 中具有 Lipschitz 边界的有界开集. 为简单起见, 假设 $\Omega$ 单连通; 关于多连通情形, 见注记 \ref{rem:ch1-apx4-multiply-connected}.	remark	rem:ch1-apx4-multiply-connected	ref	tex/chapters/chapter-01/section-04.tex:1434	tex/chapters/chapter-01/section-04.tex:1755	resolved
reference	现在的目标是用分片五次多项式函数构造 $H_0^2(\Omega)$ 的逼近, 再借助同构 \eqref{eq:ch1-apx4-stream-isomorphism} 得到 $V$ 的内逼近.	equation	eq:ch1-apx4-stream-isomorphism	eqref	tex/chapters/chapter-01/section-04.tex:1461	tex/chapters/chapter-01/section-04.tex:1457	resolved
reference	$\phi$ 有 21 个系数, 而与 \eqref{eq:ch1-quintic-vertex-data}–\eqref{eq:ch1-quintic-midpoint-data} 对应的条件也给出关于这些未知量的 21 个线性方程. 与引理 \ref{lem:ch1-quadratic-simplex-interpolation} 和引理 \ref{lem:ch1-cubic-tetrahedron-interpolation} 一样, 只需证明对 \eqref{eq:ch1-quintic-vertex-data}–\eqref{eq:ch1-quintic-midpoint-data} 中任意一组数据确实存在解. 这可通过显式构造 $\phi$ 证明, 并得到与 \eqref{eq:ch1-quadratic-barycentric-interpolation} 或 \eqref{eq:ch1-cubic-tetrahedron-formula} 类似的公式. 这里略去这一技术性很强的证明, 证明可见 A. Ženíšek [1] 或 M. Zlámal [1].	equation	eq:ch1-quintic-vertex-data	eqref	tex/chapters/chapter-01/section-04.tex:1495	tex/chapters/chapter-01/section-04.tex:1483	resolved
reference	$\phi$ 有 21 个系数, 而与 \eqref{eq:ch1-quintic-vertex-data}–\eqref{eq:ch1-quintic-midpoint-data} 对应的条件也给出关于这些未知量的 21 个线性方程. 与引理 \ref{lem:ch1-quadratic-simplex-interpolation} 和引理 \ref{lem:ch1-cubic-tetrahedron-interpolation} 一样, 只需证明对 \eqref{eq:ch1-quintic-vertex-data}–\eqref{eq:ch1-quintic-midpoint-data} 中任意一组数据确实存在解. 这可通过显式构造 $\phi$ 证明, 并得到与 \eqref{eq:ch1-quadratic-barycentric-interpolation} 或 \eqref{eq:ch1-cubic-tetrahedron-formula} 类似的公式. 这里略去这一技术性很强的证明, 证明可见 A. Ženíšek [1] 或 M. Zlámal [1].	equation	eq:ch1-quintic-midpoint-data	eqref	tex/chapters/chapter-01/section-04.tex:1495	tex/chapters/chapter-01/section-04.tex:1489	resolved
reference	$\phi$ 有 21 个系数, 而与 \eqref{eq:ch1-quintic-vertex-data}–\eqref{eq:ch1-quintic-midpoint-data} 对应的条件也给出关于这些未知量的 21 个线性方程. 与引理 \ref{lem:ch1-quadratic-simplex-interpolation} 和引理 \ref{lem:ch1-cubic-tetrahedron-interpolation} 一样, 只需证明对 \eqref{eq:ch1-quintic-vertex-data}–\eqref{eq:ch1-quintic-midpoint-data} 中任意一组数据确实存在解. 这可通过显式构造 $\phi$ 证明, 并得到与 \eqref{eq:ch1-quadratic-barycentric-interpolation} 或 \eqref{eq:ch1-cubic-tetrahedron-formula} 类似的公式. 这里略去这一技术性很强的证明, 证明可见 A. Ženíšek [1] 或 M. Zlámal [1].	lemma	lem:ch1-quadratic-simplex-interpolation	ref	tex/chapters/chapter-01/section-04.tex:1495	tex/chapters/chapter-01/section-04.tex:319	resolved
reference	$\phi$ 有 21 个系数, 而与 \eqref{eq:ch1-quintic-vertex-data}–\eqref{eq:ch1-quintic-midpoint-data} 对应的条件也给出关于这些未知量的 21 个线性方程. 与引理 \ref{lem:ch1-quadratic-simplex-interpolation} 和引理 \ref{lem:ch1-cubic-tetrahedron-interpolation} 一样, 只需证明对 \eqref{eq:ch1-quintic-vertex-data}–\eqref{eq:ch1-quintic-midpoint-data} 中任意一组数据确实存在解. 这可通过显式构造 $\phi$ 证明, 并得到与 \eqref{eq:ch1-quadratic-barycentric-interpolation} 或 \eqref{eq:ch1-cubic-tetrahedron-formula} 类似的公式. 这里略去这一技术性很强的证明, 证明可见 A. Ženíšek [1] 或 M. Zlámal [1].	lemma	lem:ch1-cubic-tetrahedron-interpolation	ref	tex/chapters/chapter-01/section-04.tex:1495	tex/chapters/chapter-01/section-04.tex:1256	resolved
reference	$\phi$ 有 21 个系数, 而与 \eqref{eq:ch1-quintic-vertex-data}–\eqref{eq:ch1-quintic-midpoint-data} 对应的条件也给出关于这些未知量的 21 个线性方程. 与引理 \ref{lem:ch1-quadratic-simplex-interpolation} 和引理 \ref{lem:ch1-cubic-tetrahedron-interpolation} 一样, 只需证明对 \eqref{eq:ch1-quintic-vertex-data}–\eqref{eq:ch1-quintic-midpoint-data} 中任意一组数据确实存在解. 这可通过显式构造 $\phi$ 证明, 并得到与 \eqref{eq:ch1-quadratic-barycentric-interpolation} 或 \eqref{eq:ch1-cubic-tetrahedron-formula} 类似的公式. 这里略去这一技术性很强的证明, 证明可见 A. Ženíšek [1] 或 M. Zlámal [1].	equation	eq:ch1-quintic-vertex-data	eqref	tex/chapters/chapter-01/section-04.tex:1495	tex/chapters/chapter-01/section-04.tex:1483	resolved
reference	$\phi$ 有 21 个系数, 而与 \eqref{eq:ch1-quintic-vertex-data}–\eqref{eq:ch1-quintic-midpoint-data} 对应的条件也给出关于这些未知量的 21 个线性方程. 与引理 \ref{lem:ch1-quadratic-simplex-interpolation} 和引理 \ref{lem:ch1-cubic-tetrahedron-interpolation} 一样, 只需证明对 \eqref{eq:ch1-quintic-vertex-data}–\eqref{eq:ch1-quintic-midpoint-data} 中任意一组数据确实存在解. 这可通过显式构造 $\phi$ 证明, 并得到与 \eqref{eq:ch1-quadratic-barycentric-interpolation} 或 \eqref{eq:ch1-cubic-tetrahedron-formula} 类似的公式. 这里略去这一技术性很强的证明, 证明可见 A. Ženíšek [1] 或 M. Zlámal [1].	equation	eq:ch1-quintic-midpoint-data	eqref	tex/chapters/chapter-01/section-04.tex:1495	tex/chapters/chapter-01/section-04.tex:1489	resolved
reference	$\phi$ 有 21 个系数, 而与 \eqref{eq:ch1-quintic-vertex-data}–\eqref{eq:ch1-quintic-midpoint-data} 对应的条件也给出关于这些未知量的 21 个线性方程. 与引理 \ref{lem:ch1-quadratic-simplex-interpolation} 和引理 \ref{lem:ch1-cubic-tetrahedron-interpolation} 一样, 只需证明对 \eqref{eq:ch1-quintic-vertex-data}–\eqref{eq:ch1-quintic-midpoint-data} 中任意一组数据确实存在解. 这可通过显式构造 $\phi$ 证明, 并得到与 \eqref{eq:ch1-quadratic-barycentric-interpolation} 或 \eqref{eq:ch1-cubic-tetrahedron-formula} 类似的公式. 这里略去这一技术性很强的证明, 证明可见 A. Ženíšek [1] 或 M. Zlámal [1].	equation	eq:ch1-quadratic-barycentric-interpolation	eqref	tex/chapters/chapter-01/section-04.tex:1495	tex/chapters/chapter-01/section-04.tex:326	resolved
reference	$\phi$ 有 21 个系数, 而与 \eqref{eq:ch1-quintic-vertex-data}–\eqref{eq:ch1-quintic-midpoint-data} 对应的条件也给出关于这些未知量的 21 个线性方程. 与引理 \ref{lem:ch1-quadratic-simplex-interpolation} 和引理 \ref{lem:ch1-cubic-tetrahedron-interpolation} 一样, 只需证明对 \eqref{eq:ch1-quintic-vertex-data}–\eqref{eq:ch1-quintic-midpoint-data} 中任意一组数据确实存在解. 这可通过显式构造 $\phi$ 证明, 并得到与 \eqref{eq:ch1-quadratic-barycentric-interpolation} 或 \eqref{eq:ch1-cubic-tetrahedron-formula} 类似的公式. 这里略去这一技术性很强的证明, 证明可见 A. Ženíšek [1] 或 M. Zlámal [1].	equation	eq:ch1-cubic-tetrahedron-formula	eqref	tex/chapters/chapter-01/section-04.tex:1495	tex/chapters/chapter-01/section-04.tex:1271	resolved
reference	这来自 Hermite 型多项式插值的 \eqref{eq:ch1-general-simplex-interpolation-error} 和 \eqref{eq:ch1-cubic-local-error} 的类似结果, 见 Ciarlet \& Raviart [1], G. Strang and G. Fix [1], A. Ženíšek [1], 以及 M. Zlámal [1]:	equation	eq:ch1-general-simplex-interpolation-error	eqref	tex/chapters/chapter-01/section-04.tex:1600	tex/chapters/chapter-01/section-04.tex:505	resolved
reference	这来自 Hermite 型多项式插值的 \eqref{eq:ch1-general-simplex-interpolation-error} 和 \eqref{eq:ch1-cubic-local-error} 的类似结果, 见 Ciarlet \& Raviart [1], G. Strang and G. Fix [1], A. Ženíšek [1], 以及 M. Zlámal [1]:	equation	eq:ch1-cubic-local-error	eqref	tex/chapters/chapter-01/section-04.tex:1600	tex/chapters/chapter-01/section-04.tex:1345	resolved
reference	而由 \eqref{eq:ch1-triangulation-domain-exhaustion}, 显然	equation	eq:ch1-triangulation-domain-exhaustion	eqref	tex/chapters/chapter-01/section-04.tex:1624	tex/chapters/chapter-01/section-04.tex:269	resolved
reference	回顾 $\Omega$ 是 $\mathbb R^2$ 中有界单连通集. 使用上述 $H_0^2(\Omega)$ 的逼近和同构 \eqref{eq:ch1-apx4-stream-isomorphism}, 定义 $V$ 的内逼近.	equation	eq:ch1-apx4-stream-isomorphism	eqref	tex/chapters/chapter-01/section-04.tex:1634	tex/chapters/chapter-01/section-04.tex:1457	resolved
reference	\emph{算子 $r_h$.} 设 $u\in\mathcal V$, 并以 $\psi$ 表示相应流函数, 见 \eqref{eq:ch1-apx4-stream-isomorphism}. 显然 $\psi\in\mathcal D(\Omega)$, 可由 \eqref{eq:ch1-apx4-restriction} 定义 $\psi_h\in X_h$. 然后令	equation	eq:ch1-apx4-stream-isomorphism	eqref	tex/chapters/chapter-01/section-04.tex:1659	tex/chapters/chapter-01/section-04.tex:1457	resolved
reference	\emph{算子 $r_h$.} 设 $u\in\mathcal V$, 并以 $\psi$ 表示相应流函数, 见 \eqref{eq:ch1-apx4-stream-isomorphism}. 显然 $\psi\in\mathcal D(\Omega)$, 可由 \eqref{eq:ch1-apx4-restriction} 定义 $\psi_h\in X_h$. 然后令	equation	eq:ch1-apx4-restriction	eqref	tex/chapters/chapter-01/section-04.tex:1659	tex/chapters/chapter-01/section-04.tex:1583	resolved
reference	根据 \eqref{eq:ch1-apx4-stream-isomorphism}, \eqref{eq:ch1-apx4-stream-norm-bound}, \eqref{eq:ch1-apx4-stream-norm-bound}, 有	equation	eq:ch1-apx4-stream-isomorphism	eqref	tex/chapters/chapter-01/section-04.tex:1680	tex/chapters/chapter-01/section-04.tex:1457	resolved
reference	根据 \eqref{eq:ch1-apx4-stream-isomorphism}, \eqref{eq:ch1-apx4-stream-norm-bound}, \eqref{eq:ch1-apx4-stream-norm-bound}, 有	equation	eq:ch1-apx4-stream-norm-bound	eqref	tex/chapters/chapter-01/section-04.tex:1680	tex/chapters/chapter-01/section-04.tex:1654	resolved
reference	根据 \eqref{eq:ch1-apx4-stream-isomorphism}, \eqref{eq:ch1-apx4-stream-norm-bound}, \eqref{eq:ch1-apx4-stream-norm-bound}, 有	equation	eq:ch1-apx4-stream-norm-bound	eqref	tex/chapters/chapter-01/section-04.tex:1680	tex/chapters/chapter-01/section-04.tex:1654	resolved
reference	于是由 \eqref{eq:ch1-apx4-h02-domain-error} 和 \eqref{eq:ch1-apx4-h02-outside-error} 得到 \eqref{eq:ch1-apx4-v-convergence}.	equation	eq:ch1-apx4-h02-domain-error	eqref	tex/chapters/chapter-01/section-04.tex:1684	tex/chapters/chapter-01/section-04.tex:1622	resolved
reference	于是由 \eqref{eq:ch1-apx4-h02-domain-error} 和 \eqref{eq:ch1-apx4-h02-outside-error} 得到 \eqref{eq:ch1-apx4-v-convergence}.	equation	eq:ch1-apx4-h02-outside-error	eqref	tex/chapters/chapter-01/section-04.tex:1684	tex/chapters/chapter-01/section-04.tex:1628	resolved
reference	于是由 \eqref{eq:ch1-apx4-h02-domain-error} 和 \eqref{eq:ch1-apx4-h02-outside-error} 得到 \eqref{eq:ch1-apx4-v-convergence}.	equation	eq:ch1-apx4-v-convergence	eqref	tex/chapters/chapter-01/section-04.tex:1684	tex/chapters/chapter-01/section-04.tex:1678	resolved
reference	在 \eqref{eq:ch1-discrete-variational-problem} 中取	equation	eq:ch1-discrete-variational-problem	eqref	tex/chapters/chapter-01/section-04.tex:1689	tex/chapters/chapter-01/section-03.tex:221	resolved
reference	其中 $\nu$ 和 $f$ 如第 \ref{sec:ch1-stokes-existence-uniqueness} 节所给, 见定理 \ref{thm:ch1-stokes-existence-uniqueness}.	section	sec:ch1-stokes-existence-uniqueness	ref	tex/chapters/chapter-01/section-04.tex:1698	tex/chapters/chapter-01/section-02.tex:3	resolved
reference	其中 $\nu$ 和 $f$ 如第 \ref{sec:ch1-stokes-existence-uniqueness} 节所给, 见定理 \ref{thm:ch1-stokes-existence-uniqueness}.	theorem	thm:ch1-stokes-existence-uniqueness	ref	tex/chapters/chapter-01/section-04.tex:1698	tex/chapters/chapter-01/section-02.tex:119	resolved
reference	与 \eqref{eq:ch1-stokes-variational-problem} 相联系的近似问题为	equation	eq:ch1-stokes-variational-problem	eqref	tex/chapters/chapter-01/section-04.tex:1700	tex/chapters/chapter-01/section-02.tex:45	resolved
reference	问题 \eqref{eq:ch1-apx4-stokes-discrete-problem} 的解 $u_h$ 存在且唯一, 并且由定理 \ref{thm:ch1-general-approximation-convergence} 与命题 \ref{prop:ch1-apx4-v-stable-convergent},	equation	eq:ch1-apx4-stokes-discrete-problem	eqref	tex/chapters/chapter-01/section-04.tex:1711	tex/chapters/chapter-01/section-04.tex:1709	resolved
reference	问题 \eqref{eq:ch1-apx4-stokes-discrete-problem} 的解 $u_h$ 存在且唯一, 并且由定理 \ref{thm:ch1-general-approximation-convergence} 与命题 \ref{prop:ch1-apx4-v-stable-convergent},	theorem	thm:ch1-general-approximation-convergence	ref	tex/chapters/chapter-01/section-04.tex:1711	tex/chapters/chapter-01/section-03.tex:244	resolved
reference	问题 \eqref{eq:ch1-apx4-stokes-discrete-problem} 的解 $u_h$ 存在且唯一, 并且由定理 \ref{thm:ch1-general-approximation-convergence} 与命题 \ref{prop:ch1-apx4-v-stable-convergent},	proposition	prop:ch1-apx4-v-stable-convergent	ref	tex/chapters/chapter-01/section-04.tex:1711	tex/chapters/chapter-01/section-04.tex:1668	resolved
reference	\emph{$u$ 与 $u_h$ 之间的误差.} 假设 $\Omega$ 具有多边形边界, 从而可以选择满足 $\Omega(h)=\Omega$ 的剖分 $T_h$. 再假设 Stokes 问题的解 $u$ 足够光滑, 使 $u\in C^5(\overline\Omega)$. 由 \eqref{eq:ch1-apx4-h02-domain-error} 和 \eqref{eq:ch1-apx4-stream-norm-bound},	equation	eq:ch1-apx4-h02-domain-error	eqref	tex/chapters/chapter-01/section-04.tex:1718	tex/chapters/chapter-01/section-04.tex:1622	resolved
reference	\emph{$u$ 与 $u_h$ 之间的误差.} 假设 $\Omega$ 具有多边形边界, 从而可以选择满足 $\Omega(h)=\Omega$ 的剖分 $T_h$. 再假设 Stokes 问题的解 $u$ 足够光滑, 使 $u\in C^5(\overline\Omega)$. 由 \eqref{eq:ch1-apx4-h02-domain-error} 和 \eqref{eq:ch1-apx4-stream-norm-bound},	equation	eq:ch1-apx4-stream-norm-bound	eqref	tex/chapters/chapter-01/section-04.tex:1718	tex/chapters/chapter-01/section-04.tex:1654	resolved
reference	这里为简单起见, \eqref{eq:ch1-apx4-h02-domain-error} 是对 $\psi\in\mathcal D(\Omega)$ 证明的; 该证明对任意 $\psi\in C^6(\overline\Omega)\cap H_0^2(\Omega)$ 仍然有效.	equation	eq:ch1-apx4-h02-domain-error	eqref	tex/chapters/chapter-01/section-04.tex:1723	tex/chapters/chapter-01/section-04.tex:1622	resolved
reference	由 \eqref{eq:ch1-apx4-interpolation-error} 得到	equation	eq:ch1-apx4-interpolation-error	eqref	tex/chapters/chapter-01/section-04.tex:1747	tex/chapters/chapter-01/section-04.tex:1721	resolved
reference	若 $\Omega$ 是 $\mathbb R^2$ 中的多连通开集, 且 $u\in V$, 则根据引理 \ref{lem:ch1-stream-function-single-valued}, 存在满足 \eqref{eq:ch1-apx4-stream-function} 的函数 $\psi$. 因为 $u$ 在 $\partial\Omega$ 上为零, 函数 $\psi$ 必为单值, $\partial\psi/\partial\nu$ 在 $\partial\Omega$ 上为零, 函数 $\psi$ 必为单值, $\partial\psi/\partial\nu$ 在 $\partial\Omega$ 上为零, $\psi$ 在 $\partial\Omega$ 的外部部分 $\Gamma_0$ 上为零, 并且在 $\partial\Omega$ 的内部连通分支 $\Gamma_1,\Gamma_2,\ldots$ 上为常数.	lemma	lem:ch1-stream-function-single-valued	ref	tex/chapters/chapter-01/section-04.tex:1756	tex/chapters/chapter-01/section-02.tex:806	resolved
reference	若 $\Omega$ 是 $\mathbb R^2$ 中的多连通开集, 且 $u\in V$, 则根据引理 \ref{lem:ch1-stream-function-single-valued}, 存在满足 \eqref{eq:ch1-apx4-stream-function} 的函数 $\psi$. 因为 $u$ 在 $\partial\Omega$ 上为零, 函数 $\psi$ 必为单值, $\partial\psi/\partial\nu$ 在 $\partial\Omega$ 上为零, 函数 $\psi$ 必为单值, $\partial\psi/\partial\nu$ 在 $\partial\Omega$ 上为零, $\psi$ 在 $\partial\Omega$ 的外部部分 $\Gamma_0$ 上为零, 并且在 $\partial\Omega$ 的内部连通分支 $\Gamma_1,\Gamma_2,\ldots$ 上为常数.	equation	eq:ch1-apx4-stream-function	eqref	tex/chapters/chapter-01/section-04.tex:1756	tex/chapters/chapter-01/section-04.tex:1446	resolved
reference	映射 \eqref{eq:ch1-apx4-stream-isomorphism} 在这里给出空间	equation	eq:ch1-apx4-stream-isomorphism	eqref	tex/chapters/chapter-01/section-04.tex:1758	tex/chapters/chapter-01/section-04.tex:1457	resolved
reference	与 $V$ 之间的同构. 对命题 \ref{prop:ch1-apx4-h02-stable-convergent} 作简单调整即可得到 $X$ 的逼近, 再像命题 \ref{prop:ch1-apx4-v-stable-convergent} 那样导出多连通情形下空间 $V$ 的逼近.	proposition	prop:ch1-apx4-h02-stable-convergent	ref	tex/chapters/chapter-01/section-04.tex:1765	tex/chapters/chapter-01/section-04.tex:1588	resolved
reference	与 $V$ 之间的同构. 对命题 \ref{prop:ch1-apx4-h02-stable-convergent} 作简单调整即可得到 $X$ 的逼近, 再像命题 \ref{prop:ch1-apx4-v-stable-convergent} 那样导出多连通情形下空间 $V$ 的逼近.	proposition	prop:ch1-apx4-v-stable-convergent	ref	tex/chapters/chapter-01/section-04.tex:1765	tex/chapters/chapter-01/section-04.tex:1668	resolved
reference	见命题 \ref{prop:ch1-linear-barycentric-interpolation}.	proposition	prop:ch1-linear-barycentric-interpolation	ref	tex/chapters/chapter-01/section-04.tex:1812	tex/chapters/chapter-01/section-04.tex:76	resolved
reference	显然这些函数线性无关且张成整个空间 $W_h$: 由命题 \ref{prop:ch1-linear-barycentric-interpolation}, 任意 $u_h\in W_h$ 可写为	proposition	prop:ch1-linear-barycentric-interpolation	ref	tex/chapters/chapter-01/section-04.tex:1842	tex/chapters/chapter-01/section-04.tex:76	resolved
reference	\emph{空间 $F$ 与算子 $\omega,p_h$.} 与第 \ref{subsec:ch1-finite-difference-approximation} 节一样, 取 $F=L^2(\Omega)^{n+1}$, 并令 $\omega$ 为同构	subsection	subsec:ch1-finite-difference-approximation	ref	tex/chapters/chapter-01/section-04.tex:1869	tex/chapters/chapter-01/section-03.tex:367	resolved
reference	与第 \ref{subsec:ch1-finite-difference-approximation} 节一样, $\widetilde g$ 表示在 $\Omega$ 中等于 $g$, 在 $\Omega$ 的补集中等于零的函数. 各算子 $p_h$ 的范数均为 1, 因而稳定.	subsection	subsec:ch1-finite-difference-approximation	ref	tex/chapters/chapter-01/section-04.tex:1882	tex/chapters/chapter-01/section-03.tex:367	resolved
reference	需要验证定义 \ref{def:ch1-convergent-external-approximation} 中的条件 (C1) 和 (C2).	definition	def:ch1-convergent-external-approximation	ref	tex/chapters/chapter-01/section-04.tex:1899	tex/chapters/chapter-01/section-03.tex:107	resolved
reference	在每个单纯形 $S$ 上, 可对 $u$ 的每个分量应用 \eqref{eq:ch1-general-simplex-interpolation-error}, 得到	equation	eq:ch1-general-simplex-interpolation-error	eqref	tex/chapters/chapter-01/section-04.tex:1912	tex/chapters/chapter-01/section-04.tex:505	resolved
reference	因为这些函数具有包含于 $\Omega$ 的紧支集, \eqref{eq:ch1-nc-weak-function} 和 \eqref{eq:ch1-nc-weak-derivatives} 等价于	equation	eq:ch1-nc-weak-function	eqref	tex/chapters/chapter-01/section-04.tex:1941	tex/chapters/chapter-01/section-04.tex:1933	resolved
reference	因为这些函数具有包含于 $\Omega$ 的紧支集, \eqref{eq:ch1-nc-weak-function} 和 \eqref{eq:ch1-nc-weak-derivatives} 等价于	equation	eq:ch1-nc-weak-derivatives	eqref	tex/chapters/chapter-01/section-04.tex:1941	tex/chapters/chapter-01/section-04.tex:1939	resolved
reference	当 $\rho(h')\to0$, 则 \eqref{eq:ch1-nc-identify-weak-derivative} 成立. 根据第 \ref{subsubsec:ch1-nc-auxiliary-estimates} 节证明的技术估计 \eqref{eq:ch1-nc-jh-h1-estimate},	equation	eq:ch1-nc-identify-weak-derivative	eqref	tex/chapters/chapter-01/section-04.tex:1981	tex/chapters/chapter-01/section-04.tex:1957	resolved
reference	当 $\rho(h')\to0$, 则 \eqref{eq:ch1-nc-identify-weak-derivative} 成立. 根据第 \ref{subsubsec:ch1-nc-auxiliary-estimates} 节证明的技术估计 \eqref{eq:ch1-nc-jh-h1-estimate},	unknown	subsubsec:ch1-nc-auxiliary-estimates	ref	tex/chapters/chapter-01/section-04.tex:1981	tex/chapters/chapter-01/section-04.tex:2435	resolved
reference	当 $\rho(h')\to0$, 则 \eqref{eq:ch1-nc-identify-weak-derivative} 成立. 根据第 \ref{subsubsec:ch1-nc-auxiliary-estimates} 节证明的技术估计 \eqref{eq:ch1-nc-jh-h1-estimate},	equation	eq:ch1-nc-jh-h1-estimate	eqref	tex/chapters/chapter-01/section-04.tex:1981	tex/chapters/chapter-01/section-04.tex:2453	resolved
reference	\emph{离散 Poincaré 不等式.} 下面的离散 Poincaré 不等式使我们能够在上述空间 $W_h$ 上赋予另一个标量积 $((\cdot,\cdot))_h$, 它是 $H_0^1(\Omega)$ 的标量积 $((\cdot,\cdot))$ 的离散类似物, 见 \eqref{eq:ch1-h01-gradient-inner-product} 和命题 \ref{prop:ch1-h01-gradient-inner-product}.	equation	eq:ch1-h01-gradient-inner-product	eqref	tex/chapters/chapter-01/section-04.tex:1990	tex/chapters/chapter-01/section-01.tex:128	resolved
reference	\emph{离散 Poincaré 不等式.} 下面的离散 Poincaré 不等式使我们能够在上述空间 $W_h$ 上赋予另一个标量积 $((\cdot,\cdot))_h$, 它是 $H_0^1(\Omega)$ 的标量积 $((\cdot,\cdot))$ 的离散类似物, 见 \eqref{eq:ch1-h01-gradient-inner-product} 和命题 \ref{prop:ch1-h01-gradient-inner-product}.	proposition	prop:ch1-h01-gradient-inner-product	ref	tex/chapters/chapter-01/section-04.tex:1990	tex/chapters/chapter-01/section-03.tex:720	resolved
reference	设 $\Omega$ 是 $\mathbb R^n$ 中的有界集. 则存在仅依赖于 $\Omega$ 与 \eqref{eq:ch1-regular-triangulation-shape-bound} 中常数 $\alpha$ 的常数 $c(\Omega,\alpha)$, 使得	equation	eq:ch1-regular-triangulation-shape-bound	eqref	tex/chapters/chapter-01/section-04.tex:1995	tex/chapters/chapter-01/section-04.tex:261	resolved
reference	对 \eqref{eq:ch1-nc-wh-expansion} 形式的向量函数也有类似不等式:	equation	eq:ch1-nc-wh-expansion	eqref	tex/chapters/chapter-01/section-04.tex:2006	tex/chapters/chapter-01/section-04.tex:1845	resolved
reference	不等式 \eqref{eq:ch1-nc-discrete-poincare-vector} 立即由 \eqref{eq:ch1-nc-discrete-poincare-scalar} 得到. 为证明 \eqref{eq:ch1-nc-discrete-poincare-scalar}, 将证明对每个 \eqref{eq:ch1-nc-scalar-expansion-repeat} 形式的 $u_h$ 以及每个 $\theta\in\mathcal D(\Omega)$,	equation	eq:ch1-nc-discrete-poincare-vector	eqref	tex/chapters/chapter-01/section-04.tex:2021	tex/chapters/chapter-01/section-04.tex:2010	resolved
reference	不等式 \eqref{eq:ch1-nc-discrete-poincare-vector} 立即由 \eqref{eq:ch1-nc-discrete-poincare-scalar} 得到. 为证明 \eqref{eq:ch1-nc-discrete-poincare-scalar}, 将证明对每个 \eqref{eq:ch1-nc-scalar-expansion-repeat} 形式的 $u_h$ 以及每个 $\theta\in\mathcal D(\Omega)$,	equation	eq:ch1-nc-discrete-poincare-scalar	eqref	tex/chapters/chapter-01/section-04.tex:2021	tex/chapters/chapter-01/section-04.tex:1999	resolved
reference	不等式 \eqref{eq:ch1-nc-discrete-poincare-vector} 立即由 \eqref{eq:ch1-nc-discrete-poincare-scalar} 得到. 为证明 \eqref{eq:ch1-nc-discrete-poincare-scalar}, 将证明对每个 \eqref{eq:ch1-nc-scalar-expansion-repeat} 形式的 $u_h$ 以及每个 $\theta\in\mathcal D(\Omega)$,	equation	eq:ch1-nc-discrete-poincare-scalar	eqref	tex/chapters/chapter-01/section-04.tex:2021	tex/chapters/chapter-01/section-04.tex:1999	resolved
reference	不等式 \eqref{eq:ch1-nc-discrete-poincare-vector} 立即由 \eqref{eq:ch1-nc-discrete-poincare-scalar} 得到. 为证明 \eqref{eq:ch1-nc-discrete-poincare-scalar}, 将证明对每个 \eqref{eq:ch1-nc-scalar-expansion-repeat} 形式的 $u_h$ 以及每个 $\theta\in\mathcal D(\Omega)$,	equation	eq:ch1-nc-scalar-expansion-repeat	eqref	tex/chapters/chapter-01/section-04.tex:2021	tex/chapters/chapter-01/section-04.tex:2004	resolved
reference	由于 $\mathcal D(\Omega)$ 在 $L^2(\Omega)$ 中稠密, \eqref{eq:ch1-nc-poincare-duality-bound} 蕴含 \eqref{eq:ch1-nc-discrete-poincare-scalar}.	equation	eq:ch1-nc-poincare-duality-bound	eqref	tex/chapters/chapter-01/section-04.tex:2027	tex/chapters/chapter-01/section-04.tex:2025	resolved
reference	由于 $\mathcal D(\Omega)$ 在 $L^2(\Omega)$ 中稠密, \eqref{eq:ch1-nc-poincare-duality-bound} 蕴含 \eqref{eq:ch1-nc-discrete-poincare-scalar}.	equation	eq:ch1-nc-discrete-poincare-scalar	eqref	tex/chapters/chapter-01/section-04.tex:2027	tex/chapters/chapter-01/section-04.tex:1999	resolved
reference	严格说来, 只有当 $\Omega$ 足够光滑时该不等式才成立. 在一般情形下, 若通过 $\Delta\chi=\theta$, $\chi\in H_0^1(\Omega')$ 定义 $\chi$, 其中 $\Omega'$ 光滑且 $\Omega'\supset\Omega$, 则 \eqref{eq:ch1-nc-dirichlet-h2-estimate} 成立. 这不影响下文.	equation	eq:ch1-nc-dirichlet-h2-estimate	eqref	tex/chapters/chapter-01/section-04.tex:2039	tex/chapters/chapter-01/section-04.tex:2037	resolved
reference	在命题 \ref{prop:ch1-nc-h01-stable-convergent} 的证明中已经考虑过这一表达式. 使用估计 \eqref{eq:ch1-nc-jh-weak-estimate} 得到	proposition	prop:ch1-nc-h01-stable-convergent	ref	tex/chapters/chapter-01/section-04.tex:2090	tex/chapters/chapter-01/section-04.tex:1894	resolved
reference	在命题 \ref{prop:ch1-nc-h01-stable-convergent} 的证明中已经考虑过这一表达式. 使用估计 \eqref{eq:ch1-nc-jh-weak-estimate} 得到	equation	eq:ch1-nc-jh-weak-estimate	eqref	tex/chapters/chapter-01/section-04.tex:2090	tex/chapters/chapter-01/section-04.tex:1985	resolved
reference	由 \eqref{eq:ch1-nc-dirichlet-h2-estimate} 和 \eqref{eq:ch1-nc-jh-component-sum},	equation	eq:ch1-nc-dirichlet-h2-estimate	eqref	tex/chapters/chapter-01/section-04.tex:2099	tex/chapters/chapter-01/section-04.tex:2037	resolved
reference	由 \eqref{eq:ch1-nc-dirichlet-h2-estimate} 和 \eqref{eq:ch1-nc-jh-component-sum},	equation	eq:ch1-nc-jh-component-sum	eqref	tex/chapters/chapter-01/section-04.tex:2099	tex/chapters/chapter-01/section-04.tex:2070	resolved
reference	结合 \eqref{eq:ch1-nc-duality-green-bound} 与 \eqref{eq:ch1-nc-jh-duality-estimate}, 恰好得到 \eqref{eq:ch1-nc-poincare-duality-bound}, 其中	equation	eq:ch1-nc-duality-green-bound	eqref	tex/chapters/chapter-01/section-04.tex:2105	tex/chapters/chapter-01/section-04.tex:2060	resolved
reference	结合 \eqref{eq:ch1-nc-duality-green-bound} 与 \eqref{eq:ch1-nc-jh-duality-estimate}, 恰好得到 \eqref{eq:ch1-nc-poincare-duality-bound}, 其中	equation	eq:ch1-nc-jh-duality-estimate	eqref	tex/chapters/chapter-01/section-04.tex:2105	tex/chapters/chapter-01/section-04.tex:2103	resolved
reference	结合 \eqref{eq:ch1-nc-duality-green-bound} 与 \eqref{eq:ch1-nc-jh-duality-estimate}, 恰好得到 \eqref{eq:ch1-nc-poincare-duality-bound}, 其中	equation	eq:ch1-nc-poincare-duality-bound	eqref	tex/chapters/chapter-01/section-04.tex:2105	tex/chapters/chapter-01/section-04.tex:2025	resolved
reference	并保持命题 \ref{prop:ch1-nc-h01-stable-convergent} 的其他部分不变, 则这个 $H_0^1(\Omega)$ 的逼近仍然稳定且收敛.	proposition	prop:ch1-nc-h01-stable-convergent	ref	tex/chapters/chapter-01/section-04.tex:2120	tex/chapters/chapter-01/section-04.tex:1894	resolved
reference	本命题与命题 \ref{prop:ch1-nc-h01-stable-convergent} 的唯一区别来自算子 $p_h$ 的稳定性. 命题 \ref{prop:ch1-nc-discrete-poincare} 与 \eqref{eq:ch1-nc-discrete-poincare-vector} 完全克服了这一困难, 它们给出	proposition	prop:ch1-nc-h01-stable-convergent	ref	tex/chapters/chapter-01/section-04.tex:2124	tex/chapters/chapter-01/section-04.tex:1894	resolved
reference	本命题与命题 \ref{prop:ch1-nc-h01-stable-convergent} 的唯一区别来自算子 $p_h$ 的稳定性. 命题 \ref{prop:ch1-nc-discrete-poincare} 与 \eqref{eq:ch1-nc-discrete-poincare-vector} 完全克服了这一困难, 它们给出	proposition	prop:ch1-nc-discrete-poincare	ref	tex/chapters/chapter-01/section-04.tex:2124	tex/chapters/chapter-01/section-04.tex:1994	resolved
reference	本命题与命题 \ref{prop:ch1-nc-h01-stable-convergent} 的唯一区别来自算子 $p_h$ 的稳定性. 命题 \ref{prop:ch1-nc-discrete-poincare} 与 \eqref{eq:ch1-nc-discrete-poincare-vector} 完全克服了这一困难, 它们给出	equation	eq:ch1-nc-discrete-poincare-vector	eqref	tex/chapters/chapter-01/section-04.tex:2124	tex/chapters/chapter-01/section-04.tex:2010	resolved
reference	设 $\Omega$ 是 $\mathbb R^n$ 中有界 Lipschitz 集, $\mathcal V$ 是通常的空间 \eqref{eq:ch1-test-divergence-free-space}, $V$ 是它在 $\mathbf H_0^1(\Omega)$ 中的闭包.	equation	eq:ch1-test-divergence-free-space	eqref	tex/chapters/chapter-01/section-04.tex:2135	tex/chapters/chapter-01/section-01.tex:135	resolved
reference	\eqref{eq:ch1-apx5-vh-definition} 中关于 $u_h$ 散度的条件等价于	equation	eq:ch1-apx5-vh-definition	eqref	tex/chapters/chapter-01/section-04.tex:2148	tex/chapters/chapter-01/section-04.tex:2146	resolved
reference	由不等式 \eqref{eq:ch1-nc-discrete-poincare-vector}(或 \eqref{eq:ch1-nc-equivalent-discrete-norms}), 各算子 $p_h$ 稳定.	equation	eq:ch1-nc-discrete-poincare-vector	eqref	tex/chapters/chapter-01/section-04.tex:2161	tex/chapters/chapter-01/section-04.tex:2010	resolved
reference	由不等式 \eqref{eq:ch1-nc-discrete-poincare-vector}(或 \eqref{eq:ch1-nc-equivalent-discrete-norms}), 各算子 $p_h$ 稳定.	equation	eq:ch1-nc-equivalent-discrete-norms	eqref	tex/chapters/chapter-01/section-04.tex:2161	tex/chapters/chapter-01/section-04.tex:2128	resolved
reference	\emph{算子 $r_h$.} 对 $u\in\mathcal V$, 需要定义 $r_hu=u_h\in V_h$. 因为 $u_h$ 必须满足 \eqref{eq:ch1-apx5-elementwise-divergence}, 用于逼近 $H_0^1(\Omega)$ 的算子 $r_h$ 不能满足全部要求. 改取下述算子 $r_h$: $u_h=r_hu$ 由各值 $u_h(B)$, $B\in U_h$, 刻画. 若 $B\in U_h$ 是某个 $n$-单纯形 $S\in T_h$ 的某个 $(n-1)$-维面 $S'$ 的重心, 则令	equation	eq:ch1-apx5-elementwise-divergence	eqref	tex/chapters/chapter-01/section-04.tex:2163	tex/chapters/chapter-01/section-04.tex:2153	resolved
reference	下面说明 $u_h\in V_h$. 因为 $\operatorname{div}u_h$ 在每个单纯形 $S$ 上为常数, 条件 \eqref{eq:ch1-apx5-elementwise-divergence} 等价于	equation	eq:ch1-apx5-elementwise-divergence	eqref	tex/chapters/chapter-01/section-04.tex:2169	tex/chapters/chapter-01/section-04.tex:2153	resolved
reference	其中 $\partial^+S$ 是 $S$ 的 $(n-1)$-维面集合. 由 \eqref{eq:ch1-apx5-face-average-restriction}, 上式等于	equation	eq:ch1-apx5-face-average-restriction	eqref	tex/chapters/chapter-01/section-04.tex:2179	tex/chapters/chapter-01/section-04.tex:2167	resolved
reference	已经指出各 $p_h$ 稳定. 先验证定义 \ref{def:ch1-convergent-external-approximation} 的条件 (C2). 假设	definition	def:ch1-convergent-external-approximation	ref	tex/chapters/chapter-01/section-04.tex:2194	tex/chapters/chapter-01/section-03.tex:107	resolved
reference	与命题 \ref{prop:ch1-nc-h01-stable-convergent} 中完全一样, 可得	proposition	prop:ch1-nc-h01-stable-convergent	ref	tex/chapters/chapter-01/section-04.tex:2200	tex/chapters/chapter-01/section-04.tex:1894	resolved
reference	这里还必须证明 $u\in V$, 即 $\operatorname{div}u=0$. 而 \eqref{eq:ch1-apx5-weak-limit} 特别意味着	equation	eq:ch1-apx5-weak-limit	eqref	tex/chapters/chapter-01/section-04.tex:2206	tex/chapters/chapter-01/section-04.tex:2198	resolved
reference	的函数. 命题 \ref{prop:ch1-nc-h01-stable-convergent} 中已证明	proposition	prop:ch1-nc-h01-stable-convergent	ref	tex/chapters/chapter-01/section-04.tex:2219	tex/chapters/chapter-01/section-04.tex:1894	resolved
reference	由 \eqref{eq:ch1-nc-equivalent-discrete-norms}, 只需证明当 $\rho(h)\to0$ 时 $\|u_h-v_h\|_h\to0$.	equation	eq:ch1-nc-equivalent-discrete-norms	eqref	tex/chapters/chapter-01/section-04.tex:2230	tex/chapters/chapter-01/section-04.tex:2128	resolved
reference	在 $S'$ 上对 \eqref{eq:ch1-apx5-taylor-face-barycenter} 积分, 由 $\int_{S'}(x_i-\beta_i)\,dx=0$ 得	equation	eq:ch1-apx5-taylor-face-barycenter	eqref	tex/chapters/chapter-01/section-04.tex:2243	tex/chapters/chapter-01/section-04.tex:2235	resolved
reference	由 \eqref{eq:ch1-apx5-taylor-remainder},	equation	eq:ch1-apx5-taylor-remainder	eqref	tex/chapters/chapter-01/section-04.tex:2249	tex/chapters/chapter-01/section-04.tex:2241	resolved
reference	由引理 \ref{lem:ch1-barycentric-gradient-bound} 和 \eqref{eq:ch1-regular-triangulation-shape-bound},	lemma	lem:ch1-barycentric-gradient-bound	ref	tex/chapters/chapter-01/section-04.tex:2269	tex/chapters/chapter-01/section-04.tex:137	resolved
reference	由引理 \ref{lem:ch1-barycentric-gradient-bound} 和 \eqref{eq:ch1-regular-triangulation-shape-bound},	equation	eq:ch1-regular-triangulation-shape-bound	eqref	tex/chapters/chapter-01/section-04.tex:2269	tex/chapters/chapter-01/section-04.tex:261	resolved
reference	使用上述 $V$ 的逼近及第 \ref{subsec:ch1-general-convergence-theorem} 节的一般结果, 可为 Stokes 问题提出另一种格式.	subsection	subsec:ch1-general-convergence-theorem	ref	tex/chapters/chapter-01/section-04.tex:2295	tex/chapters/chapter-01/section-03.tex:186	resolved
reference	问题 \eqref{eq:ch1-apx5-stokes-problem} 的解 $u_h$ 存在且唯一. 若 $\rho(h)\to0$, 且 $h$ 属于正则剖分 $\mathcal H_\alpha$, 则	equation	eq:ch1-apx5-stokes-problem	eqref	tex/chapters/chapter-01/section-04.tex:2319	tex/chapters/chapter-01/section-04.tex:2317	resolved
reference	这当然来自定理 \ref{thm:ch1-general-approximation-convergence}.	theorem	thm:ch1-general-approximation-convergence	ref	tex/chapters/chapter-01/section-04.tex:2330	tex/chapters/chapter-01/section-03.tex:244	resolved
reference	像第 \ref{subsec:ch1-finite-difference-approximation} 节以及其他逼近一样, 可以引入离散压力. 它是下述类型的阶梯函数 $\pi_h$:	subsection	subsec:ch1-finite-difference-approximation	ref	tex/chapters/chapter-01/section-04.tex:2332	tex/chapters/chapter-01/section-03.tex:367	resolved
reference	分别作为 \eqref{eq:ch1-stokes-variational-problem} 与 \eqref{eq:ch1-apx5-velocity-pressure-system} 的解, $u$ 与 $u_h$ 之间的误差可像第 \ref{subsec:ch1-finite-difference-approximation} 节那样估计. 假设 $\Omega$ 有多边形边界, $\Omega(h)=\Omega$, 且 $u\in C^3(\overline\Omega)$, $p\in C^1(\overline\Omega)$. 可用与 \eqref{eq:ch1-apx5-face-average-restriction} 类似的公式定义逼近 $r_hu$, 并且不难看出估计 \eqref{eq:ch1-apx5-global-convergence-estimate} 仍成立:	equation	eq:ch1-stokes-variational-problem	eqref	tex/chapters/chapter-01/section-04.tex:2350	tex/chapters/chapter-01/section-02.tex:45	resolved
reference	分别作为 \eqref{eq:ch1-stokes-variational-problem} 与 \eqref{eq:ch1-apx5-velocity-pressure-system} 的解, $u$ 与 $u_h$ 之间的误差可像第 \ref{subsec:ch1-finite-difference-approximation} 节那样估计. 假设 $\Omega$ 有多边形边界, $\Omega(h)=\Omega$, 且 $u\in C^3(\overline\Omega)$, $p\in C^1(\overline\Omega)$. 可用与 \eqref{eq:ch1-apx5-face-average-restriction} 类似的公式定义逼近 $r_hu$, 并且不难看出估计 \eqref{eq:ch1-apx5-global-convergence-estimate} 仍成立:	equation	eq:ch1-apx5-velocity-pressure-system	eqref	tex/chapters/chapter-01/section-04.tex:2350	tex/chapters/chapter-01/section-04.tex:2342	resolved
reference	分别作为 \eqref{eq:ch1-stokes-variational-problem} 与 \eqref{eq:ch1-apx5-velocity-pressure-system} 的解, $u$ 与 $u_h$ 之间的误差可像第 \ref{subsec:ch1-finite-difference-approximation} 节那样估计. 假设 $\Omega$ 有多边形边界, $\Omega(h)=\Omega$, 且 $u\in C^3(\overline\Omega)$, $p\in C^1(\overline\Omega)$. 可用与 \eqref{eq:ch1-apx5-face-average-restriction} 类似的公式定义逼近 $r_hu$, 并且不难看出估计 \eqref{eq:ch1-apx5-global-convergence-estimate} 仍成立:	subsection	subsec:ch1-finite-difference-approximation	ref	tex/chapters/chapter-01/section-04.tex:2350	tex/chapters/chapter-01/section-03.tex:367	resolved
reference	分别作为 \eqref{eq:ch1-stokes-variational-problem} 与 \eqref{eq:ch1-apx5-velocity-pressure-system} 的解, $u$ 与 $u_h$ 之间的误差可像第 \ref{subsec:ch1-finite-difference-approximation} 节那样估计. 假设 $\Omega$ 有多边形边界, $\Omega(h)=\Omega$, 且 $u\in C^3(\overline\Omega)$, $p\in C^1(\overline\Omega)$. 可用与 \eqref{eq:ch1-apx5-face-average-restriction} 类似的公式定义逼近 $r_hu$, 并且不难看出估计 \eqref{eq:ch1-apx5-global-convergence-estimate} 仍成立:	equation	eq:ch1-apx5-face-average-restriction	eqref	tex/chapters/chapter-01/section-04.tex:2350	tex/chapters/chapter-01/section-04.tex:2167	resolved
reference	分别作为 \eqref{eq:ch1-stokes-variational-problem} 与 \eqref{eq:ch1-apx5-velocity-pressure-system} 的解, $u$ 与 $u_h$ 之间的误差可像第 \ref{subsec:ch1-finite-difference-approximation} 节那样估计. 假设 $\Omega$ 有多边形边界, $\Omega(h)=\Omega$, 且 $u\in C^3(\overline\Omega)$, $p\in C^1(\overline\Omega)$. 可用与 \eqref{eq:ch1-apx5-face-average-restriction} 类似的公式定义逼近 $r_hu$, 并且不难看出估计 \eqref{eq:ch1-apx5-global-convergence-estimate} 仍成立:	equation	eq:ch1-apx5-global-convergence-estimate	eqref	tex/chapters/chapter-01/section-04.tex:2350	tex/chapters/chapter-01/section-04.tex:2288	resolved
reference	设 $u,p$ 表示 \eqref{eq:ch1-stokes-variational-problem}–\eqref{eq:ch1-stokes-weak-incompressibility} 的精确解, 并假设 $u\in C^3(\overline\Omega)$. 则	equation	eq:ch1-stokes-variational-problem	eqref	tex/chapters/chapter-01/section-04.tex:2361	tex/chapters/chapter-01/section-02.tex:45	resolved
reference	设 $u,p$ 表示 \eqref{eq:ch1-stokes-variational-problem}–\eqref{eq:ch1-stokes-weak-incompressibility} 的精确解, 并假设 $u\in C^3(\overline\Omega)$. 则	equation	eq:ch1-stokes-weak-incompressibility	eqref	tex/chapters/chapter-01/section-04.tex:2361	tex/chapters/chapter-01/section-02.tex:73	resolved
reference	取 $v_h=u_h-r_hu$ 并使用 \eqref{eq:ch1-apx5-linear-form}, 得到	equation	eq:ch1-apx5-linear-form	eqref	tex/chapters/chapter-01/section-04.tex:2382	tex/chapters/chapter-01/section-04.tex:2306	resolved
reference	于是估计 \eqref{eq:ch1-apx5-smooth-interpolation-error} 与 \eqref{eq:ch1-apx5-consistency-bound} 给出	equation	eq:ch1-apx5-smooth-interpolation-error	eqref	tex/chapters/chapter-01/section-04.tex:2388	tex/chapters/chapter-01/section-04.tex:2353	resolved
reference	于是估计 \eqref{eq:ch1-apx5-smooth-interpolation-error} 与 \eqref{eq:ch1-apx5-consistency-bound} 给出	equation	eq:ch1-apx5-consistency-bound	eqref	tex/chapters/chapter-01/section-04.tex:2388	tex/chapters/chapter-01/section-04.tex:2370	resolved
reference	更确切地说, \eqref{eq:ch1-apx5-stokes-error} 中的常数 $c$ 只依赖于 $u$ 在 $C^3(\overline\Omega)$ 中的范数和 $p$ 在 $C^1(\overline\Omega)$ 中的范数.	equation	eq:ch1-apx5-stokes-error	eqref	tex/chapters/chapter-01/section-04.tex:2393	tex/chapters/chapter-01/section-04.tex:2391	resolved
reference	\begin{Proof}[引理 \ref{lem:ch1-apx5-consistency} 的证明]	lemma	lem:ch1-apx5-consistency	ref	tex/chapters/chapter-01/section-04.tex:2395	tex/chapters/chapter-01/section-04.tex:2360	resolved
reference	这里用 $\vec\nu$ 表示 $\partial S$ 的单位法向量, 以免与常数 $\nu>0$ 混淆. 对 $\ell_h$ 的估计 \eqref{eq:ch1-apx5-consistency-bound} 完全按照引理 \ref{lem:ch1-nc-boundary-cancellation}, \ref{lem:ch1-nc-boundary-difference} 和 \ref{lem:ch1-nc-boundary-cauchy} 的方法证明, 见第 \ref{subsubsec:ch1-nc-auxiliary-estimates} 节.	equation	eq:ch1-apx5-consistency-bound	eqref	tex/chapters/chapter-01/section-04.tex:2419	tex/chapters/chapter-01/section-04.tex:2370	resolved
reference	这里用 $\vec\nu$ 表示 $\partial S$ 的单位法向量, 以免与常数 $\nu>0$ 混淆. 对 $\ell_h$ 的估计 \eqref{eq:ch1-apx5-consistency-bound} 完全按照引理 \ref{lem:ch1-nc-boundary-cancellation}, \ref{lem:ch1-nc-boundary-difference} 和 \ref{lem:ch1-nc-boundary-cauchy} 的方法证明, 见第 \ref{subsubsec:ch1-nc-auxiliary-estimates} 节.	lemma	lem:ch1-nc-boundary-cancellation	ref	tex/chapters/chapter-01/section-04.tex:2419	tex/chapters/chapter-01/section-04.tex:2461	resolved
reference	这里用 $\vec\nu$ 表示 $\partial S$ 的单位法向量, 以免与常数 $\nu>0$ 混淆. 对 $\ell_h$ 的估计 \eqref{eq:ch1-apx5-consistency-bound} 完全按照引理 \ref{lem:ch1-nc-boundary-cancellation}, \ref{lem:ch1-nc-boundary-difference} 和 \ref{lem:ch1-nc-boundary-cauchy} 的方法证明, 见第 \ref{subsubsec:ch1-nc-auxiliary-estimates} 节.	lemma	lem:ch1-nc-boundary-difference	ref	tex/chapters/chapter-01/section-04.tex:2419	tex/chapters/chapter-01/section-04.tex:2492	resolved
reference	这里用 $\vec\nu$ 表示 $\partial S$ 的单位法向量, 以免与常数 $\nu>0$ 混淆. 对 $\ell_h$ 的估计 \eqref{eq:ch1-apx5-consistency-bound} 完全按照引理 \ref{lem:ch1-nc-boundary-cancellation}, \ref{lem:ch1-nc-boundary-difference} 和 \ref{lem:ch1-nc-boundary-cauchy} 的方法证明, 见第 \ref{subsubsec:ch1-nc-auxiliary-estimates} 节.	lemma	lem:ch1-nc-boundary-cauchy	ref	tex/chapters/chapter-01/section-04.tex:2419	tex/chapters/chapter-01/section-04.tex:2539	resolved
reference	这里用 $\vec\nu$ 表示 $\partial S$ 的单位法向量, 以免与常数 $\nu>0$ 混淆. 对 $\ell_h$ 的估计 \eqref{eq:ch1-apx5-consistency-bound} 完全按照引理 \ref{lem:ch1-nc-boundary-cancellation}, \ref{lem:ch1-nc-boundary-difference} 和 \ref{lem:ch1-nc-boundary-cauchy} 的方法证明, 见第 \ref{subsubsec:ch1-nc-auxiliary-estimates} 节.	unknown	subsubsec:ch1-nc-auxiliary-estimates	ref	tex/chapters/chapter-01/section-04.tex:2419	tex/chapters/chapter-01/section-04.tex:2435	resolved
reference	使用引理 \ref{lem:ch1-nc-boundary-cancellation} 的记号,	lemma	lem:ch1-nc-boundary-cancellation	ref	tex/chapters/chapter-01/section-04.tex:2493	tex/chapters/chapter-01/section-04.tex:2461	resolved
reference	若面 $S'$ 属于 $\Omega(h)$ 的边界, 则 $u_h(B)=0$, 该面对和的贡献为零. 若 $S'$ 属于两个相邻单纯形的边界, 则该面对和给出两个符号相反的项: 两项中的 $u_h(B)$ 和 $\phi(x)$ 相同, 而从两个单纯形边界看待 $S'$ 时, $\nu_{i,S'}$ 大小相同、符号相反. 因而 \eqref{eq:ch1-nc-jh-barycenter-cancellation} 中的和为零.	equation	eq:ch1-nc-jh-barycenter-cancellation	eqref	tex/chapters/chapter-01/section-04.tex:2516	tex/chapters/chapter-01/section-04.tex:2514	resolved
reference	则容易由 \eqref{eq:ch1-nc-jh-subtract-barycenter} 推出 \eqref{eq:ch1-nc-jh-difference-form}. 而为证明 \eqref{eq:ch1-nc-jh-average-cancellation}, 只需注意	equation	eq:ch1-nc-jh-subtract-barycenter	eqref	tex/chapters/chapter-01/section-04.tex:2524	tex/chapters/chapter-01/section-04.tex:2508	resolved
reference	则容易由 \eqref{eq:ch1-nc-jh-subtract-barycenter} 推出 \eqref{eq:ch1-nc-jh-difference-form}. 而为证明 \eqref{eq:ch1-nc-jh-average-cancellation}, 只需注意	equation	eq:ch1-nc-jh-difference-form	eqref	tex/chapters/chapter-01/section-04.tex:2524	tex/chapters/chapter-01/section-04.tex:2498	resolved
reference	则容易由 \eqref{eq:ch1-nc-jh-subtract-barycenter} 推出 \eqref{eq:ch1-nc-jh-difference-form}. 而为证明 \eqref{eq:ch1-nc-jh-average-cancellation}, 只需注意	equation	eq:ch1-nc-jh-average-cancellation	eqref	tex/chapters/chapter-01/section-04.tex:2524	tex/chapters/chapter-01/section-04.tex:2522	resolved
reference	式 \eqref{eq:ch1-nc-inradius-height-bound} 成立是因为 $S$ 中最大内接球的直径等于 $\rho'_S$, 且该球包含于由含 $S'$ 的超平面和含对顶点的平行超平面围成的区域中.	equation	eq:ch1-nc-inradius-height-bound	eqref	tex/chapters/chapter-01/section-04.tex:2590	tex/chapters/chapter-01/section-04.tex:2588	resolved
reference	使用 \eqref{eq:ch1-triangulation-max-diameter}, \eqref{eq:ch1-regular-triangulation-shape-bound} 并对 \eqref{eq:ch1-nc-jh-pre-cauchy} 应用 Schwarz 不等式, 得到 \eqref{eq:ch1-nc-jh-cauchy-bound}.	equation	eq:ch1-triangulation-max-diameter	eqref	tex/chapters/chapter-01/section-04.tex:2607	tex/chapters/chapter-01/section-04.tex:247	resolved
reference	使用 \eqref{eq:ch1-triangulation-max-diameter}, \eqref{eq:ch1-regular-triangulation-shape-bound} 并对 \eqref{eq:ch1-nc-jh-pre-cauchy} 应用 Schwarz 不等式, 得到 \eqref{eq:ch1-nc-jh-cauchy-bound}.	equation	eq:ch1-regular-triangulation-shape-bound	eqref	tex/chapters/chapter-01/section-04.tex:2607	tex/chapters/chapter-01/section-04.tex:261	resolved
reference	使用 \eqref{eq:ch1-triangulation-max-diameter}, \eqref{eq:ch1-regular-triangulation-shape-bound} 并对 \eqref{eq:ch1-nc-jh-pre-cauchy} 应用 Schwarz 不等式, 得到 \eqref{eq:ch1-nc-jh-cauchy-bound}.	equation	eq:ch1-nc-jh-pre-cauchy	eqref	tex/chapters/chapter-01/section-04.tex:2607	tex/chapters/chapter-01/section-04.tex:2605	resolved
reference	使用 \eqref{eq:ch1-triangulation-max-diameter}, \eqref{eq:ch1-regular-triangulation-shape-bound} 并对 \eqref{eq:ch1-nc-jh-pre-cauchy} 应用 Schwarz 不等式, 得到 \eqref{eq:ch1-nc-jh-cauchy-bound}.	equation	eq:ch1-nc-jh-cauchy-bound	eqref	tex/chapters/chapter-01/section-04.tex:2607	tex/chapters/chapter-01/section-04.tex:2545	resolved
reference	式 \eqref{eq:ch1-nc-global-trace-poincare} 直接由 \eqref{eq:ch1-nc-local-trace-poincare} 得到.	equation	eq:ch1-nc-global-trace-poincare	eqref	tex/chapters/chapter-01/section-04.tex:2628	tex/chapters/chapter-01/section-04.tex:2623	resolved
reference	式 \eqref{eq:ch1-nc-global-trace-poincare} 直接由 \eqref{eq:ch1-nc-local-trace-poincare} 得到.	equation	eq:ch1-nc-local-trace-poincare	eqref	tex/chapters/chapter-01/section-04.tex:2628	tex/chapters/chapter-01/section-04.tex:2617	resolved
reference	若把 \eqref{eq:ch1-nc-local-trace-poincare} 右端的常数 $c(n)\alpha\rho(h)$ 换成依赖于特定单纯形 $S$ 的某个常数 $c(S)$, 则 \eqref{eq:ch1-nc-local-trace-poincare} 是 $H^1(S)$ 中迹定理的显然推论. 式 \eqref{eq:ch1-nc-local-trace-poincare} 的意义在于, 它对 $T_h$ 中各单纯形 $S$ 一致成立.	equation	eq:ch1-nc-local-trace-poincare	eqref	tex/chapters/chapter-01/section-04.tex:2630	tex/chapters/chapter-01/section-04.tex:2617	resolved
reference	若把 \eqref{eq:ch1-nc-local-trace-poincare} 右端的常数 $c(n)\alpha\rho(h)$ 换成依赖于特定单纯形 $S$ 的某个常数 $c(S)$, 则 \eqref{eq:ch1-nc-local-trace-poincare} 是 $H^1(S)$ 中迹定理的显然推论. 式 \eqref{eq:ch1-nc-local-trace-poincare} 的意义在于, 它对 $T_h$ 中各单纯形 $S$ 一致成立.	equation	eq:ch1-nc-local-trace-poincare	eqref	tex/chapters/chapter-01/section-04.tex:2630	tex/chapters/chapter-01/section-04.tex:2617	resolved
reference	若把 \eqref{eq:ch1-nc-local-trace-poincare} 右端的常数 $c(n)\alpha\rho(h)$ 换成依赖于特定单纯形 $S$ 的某个常数 $c(S)$, 则 \eqref{eq:ch1-nc-local-trace-poincare} 是 $H^1(S)$ 中迹定理的显然推论. 式 \eqref{eq:ch1-nc-local-trace-poincare} 的意义在于, 它对 $T_h$ 中各单纯形 $S$ 一致成立.	equation	eq:ch1-nc-local-trace-poincare	eqref	tex/chapters/chapter-01/section-04.tex:2630	tex/chapters/chapter-01/section-04.tex:2617	resolved
reference	为证明 \eqref{eq:ch1-nc-local-trace-poincare}, 作坐标变换, 把 $S$ 映到一个固定单纯形 $\overline S$, 再在 $\overline S$ 中应用迹定理不等式, 最后回到 $S$.	equation	eq:ch1-nc-local-trace-poincare	eqref	tex/chapters/chapter-01/section-04.tex:2632	tex/chapters/chapter-01/section-04.tex:2617	resolved
reference	定义的线性映射. 对 \eqref{eq:ch1-nc-local-trace-poincare} 左端积分作坐标变换得到	equation	eq:ch1-nc-local-trace-poincare	eqref	tex/chapters/chapter-01/section-04.tex:2644	tex/chapters/chapter-01/section-04.tex:2617	resolved
reference	为证明 \eqref{eq:ch1-nc-local-trace-poincare}, 还需证明	equation	eq:ch1-nc-local-trace-poincare	eqref	tex/chapters/chapter-01/section-04.tex:2695	tex/chapters/chapter-01/section-04.tex:2617	resolved
reference	且 $|\Lambda_{nn}|\leq\|\Lambda\|$, \eqref{eq:ch1-nc-determinant-trace-bound} 的左端不超过	equation	eq:ch1-nc-determinant-trace-bound	eqref	tex/chapters/chapter-01/section-04.tex:2707	tex/chapters/chapter-01/section-04.tex:2699	resolved
reference	由引理 \ref{lem:ch1-simplex-linear-map-norms}, 此项不超过	lemma	lem:ch1-simplex-linear-map-norms	ref	tex/chapters/chapter-01/section-04.tex:2711	tex/chapters/chapter-01/section-04.tex:179	resolved
reference	于是得到 \eqref{eq:ch1-nc-determinant-trace-bound}, 引理证明完毕. 这里 $\Lambda_{nn}$ 是 $\Lambda$ 的 $(n,n)$ 元素; 由于坐标轴的选择, $\Lambda_{in}=0$, $1\leq i\leq n-1$.	equation	eq:ch1-nc-determinant-trace-bound	eqref	tex/chapters/chapter-01/section-04.tex:2718	tex/chapters/chapter-01/section-04.tex:2699	resolved
reference	现在估计 \eqref{eq:ch1-nc-jh-h1-estimate} 显然由 \eqref{eq:ch1-nc-jh-cauchy-bound} 和 \eqref{eq:ch1-nc-global-trace-poincare} 得到.	equation	eq:ch1-nc-jh-h1-estimate	eqref	tex/chapters/chapter-01/section-04.tex:2721	tex/chapters/chapter-01/section-04.tex:2453	resolved
reference	现在估计 \eqref{eq:ch1-nc-jh-h1-estimate} 显然由 \eqref{eq:ch1-nc-jh-cauchy-bound} 和 \eqref{eq:ch1-nc-global-trace-poincare} 得到.	equation	eq:ch1-nc-jh-cauchy-bound	eqref	tex/chapters/chapter-01/section-04.tex:2721	tex/chapters/chapter-01/section-04.tex:2545	resolved
reference	现在估计 \eqref{eq:ch1-nc-jh-h1-estimate} 显然由 \eqref{eq:ch1-nc-jh-cauchy-bound} 和 \eqref{eq:ch1-nc-global-trace-poincare} 得到.	equation	eq:ch1-nc-global-trace-poincare	eqref	tex/chapters/chapter-01/section-04.tex:2721	tex/chapters/chapter-01/section-04.tex:2623	resolved
reference	从 $J_h^i$ 的表达式 \eqref{eq:ch1-nc-jh-difference-form} 出发, 将基本沿用引理 \ref{lem:ch1-nc-boundary-cauchy} 和 \ref{lem:ch1-nc-uniform-trace} 的方法. 主要区别在于, 积分的 Schwarz 不等式被具有适当指数的 Hölder 不等式替代.	equation	eq:ch1-nc-jh-difference-form	eqref	tex/chapters/chapter-01/section-04.tex:2737	tex/chapters/chapter-01/section-04.tex:2498	resolved
reference	从 $J_h^i$ 的表达式 \eqref{eq:ch1-nc-jh-difference-form} 出发, 将基本沿用引理 \ref{lem:ch1-nc-boundary-cauchy} 和 \ref{lem:ch1-nc-uniform-trace} 的方法. 主要区别在于, 积分的 Schwarz 不等式被具有适当指数的 Hölder 不等式替代.	lemma	lem:ch1-nc-boundary-cauchy	ref	tex/chapters/chapter-01/section-04.tex:2737	tex/chapters/chapter-01/section-04.tex:2539	resolved
reference	从 $J_h^i$ 的表达式 \eqref{eq:ch1-nc-jh-difference-form} 出发, 将基本沿用引理 \ref{lem:ch1-nc-boundary-cauchy} 和 \ref{lem:ch1-nc-uniform-trace} 的方法. 主要区别在于, 积分的 Schwarz 不等式被具有适当指数的 Hölder 不等式替代.	lemma	lem:ch1-nc-uniform-trace	ref	tex/chapters/chapter-01/section-04.tex:2737	tex/chapters/chapter-01/section-04.tex:2612	resolved
reference	与引理 \ref{lem:ch1-nc-boundary-cauchy} 一样, 在面 $S'$ 上写成	lemma	lem:ch1-nc-boundary-cauchy	ref	tex/chapters/chapter-01/section-04.tex:2754	tex/chapters/chapter-01/section-04.tex:2539	resolved
reference	最后一个不等式是 Hölder 不等式. 求和即得 \eqref{eq:ch1-nc-jh-holder-face}.	equation	eq:ch1-nc-jh-holder-face	eqref	tex/chapters/chapter-01/section-04.tex:2776	tex/chapters/chapter-01/section-04.tex:2748	resolved
reference	完全按照引理 \ref{lem:ch1-nc-uniform-trace} 的方法, 并使用相同记号. 令 $\sigma(x)=\phi(x)-\phi(S')$, 则	lemma	lem:ch1-nc-uniform-trace	ref	tex/chapters/chapter-01/section-04.tex:2798	tex/chapters/chapter-01/section-04.tex:2612	resolved
reference	使用引理 \ref{lem:ch1-nc-uniform-trace} 中给出的上界, 可见	lemma	lem:ch1-nc-uniform-trace	ref	tex/chapters/chapter-01/section-04.tex:2818	tex/chapters/chapter-01/section-04.tex:2612	resolved
reference	并由引理 \ref{lem:ch1-simplex-linear-map-norms} 有	lemma	lem:ch1-simplex-linear-map-norms	ref	tex/chapters/chapter-01/section-04.tex:2860	tex/chapters/chapter-01/section-04.tex:179	resolved
reference	为证明 \eqref{eq:ch1-nc-jh-lp-intermediate}, 结合 \eqref{eq:ch1-nc-jh-holder-face} 与 \eqref{eq:ch1-nc-trace-holder}. 因为 $1/\gamma+1/\gamma'=1$, 得到	equation	eq:ch1-nc-jh-lp-intermediate	eqref	tex/chapters/chapter-01/section-04.tex:2880	tex/chapters/chapter-01/section-04.tex:2875	resolved
reference	为证明 \eqref{eq:ch1-nc-jh-lp-intermediate}, 结合 \eqref{eq:ch1-nc-jh-holder-face} 与 \eqref{eq:ch1-nc-trace-holder}. 因为 $1/\gamma+1/\gamma'=1$, 得到	equation	eq:ch1-nc-jh-holder-face	eqref	tex/chapters/chapter-01/section-04.tex:2880	tex/chapters/chapter-01/section-04.tex:2748	resolved
reference	为证明 \eqref{eq:ch1-nc-jh-lp-intermediate}, 结合 \eqref{eq:ch1-nc-jh-holder-face} 与 \eqref{eq:ch1-nc-trace-holder}. 因为 $1/\gamma+1/\gamma'=1$, 得到	equation	eq:ch1-nc-trace-holder	eqref	tex/chapters/chapter-01/section-04.tex:2880	tex/chapters/chapter-01/section-04.tex:2793	resolved
reference	由 \eqref{eq:ch1-nc-inradius-height-bound},	equation	eq:ch1-nc-inradius-height-bound	eqref	tex/chapters/chapter-01/section-04.tex:2890	tex/chapters/chapter-01/section-04.tex:2588	resolved
reference	用此上界从 \eqref{eq:ch1-nc-jh-measure-sum} 推出	equation	eq:ch1-nc-jh-measure-sum	eqref	tex/chapters/chapter-01/section-04.tex:2914	tex/chapters/chapter-01/section-04.tex:2897	resolved
reference	现在, 要得到 \eqref{eq:ch1-nc-jh-lp-intermediate}, 只需证明	equation	eq:ch1-nc-jh-lp-intermediate	eqref	tex/chapters/chapter-01/section-04.tex:2930	tex/chapters/chapter-01/section-04.tex:2875	resolved
reference	在记号作适当修改后, 下一个引理将证明 \eqref{eq:ch1-nc-discrete-lp-lq}.	equation	eq:ch1-nc-discrete-lp-lq	eqref	tex/chapters/chapter-01/section-04.tex:2950	tex/chapters/chapter-01/section-04.tex:2937	resolved
reference	然后对 $N$ 归纳. 假设 \eqref{eq:ch1-finite-sequence-lp-lq} 对 $N-1$ 项成立, 写成	equation	eq:ch1-finite-sequence-lp-lq	eqref	tex/chapters/chapter-01/section-04.tex:2978	tex/chapters/chapter-01/section-04.tex:2959	resolved
reference	对 \eqref{eq:ch1-finite-sequence-induction} 右端使用已经为 $N=2$ 建立的不等式, 其上界为	equation	eq:ch1-finite-sequence-induction	eqref	tex/chapters/chapter-01/section-04.tex:2994	tex/chapters/chapter-01/section-04.tex:2987	resolved
reference	于是 \eqref{eq:ch1-finite-sequence-lp-lq} 得证.	equation	eq:ch1-finite-sequence-lp-lq	eqref	tex/chapters/chapter-01/section-04.tex:2999	tex/chapters/chapter-01/section-04.tex:2959	resolved
unresolved	Chapter 2	chapter		MBUnresolvedReference	tex/chapters/chapter-01/section-04.tex:2437		needs-review
unresolved	Chapter 2	chapter		MBUnresolvedReference	tex/chapters/chapter-01/section-04.tex:2723		needs-review
