Record Type	Original Reference	Target Object	LaTeX Label	Command	Translation Location	Target Location	Status
target		section	sec:ch3-general-stability-convergence	label	tex/chapters/chapter-03/section-05.tex:4	tex/chapters/chapter-03/section-05.tex:4	defined
target		subsection	subsec:ch3-scheme-description	label	tex/chapters/chapter-03/section-05.tex:26	tex/chapters/chapter-03/section-05.tex:26	defined
target		equation	eq:ch3-discrete-force-data	label	tex/chapters/chapter-03/section-05.tex:31	tex/chapters/chapter-03/section-05.tex:31	defined
target		equation	eq:ch3-discrete-initial-data	label	tex/chapters/chapter-03/section-05.tex:36	tex/chapters/chapter-03/section-05.tex:36	defined
target		equation	eq:ch3-discrete-space-l2-inclusion	label	tex/chapters/chapter-03/section-05.tex:47	tex/chapters/chapter-03/section-05.tex:47	defined
target		equation	eq:ch3-discrete-norm-lower-bound	label	tex/chapters/chapter-03/section-05.tex:53	tex/chapters/chapter-03/section-05.tex:53	defined
target		equation	eq:ch3-discrete-stability-constant	label	tex/chapters/chapter-03/section-05.tex:59	tex/chapters/chapter-03/section-05.tex:59	defined
target		equation	eq:ch3-discrete-trilinear-cancellation	label	tex/chapters/chapter-03/section-05.tex:68	tex/chapters/chapter-03/section-05.tex:68	defined
target		equation	eq:ch3-discrete-trilinear-continuity	label	tex/chapters/chapter-03/section-05.tex:74	tex/chapters/chapter-03/section-05.tex:74	defined
target		equation	eq:ch3-discrete-time-step	label	tex/chapters/chapter-03/section-05.tex:81	tex/chapters/chapter-03/section-05.tex:81	defined
target		equation	eq:ch3-discrete-force-average	label	tex/chapters/chapter-03/section-05.tex:87	tex/chapters/chapter-03/section-05.tex:87	defined
target		equation	eq:ch3-discrete-initial-projection	label	tex/chapters/chapter-03/section-05.tex:97	tex/chapters/chapter-03/section-05.tex:97	defined
target		equation	eq:ch3-discrete-initial-projection-bound	label	tex/chapters/chapter-03/section-05.tex:103	tex/chapters/chapter-03/section-05.tex:103	defined
target		unknown	scheme:ch3-fully-implicit	label	tex/chapters/chapter-03/section-05.tex:106	tex/chapters/chapter-03/section-05.tex:106	defined
target		equation	eq:ch3-scheme-51	label	tex/chapters/chapter-03/section-05.tex:113	tex/chapters/chapter-03/section-05.tex:113	defined
target		unknown	scheme:ch3-crank-nicholson	label	tex/chapters/chapter-03/section-05.tex:116	tex/chapters/chapter-03/section-05.tex:116	defined
target		equation	eq:ch3-scheme-52	label	tex/chapters/chapter-03/section-05.tex:124	tex/chapters/chapter-03/section-05.tex:124	defined
target		unknown	scheme:ch3-linear-implicit	label	tex/chapters/chapter-03/section-05.tex:127	tex/chapters/chapter-03/section-05.tex:127	defined
target		equation	eq:ch3-scheme-53	label	tex/chapters/chapter-03/section-05.tex:134	tex/chapters/chapter-03/section-05.tex:134	defined
target		unknown	scheme:ch3-explicit	label	tex/chapters/chapter-03/section-05.tex:138	tex/chapters/chapter-03/section-05.tex:138	defined
target		equation	eq:ch3-scheme-54	label	tex/chapters/chapter-03/section-05.tex:145	tex/chapters/chapter-03/section-05.tex:145	defined
target		equation	eq:ch3-discrete-linear-form	label	tex/chapters/chapter-03/section-05.tex:152	tex/chapters/chapter-03/section-05.tex:152	defined
target		equation	eq:ch3-discrete-linear-coercivity	label	tex/chapters/chapter-03/section-05.tex:157	tex/chapters/chapter-03/section-05.tex:157	defined
target		remark	rem:ch3-discrete-matrix-properties	label	tex/chapters/chapter-03/section-05.tex:163	tex/chapters/chapter-03/section-05.tex:163	defined
target		remark	rem:ch3-related-schemes	label	tex/chapters/chapter-03/section-05.tex:179	tex/chapters/chapter-03/section-05.tex:179	defined
target		equation	eq:ch3-scheme-51-nonlinear	label	tex/chapters/chapter-03/section-05.tex:187	tex/chapters/chapter-03/section-05.tex:187	defined
target		equation	eq:ch3-scheme-52-nonlinear	label	tex/chapters/chapter-03/section-05.tex:196	tex/chapters/chapter-03/section-05.tex:196	defined
target		equation	eq:ch3-scheme-53-crank-nicholson	label	tex/chapters/chapter-03/section-05.tex:208	tex/chapters/chapter-03/section-05.tex:208	defined
target		unknown	subsubsec:ch3-schemes-51-52-stability-theorems	label	tex/chapters/chapter-03/section-05.tex:244	tex/chapters/chapter-03/section-05.tex:244	defined
target		definition	def:ch3-lp-stability	label	tex/chapters/chapter-03/section-05.tex:250	tex/chapters/chapter-03/section-05.tex:250	defined
target		subsection	subsec:ch3-scheme-54-stability	label	tex/chapters/chapter-03/section-05.tex:256	tex/chapters/chapter-03/section-05.tex:256	defined
target		unknown	subsubsec:ch3-scheme-54-apriori-estimates	label	tex/chapters/chapter-03/section-05.tex:259	tex/chapters/chapter-03/section-05.tex:259	defined
target		lemma	lem:ch3-scheme-54-apriori-bounds	label	tex/chapters/chapter-03/section-05.tex:263	tex/chapters/chapter-03/section-05.tex:263	defined
target		equation	eq:ch3-scheme-54-first-stability-condition	label	tex/chapters/chapter-03/section-05.tex:268	tex/chapters/chapter-03/section-05.tex:268	defined
target		equation	eq:ch3-scheme-54-second-stability-condition	label	tex/chapters/chapter-03/section-05.tex:273	tex/chapters/chapter-03/section-05.tex:273	defined
target		equation	eq:ch3-scheme-54-data-bound	label	tex/chapters/chapter-03/section-05.tex:279	tex/chapters/chapter-03/section-05.tex:279	defined
target		equation	eq:ch3-scheme-54-uniform-bound	label	tex/chapters/chapter-03/section-05.tex:285	tex/chapters/chapter-03/section-05.tex:285	defined
target		equation	eq:ch3-scheme-54-energy-bound	label	tex/chapters/chapter-03/section-05.tex:289	tex/chapters/chapter-03/section-05.tex:289	defined
target		equation	eq:ch3-scheme-54-increment-bound	label	tex/chapters/chapter-03/section-05.tex:294	tex/chapters/chapter-03/section-05.tex:294	defined
target		equation	eq:ch3-scheme-54-polarization-identity	label	tex/chapters/chapter-03/section-05.tex:303	tex/chapters/chapter-03/section-05.tex:303	defined
target		equation	eq:ch3-scheme-54-preliminary-energy	label	tex/chapters/chapter-03/section-05.tex:319	tex/chapters/chapter-03/section-05.tex:319	defined
target		equation	eq:ch3-scheme-54-increment-identity	label	tex/chapters/chapter-03/section-05.tex:330	tex/chapters/chapter-03/section-05.tex:330	defined
target		equation	eq:ch3-scheme-54-increment-estimate	label	tex/chapters/chapter-03/section-05.tex:360	tex/chapters/chapter-03/section-05.tex:360	defined
target		equation	eq:ch3-scheme-54-step-inequality	label	tex/chapters/chapter-03/section-05.tex:369	tex/chapters/chapter-03/section-05.tex:369	defined
target		equation	eq:ch3-scheme-54-summed-inequality	label	tex/chapters/chapter-03/section-05.tex:376	tex/chapters/chapter-03/section-05.tex:376	defined
target		equation	eq:ch3-scheme-54-mu-r	label	tex/chapters/chapter-03/section-05.tex:382	tex/chapters/chapter-03/section-05.tex:382	defined
target		equation	eq:ch3-scheme-54-inductive-bound	label	tex/chapters/chapter-03/section-05.tex:389	tex/chapters/chapter-03/section-05.tex:389	defined
target		equation	eq:ch3-scheme-54-mu-bound	label	tex/chapters/chapter-03/section-05.tex:400	tex/chapters/chapter-03/section-05.tex:400	defined
target		equation	eq:ch3-scheme-54-recurrence-uniform-bound	label	tex/chapters/chapter-03/section-05.tex:414	tex/chapters/chapter-03/section-05.tex:414	defined
target		equation	eq:ch3-scheme-54-induction-step	label	tex/chapters/chapter-03/section-05.tex:423	tex/chapters/chapter-03/section-05.tex:423	defined
target		equation	eq:ch3-scheme-54-final-increment-estimate	label	tex/chapters/chapter-03/section-05.tex:432	tex/chapters/chapter-03/section-05.tex:432	defined
target		unknown	subsubsec:ch3-proof-strong-prolongation	label	tex/chapters/chapter-03/section-05.tex:439	tex/chapters/chapter-03/section-05.tex:439	defined
target		lemma	lem:ch3-time-dependent-recovery-sequence	label	tex/chapters/chapter-03/section-05.tex:445	tex/chapters/chapter-03/section-05.tex:445	defined
target		lemma	lem:ch3-scheme-51-strong-prolongation	label	tex/chapters/chapter-03/section-05.tex:463	tex/chapters/chapter-03/section-05.tex:463	defined
target		equation	eq:ch3-scheme-51-strong-prolongation	label	tex/chapters/chapter-03/section-05.tex:468	tex/chapters/chapter-03/section-05.tex:468	defined
target		equation	eq:ch3-final-value-weak-limit	label	tex/chapters/chapter-03/section-05.tex:482	tex/chapters/chapter-03/section-05.tex:482	defined
target		equation	eq:ch3-final-value-identification	label	tex/chapters/chapter-03/section-05.tex:488	tex/chapters/chapter-03/section-05.tex:488	defined
target		equation	eq:ch3-strong-prolongation-x3	label	tex/chapters/chapter-03/section-05.tex:511	tex/chapters/chapter-03/section-05.tex:511	defined
target		equation	eq:ch3-strong-prolongation-energy-limit	label	tex/chapters/chapter-03/section-05.tex:529	tex/chapters/chapter-03/section-05.tex:529	defined
target		unknown	subsubsec:ch3-proof-convergence-other-cases	label	tex/chapters/chapter-03/section-05.tex:574	tex/chapters/chapter-03/section-05.tex:574	defined
target		unknown	subsubsec:ch3-scheme-54-stability-theorem	label	tex/chapters/chapter-03/section-05.tex:599	tex/chapters/chapter-03/section-05.tex:599	defined
target		equation	eq:ch3-scheme-54-approximate-function	label	tex/chapters/chapter-03/section-05.tex:604	tex/chapters/chapter-03/section-05.tex:604	defined
target		equation	eq:ch3-scheme-54-time-reconstruction	label	tex/chapters/chapter-03/section-05.tex:609	tex/chapters/chapter-03/section-05.tex:609	defined
target		theorem	thm:ch3-scheme-54-stability	label	tex/chapters/chapter-03/section-05.tex:615	tex/chapters/chapter-03/section-05.tex:615	defined
target		equation	eq:ch3-schemes-51-52-approximate-function	label	tex/chapters/chapter-03/section-05.tex:624	tex/chapters/chapter-03/section-05.tex:624	defined
target		equation	eq:ch3-schemes-51-52-time-reconstruction	label	tex/chapters/chapter-03/section-05.tex:635	tex/chapters/chapter-03/section-05.tex:635	defined
target		equation	eq:ch3-schemes-51-52-linfty-bound	label	tex/chapters/chapter-03/section-05.tex:640	tex/chapters/chapter-03/section-05.tex:640	defined
target		equation	eq:ch3-schemes-51-52-l2-bound	label	tex/chapters/chapter-03/section-05.tex:644	tex/chapters/chapter-03/section-05.tex:644	defined
target		equation	eq:ch3-prolongation-stability	label	tex/chapters/chapter-03/section-05.tex:650	tex/chapters/chapter-03/section-05.tex:650	defined
target		theorem	thm:ch3-schemes-51-52-stability	label	tex/chapters/chapter-03/section-05.tex:660	tex/chapters/chapter-03/section-05.tex:660	defined
target		remark	rem:ch3-increment-estimate-role	label	tex/chapters/chapter-03/section-05.tex:666	tex/chapters/chapter-03/section-05.tex:666	defined
target		subsection	subsec:ch3-scheme-53-stability	label	tex/chapters/chapter-03/section-05.tex:671	tex/chapters/chapter-03/section-05.tex:671	defined
target		equation	eq:ch3-scheme-53-basic-trilinear-bound	label	tex/chapters/chapter-03/section-05.tex:679	tex/chapters/chapter-03/section-05.tex:679	defined
target		equation	eq:ch3-scheme-53-improved-trilinear-bound	label	tex/chapters/chapter-03/section-05.tex:685	tex/chapters/chapter-03/section-05.tex:685	defined
target		equation	eq:ch3-scheme-53-s1-bound	label	tex/chapters/chapter-03/section-05.tex:690	tex/chapters/chapter-03/section-05.tex:690	defined
target		unknown	subsubsec:ch3-scheme-53-apriori-estimates	label	tex/chapters/chapter-03/section-05.tex:695	tex/chapters/chapter-03/section-05.tex:695	defined
target		lemma	lem:ch3-scheme-53-apriori-bounds	label	tex/chapters/chapter-03/section-05.tex:699	tex/chapters/chapter-03/section-05.tex:699	defined
target		equation	eq:ch3-scheme-53-stability-conditions	label	tex/chapters/chapter-03/section-05.tex:704	tex/chapters/chapter-03/section-05.tex:704	defined
target		equation	eq:ch3-scheme-53-uniform-bound	label	tex/chapters/chapter-03/section-05.tex:713	tex/chapters/chapter-03/section-05.tex:713	defined
target		equation	eq:ch3-scheme-53-increment-bound	label	tex/chapters/chapter-03/section-05.tex:717	tex/chapters/chapter-03/section-05.tex:717	defined
target		equation	eq:ch3-scheme-53-energy-bound	label	tex/chapters/chapter-03/section-05.tex:721	tex/chapters/chapter-03/section-05.tex:721	defined
target		equation	eq:ch3-scheme-53-energy-identity	label	tex/chapters/chapter-03/section-05.tex:732	tex/chapters/chapter-03/section-05.tex:732	defined
target		equation	eq:ch3-scheme-53-step-inequality	label	tex/chapters/chapter-03/section-05.tex:753	tex/chapters/chapter-03/section-05.tex:753	defined
target		equation	eq:ch3-scheme-53-summed-inequality	label	tex/chapters/chapter-03/section-05.tex:761	tex/chapters/chapter-03/section-05.tex:761	defined
target		equation	eq:ch3-scheme-53-lambda-r	label	tex/chapters/chapter-03/section-05.tex:767	tex/chapters/chapter-03/section-05.tex:767	defined
target		equation	eq:ch3-scheme-53-induction-condition	label	tex/chapters/chapter-03/section-05.tex:774	tex/chapters/chapter-03/section-05.tex:774	defined
target		equation	eq:ch3-scheme-53-inductive-bound	label	tex/chapters/chapter-03/section-05.tex:782	tex/chapters/chapter-03/section-05.tex:782	defined
target		equation	eq:ch3-scheme-53-intermediate-uniform-bound	label	tex/chapters/chapter-03/section-05.tex:788	tex/chapters/chapter-03/section-05.tex:788	defined
target		equation	eq:ch3-scheme-53-smallness-choice	label	tex/chapters/chapter-03/section-05.tex:813	tex/chapters/chapter-03/section-05.tex:813	defined
target		unknown	subsubsec:ch3-scheme-53-stability-theorem	label	tex/chapters/chapter-03/section-05.tex:819	tex/chapters/chapter-03/section-05.tex:819	defined
target		equation	eq:ch3-scheme-53-time-reconstruction	label	tex/chapters/chapter-03/section-05.tex:826	tex/chapters/chapter-03/section-05.tex:826	defined
target		theorem	thm:ch3-scheme-53-stability	label	tex/chapters/chapter-03/section-05.tex:840	tex/chapters/chapter-03/section-05.tex:840	defined
target		definition	def:ch3-stability-condition	label	tex/chapters/chapter-03/section-05.tex:846	tex/chapters/chapter-03/section-05.tex:846	defined
target		subsection	subsec:ch3-scheme-52-complementary-estimate	label	tex/chapters/chapter-03/section-05.tex:854	tex/chapters/chapter-03/section-05.tex:854	defined
target		equation	eq:ch3-scheme-52-target-increment-estimate	label	tex/chapters/chapter-03/section-05.tex:859	tex/chapters/chapter-03/section-05.tex:859	defined
target		lemma	lem:ch3-scheme-52-complementary-estimate	label	tex/chapters/chapter-03/section-05.tex:865	tex/chapters/chapter-03/section-05.tex:865	defined
target		equation	eq:ch3-scheme-52-increment-bound	label	tex/chapters/chapter-03/section-05.tex:869	tex/chapters/chapter-03/section-05.tex:869	defined
target		subsection	subsec:ch3-fractional-estimates	label	tex/chapters/chapter-03/section-05.tex:904	tex/chapters/chapter-03/section-05.tex:904	defined
target		equation	eq:ch3-fractional-piecewise-linear-function	label	tex/chapters/chapter-03/section-05.tex:915	tex/chapters/chapter-03/section-05.tex:915	defined
target		lemma	lem:ch3-fractional-fourier-estimate	label	tex/chapters/chapter-03/section-05.tex:920	tex/chapters/chapter-03/section-05.tex:920	defined
target		equation	eq:ch3-fractional-fourier-weighted-bound	label	tex/chapters/chapter-03/section-05.tex:928	tex/chapters/chapter-03/section-05.tex:928	defined
target		equation	eq:ch3-fractional-time-derivative-equation	label	tex/chapters/chapter-03/section-05.tex:938	tex/chapters/chapter-03/section-05.tex:938	defined
target		equation	eq:ch3-fractional-gh-l1-bound	label	tex/chapters/chapter-03/section-05.tex:943	tex/chapters/chapter-03/section-05.tex:943	defined
target		equation	eq:ch3-fractional-distribution-equation	label	tex/chapters/chapter-03/section-05.tex:972	tex/chapters/chapter-03/section-05.tex:972	defined
target		equation	eq:ch3-fractional-frequency-pointwise-bound	label	tex/chapters/chapter-03/section-05.tex:997	tex/chapters/chapter-03/section-05.tex:997	defined
target		equation	eq:ch3-fractional-fourier-integral-estimate	label	tex/chapters/chapter-03/section-05.tex:1018	tex/chapters/chapter-03/section-05.tex:1018	defined
target		equation	eq:ch3-fractional-parseval-bound	label	tex/chapters/chapter-03/section-05.tex:1030	tex/chapters/chapter-03/section-05.tex:1030	defined
target		subsection	subsec:ch3-general-convergence	label	tex/chapters/chapter-03/section-05.tex:1036	tex/chapters/chapter-03/section-05.tex:1036	defined
target		unknown	subsubsec:ch3-consistency-compactness	label	tex/chapters/chapter-03/section-05.tex:1041	tex/chapters/chapter-03/section-05.tex:1041	defined
target		lemma	lem:ch3-external-approximation-limit	label	tex/chapters/chapter-03/section-05.tex:1047	tex/chapters/chapter-03/section-05.tex:1047	defined
target		equation	eq:ch3-external-approximation-weak-limit	label	tex/chapters/chapter-03/section-05.tex:1061	tex/chapters/chapter-03/section-05.tex:1061	defined
target		equation	eq:ch3-external-approximation-limit-space	label	tex/chapters/chapter-03/section-05.tex:1066	tex/chapters/chapter-03/section-05.tex:1066	defined
target		equation	eq:ch3-convergence-vh-l2-inclusion	label	tex/chapters/chapter-03/section-05.tex:1093	tex/chapters/chapter-03/section-05.tex:1093	defined
target		equation	eq:ch3-convergence-identification-property	label	tex/chapters/chapter-03/section-05.tex:1119	tex/chapters/chapter-03/section-05.tex:1119	defined
target		equation	eq:ch3-convergence-bilinear-consistency	label	tex/chapters/chapter-03/section-05.tex:1136	tex/chapters/chapter-03/section-05.tex:1136	defined
target		equation	eq:ch3-convergence-trilinear-consistency	label	tex/chapters/chapter-03/section-05.tex:1160	tex/chapters/chapter-03/section-05.tex:1160	defined
target		equation	eq:ch3-convergence-compactness-property	label	tex/chapters/chapter-03/section-05.tex:1180	tex/chapters/chapter-03/section-05.tex:1180	defined
target		unknown	subsubsec:ch3-convergence-theorems	label	tex/chapters/chapter-03/section-05.tex:1185	tex/chapters/chapter-03/section-05.tex:1185	defined
target		equation	eq:ch3-convergence-reconstruction-summary	label	tex/chapters/chapter-03/section-05.tex:1202	tex/chapters/chapter-03/section-05.tex:1202	defined
target		theorem	thm:ch3-convergence-two-dimensional	label	tex/chapters/chapter-03/section-05.tex:1208	tex/chapters/chapter-03/section-05.tex:1208	defined
target		equation	eq:ch3-convergence-2d-velocity	label	tex/chapters/chapter-03/section-05.tex:1217	tex/chapters/chapter-03/section-05.tex:1217	defined
target		equation	eq:ch3-convergence-2d-prolongation	label	tex/chapters/chapter-03/section-05.tex:1222	tex/chapters/chapter-03/section-05.tex:1222	defined
target		equation	eq:ch3-convergence-scheme-52-condition	label	tex/chapters/chapter-03/section-05.tex:1231	tex/chapters/chapter-03/section-05.tex:1231	defined
target		remark	rem:ch3-convergence-strong-prolongation	label	tex/chapters/chapter-03/section-05.tex:1241	tex/chapters/chapter-03/section-05.tex:1241	defined
target		equation	eq:ch3-convergence-strong-prolongation	label	tex/chapters/chapter-03/section-05.tex:1246	tex/chapters/chapter-03/section-05.tex:1246	defined
target		equation	eq:ch3-convergence-additional-strong-conditions	label	tex/chapters/chapter-03/section-05.tex:1254	tex/chapters/chapter-03/section-05.tex:1254	defined
target		theorem	thm:ch3-convergence-three-dimensional	label	tex/chapters/chapter-03/section-05.tex:1263	tex/chapters/chapter-03/section-05.tex:1263	defined
target		equation	eq:ch3-convergence-3d-strong-l2	label	tex/chapters/chapter-03/section-05.tex:1267	tex/chapters/chapter-03/section-05.tex:1267	defined
target		equation	eq:ch3-convergence-3d-weak-star	label	tex/chapters/chapter-03/section-05.tex:1272	tex/chapters/chapter-03/section-05.tex:1272	defined
target		equation	eq:ch3-convergence-3d-prolongation	label	tex/chapters/chapter-03/section-05.tex:1277	tex/chapters/chapter-03/section-05.tex:1277	defined
target		remark	rem:ch3-convergence-three-dimensional-limitations	label	tex/chapters/chapter-03/section-05.tex:1287	tex/chapters/chapter-03/section-05.tex:1287	defined
target		unknown	subsubsec:ch3-proof-convergence-2d-scheme-51	label	tex/chapters/chapter-03/section-05.tex:1296	tex/chapters/chapter-03/section-05.tex:1296	defined
target		equation	eq:ch3-proof-convergence-u-subsequence	label	tex/chapters/chapter-03/section-05.tex:1306	tex/chapters/chapter-03/section-05.tex:1306	defined
target		equation	eq:ch3-proof-convergence-w-subsequence	label	tex/chapters/chapter-03/section-05.tex:1328	tex/chapters/chapter-03/section-05.tex:1328	defined
target		lemma	lem:ch3-reconstruction-distance	label	tex/chapters/chapter-03/section-05.tex:1333	tex/chapters/chapter-03/section-05.tex:1333	defined
target		equation	eq:ch3-reconstruction-distance	label	tex/chapters/chapter-03/section-05.tex:1338	tex/chapters/chapter-03/section-05.tex:1338	defined
target		equation	eq:ch3-reconstruction-limit-identification	label	tex/chapters/chapter-03/section-05.tex:1343	tex/chapters/chapter-03/section-05.tex:1343	defined
target		equation	eq:ch3-proof-convergence-strong-l2	label	tex/chapters/chapter-03/section-05.tex:1349	tex/chapters/chapter-03/section-05.tex:1349	defined
target		equation	eq:ch3-reconstruction-distance-identity	label	tex/chapters/chapter-03/section-05.tex:1359	tex/chapters/chapter-03/section-05.tex:1359	defined
target		lemma	lem:ch3-convergence-limit-solves-problem	label	tex/chapters/chapter-03/section-05.tex:1369	tex/chapters/chapter-03/section-05.tex:1369	defined
target		equation	eq:ch3-convergence-discrete-evolution	label	tex/chapters/chapter-03/section-05.tex:1379	tex/chapters/chapter-03/section-05.tex:1379	defined
target		equation	eq:ch3-convergence-piecewise-force	label	tex/chapters/chapter-03/section-05.tex:1385	tex/chapters/chapter-03/section-05.tex:1385	defined
target		equation	eq:ch3-convergence-test-terminal-zero	label	tex/chapters/chapter-03/section-05.tex:1390	tex/chapters/chapter-03/section-05.tex:1390	defined
target		equation	eq:ch3-convergence-discrete-weak-form	label	tex/chapters/chapter-03/section-05.tex:1398	tex/chapters/chapter-03/section-05.tex:1398	defined
target		equation	eq:ch3-convergence-restriction-strong	label	tex/chapters/chapter-03/section-05.tex:1403	tex/chapters/chapter-03/section-05.tex:1403	defined
target		equation	eq:ch3-convergence-initial-projection-strong	label	tex/chapters/chapter-03/section-05.tex:1407	tex/chapters/chapter-03/section-05.tex:1407	defined
target		equation	eq:ch3-convergence-force-strong	label	tex/chapters/chapter-03/section-05.tex:1411	tex/chapters/chapter-03/section-05.tex:1411	defined
target		equation	eq:ch3-convergence-limit-weak-form	label	tex/chapters/chapter-03/section-05.tex:1419	tex/chapters/chapter-03/section-05.tex:1419	defined
target		equation	eq:ch3-convergence-whole-family	label	tex/chapters/chapter-03/section-05.tex:1427	tex/chapters/chapter-03/section-05.tex:1427	defined
reference	后续各小节的安排如下. 第 \ref{subsec:ch3-scheme-description} 小节描述将要研究的一般离散化类型和数值格式. 第 \ref{sec:sample-scheme-stability}, \ref{subsec:ch3-scheme-53-stability} 和 \ref{subsec:ch3-scheme-54-stability} 小节依次研究格式 \ref{scheme:ch3-fully-implicit} 与 \ref{scheme:ch3-crank-nicholson}, 格式 \ref{scheme:ch3-linear-implicit}, 以及格式 \ref{scheme:ch3-explicit} 的稳定性. 源文称第 \MBUnresolvedReference{subsection}{5.5} 小节处理涉及近似函数关于时间的分数阶导数的辅助先验估计, 并称第 \MBUnresolvedReference{subsection}{5.6} 小节给出相容性假设, 陈述一般收敛定理并证明这些定理; 这两个源文小节号与后面的实际标题不一致.	subsection	subsec:ch3-scheme-description	ref	tex/chapters/chapter-03/section-05.tex:18	tex/chapters/chapter-03/section-05.tex:26	resolved
reference	后续各小节的安排如下. 第 \ref{subsec:ch3-scheme-description} 小节描述将要研究的一般离散化类型和数值格式. 第 \ref{sec:sample-scheme-stability}, \ref{subsec:ch3-scheme-53-stability} 和 \ref{subsec:ch3-scheme-54-stability} 小节依次研究格式 \ref{scheme:ch3-fully-implicit} 与 \ref{scheme:ch3-crank-nicholson}, 格式 \ref{scheme:ch3-linear-implicit}, 以及格式 \ref{scheme:ch3-explicit} 的稳定性. 源文称第 \MBUnresolvedReference{subsection}{5.5} 小节处理涉及近似函数关于时间的分数阶导数的辅助先验估计, 并称第 \MBUnresolvedReference{subsection}{5.6} 小节给出相容性假设, 陈述一般收敛定理并证明这些定理; 这两个源文小节号与后面的实际标题不一致.	section	sec:sample-scheme-stability	ref	tex/chapters/chapter-03/section-05.tex:18	tex/chapters/sample.tex:8	resolved
reference	后续各小节的安排如下. 第 \ref{subsec:ch3-scheme-description} 小节描述将要研究的一般离散化类型和数值格式. 第 \ref{sec:sample-scheme-stability}, \ref{subsec:ch3-scheme-53-stability} 和 \ref{subsec:ch3-scheme-54-stability} 小节依次研究格式 \ref{scheme:ch3-fully-implicit} 与 \ref{scheme:ch3-crank-nicholson}, 格式 \ref{scheme:ch3-linear-implicit}, 以及格式 \ref{scheme:ch3-explicit} 的稳定性. 源文称第 \MBUnresolvedReference{subsection}{5.5} 小节处理涉及近似函数关于时间的分数阶导数的辅助先验估计, 并称第 \MBUnresolvedReference{subsection}{5.6} 小节给出相容性假设, 陈述一般收敛定理并证明这些定理; 这两个源文小节号与后面的实际标题不一致.	subsection	subsec:ch3-scheme-53-stability	ref	tex/chapters/chapter-03/section-05.tex:18	tex/chapters/chapter-03/section-05.tex:671	resolved
reference	后续各小节的安排如下. 第 \ref{subsec:ch3-scheme-description} 小节描述将要研究的一般离散化类型和数值格式. 第 \ref{sec:sample-scheme-stability}, \ref{subsec:ch3-scheme-53-stability} 和 \ref{subsec:ch3-scheme-54-stability} 小节依次研究格式 \ref{scheme:ch3-fully-implicit} 与 \ref{scheme:ch3-crank-nicholson}, 格式 \ref{scheme:ch3-linear-implicit}, 以及格式 \ref{scheme:ch3-explicit} 的稳定性. 源文称第 \MBUnresolvedReference{subsection}{5.5} 小节处理涉及近似函数关于时间的分数阶导数的辅助先验估计, 并称第 \MBUnresolvedReference{subsection}{5.6} 小节给出相容性假设, 陈述一般收敛定理并证明这些定理; 这两个源文小节号与后面的实际标题不一致.	subsection	subsec:ch3-scheme-54-stability	ref	tex/chapters/chapter-03/section-05.tex:18	tex/chapters/chapter-03/section-05.tex:256	resolved
reference	后续各小节的安排如下. 第 \ref{subsec:ch3-scheme-description} 小节描述将要研究的一般离散化类型和数值格式. 第 \ref{sec:sample-scheme-stability}, \ref{subsec:ch3-scheme-53-stability} 和 \ref{subsec:ch3-scheme-54-stability} 小节依次研究格式 \ref{scheme:ch3-fully-implicit} 与 \ref{scheme:ch3-crank-nicholson}, 格式 \ref{scheme:ch3-linear-implicit}, 以及格式 \ref{scheme:ch3-explicit} 的稳定性. 源文称第 \MBUnresolvedReference{subsection}{5.5} 小节处理涉及近似函数关于时间的分数阶导数的辅助先验估计, 并称第 \MBUnresolvedReference{subsection}{5.6} 小节给出相容性假设, 陈述一般收敛定理并证明这些定理; 这两个源文小节号与后面的实际标题不一致.	unknown	scheme:ch3-fully-implicit	ref	tex/chapters/chapter-03/section-05.tex:18	tex/chapters/chapter-03/section-05.tex:106	resolved
reference	后续各小节的安排如下. 第 \ref{subsec:ch3-scheme-description} 小节描述将要研究的一般离散化类型和数值格式. 第 \ref{sec:sample-scheme-stability}, \ref{subsec:ch3-scheme-53-stability} 和 \ref{subsec:ch3-scheme-54-stability} 小节依次研究格式 \ref{scheme:ch3-fully-implicit} 与 \ref{scheme:ch3-crank-nicholson}, 格式 \ref{scheme:ch3-linear-implicit}, 以及格式 \ref{scheme:ch3-explicit} 的稳定性. 源文称第 \MBUnresolvedReference{subsection}{5.5} 小节处理涉及近似函数关于时间的分数阶导数的辅助先验估计, 并称第 \MBUnresolvedReference{subsection}{5.6} 小节给出相容性假设, 陈述一般收敛定理并证明这些定理; 这两个源文小节号与后面的实际标题不一致.	unknown	scheme:ch3-crank-nicholson	ref	tex/chapters/chapter-03/section-05.tex:18	tex/chapters/chapter-03/section-05.tex:116	resolved
reference	后续各小节的安排如下. 第 \ref{subsec:ch3-scheme-description} 小节描述将要研究的一般离散化类型和数值格式. 第 \ref{sec:sample-scheme-stability}, \ref{subsec:ch3-scheme-53-stability} 和 \ref{subsec:ch3-scheme-54-stability} 小节依次研究格式 \ref{scheme:ch3-fully-implicit} 与 \ref{scheme:ch3-crank-nicholson}, 格式 \ref{scheme:ch3-linear-implicit}, 以及格式 \ref{scheme:ch3-explicit} 的稳定性. 源文称第 \MBUnresolvedReference{subsection}{5.5} 小节处理涉及近似函数关于时间的分数阶导数的辅助先验估计, 并称第 \MBUnresolvedReference{subsection}{5.6} 小节给出相容性假设, 陈述一般收敛定理并证明这些定理; 这两个源文小节号与后面的实际标题不一致.	unknown	scheme:ch3-linear-implicit	ref	tex/chapters/chapter-03/section-05.tex:18	tex/chapters/chapter-03/section-05.tex:127	resolved
reference	后续各小节的安排如下. 第 \ref{subsec:ch3-scheme-description} 小节描述将要研究的一般离散化类型和数值格式. 第 \ref{sec:sample-scheme-stability}, \ref{subsec:ch3-scheme-53-stability} 和 \ref{subsec:ch3-scheme-54-stability} 小节依次研究格式 \ref{scheme:ch3-fully-implicit} 与 \ref{scheme:ch3-crank-nicholson}, 格式 \ref{scheme:ch3-linear-implicit}, 以及格式 \ref{scheme:ch3-explicit} 的稳定性. 源文称第 \MBUnresolvedReference{subsection}{5.5} 小节处理涉及近似函数关于时间的分数阶导数的辅助先验估计, 并称第 \MBUnresolvedReference{subsection}{5.6} 小节给出相容性假设, 陈述一般收敛定理并证明这些定理; 这两个源文小节号与后面的实际标题不一致.	unknown	scheme:ch3-explicit	ref	tex/chapters/chapter-03/section-05.tex:18	tex/chapters/chapter-03/section-05.tex:138	resolved
reference	定理 \ref{thm:ch3-existence-weak-solution} 和 \ref{thm:ch3-uniqueness-2d} 表明: 当 $n=2$ 时, 问题 \MBUnresolvedReference{problem}{Problem 3.2} 存在唯一解; 当 $n=3$ 时, 至少存在一个这样的解.	theorem	thm:ch3-existence-weak-solution	ref	tex/chapters/chapter-03/section-05.tex:38	tex/chapters/chapter-03/section-03.tex:167	resolved
reference	定理 \ref{thm:ch3-existence-weak-solution} 和 \ref{thm:ch3-uniqueness-2d} 表明: 当 $n=2$ 时, 问题 \MBUnresolvedReference{problem}{Problem 3.2} 存在唯一解; 当 $n=3$ 时, 至少存在一个这样的解.	theorem	thm:ch3-uniqueness-2d	ref	tex/chapters/chapter-03/section-05.tex:38	tex/chapters/chapter-03/section-03.tex:693	resolved
reference	与第 \ref{sec:ch3-semidiscrete-existence} 节一样, 对 $k$ 和函数 $f$ 定义元素 $f^1,\ldots,f^N$:	section	sec:ch3-semidiscrete-existence	ref	tex/chapters/chapter-03/section-05.tex:83	tex/chapters/chapter-03/section-04.tex:3	resolved
reference	开始. 由 \,\eqref{eq:ch3-discrete-space-l2-inclusion}, 这一定义有意义, 并立即得到	equation	eq:ch3-discrete-space-l2-inclusion	eqref	tex/chapters/chapter-03/section-05.tex:99	tex/chapters/chapter-03/section-05.tex:47	resolved
reference	$L_h$ 依赖于 $m$; 对格式 \ref{scheme:ch3-fully-implicit} 和 \ref{scheme:ch3-crank-nicholson}, $a_h$ 也依赖于 $m$, 对格式 \ref{scheme:ch3-linear-implicit} 和 \ref{scheme:ch3-explicit} 则不依赖于 $m$. 在所有情形下都有	unknown	scheme:ch3-fully-implicit	ref	tex/chapters/chapter-03/section-05.tex:154	tex/chapters/chapter-03/section-05.tex:106	resolved
reference	$L_h$ 依赖于 $m$; 对格式 \ref{scheme:ch3-fully-implicit} 和 \ref{scheme:ch3-crank-nicholson}, $a_h$ 也依赖于 $m$, 对格式 \ref{scheme:ch3-linear-implicit} 和 \ref{scheme:ch3-explicit} 则不依赖于 $m$. 在所有情形下都有	unknown	scheme:ch3-crank-nicholson	ref	tex/chapters/chapter-03/section-05.tex:154	tex/chapters/chapter-03/section-05.tex:116	resolved
reference	$L_h$ 依赖于 $m$; 对格式 \ref{scheme:ch3-fully-implicit} 和 \ref{scheme:ch3-crank-nicholson}, $a_h$ 也依赖于 $m$, 对格式 \ref{scheme:ch3-linear-implicit} 和 \ref{scheme:ch3-explicit} 则不依赖于 $m$. 在所有情形下都有	unknown	scheme:ch3-linear-implicit	ref	tex/chapters/chapter-03/section-05.tex:154	tex/chapters/chapter-03/section-05.tex:127	resolved
reference	$L_h$ 依赖于 $m$; 对格式 \ref{scheme:ch3-fully-implicit} 和 \ref{scheme:ch3-crank-nicholson}, $a_h$ 也依赖于 $m$, 对格式 \ref{scheme:ch3-linear-implicit} 和 \ref{scheme:ch3-explicit} 则不依赖于 $m$. 在所有情形下都有	unknown	scheme:ch3-explicit	ref	tex/chapters/chapter-03/section-05.tex:154	tex/chapters/chapter-03/section-05.tex:138	resolved
reference	因而方程 \eqref{eq:ch3-discrete-linear-form} 解的存在唯一性是投影定理 \MBUnresolvedReference{theorem}{Theorem 1.2.2} 的推论.	equation	eq:ch3-discrete-linear-form	eqref	tex/chapters/chapter-03/section-05.tex:159	tex/chapters/chapter-03/section-05.tex:152	resolved
reference	-- 对格式 \ref{scheme:ch3-fully-implicit} 和 \ref{scheme:ch3-crank-nicholson}, 该矩阵正定, 非对称且依赖于 $m$;	unknown	scheme:ch3-fully-implicit	ref	tex/chapters/chapter-03/section-05.tex:166	tex/chapters/chapter-03/section-05.tex:106	resolved
reference	-- 对格式 \ref{scheme:ch3-fully-implicit} 和 \ref{scheme:ch3-crank-nicholson}, 该矩阵正定, 非对称且依赖于 $m$;	unknown	scheme:ch3-crank-nicholson	ref	tex/chapters/chapter-03/section-05.tex:166	tex/chapters/chapter-03/section-05.tex:116	resolved
reference	-- 对格式 \ref{scheme:ch3-linear-implicit} 和 \ref{scheme:ch3-explicit}, 该矩阵正定, 对称且不依赖于 $m$.	unknown	scheme:ch3-linear-implicit	ref	tex/chapters/chapter-03/section-05.tex:168	tex/chapters/chapter-03/section-05.tex:127	resolved
reference	-- 对格式 \ref{scheme:ch3-linear-implicit} 和 \ref{scheme:ch3-explicit}, 该矩阵正定, 对称且不依赖于 $m$.	unknown	scheme:ch3-explicit	ref	tex/chapters/chapter-03/section-05.tex:168	tex/chapters/chapter-03/section-05.tex:138	resolved
reference	(ii) 格式 \ref{scheme:ch3-fully-implicit} 是标准全隐式格式; 格式 \ref{scheme:ch3-crank-nicholson} 是经典 Crank--Nicholson 格式的一种解释. 格式 \ref{scheme:ch3-linear-implicit} 是部分隐式格式, 只对算子的线性部分采用隐式.	unknown	scheme:ch3-fully-implicit	ref	tex/chapters/chapter-03/section-05.tex:170	tex/chapters/chapter-03/section-05.tex:106	resolved
reference	(ii) 格式 \ref{scheme:ch3-fully-implicit} 是标准全隐式格式; 格式 \ref{scheme:ch3-crank-nicholson} 是经典 Crank--Nicholson 格式的一种解释. 格式 \ref{scheme:ch3-linear-implicit} 是部分隐式格式, 只对算子的线性部分采用隐式.	unknown	scheme:ch3-crank-nicholson	ref	tex/chapters/chapter-03/section-05.tex:170	tex/chapters/chapter-03/section-05.tex:116	resolved
reference	(ii) 格式 \ref{scheme:ch3-fully-implicit} 是标准全隐式格式; 格式 \ref{scheme:ch3-crank-nicholson} 是经典 Crank--Nicholson 格式的一种解释. 格式 \ref{scheme:ch3-linear-implicit} 是部分隐式格式, 只对算子的线性部分采用隐式.	unknown	scheme:ch3-linear-implicit	ref	tex/chapters/chapter-03/section-05.tex:170	tex/chapters/chapter-03/section-05.tex:127	resolved
reference	(iii) 格式 \ref{scheme:ch3-explicit} 是显式格式, 更准确地说是所谓显式格式的一种解释. 之所以使用这一术语, 是因为这种格式通常显式给出 $u_h^m$, 即不需要对任何矩阵求逆. 在当前情形, 由于空间 $V_h$ 中包含离散条件 $\operatorname{div}u_h=0$, 确定 $u_h^m$ 仍需对一个矩阵求逆. 这大大限制了该格式的意义, 但我们仍认为值得考虑.	unknown	scheme:ch3-explicit	ref	tex/chapters/chapter-03/section-05.tex:172	tex/chapters/chapter-03/section-05.tex:138	resolved
reference	(i) 与格式 \ref{scheme:ch3-fully-implicit} 和 \ref{scheme:ch3-crank-nicholson} 相关的是这两种格式的非线性形式.	unknown	scheme:ch3-fully-implicit	ref	tex/chapters/chapter-03/section-05.tex:180	tex/chapters/chapter-03/section-05.tex:106	resolved
reference	(i) 与格式 \ref{scheme:ch3-fully-implicit} 和 \ref{scheme:ch3-crank-nicholson} 相关的是这两种格式的非线性形式.	unknown	scheme:ch3-crank-nicholson	ref	tex/chapters/chapter-03/section-05.tex:180	tex/chapters/chapter-03/section-05.tex:116	resolved
reference	\paragraph{格式 \ref{scheme:ch3-fully-implicit}$'$.}	unknown	scheme:ch3-fully-implicit	ref	tex/chapters/chapter-03/section-05.tex:182	tex/chapters/chapter-03/section-05.tex:106	resolved
reference	\paragraph{格式 \ref{scheme:ch3-crank-nicholson}$'$.}	unknown	scheme:ch3-crank-nicholson	ref	tex/chapters/chapter-03/section-05.tex:190	tex/chapters/chapter-03/section-05.tex:116	resolved
reference	(ii) 与格式 \ref{scheme:ch3-linear-implicit} 相关的是一个线性部分采用 Crank--Nicholson 离散的格式.	unknown	scheme:ch3-linear-implicit	ref	tex/chapters/chapter-03/section-05.tex:199	tex/chapters/chapter-03/section-05.tex:127	resolved
reference	\paragraph{格式 \ref{scheme:ch3-linear-implicit}$'$.}	unknown	scheme:ch3-linear-implicit	ref	tex/chapters/chapter-03/section-05.tex:202	tex/chapters/chapter-03/section-05.tex:127	resolved
reference	(iii) 这些格式可以用与格式 \ref{scheme:ch3-fully-implicit}--\ref{scheme:ch3-explicit} 完全相同的方法研究.	unknown	scheme:ch3-fully-implicit	ref	tex/chapters/chapter-03/section-05.tex:211	tex/chapters/chapter-03/section-05.tex:106	resolved
reference	(iii) 这些格式可以用与格式 \ref{scheme:ch3-fully-implicit}--\ref{scheme:ch3-explicit} 完全相同的方法研究.	unknown	scheme:ch3-explicit	ref	tex/chapters/chapter-03/section-05.tex:211	tex/chapters/chapter-03/section-05.tex:138	resolved
reference	\expandafter\def\csname MBResolvedRef@5.1\endcsname{\ref{scheme:ch3-fully-implicit}}	unknown	scheme:ch3-fully-implicit	ref	tex/chapters/chapter-03/section-05.tex:223	tex/chapters/chapter-03/section-05.tex:106	resolved
reference	\expandafter\def\csname MBResolvedRef@5.2\endcsname{\ref{scheme:ch3-crank-nicholson}}	unknown	scheme:ch3-crank-nicholson	ref	tex/chapters/chapter-03/section-05.tex:224	tex/chapters/chapter-03/section-05.tex:116	resolved
reference	\expandafter\def\csname MBResolvedRef@(5.4)\endcsname{\eqref{eq:ch3-discrete-norm-lower-bound}}	equation	eq:ch3-discrete-norm-lower-bound	eqref	tex/chapters/chapter-03/section-05.tex:225	tex/chapters/chapter-03/section-05.tex:53	resolved
reference	\expandafter\def\csname MBResolvedRef@(5.6)\endcsname{\eqref{eq:ch3-discrete-trilinear-cancellation}}	equation	eq:ch3-discrete-trilinear-cancellation	eqref	tex/chapters/chapter-03/section-05.tex:226	tex/chapters/chapter-03/section-05.tex:68	resolved
reference	\expandafter\def\csname MBResolvedRef@(5.11)\endcsname{\eqref{eq:ch3-discrete-initial-projection-bound}}	equation	eq:ch3-discrete-initial-projection-bound	eqref	tex/chapters/chapter-03/section-05.tex:227	tex/chapters/chapter-03/section-05.tex:103	resolved
reference	\expandafter\def\csname MBResolvedRef@(5.12)\endcsname{\eqref{eq:ch3-scheme-51}}	equation	eq:ch3-scheme-51	eqref	tex/chapters/chapter-03/section-05.tex:228	tex/chapters/chapter-03/section-05.tex:113	resolved
reference	\expandafter\def\csname MBResolvedRef@(5.13)\endcsname{\eqref{eq:ch3-scheme-52}}	equation	eq:ch3-scheme-52	eqref	tex/chapters/chapter-03/section-05.tex:229	tex/chapters/chapter-03/section-05.tex:124	resolved
reference	\expandafter\def\csname MBResolvedRef@引理 4.5\endcsname{引理~\ref{lem:ch3-semidiscrete-force-average-bound}}	lemma	lem:ch3-semidiscrete-force-average-bound	ref	tex/chapters/chapter-03/section-05.tex:230	tex/chapters/chapter-03/section-04.tex:338	resolved
reference	\subsection{格式 \ref{scheme:ch3-explicit} 的稳定性}	unknown	scheme:ch3-explicit	ref	tex/chapters/chapter-03/section-05.tex:255	tex/chapters/chapter-03/section-05.tex:138	resolved
reference	则由 \eqref{eq:ch3-scheme-54} 给出的 $u_h^m$ 在下述意义下保持有界:	equation	eq:ch3-scheme-54	eqref	tex/chapters/chapter-03/section-05.tex:281	tex/chapters/chapter-03/section-05.tex:145	resolved
reference	在 \eqref{eq:ch3-scheme-54} 中取 $v_h=u_h^{m-1}$. 由恒等式	equation	eq:ch3-scheme-54	eqref	tex/chapters/chapter-03/section-05.tex:299	tex/chapters/chapter-03/section-05.tex:145	resolved
reference	上式与 \eqref{eq:sample-scheme51-test-estimate} 的不同之处在于左端的 $|u_h^m-u_h^{m-1}|^2$ 带负号, 因而必须估计它的上界.	equation	eq:sample-scheme51-test-estimate	eqref	tex/chapters/chapter-03/section-05.tex:321	tex/chapters/sample.tex:54	resolved
reference	为估计 $|u_h^m-u_h^{m-1}|^2$, 在 \eqref{eq:ch3-scheme-54} 中取 $v_h=u_h^m-u_h^{m-1}$. 得	equation	eq:ch3-scheme-54	eqref	tex/chapters/chapter-03/section-05.tex:324	tex/chapters/chapter-03/section-05.tex:145	resolved
reference	反复使用 \eqref{eq:ch3-discrete-stability-constant}, \eqref{eq:ch3-scheme-53-improved-trilinear-bound} 和 Schwarz 不等式, 依次估计右端各项:	equation	eq:ch3-discrete-stability-constant	eqref	tex/chapters/chapter-03/section-05.tex:332	tex/chapters/chapter-03/section-05.tex:59	resolved
reference	反复使用 \eqref{eq:ch3-discrete-stability-constant}, \eqref{eq:ch3-scheme-53-improved-trilinear-bound} 和 Schwarz 不等式, 依次估计右端各项:	equation	eq:ch3-scheme-53-improved-trilinear-bound	eqref	tex/chapters/chapter-03/section-05.tex:332	tex/chapters/chapter-03/section-05.tex:685	resolved
reference	因此 \eqref{eq:ch3-scheme-54-increment-identity} 变成	equation	eq:ch3-scheme-54-increment-identity	eqref	tex/chapters/chapter-03/section-05.tex:351	tex/chapters/chapter-03/section-05.tex:330	resolved
reference	其中最后一步使用 \eqref{eq:ch3-scheme-54-first-stability-condition}. 对 \eqref{eq:ch3-scheme-54-preliminary-energy}, 有	equation	eq:ch3-scheme-54-first-stability-condition	eqref	tex/chapters/chapter-03/section-05.tex:362	tex/chapters/chapter-03/section-05.tex:268	resolved
reference	其中最后一步使用 \eqref{eq:ch3-scheme-54-first-stability-condition}. 对 \eqref{eq:ch3-scheme-54-preliminary-energy}, 有	equation	eq:ch3-scheme-54-preliminary-energy	eqref	tex/chapters/chapter-03/section-05.tex:362	tex/chapters/chapter-03/section-05.tex:319	resolved
reference	现在使用 \eqref{eq:ch3-scheme-54-second-stability-condition} 递归证明	equation	eq:ch3-scheme-54-second-stability-condition	eqref	tex/chapters/chapter-03/section-05.tex:384	tex/chapters/chapter-03/section-05.tex:273	resolved
reference	关系 \eqref{eq:ch3-scheme-54-inductive-bound} 对 $r=1$ 是显然的; 在 \eqref{eq:ch3-scheme-54-step-inequality} 中取 $m=1$ 并使用 \eqref{eq:ch3-scheme-54-second-stability-condition}, 得	equation	eq:ch3-scheme-54-inductive-bound	eqref	tex/chapters/chapter-03/section-05.tex:402	tex/chapters/chapter-03/section-05.tex:389	resolved
reference	关系 \eqref{eq:ch3-scheme-54-inductive-bound} 对 $r=1$ 是显然的; 在 \eqref{eq:ch3-scheme-54-step-inequality} 中取 $m=1$ 并使用 \eqref{eq:ch3-scheme-54-second-stability-condition}, 得	equation	eq:ch3-scheme-54-step-inequality	eqref	tex/chapters/chapter-03/section-05.tex:402	tex/chapters/chapter-03/section-05.tex:369	resolved
reference	关系 \eqref{eq:ch3-scheme-54-inductive-bound} 对 $r=1$ 是显然的; 在 \eqref{eq:ch3-scheme-54-step-inequality} 中取 $m=1$ 并使用 \eqref{eq:ch3-scheme-54-second-stability-condition}, 得	equation	eq:ch3-scheme-54-second-stability-condition	eqref	tex/chapters/chapter-03/section-05.tex:402	tex/chapters/chapter-03/section-05.tex:273	resolved
reference	这就是 $r=1$ 时的 \eqref{eq:ch3-scheme-54-inductive-bound}.	equation	eq:ch3-scheme-54-inductive-bound	eqref	tex/chapters/chapter-03/section-05.tex:409	tex/chapters/chapter-03/section-05.tex:389	resolved
reference	现假设 \eqref{eq:ch3-scheme-54-inductive-bound} 一直成立到 $r-1$ 阶, 并对 $r$ 阶证明它. 由递推假设,	equation	eq:ch3-scheme-54-inductive-bound	eqref	tex/chapters/chapter-03/section-05.tex:411	tex/chapters/chapter-03/section-05.tex:389	resolved
reference	最后一个不等式来自 \eqref{eq:ch3-scheme-54-mu-bound}. 因而 \eqref{eq:ch3-scheme-54-summed-inequality} 给出	equation	eq:ch3-scheme-54-mu-bound	eqref	tex/chapters/chapter-03/section-05.tex:416	tex/chapters/chapter-03/section-05.tex:400	resolved
reference	最后一个不等式来自 \eqref{eq:ch3-scheme-54-mu-bound}. 因而 \eqref{eq:ch3-scheme-54-summed-inequality} 给出	equation	eq:ch3-scheme-54-summed-inequality	eqref	tex/chapters/chapter-03/section-05.tex:416	tex/chapters/chapter-03/section-05.tex:376	resolved
reference	于是得到 $r$ 阶的 \eqref{eq:ch3-scheme-54-inductive-bound}.	equation	eq:ch3-scheme-54-inductive-bound	eqref	tex/chapters/chapter-03/section-05.tex:425	tex/chapters/chapter-03/section-05.tex:389	resolved
reference	还需证明 \eqref{eq:ch3-scheme-54-increment-bound}. 回到 \eqref{eq:ch3-scheme-54-increment-estimate}, 并使用 \eqref{eq:ch3-scheme-54-first-stability-condition} 和 \eqref{eq:ch3-scheme-54-second-stability-condition}, 得	equation	eq:ch3-scheme-54-increment-bound	eqref	tex/chapters/chapter-03/section-05.tex:427	tex/chapters/chapter-03/section-05.tex:294	resolved
reference	还需证明 \eqref{eq:ch3-scheme-54-increment-bound}. 回到 \eqref{eq:ch3-scheme-54-increment-estimate}, 并使用 \eqref{eq:ch3-scheme-54-first-stability-condition} 和 \eqref{eq:ch3-scheme-54-second-stability-condition}, 得	equation	eq:ch3-scheme-54-increment-estimate	eqref	tex/chapters/chapter-03/section-05.tex:427	tex/chapters/chapter-03/section-05.tex:360	resolved
reference	还需证明 \eqref{eq:ch3-scheme-54-increment-bound}. 回到 \eqref{eq:ch3-scheme-54-increment-estimate}, 并使用 \eqref{eq:ch3-scheme-54-first-stability-condition} 和 \eqref{eq:ch3-scheme-54-second-stability-condition}, 得	equation	eq:ch3-scheme-54-first-stability-condition	eqref	tex/chapters/chapter-03/section-05.tex:427	tex/chapters/chapter-03/section-05.tex:268	resolved
reference	还需证明 \eqref{eq:ch3-scheme-54-increment-bound}. 回到 \eqref{eq:ch3-scheme-54-increment-estimate}, 并使用 \eqref{eq:ch3-scheme-54-first-stability-condition} 和 \eqref{eq:ch3-scheme-54-second-stability-condition}, 得	equation	eq:ch3-scheme-54-second-stability-condition	eqref	tex/chapters/chapter-03/section-05.tex:427	tex/chapters/chapter-03/section-05.tex:273	resolved
reference	求和并使用 \eqref{eq:sample-forcing-time-average-bound}, 得到 \eqref{eq:ch3-scheme-54-increment-bound}.	equation	eq:sample-forcing-time-average-bound	eqref	tex/chapters/chapter-03/section-05.tex:434	tex/chapters/sample.tex:77	resolved
reference	求和并使用 \eqref{eq:sample-forcing-time-average-bound}, 得到 \eqref{eq:ch3-scheme-54-increment-bound}.	equation	eq:ch3-scheme-54-increment-bound	eqref	tex/chapters/chapter-03/section-05.tex:434	tex/chapters/chapter-03/section-05.tex:294	resolved
reference	\subsubsection{\eqref{eq:ch3-convergence-strong-prolongation} 的证明}	equation	eq:ch3-convergence-strong-prolongation	eqref	tex/chapters/chapter-03/section-05.tex:438	tex/chapters/chapter-03/section-05.tex:1246	resolved
reference	为完整起见, 还证明 \eqref{eq:ch3-convergence-strong-prolongation}. 为此需要一个相当一般且本身也有意义的预备结果.	equation	eq:ch3-convergence-strong-prolongation	eqref	tex/chapters/chapter-03/section-05.tex:441	tex/chapters/chapter-03/section-05.tex:1246	resolved
reference	空间维数为 $n=2$. 对格式 \ref{scheme:ch3-fully-implicit}, 当 $h,k\to0$ 时,	unknown	scheme:ch3-fully-implicit	ref	tex/chapters/chapter-03/section-05.tex:464	tex/chapters/chapter-03/section-05.tex:106	resolved
reference	其中 $u_h^+$ 如引理 \ref{lem:ch3-time-dependent-recovery-sequence} 中定义. 由 \eqref{eq:sample-scheme51-uniform-bound}, $|u_h^N|\leq\text{常数}$; 因而存在序列 $h',k'$, 使	lemma	lem:ch3-time-dependent-recovery-sequence	ref	tex/chapters/chapter-03/section-05.tex:478	tex/chapters/chapter-03/section-05.tex:445	resolved
reference	其中 $u_h^+$ 如引理 \ref{lem:ch3-time-dependent-recovery-sequence} 中定义. 由 \eqref{eq:sample-scheme51-uniform-bound}, $|u_h^N|\leq\text{常数}$; 因而存在序列 $h',k'$, 使	equation	eq:sample-scheme51-uniform-bound	eqref	tex/chapters/chapter-03/section-05.tex:478	tex/chapters/sample.tex:20	resolved
reference	其中由引理 \ref{lem:ch3-time-dependent-recovery-sequence} 和 \eqref{eq:ch3-convergence-bilinear-consistency},	lemma	lem:ch3-time-dependent-recovery-sequence	ref	tex/chapters/chapter-03/section-05.tex:494	tex/chapters/chapter-03/section-05.tex:445	resolved
reference	其中由引理 \ref{lem:ch3-time-dependent-recovery-sequence} 和 \eqref{eq:ch3-convergence-bilinear-consistency},	equation	eq:ch3-convergence-bilinear-consistency	eqref	tex/chapters/chapter-03/section-05.tex:494	tex/chapters/chapter-03/section-05.tex:1136	resolved
reference	由引理 \ref{lem:ch3-time-dependent-recovery-sequence}, \eqref{eq:ch3-convergence-bilinear-consistency} 和 \eqref{eq:ch3-final-value-weak-limit}--\eqref{eq:ch3-final-value-identification}, 并回顾 $u(T)\in H$,	lemma	lem:ch3-time-dependent-recovery-sequence	ref	tex/chapters/chapter-03/section-05.tex:499	tex/chapters/chapter-03/section-05.tex:445	resolved
reference	由引理 \ref{lem:ch3-time-dependent-recovery-sequence}, \eqref{eq:ch3-convergence-bilinear-consistency} 和 \eqref{eq:ch3-final-value-weak-limit}--\eqref{eq:ch3-final-value-identification}, 并回顾 $u(T)\in H$,	equation	eq:ch3-convergence-bilinear-consistency	eqref	tex/chapters/chapter-03/section-05.tex:499	tex/chapters/chapter-03/section-05.tex:1136	resolved
reference	由引理 \ref{lem:ch3-time-dependent-recovery-sequence}, \eqref{eq:ch3-convergence-bilinear-consistency} 和 \eqref{eq:ch3-final-value-weak-limit}--\eqref{eq:ch3-final-value-identification}, 并回顾 $u(T)\in H$,	equation	eq:ch3-final-value-weak-limit	eqref	tex/chapters/chapter-03/section-05.tex:499	tex/chapters/chapter-03/section-05.tex:482	resolved
reference	由引理 \ref{lem:ch3-time-dependent-recovery-sequence}, \eqref{eq:ch3-convergence-bilinear-consistency} 和 \eqref{eq:ch3-final-value-weak-limit}--\eqref{eq:ch3-final-value-identification}, 并回顾 $u(T)\in H$,	equation	eq:ch3-final-value-identification	eqref	tex/chapters/chapter-03/section-05.tex:499	tex/chapters/chapter-03/section-05.tex:488	resolved
reference	把等式 \eqref{eq:sample-scheme51-test-estimate} 中最初的能量等式对 $m=1,\ldots,N$ 相加, 得	equation	eq:sample-scheme51-test-estimate	eqref	tex/chapters/chapter-03/section-05.tex:515	tex/chapters/sample.tex:54	resolved
reference	而由 \eqref{eq:ch3-semidiscrete-limit-energy-equality-2d}, 此极限为零.	equation	eq:ch3-semidiscrete-limit-energy-equality-2d	eqref	tex/chapters/chapter-03/section-05.tex:531	tex/chapters/chapter-03/section-04.tex:566	resolved
reference	由此得到 \eqref{eq:ch3-scheme-51-strong-prolongation}.	equation	eq:ch3-scheme-51-strong-prolongation	eqref	tex/chapters/chapter-03/section-05.tex:549	tex/chapters/chapter-03/section-05.tex:468	resolved
reference	还需证明 \eqref{eq:ch3-final-value-identification}. 把 \eqref{eq:ch3-scheme-51} 对 $m=1,\ldots,N$ 相加, 得	equation	eq:ch3-final-value-identification	eqref	tex/chapters/chapter-03/section-05.tex:551	tex/chapters/chapter-03/section-05.tex:488	resolved
reference	还需证明 \eqref{eq:ch3-final-value-identification}. 把 \eqref{eq:ch3-scheme-51} 对 $m=1,\ldots,N$ 相加, 得	equation	eq:ch3-scheme-51	eqref	tex/chapters/chapter-03/section-05.tex:551	tex/chapters/chapter-03/section-05.tex:113	resolved
reference	由稠密性, 这蕴含 \eqref{eq:ch3-final-value-identification}. 引理 \ref{lem:ch3-scheme-51-strong-prolongation} 证明完毕.	equation	eq:ch3-final-value-identification	eqref	tex/chapters/chapter-03/section-05.tex:570	tex/chapters/chapter-03/section-05.tex:488	resolved
reference	由稠密性, 这蕴含 \eqref{eq:ch3-final-value-identification}. 引理 \ref{lem:ch3-scheme-51-strong-prolongation} 证明完毕.	lemma	lem:ch3-scheme-51-strong-prolongation	ref	tex/chapters/chapter-03/section-05.tex:570	tex/chapters/chapter-03/section-05.tex:463	resolved
reference	\subsubsection{定理 \ref{thm:ch3-convergence-two-dimensional} 和 \ref{thm:ch3-convergence-three-dimensional} 的证明(其他情形)}	theorem	thm:ch3-convergence-two-dimensional	ref	tex/chapters/chapter-03/section-05.tex:573	tex/chapters/chapter-03/section-05.tex:1208	resolved
reference	\subsubsection{定理 \ref{thm:ch3-convergence-two-dimensional} 和 \ref{thm:ch3-convergence-three-dimensional} 的证明(其他情形)}	theorem	thm:ch3-convergence-three-dimensional	ref	tex/chapters/chapter-03/section-05.tex:573	tex/chapters/chapter-03/section-05.tex:1263	resolved
reference	对于格式 \ref{scheme:ch3-crank-nicholson}, \ref{scheme:ch3-linear-implicit} 和 \ref{scheme:ch3-explicit}, 在 $n=2$ 的情形, 使用相应的先验估计即可得到与上述证明非常相似的证明.	unknown	scheme:ch3-crank-nicholson	ref	tex/chapters/chapter-03/section-05.tex:576	tex/chapters/chapter-03/section-05.tex:116	resolved
reference	对于格式 \ref{scheme:ch3-crank-nicholson}, \ref{scheme:ch3-linear-implicit} 和 \ref{scheme:ch3-explicit}, 在 $n=2$ 的情形, 使用相应的先验估计即可得到与上述证明非常相似的证明.	unknown	scheme:ch3-linear-implicit	ref	tex/chapters/chapter-03/section-05.tex:576	tex/chapters/chapter-03/section-05.tex:127	resolved
reference	对于格式 \ref{scheme:ch3-crank-nicholson}, \ref{scheme:ch3-linear-implicit} 和 \ref{scheme:ch3-explicit}, 在 $n=2$ 的情形, 使用相应的先验估计即可得到与上述证明非常相似的证明.	unknown	scheme:ch3-explicit	ref	tex/chapters/chapter-03/section-05.tex:576	tex/chapters/chapter-03/section-05.tex:138	resolved
reference	对格式 \ref{scheme:ch3-crank-nicholson}, 引入条件 \eqref{eq:ch3-convergence-scheme-52-condition} 是为了给出证明 \eqref{eq:ch3-reconstruction-distance} 的一个充分条件; 更准确地说, 此时 \eqref{eq:ch3-reconstruction-distance} 的类似式由 \eqref{eq:ch3-scheme-52-increment-bound}, \eqref{eq:ch3-reconstruction-distance-identity} 和 \eqref{eq:ch3-convergence-scheme-52-condition} 推出. 对格式 \ref{scheme:ch3-linear-implicit} 和 \ref{scheme:ch3-explicit}, 稳定性条件 \eqref{eq:ch3-scheme-53-stability-conditions}, \eqref{eq:ch3-scheme-54-first-stability-condition} 和 \eqref{eq:ch3-scheme-54-second-stability-condition} 只用于保证 $u_h$ 和 $p_hu_h$ 在适当空间中保持有界.	unknown	scheme:ch3-crank-nicholson	ref	tex/chapters/chapter-03/section-05.tex:578	tex/chapters/chapter-03/section-05.tex:116	resolved
reference	对格式 \ref{scheme:ch3-crank-nicholson}, 引入条件 \eqref{eq:ch3-convergence-scheme-52-condition} 是为了给出证明 \eqref{eq:ch3-reconstruction-distance} 的一个充分条件; 更准确地说, 此时 \eqref{eq:ch3-reconstruction-distance} 的类似式由 \eqref{eq:ch3-scheme-52-increment-bound}, \eqref{eq:ch3-reconstruction-distance-identity} 和 \eqref{eq:ch3-convergence-scheme-52-condition} 推出. 对格式 \ref{scheme:ch3-linear-implicit} 和 \ref{scheme:ch3-explicit}, 稳定性条件 \eqref{eq:ch3-scheme-53-stability-conditions}, \eqref{eq:ch3-scheme-54-first-stability-condition} 和 \eqref{eq:ch3-scheme-54-second-stability-condition} 只用于保证 $u_h$ 和 $p_hu_h$ 在适当空间中保持有界.	equation	eq:ch3-convergence-scheme-52-condition	eqref	tex/chapters/chapter-03/section-05.tex:578	tex/chapters/chapter-03/section-05.tex:1231	resolved
reference	对格式 \ref{scheme:ch3-crank-nicholson}, 引入条件 \eqref{eq:ch3-convergence-scheme-52-condition} 是为了给出证明 \eqref{eq:ch3-reconstruction-distance} 的一个充分条件; 更准确地说, 此时 \eqref{eq:ch3-reconstruction-distance} 的类似式由 \eqref{eq:ch3-scheme-52-increment-bound}, \eqref{eq:ch3-reconstruction-distance-identity} 和 \eqref{eq:ch3-convergence-scheme-52-condition} 推出. 对格式 \ref{scheme:ch3-linear-implicit} 和 \ref{scheme:ch3-explicit}, 稳定性条件 \eqref{eq:ch3-scheme-53-stability-conditions}, \eqref{eq:ch3-scheme-54-first-stability-condition} 和 \eqref{eq:ch3-scheme-54-second-stability-condition} 只用于保证 $u_h$ 和 $p_hu_h$ 在适当空间中保持有界.	equation	eq:ch3-reconstruction-distance	eqref	tex/chapters/chapter-03/section-05.tex:578	tex/chapters/chapter-03/section-05.tex:1338	resolved
reference	对格式 \ref{scheme:ch3-crank-nicholson}, 引入条件 \eqref{eq:ch3-convergence-scheme-52-condition} 是为了给出证明 \eqref{eq:ch3-reconstruction-distance} 的一个充分条件; 更准确地说, 此时 \eqref{eq:ch3-reconstruction-distance} 的类似式由 \eqref{eq:ch3-scheme-52-increment-bound}, \eqref{eq:ch3-reconstruction-distance-identity} 和 \eqref{eq:ch3-convergence-scheme-52-condition} 推出. 对格式 \ref{scheme:ch3-linear-implicit} 和 \ref{scheme:ch3-explicit}, 稳定性条件 \eqref{eq:ch3-scheme-53-stability-conditions}, \eqref{eq:ch3-scheme-54-first-stability-condition} 和 \eqref{eq:ch3-scheme-54-second-stability-condition} 只用于保证 $u_h$ 和 $p_hu_h$ 在适当空间中保持有界.	equation	eq:ch3-reconstruction-distance	eqref	tex/chapters/chapter-03/section-05.tex:578	tex/chapters/chapter-03/section-05.tex:1338	resolved
reference	对格式 \ref{scheme:ch3-crank-nicholson}, 引入条件 \eqref{eq:ch3-convergence-scheme-52-condition} 是为了给出证明 \eqref{eq:ch3-reconstruction-distance} 的一个充分条件; 更准确地说, 此时 \eqref{eq:ch3-reconstruction-distance} 的类似式由 \eqref{eq:ch3-scheme-52-increment-bound}, \eqref{eq:ch3-reconstruction-distance-identity} 和 \eqref{eq:ch3-convergence-scheme-52-condition} 推出. 对格式 \ref{scheme:ch3-linear-implicit} 和 \ref{scheme:ch3-explicit}, 稳定性条件 \eqref{eq:ch3-scheme-53-stability-conditions}, \eqref{eq:ch3-scheme-54-first-stability-condition} 和 \eqref{eq:ch3-scheme-54-second-stability-condition} 只用于保证 $u_h$ 和 $p_hu_h$ 在适当空间中保持有界.	equation	eq:ch3-scheme-52-increment-bound	eqref	tex/chapters/chapter-03/section-05.tex:578	tex/chapters/chapter-03/section-05.tex:869	resolved
reference	对格式 \ref{scheme:ch3-crank-nicholson}, 引入条件 \eqref{eq:ch3-convergence-scheme-52-condition} 是为了给出证明 \eqref{eq:ch3-reconstruction-distance} 的一个充分条件; 更准确地说, 此时 \eqref{eq:ch3-reconstruction-distance} 的类似式由 \eqref{eq:ch3-scheme-52-increment-bound}, \eqref{eq:ch3-reconstruction-distance-identity} 和 \eqref{eq:ch3-convergence-scheme-52-condition} 推出. 对格式 \ref{scheme:ch3-linear-implicit} 和 \ref{scheme:ch3-explicit}, 稳定性条件 \eqref{eq:ch3-scheme-53-stability-conditions}, \eqref{eq:ch3-scheme-54-first-stability-condition} 和 \eqref{eq:ch3-scheme-54-second-stability-condition} 只用于保证 $u_h$ 和 $p_hu_h$ 在适当空间中保持有界.	equation	eq:ch3-reconstruction-distance-identity	eqref	tex/chapters/chapter-03/section-05.tex:578	tex/chapters/chapter-03/section-05.tex:1359	resolved
reference	对格式 \ref{scheme:ch3-crank-nicholson}, 引入条件 \eqref{eq:ch3-convergence-scheme-52-condition} 是为了给出证明 \eqref{eq:ch3-reconstruction-distance} 的一个充分条件; 更准确地说, 此时 \eqref{eq:ch3-reconstruction-distance} 的类似式由 \eqref{eq:ch3-scheme-52-increment-bound}, \eqref{eq:ch3-reconstruction-distance-identity} 和 \eqref{eq:ch3-convergence-scheme-52-condition} 推出. 对格式 \ref{scheme:ch3-linear-implicit} 和 \ref{scheme:ch3-explicit}, 稳定性条件 \eqref{eq:ch3-scheme-53-stability-conditions}, \eqref{eq:ch3-scheme-54-first-stability-condition} 和 \eqref{eq:ch3-scheme-54-second-stability-condition} 只用于保证 $u_h$ 和 $p_hu_h$ 在适当空间中保持有界.	equation	eq:ch3-convergence-scheme-52-condition	eqref	tex/chapters/chapter-03/section-05.tex:578	tex/chapters/chapter-03/section-05.tex:1231	resolved
reference	对格式 \ref{scheme:ch3-crank-nicholson}, 引入条件 \eqref{eq:ch3-convergence-scheme-52-condition} 是为了给出证明 \eqref{eq:ch3-reconstruction-distance} 的一个充分条件; 更准确地说, 此时 \eqref{eq:ch3-reconstruction-distance} 的类似式由 \eqref{eq:ch3-scheme-52-increment-bound}, \eqref{eq:ch3-reconstruction-distance-identity} 和 \eqref{eq:ch3-convergence-scheme-52-condition} 推出. 对格式 \ref{scheme:ch3-linear-implicit} 和 \ref{scheme:ch3-explicit}, 稳定性条件 \eqref{eq:ch3-scheme-53-stability-conditions}, \eqref{eq:ch3-scheme-54-first-stability-condition} 和 \eqref{eq:ch3-scheme-54-second-stability-condition} 只用于保证 $u_h$ 和 $p_hu_h$ 在适当空间中保持有界.	unknown	scheme:ch3-linear-implicit	ref	tex/chapters/chapter-03/section-05.tex:578	tex/chapters/chapter-03/section-05.tex:127	resolved
reference	对格式 \ref{scheme:ch3-crank-nicholson}, 引入条件 \eqref{eq:ch3-convergence-scheme-52-condition} 是为了给出证明 \eqref{eq:ch3-reconstruction-distance} 的一个充分条件; 更准确地说, 此时 \eqref{eq:ch3-reconstruction-distance} 的类似式由 \eqref{eq:ch3-scheme-52-increment-bound}, \eqref{eq:ch3-reconstruction-distance-identity} 和 \eqref{eq:ch3-convergence-scheme-52-condition} 推出. 对格式 \ref{scheme:ch3-linear-implicit} 和 \ref{scheme:ch3-explicit}, 稳定性条件 \eqref{eq:ch3-scheme-53-stability-conditions}, \eqref{eq:ch3-scheme-54-first-stability-condition} 和 \eqref{eq:ch3-scheme-54-second-stability-condition} 只用于保证 $u_h$ 和 $p_hu_h$ 在适当空间中保持有界.	unknown	scheme:ch3-explicit	ref	tex/chapters/chapter-03/section-05.tex:578	tex/chapters/chapter-03/section-05.tex:138	resolved
reference	对格式 \ref{scheme:ch3-crank-nicholson}, 引入条件 \eqref{eq:ch3-convergence-scheme-52-condition} 是为了给出证明 \eqref{eq:ch3-reconstruction-distance} 的一个充分条件; 更准确地说, 此时 \eqref{eq:ch3-reconstruction-distance} 的类似式由 \eqref{eq:ch3-scheme-52-increment-bound}, \eqref{eq:ch3-reconstruction-distance-identity} 和 \eqref{eq:ch3-convergence-scheme-52-condition} 推出. 对格式 \ref{scheme:ch3-linear-implicit} 和 \ref{scheme:ch3-explicit}, 稳定性条件 \eqref{eq:ch3-scheme-53-stability-conditions}, \eqref{eq:ch3-scheme-54-first-stability-condition} 和 \eqref{eq:ch3-scheme-54-second-stability-condition} 只用于保证 $u_h$ 和 $p_hu_h$ 在适当空间中保持有界.	equation	eq:ch3-scheme-53-stability-conditions	eqref	tex/chapters/chapter-03/section-05.tex:578	tex/chapters/chapter-03/section-05.tex:704	resolved
reference	对格式 \ref{scheme:ch3-crank-nicholson}, 引入条件 \eqref{eq:ch3-convergence-scheme-52-condition} 是为了给出证明 \eqref{eq:ch3-reconstruction-distance} 的一个充分条件; 更准确地说, 此时 \eqref{eq:ch3-reconstruction-distance} 的类似式由 \eqref{eq:ch3-scheme-52-increment-bound}, \eqref{eq:ch3-reconstruction-distance-identity} 和 \eqref{eq:ch3-convergence-scheme-52-condition} 推出. 对格式 \ref{scheme:ch3-linear-implicit} 和 \ref{scheme:ch3-explicit}, 稳定性条件 \eqref{eq:ch3-scheme-53-stability-conditions}, \eqref{eq:ch3-scheme-54-first-stability-condition} 和 \eqref{eq:ch3-scheme-54-second-stability-condition} 只用于保证 $u_h$ 和 $p_hu_h$ 在适当空间中保持有界.	equation	eq:ch3-scheme-54-first-stability-condition	eqref	tex/chapters/chapter-03/section-05.tex:578	tex/chapters/chapter-03/section-05.tex:268	resolved
reference	对格式 \ref{scheme:ch3-crank-nicholson}, 引入条件 \eqref{eq:ch3-convergence-scheme-52-condition} 是为了给出证明 \eqref{eq:ch3-reconstruction-distance} 的一个充分条件; 更准确地说, 此时 \eqref{eq:ch3-reconstruction-distance} 的类似式由 \eqref{eq:ch3-scheme-52-increment-bound}, \eqref{eq:ch3-reconstruction-distance-identity} 和 \eqref{eq:ch3-convergence-scheme-52-condition} 推出. 对格式 \ref{scheme:ch3-linear-implicit} 和 \ref{scheme:ch3-explicit}, 稳定性条件 \eqref{eq:ch3-scheme-53-stability-conditions}, \eqref{eq:ch3-scheme-54-first-stability-condition} 和 \eqref{eq:ch3-scheme-54-second-stability-condition} 只用于保证 $u_h$ 和 $p_hu_h$ 在适当空间中保持有界.	equation	eq:ch3-scheme-54-second-stability-condition	eqref	tex/chapters/chapter-03/section-05.tex:578	tex/chapters/chapter-03/section-05.tex:273	resolved
reference	在证明 \eqref{eq:ch3-convergence-strong-prolongation} 时, 条件 \eqref{eq:ch3-convergence-additional-strong-conditions} 出现如下:	equation	eq:ch3-convergence-strong-prolongation	eqref	tex/chapters/chapter-03/section-05.tex:580	tex/chapters/chapter-03/section-05.tex:1246	resolved
reference	在证明 \eqref{eq:ch3-convergence-strong-prolongation} 时, 条件 \eqref{eq:ch3-convergence-additional-strong-conditions} 出现如下:	equation	eq:ch3-convergence-additional-strong-conditions	eqref	tex/chapters/chapter-03/section-05.tex:580	tex/chapters/chapter-03/section-05.tex:1254	resolved
reference	-- 对格式 \ref{scheme:ch3-explicit}, 与引理 \ref{lem:ch3-scheme-51-strong-prolongation} 中 $X_h$ 相似的``自然''表达式为	unknown	scheme:ch3-explicit	ref	tex/chapters/chapter-03/section-05.tex:582	tex/chapters/chapter-03/section-05.tex:138	resolved
reference	-- 对格式 \ref{scheme:ch3-explicit}, 与引理 \ref{lem:ch3-scheme-51-strong-prolongation} 中 $X_h$ 相似的``自然''表达式为	lemma	lem:ch3-scheme-51-strong-prolongation	ref	tex/chapters/chapter-03/section-05.tex:582	tex/chapters/chapter-03/section-05.tex:463	resolved
reference	为由 $Y_h\to0$ 推出 \eqref{eq:ch3-convergence-strong-prolongation}, 只需	equation	eq:ch3-convergence-strong-prolongation	eqref	tex/chapters/chapter-03/section-05.tex:587	tex/chapters/chapter-03/section-05.tex:1246	resolved
reference	而这是 \eqref{eq:ch3-convergence-additional-strong-conditions} 的推论.	equation	eq:ch3-convergence-additional-strong-conditions	eqref	tex/chapters/chapter-03/section-05.tex:591	tex/chapters/chapter-03/section-05.tex:1254	resolved
reference	-- 对格式 \ref{scheme:ch3-linear-implicit}, 考虑同一表达式 $X_h$; 由于存在若干含 $b_h$ 的项(见 \eqref{eq:ch3-scheme-53-energy-identity}), 表达式 $X_h^3$ 不像 \eqref{eq:ch3-strong-prolongation-energy-limit} 那样简单. 条件 \eqref{eq:ch3-convergence-additional-strong-conditions} 表明 $X_h^3$ 中含 $b_h$ 的附加项趋于零.	unknown	scheme:ch3-linear-implicit	ref	tex/chapters/chapter-03/section-05.tex:593	tex/chapters/chapter-03/section-05.tex:127	resolved
reference	-- 对格式 \ref{scheme:ch3-linear-implicit}, 考虑同一表达式 $X_h$; 由于存在若干含 $b_h$ 的项(见 \eqref{eq:ch3-scheme-53-energy-identity}), 表达式 $X_h^3$ 不像 \eqref{eq:ch3-strong-prolongation-energy-limit} 那样简单. 条件 \eqref{eq:ch3-convergence-additional-strong-conditions} 表明 $X_h^3$ 中含 $b_h$ 的附加项趋于零.	equation	eq:ch3-scheme-53-energy-identity	eqref	tex/chapters/chapter-03/section-05.tex:593	tex/chapters/chapter-03/section-05.tex:732	resolved
reference	-- 对格式 \ref{scheme:ch3-linear-implicit}, 考虑同一表达式 $X_h$; 由于存在若干含 $b_h$ 的项(见 \eqref{eq:ch3-scheme-53-energy-identity}), 表达式 $X_h^3$ 不像 \eqref{eq:ch3-strong-prolongation-energy-limit} 那样简单. 条件 \eqref{eq:ch3-convergence-additional-strong-conditions} 表明 $X_h^3$ 中含 $b_h$ 的附加项趋于零.	equation	eq:ch3-strong-prolongation-energy-limit	eqref	tex/chapters/chapter-03/section-05.tex:593	tex/chapters/chapter-03/section-05.tex:529	resolved
reference	-- 对格式 \ref{scheme:ch3-linear-implicit}, 考虑同一表达式 $X_h$; 由于存在若干含 $b_h$ 的项(见 \eqref{eq:ch3-scheme-53-energy-identity}), 表达式 $X_h^3$ 不像 \eqref{eq:ch3-strong-prolongation-energy-limit} 那样简单. 条件 \eqref{eq:ch3-convergence-additional-strong-conditions} 表明 $X_h^3$ 中含 $b_h$ 的附加项趋于零.	equation	eq:ch3-convergence-additional-strong-conditions	eqref	tex/chapters/chapter-03/section-05.tex:593	tex/chapters/chapter-03/section-05.tex:1254	resolved
reference	若 $n=3$, 首先注意到定理 \ref{thm:ch3-convergence-three-dimensional} 的陈述中没有显式提及稳定性条件. 实际上, 正是借助这些条件及其蕴含的先验估计, 才证明存在子列 $h',k'\to0$, 使 \eqref{eq:ch3-convergence-3d-strong-l2}--\eqref{eq:ch3-convergence-3d-prolongation} 成立; $u$ 是问题 \MBUnresolvedReference{problem}{Problem 3.1} 的解则完全像前面一样证明.	theorem	thm:ch3-convergence-three-dimensional	ref	tex/chapters/chapter-03/section-05.tex:595	tex/chapters/chapter-03/section-05.tex:1263	resolved
reference	若 $n=3$, 首先注意到定理 \ref{thm:ch3-convergence-three-dimensional} 的陈述中没有显式提及稳定性条件. 实际上, 正是借助这些条件及其蕴含的先验估计, 才证明存在子列 $h',k'\to0$, 使 \eqref{eq:ch3-convergence-3d-strong-l2}--\eqref{eq:ch3-convergence-3d-prolongation} 成立; $u$ 是问题 \MBUnresolvedReference{problem}{Problem 3.1} 的解则完全像前面一样证明.	equation	eq:ch3-convergence-3d-strong-l2	eqref	tex/chapters/chapter-03/section-05.tex:595	tex/chapters/chapter-03/section-05.tex:1267	resolved
reference	若 $n=3$, 首先注意到定理 \ref{thm:ch3-convergence-three-dimensional} 的陈述中没有显式提及稳定性条件. 实际上, 正是借助这些条件及其蕴含的先验估计, 才证明存在子列 $h',k'\to0$, 使 \eqref{eq:ch3-convergence-3d-strong-l2}--\eqref{eq:ch3-convergence-3d-prolongation} 成立; $u$ 是问题 \MBUnresolvedReference{problem}{Problem 3.1} 的解则完全像前面一样证明.	equation	eq:ch3-convergence-3d-prolongation	eqref	tex/chapters/chapter-03/section-05.tex:595	tex/chapters/chapter-03/section-05.tex:1277	resolved
reference	若 $k$ 和 $h$ 始终由 \eqref{eq:ch3-scheme-54-first-stability-condition}--\eqref{eq:ch3-scheme-54-data-bound} 联系, 则对应于格式 \ref{scheme:ch3-explicit} 的函数 $u_h$ 和 $p_hu_h$, $h\in\mathcal H$, 分别在 $L^\infty(0,T;L^2(\Omega))$ 和 $L^2(0,T;F)$ 中稳定.	equation	eq:ch3-scheme-54-first-stability-condition	eqref	tex/chapters/chapter-03/section-05.tex:616	tex/chapters/chapter-03/section-05.tex:268	resolved
reference	若 $k$ 和 $h$ 始终由 \eqref{eq:ch3-scheme-54-first-stability-condition}--\eqref{eq:ch3-scheme-54-data-bound} 联系, 则对应于格式 \ref{scheme:ch3-explicit} 的函数 $u_h$ 和 $p_hu_h$, $h\in\mathcal H$, 分别在 $L^\infty(0,T;L^2(\Omega))$ 和 $L^2(0,T;F)$ 中稳定.	equation	eq:ch3-scheme-54-data-bound	eqref	tex/chapters/chapter-03/section-05.tex:616	tex/chapters/chapter-03/section-05.tex:279	resolved
reference	若 $k$ 和 $h$ 始终由 \eqref{eq:ch3-scheme-54-first-stability-condition}--\eqref{eq:ch3-scheme-54-data-bound} 联系, 则对应于格式 \ref{scheme:ch3-explicit} 的函数 $u_h$ 和 $p_hu_h$, $h\in\mathcal H$, 分别在 $L^\infty(0,T;L^2(\Omega))$ 和 $L^2(0,T;F)$ 中稳定.	unknown	scheme:ch3-explicit	ref	tex/chapters/chapter-03/section-05.tex:616	tex/chapters/chapter-03/section-05.tex:138	resolved
reference	&&\text{(格式~\ref{scheme:ch3-fully-implicit})},\notag\\	unknown	scheme:ch3-fully-implicit	ref	tex/chapters/chapter-03/section-05.tex:630	tex/chapters/chapter-03/section-05.tex:106	resolved
reference	&&\text{(格式~\ref{scheme:ch3-crank-nicholson})},\notag\\	unknown	scheme:ch3-crank-nicholson	ref	tex/chapters/chapter-03/section-05.tex:633	tex/chapters/chapter-03/section-05.tex:116	resolved
reference	由引理 \ref{lem:sample-scheme-51-bounds} 和 \ref{lem:sample-scheme-52-bounds},	lemma	lem:sample-scheme-51-bounds	ref	tex/chapters/chapter-03/section-05.tex:637	tex/chapters/sample.tex:16	resolved
reference	由引理 \ref{lem:sample-scheme-51-bounds} 和 \ref{lem:sample-scheme-52-bounds},	lemma	lem:sample-scheme-52-bounds	ref	tex/chapters/chapter-03/section-05.tex:637	tex/chapters/sample.tex:100	resolved
reference	其中 $d_3$ 与 $h$ 无关. 由 \eqref{eq:ch3-schemes-51-52-l2-bound} 推得	equation	eq:ch3-schemes-51-52-l2-bound	eqref	tex/chapters/chapter-03/section-05.tex:652	tex/chapters/chapter-03/section-05.tex:644	resolved
reference	对应于格式 \ref{scheme:ch3-fully-implicit} 和 \ref{scheme:ch3-crank-nicholson} 的函数 $u_h$, $h\in\mathcal H$, 无条件地在 $L^\infty(0,T;L^2(\Omega))$ 中稳定; 函数 $p_hu_h$ 无条件地在 $L^2(0,T;F)$ 中稳定.	unknown	scheme:ch3-fully-implicit	ref	tex/chapters/chapter-03/section-05.tex:661	tex/chapters/chapter-03/section-05.tex:106	resolved
reference	对应于格式 \ref{scheme:ch3-fully-implicit} 和 \ref{scheme:ch3-crank-nicholson} 的函数 $u_h$, $h\in\mathcal H$, 无条件地在 $L^\infty(0,T;L^2(\Omega))$ 中稳定; 函数 $p_hu_h$ 无条件地在 $L^2(0,T;F)$ 中稳定.	unknown	scheme:ch3-crank-nicholson	ref	tex/chapters/chapter-03/section-05.tex:661	tex/chapters/chapter-03/section-05.tex:116	resolved
reference	估计 \eqref{eq:sample-scheme51-increment-bound} 以及后面将对其他格式给出的类似估计并不对应于稳定性结果, 但在证明格式收敛性时具有技术用途. 对格式 \ref{scheme:ch3-crank-nicholson} 的同类估计, 见 \MBUnresolvedReference{subsection}{Subsection 5.4.3}.	equation	eq:sample-scheme51-increment-bound	eqref	tex/chapters/chapter-03/section-05.tex:667	tex/chapters/sample.tex:24	resolved
reference	估计 \eqref{eq:sample-scheme51-increment-bound} 以及后面将对其他格式给出的类似估计并不对应于稳定性结果, 但在证明格式收敛性时具有技术用途. 对格式 \ref{scheme:ch3-crank-nicholson} 的同类估计, 见 \MBUnresolvedReference{subsection}{Subsection 5.4.3}.	unknown	scheme:ch3-crank-nicholson	ref	tex/chapters/chapter-03/section-05.tex:667	tex/chapters/chapter-03/section-05.tex:116	resolved
reference	\subsection{格式 \ref{scheme:ch3-linear-implicit} 的稳定性}	unknown	scheme:ch3-linear-implicit	ref	tex/chapters/chapter-03/section-05.tex:670	tex/chapters/chapter-03/section-05.tex:127	resolved
reference	由 \eqref{eq:ch3-discrete-stability-constant} 和 \eqref{eq:ch3-discrete-trilinear-continuity},	equation	eq:ch3-discrete-stability-constant	eqref	tex/chapters/chapter-03/section-05.tex:673	tex/chapters/chapter-03/section-05.tex:59	resolved
reference	由 \eqref{eq:ch3-discrete-stability-constant} 和 \eqref{eq:ch3-discrete-trilinear-continuity},	equation	eq:ch3-discrete-trilinear-continuity	eqref	tex/chapters/chapter-03/section-05.tex:673	tex/chapters/chapter-03/section-05.tex:74	resolved
reference	则由 \eqref{eq:ch3-scheme-53} 给出的 $u_h^m$ 在下述意义下保持有界:	equation	eq:ch3-scheme-53	eqref	tex/chapters/chapter-03/section-05.tex:709	tex/chapters/chapter-03/section-05.tex:134	resolved
reference	在 \eqref{eq:ch3-scheme-53} 中取 $v_h=u_h^m$. 再次使用 \eqref{eq:sample-polarization-identity}, 得到关系	equation	eq:ch3-scheme-53	eqref	tex/chapters/chapter-03/section-05.tex:727	tex/chapters/chapter-03/section-05.tex:134	resolved
reference	在 \eqref{eq:ch3-scheme-53} 中取 $v_h=u_h^m$. 再次使用 \eqref{eq:sample-polarization-identity}, 得到关系	equation	eq:sample-polarization-identity	eqref	tex/chapters/chapter-03/section-05.tex:727	tex/chapters/sample.tex:42	resolved
reference	这里按原文保留 \eqref{eq:ch3-scheme-53-energy-identity} 中 $|u_h^{m-1}|$ 上缺少平方的写法. 由 \eqref{eq:ch3-discrete-trilinear-cancellation}, 其右端等于	equation	eq:ch3-scheme-53-energy-identity	eqref	tex/chapters/chapter-03/section-05.tex:734	tex/chapters/chapter-03/section-05.tex:732	resolved
reference	这里按原文保留 \eqref{eq:ch3-scheme-53-energy-identity} 中 $|u_h^{m-1}|$ 上缺少平方的写法. 由 \eqref{eq:ch3-discrete-trilinear-cancellation}, 其右端等于	equation	eq:ch3-discrete-trilinear-cancellation	eqref	tex/chapters/chapter-03/section-05.tex:734	tex/chapters/chapter-03/section-05.tex:68	resolved
reference	利用 \eqref{eq:ch3-discrete-norm-lower-bound} 和 \eqref{eq:ch3-scheme-53-improved-trilinear-bound}, 该式不超过	equation	eq:ch3-discrete-norm-lower-bound	eqref	tex/chapters/chapter-03/section-05.tex:738	tex/chapters/chapter-03/section-05.tex:53	resolved
reference	利用 \eqref{eq:ch3-discrete-norm-lower-bound} 和 \eqref{eq:ch3-scheme-53-improved-trilinear-bound}, 该式不超过	equation	eq:ch3-scheme-53-improved-trilinear-bound	eqref	tex/chapters/chapter-03/section-05.tex:738	tex/chapters/chapter-03/section-05.tex:685	resolved
reference	事实上, 令 $m=1$ 的关系 \eqref{eq:ch3-scheme-53-step-inequality} 表明 \eqref{eq:ch3-scheme-53-inductive-bound} 对 $r=1$ 成立. 假设它一直成立到 $r-1$ 阶, 下面对整数 $r$ 证明该关系. 根据假设,	equation	eq:ch3-scheme-53-step-inequality	eqref	tex/chapters/chapter-03/section-05.tex:784	tex/chapters/chapter-03/section-05.tex:753	resolved
reference	事实上, 令 $m=1$ 的关系 \eqref{eq:ch3-scheme-53-step-inequality} 表明 \eqref{eq:ch3-scheme-53-inductive-bound} 对 $r=1$ 成立. 假设它一直成立到 $r-1$ 阶, 下面对整数 $r$ 证明该关系. 根据假设,	equation	eq:ch3-scheme-53-inductive-bound	eqref	tex/chapters/chapter-03/section-05.tex:784	tex/chapters/chapter-03/section-05.tex:782	resolved
reference	因此由 \eqref{eq:ch3-scheme-53-induction-condition},	equation	eq:ch3-scheme-53-induction-condition	eqref	tex/chapters/chapter-03/section-05.tex:790	tex/chapters/chapter-03/section-05.tex:774	resolved
reference	把这一估计代入 \eqref{eq:ch3-scheme-53-summed-inequality}, 即得到整数 $r$ 的 \eqref{eq:ch3-scheme-53-inductive-bound}.	equation	eq:ch3-scheme-53-summed-inequality	eqref	tex/chapters/chapter-03/section-05.tex:796	tex/chapters/chapter-03/section-05.tex:761	resolved
reference	把这一估计代入 \eqref{eq:ch3-scheme-53-summed-inequality}, 即得到整数 $r$ 的 \eqref{eq:ch3-scheme-53-inductive-bound}.	equation	eq:ch3-scheme-53-inductive-bound	eqref	tex/chapters/chapter-03/section-05.tex:796	tex/chapters/chapter-03/section-05.tex:782	resolved
reference	只要再证明形如 \eqref{eq:ch3-scheme-53-stability-conditions} 的条件保证 \eqref{eq:ch3-scheme-53-induction-condition}, 证明即告完成. 根据引理 \ref{lem:sample-scheme-51-bounds} 和 \ref{lem:sample-scheme-52-bounds} 中所用的估计(见 \eqref{eq:ch3-discrete-initial-projection-bound} 和 \eqref{eq:sample-forcing-time-average-bound}),	equation	eq:ch3-scheme-53-stability-conditions	eqref	tex/chapters/chapter-03/section-05.tex:798	tex/chapters/chapter-03/section-05.tex:704	resolved
reference	只要再证明形如 \eqref{eq:ch3-scheme-53-stability-conditions} 的条件保证 \eqref{eq:ch3-scheme-53-induction-condition}, 证明即告完成. 根据引理 \ref{lem:sample-scheme-51-bounds} 和 \ref{lem:sample-scheme-52-bounds} 中所用的估计(见 \eqref{eq:ch3-discrete-initial-projection-bound} 和 \eqref{eq:sample-forcing-time-average-bound}),	equation	eq:ch3-scheme-53-induction-condition	eqref	tex/chapters/chapter-03/section-05.tex:798	tex/chapters/chapter-03/section-05.tex:774	resolved
reference	只要再证明形如 \eqref{eq:ch3-scheme-53-stability-conditions} 的条件保证 \eqref{eq:ch3-scheme-53-induction-condition}, 证明即告完成. 根据引理 \ref{lem:sample-scheme-51-bounds} 和 \ref{lem:sample-scheme-52-bounds} 中所用的估计(见 \eqref{eq:ch3-discrete-initial-projection-bound} 和 \eqref{eq:sample-forcing-time-average-bound}),	lemma	lem:sample-scheme-51-bounds	ref	tex/chapters/chapter-03/section-05.tex:798	tex/chapters/sample.tex:16	resolved
reference	只要再证明形如 \eqref{eq:ch3-scheme-53-stability-conditions} 的条件保证 \eqref{eq:ch3-scheme-53-induction-condition}, 证明即告完成. 根据引理 \ref{lem:sample-scheme-51-bounds} 和 \ref{lem:sample-scheme-52-bounds} 中所用的估计(见 \eqref{eq:ch3-discrete-initial-projection-bound} 和 \eqref{eq:sample-forcing-time-average-bound}),	lemma	lem:sample-scheme-52-bounds	ref	tex/chapters/chapter-03/section-05.tex:798	tex/chapters/sample.tex:100	resolved
reference	只要再证明形如 \eqref{eq:ch3-scheme-53-stability-conditions} 的条件保证 \eqref{eq:ch3-scheme-53-induction-condition}, 证明即告完成. 根据引理 \ref{lem:sample-scheme-51-bounds} 和 \ref{lem:sample-scheme-52-bounds} 中所用的估计(见 \eqref{eq:ch3-discrete-initial-projection-bound} 和 \eqref{eq:sample-forcing-time-average-bound}),	equation	eq:ch3-discrete-initial-projection-bound	eqref	tex/chapters/chapter-03/section-05.tex:798	tex/chapters/chapter-03/section-05.tex:103	resolved
reference	只要再证明形如 \eqref{eq:ch3-scheme-53-stability-conditions} 的条件保证 \eqref{eq:ch3-scheme-53-induction-condition}, 证明即告完成. 根据引理 \ref{lem:sample-scheme-51-bounds} 和 \ref{lem:sample-scheme-52-bounds} 中所用的估计(见 \eqref{eq:ch3-discrete-initial-projection-bound} 和 \eqref{eq:sample-forcing-time-average-bound}),	equation	eq:sample-forcing-time-average-bound	eqref	tex/chapters/chapter-03/section-05.tex:798	tex/chapters/sample.tex:77	resolved
reference	\quad\text{(见 \eqref{eq:ch3-discrete-stability-constant} 和 \eqref{eq:sample-data-bound-d2})}.	equation	eq:ch3-discrete-stability-constant	eqref	tex/chapters/chapter-03/section-05.tex:804	tex/chapters/chapter-03/section-05.tex:59	resolved
reference	\quad\text{(见 \eqref{eq:ch3-discrete-stability-constant} 和 \eqref{eq:sample-data-bound-d2})}.	equation	eq:sample-data-bound-d2	eqref	tex/chapters/chapter-03/section-05.tex:804	tex/chapters/sample.tex:33	resolved
reference	因此, 若 \eqref{eq:ch3-scheme-53-stability-conditions} 成立, 则	equation	eq:ch3-scheme-53-stability-conditions	eqref	tex/chapters/chapter-03/section-05.tex:806	tex/chapters/chapter-03/section-05.tex:704	resolved
reference	对格式 \ref{scheme:ch3-linear-implicit}, 定义近似函数 $u_h$ 为	unknown	scheme:ch3-linear-implicit	ref	tex/chapters/chapter-03/section-05.tex:821	tex/chapters/chapter-03/section-05.tex:127	resolved
reference	由 \eqref{eq:ch3-prolongation-stability}, \eqref{eq:ch3-scheme-53-uniform-bound} 和 \eqref{eq:ch3-scheme-53-energy-bound} 可知, 若 \eqref{eq:ch3-scheme-53-stability-conditions} 成立, 则	equation	eq:ch3-prolongation-stability	eqref	tex/chapters/chapter-03/section-05.tex:828	tex/chapters/chapter-03/section-05.tex:650	resolved
reference	由 \eqref{eq:ch3-prolongation-stability}, \eqref{eq:ch3-scheme-53-uniform-bound} 和 \eqref{eq:ch3-scheme-53-energy-bound} 可知, 若 \eqref{eq:ch3-scheme-53-stability-conditions} 成立, 则	equation	eq:ch3-scheme-53-uniform-bound	eqref	tex/chapters/chapter-03/section-05.tex:828	tex/chapters/chapter-03/section-05.tex:713	resolved
reference	由 \eqref{eq:ch3-prolongation-stability}, \eqref{eq:ch3-scheme-53-uniform-bound} 和 \eqref{eq:ch3-scheme-53-energy-bound} 可知, 若 \eqref{eq:ch3-scheme-53-stability-conditions} 成立, 则	equation	eq:ch3-scheme-53-energy-bound	eqref	tex/chapters/chapter-03/section-05.tex:828	tex/chapters/chapter-03/section-05.tex:721	resolved
reference	由 \eqref{eq:ch3-prolongation-stability}, \eqref{eq:ch3-scheme-53-uniform-bound} 和 \eqref{eq:ch3-scheme-53-energy-bound} 可知, 若 \eqref{eq:ch3-scheme-53-stability-conditions} 成立, 则	equation	eq:ch3-scheme-53-stability-conditions	eqref	tex/chapters/chapter-03/section-05.tex:828	tex/chapters/chapter-03/section-05.tex:704	resolved
reference	若 $k$ 和 $h$ 始终由 \eqref{eq:ch3-scheme-53-stability-conditions} 联系, 则对应于格式 \ref{scheme:ch3-linear-implicit} 的函数 $u_h$ 和 $p_hu_h$, $h\in\mathcal H$, 分别在 $L^\infty(0,T;L^2(\Omega))$ 和 $L^2(0,T;F)$ 中稳定.	equation	eq:ch3-scheme-53-stability-conditions	eqref	tex/chapters/chapter-03/section-05.tex:841	tex/chapters/chapter-03/section-05.tex:704	resolved
reference	若 $k$ 和 $h$ 始终由 \eqref{eq:ch3-scheme-53-stability-conditions} 联系, 则对应于格式 \ref{scheme:ch3-linear-implicit} 的函数 $u_h$ 和 $p_hu_h$, $h\in\mathcal H$, 分别在 $L^\infty(0,T;L^2(\Omega))$ 和 $L^2(0,T;F)$ 中稳定.	unknown	scheme:ch3-linear-implicit	ref	tex/chapters/chapter-03/section-05.tex:841	tex/chapters/chapter-03/section-05.tex:127	resolved
reference	形如 \eqref{eq:ch3-scheme-53-stability-conditions} 的条件称为稳定性条件. 它们是保证格式稳定的充分条件. 证明稳定性时是否出现这样的条件, 相应地称该格式为条件稳定的或无条件稳定的.	equation	eq:ch3-scheme-53-stability-conditions	eqref	tex/chapters/chapter-03/section-05.tex:847	tex/chapters/chapter-03/section-05.tex:704	resolved
reference	\subsection{格式 \ref{scheme:ch3-crank-nicholson} 的一个补充估计}	unknown	scheme:ch3-crank-nicholson	ref	tex/chapters/chapter-03/section-05.tex:853	tex/chapters/chapter-03/section-05.tex:116	resolved
reference	利用第 \ref{subsec:ch3-scheme-53-stability} 和 \ref{subsec:ch3-scheme-54-stability} 小节中广泛使用的技术, 可以补全第 \ref{sec:sample-scheme-stability} 小节: 对格式 \ref{scheme:ch3-crank-nicholson} 给出一个类似于	subsection	subsec:ch3-scheme-53-stability	ref	tex/chapters/chapter-03/section-05.tex:856	tex/chapters/chapter-03/section-05.tex:671	resolved
reference	利用第 \ref{subsec:ch3-scheme-53-stability} 和 \ref{subsec:ch3-scheme-54-stability} 小节中广泛使用的技术, 可以补全第 \ref{sec:sample-scheme-stability} 小节: 对格式 \ref{scheme:ch3-crank-nicholson} 给出一个类似于	subsection	subsec:ch3-scheme-54-stability	ref	tex/chapters/chapter-03/section-05.tex:856	tex/chapters/chapter-03/section-05.tex:256	resolved
reference	利用第 \ref{subsec:ch3-scheme-53-stability} 和 \ref{subsec:ch3-scheme-54-stability} 小节中广泛使用的技术, 可以补全第 \ref{sec:sample-scheme-stability} 小节: 对格式 \ref{scheme:ch3-crank-nicholson} 给出一个类似于	section	sec:sample-scheme-stability	ref	tex/chapters/chapter-03/section-05.tex:856	tex/chapters/sample.tex:8	resolved
reference	利用第 \ref{subsec:ch3-scheme-53-stability} 和 \ref{subsec:ch3-scheme-54-stability} 小节中广泛使用的技术, 可以补全第 \ref{sec:sample-scheme-stability} 小节: 对格式 \ref{scheme:ch3-crank-nicholson} 给出一个类似于	unknown	scheme:ch3-crank-nicholson	ref	tex/chapters/chapter-03/section-05.tex:856	tex/chapters/chapter-03/section-05.tex:116	resolved
reference	的估计; 我们已经对格式 \ref{scheme:ch3-fully-implicit}, \ref{scheme:ch3-linear-implicit} 和 \ref{scheme:ch3-explicit} 证明了这类估计. 正如源文 \MBUnresolvedReference{remark}{Remark 5.2} 所说, 这些估计将在收敛性证明中使用.	unknown	scheme:ch3-fully-implicit	ref	tex/chapters/chapter-03/section-05.tex:861	tex/chapters/chapter-03/section-05.tex:106	resolved
reference	的估计; 我们已经对格式 \ref{scheme:ch3-fully-implicit}, \ref{scheme:ch3-linear-implicit} 和 \ref{scheme:ch3-explicit} 证明了这类估计. 正如源文 \MBUnresolvedReference{remark}{Remark 5.2} 所说, 这些估计将在收敛性证明中使用.	unknown	scheme:ch3-linear-implicit	ref	tex/chapters/chapter-03/section-05.tex:861	tex/chapters/chapter-03/section-05.tex:127	resolved
reference	的估计; 我们已经对格式 \ref{scheme:ch3-fully-implicit}, \ref{scheme:ch3-linear-implicit} 和 \ref{scheme:ch3-explicit} 证明了这类估计. 正如源文 \MBUnresolvedReference{remark}{Remark 5.2} 所说, 这些估计将在收敛性证明中使用.	unknown	scheme:ch3-explicit	ref	tex/chapters/chapter-03/section-05.tex:861	tex/chapters/chapter-03/section-05.tex:138	resolved
reference	由 \eqref{eq:ch3-scheme-52}, 即格式 \ref{scheme:ch3-crank-nicholson}, 定义的 $u_h^m$ 满足	equation	eq:ch3-scheme-52	eqref	tex/chapters/chapter-03/section-05.tex:866	tex/chapters/chapter-03/section-05.tex:124	resolved
reference	由 \eqref{eq:ch3-scheme-52}, 即格式 \ref{scheme:ch3-crank-nicholson}, 定义的 $u_h^m$ 满足	unknown	scheme:ch3-crank-nicholson	ref	tex/chapters/chapter-03/section-05.tex:866	tex/chapters/chapter-03/section-05.tex:116	resolved
reference	在 \eqref{eq:ch3-scheme-52} 中取 $v_h=2k(u_h^m-u_h^{m-1})$, 得	equation	eq:ch3-scheme-52	eqref	tex/chapters/chapter-03/section-05.tex:875	tex/chapters/chapter-03/section-05.tex:124	resolved
reference	这里使用了 \eqref{eq:ch3-scheme-53-basic-trilinear-bound} 和 \eqref{eq:ch3-discrete-stability-constant}. 因而	equation	eq:ch3-scheme-53-basic-trilinear-bound	eqref	tex/chapters/chapter-03/section-05.tex:891	tex/chapters/chapter-03/section-05.tex:679	resolved
reference	这里使用了 \eqref{eq:ch3-scheme-53-basic-trilinear-bound} 和 \eqref{eq:ch3-discrete-stability-constant}. 因而	equation	eq:ch3-discrete-stability-constant	eqref	tex/chapters/chapter-03/section-05.tex:891	tex/chapters/chapter-03/section-05.tex:59	resolved
reference	其中使用了 \eqref{eq:ch3-discrete-stability-constant}, \eqref{eq:ch3-discrete-initial-projection-bound}, \eqref{eq:sample-forcing-time-average-bound}, \eqref{eq:sample-scheme52-uniform-bound} 和 \eqref{eq:sample-scheme52-energy-bound}. 证明完成.	equation	eq:ch3-discrete-stability-constant	eqref	tex/chapters/chapter-03/section-05.tex:900	tex/chapters/chapter-03/section-05.tex:59	resolved
reference	其中使用了 \eqref{eq:ch3-discrete-stability-constant}, \eqref{eq:ch3-discrete-initial-projection-bound}, \eqref{eq:sample-forcing-time-average-bound}, \eqref{eq:sample-scheme52-uniform-bound} 和 \eqref{eq:sample-scheme52-energy-bound}. 证明完成.	equation	eq:ch3-discrete-initial-projection-bound	eqref	tex/chapters/chapter-03/section-05.tex:900	tex/chapters/chapter-03/section-05.tex:103	resolved
reference	其中使用了 \eqref{eq:ch3-discrete-stability-constant}, \eqref{eq:ch3-discrete-initial-projection-bound}, \eqref{eq:sample-forcing-time-average-bound}, \eqref{eq:sample-scheme52-uniform-bound} 和 \eqref{eq:sample-scheme52-energy-bound}. 证明完成.	equation	eq:sample-forcing-time-average-bound	eqref	tex/chapters/chapter-03/section-05.tex:900	tex/chapters/sample.tex:77	resolved
reference	其中使用了 \eqref{eq:ch3-discrete-stability-constant}, \eqref{eq:ch3-discrete-initial-projection-bound}, \eqref{eq:sample-forcing-time-average-bound}, \eqref{eq:sample-scheme52-uniform-bound} 和 \eqref{eq:sample-scheme52-energy-bound}. 证明完成.	equation	eq:sample-scheme52-uniform-bound	eqref	tex/chapters/chapter-03/section-05.tex:900	tex/chapters/sample.tex:104	resolved
reference	其中使用了 \eqref{eq:ch3-discrete-stability-constant}, \eqref{eq:ch3-discrete-initial-projection-bound}, \eqref{eq:sample-forcing-time-average-bound}, \eqref{eq:sample-scheme52-uniform-bound} 和 \eqref{eq:sample-scheme52-energy-bound}. 证明完成.	equation	eq:sample-scheme52-energy-bound	eqref	tex/chapters/chapter-03/section-05.tex:900	tex/chapters/sample.tex:110	resolved
reference	假设与定理 \ref{thm:ch3-schemes-51-52-stability}, \ref{thm:ch3-scheme-53-stability} 和 \ref{thm:ch3-scheme-54-stability} 中相同的稳定性条件,	theorem	thm:ch3-schemes-51-52-stability	ref	tex/chapters/chapter-03/section-05.tex:921	tex/chapters/chapter-03/section-05.tex:660	resolved
reference	假设与定理 \ref{thm:ch3-schemes-51-52-stability}, \ref{thm:ch3-scheme-53-stability} 和 \ref{thm:ch3-scheme-54-stability} 中相同的稳定性条件,	theorem	thm:ch3-scheme-53-stability	ref	tex/chapters/chapter-03/section-05.tex:921	tex/chapters/chapter-03/section-05.tex:840	resolved
reference	假设与定理 \ref{thm:ch3-schemes-51-52-stability}, \ref{thm:ch3-scheme-53-stability} 和 \ref{thm:ch3-scheme-54-stability} 中相同的稳定性条件,	theorem	thm:ch3-scheme-54-stability	ref	tex/chapters/chapter-03/section-05.tex:921	tex/chapters/chapter-03/section-05.tex:615	resolved
reference	\footnote{格式 \ref{scheme:ch3-fully-implicit} 和 \ref{scheme:ch3-crank-nicholson} 无条件; 格式 \ref{scheme:ch3-linear-implicit} 使用条件 \eqref{eq:ch3-scheme-53-stability-conditions}; 格式 \ref{scheme:ch3-explicit} 使用条件 \eqref{eq:ch3-scheme-54-first-stability-condition}--\eqref{eq:ch3-scheme-54-second-stability-condition}.}	unknown	scheme:ch3-fully-implicit	ref	tex/chapters/chapter-03/section-05.tex:922	tex/chapters/chapter-03/section-05.tex:106	resolved
reference	\footnote{格式 \ref{scheme:ch3-fully-implicit} 和 \ref{scheme:ch3-crank-nicholson} 无条件; 格式 \ref{scheme:ch3-linear-implicit} 使用条件 \eqref{eq:ch3-scheme-53-stability-conditions}; 格式 \ref{scheme:ch3-explicit} 使用条件 \eqref{eq:ch3-scheme-54-first-stability-condition}--\eqref{eq:ch3-scheme-54-second-stability-condition}.}	unknown	scheme:ch3-crank-nicholson	ref	tex/chapters/chapter-03/section-05.tex:922	tex/chapters/chapter-03/section-05.tex:116	resolved
reference	\footnote{格式 \ref{scheme:ch3-fully-implicit} 和 \ref{scheme:ch3-crank-nicholson} 无条件; 格式 \ref{scheme:ch3-linear-implicit} 使用条件 \eqref{eq:ch3-scheme-53-stability-conditions}; 格式 \ref{scheme:ch3-explicit} 使用条件 \eqref{eq:ch3-scheme-54-first-stability-condition}--\eqref{eq:ch3-scheme-54-second-stability-condition}.}	unknown	scheme:ch3-linear-implicit	ref	tex/chapters/chapter-03/section-05.tex:922	tex/chapters/chapter-03/section-05.tex:127	resolved
reference	\footnote{格式 \ref{scheme:ch3-fully-implicit} 和 \ref{scheme:ch3-crank-nicholson} 无条件; 格式 \ref{scheme:ch3-linear-implicit} 使用条件 \eqref{eq:ch3-scheme-53-stability-conditions}; 格式 \ref{scheme:ch3-explicit} 使用条件 \eqref{eq:ch3-scheme-54-first-stability-condition}--\eqref{eq:ch3-scheme-54-second-stability-condition}.}	equation	eq:ch3-scheme-53-stability-conditions	eqref	tex/chapters/chapter-03/section-05.tex:922	tex/chapters/chapter-03/section-05.tex:704	resolved
reference	\footnote{格式 \ref{scheme:ch3-fully-implicit} 和 \ref{scheme:ch3-crank-nicholson} 无条件; 格式 \ref{scheme:ch3-linear-implicit} 使用条件 \eqref{eq:ch3-scheme-53-stability-conditions}; 格式 \ref{scheme:ch3-explicit} 使用条件 \eqref{eq:ch3-scheme-54-first-stability-condition}--\eqref{eq:ch3-scheme-54-second-stability-condition}.}	unknown	scheme:ch3-explicit	ref	tex/chapters/chapter-03/section-05.tex:922	tex/chapters/chapter-03/section-05.tex:138	resolved
reference	\footnote{格式 \ref{scheme:ch3-fully-implicit} 和 \ref{scheme:ch3-crank-nicholson} 无条件; 格式 \ref{scheme:ch3-linear-implicit} 使用条件 \eqref{eq:ch3-scheme-53-stability-conditions}; 格式 \ref{scheme:ch3-explicit} 使用条件 \eqref{eq:ch3-scheme-54-first-stability-condition}--\eqref{eq:ch3-scheme-54-second-stability-condition}.}	equation	eq:ch3-scheme-54-first-stability-condition	eqref	tex/chapters/chapter-03/section-05.tex:922	tex/chapters/chapter-03/section-05.tex:268	resolved
reference	\footnote{格式 \ref{scheme:ch3-fully-implicit} 和 \ref{scheme:ch3-crank-nicholson} 无条件; 格式 \ref{scheme:ch3-linear-implicit} 使用条件 \eqref{eq:ch3-scheme-53-stability-conditions}; 格式 \ref{scheme:ch3-explicit} 使用条件 \eqref{eq:ch3-scheme-54-first-stability-condition}--\eqref{eq:ch3-scheme-54-second-stability-condition}.}	equation	eq:ch3-scheme-54-second-stability-condition	eqref	tex/chapters/chapter-03/section-05.tex:922	tex/chapters/chapter-03/section-05.tex:273	resolved
reference	四个方程 \eqref{eq:ch3-scheme-51}--\eqref{eq:ch3-scheme-54} 可以解释为	equation	eq:ch3-scheme-51	eqref	tex/chapters/chapter-03/section-05.tex:934	tex/chapters/chapter-03/section-05.tex:113	resolved
reference	四个方程 \eqref{eq:ch3-scheme-51}--\eqref{eq:ch3-scheme-54} 可以解释为	equation	eq:ch3-scheme-54	eqref	tex/chapters/chapter-03/section-05.tex:934	tex/chapters/chapter-03/section-05.tex:145	resolved
reference	例如, 对格式 \ref{scheme:ch3-fully-implicit}, $g_h$ 由	unknown	scheme:ch3-fully-implicit	ref	tex/chapters/chapter-03/section-05.tex:945	tex/chapters/chapter-03/section-05.tex:106	resolved
reference	定义. 不等式 \eqref{eq:ch3-fractional-gh-l1-bound} 由 \eqref{eq:ch3-discrete-norm-lower-bound}, \eqref{eq:ch3-discrete-trilinear-continuity} 以及前面的先验估计推出:	equation	eq:ch3-fractional-gh-l1-bound	eqref	tex/chapters/chapter-03/section-05.tex:953	tex/chapters/chapter-03/section-05.tex:943	resolved
reference	定义. 不等式 \eqref{eq:ch3-fractional-gh-l1-bound} 由 \eqref{eq:ch3-discrete-norm-lower-bound}, \eqref{eq:ch3-discrete-trilinear-continuity} 以及前面的先验估计推出:	equation	eq:ch3-discrete-norm-lower-bound	eqref	tex/chapters/chapter-03/section-05.tex:953	tex/chapters/chapter-03/section-05.tex:53	resolved
reference	定义. 不等式 \eqref{eq:ch3-fractional-gh-l1-bound} 由 \eqref{eq:ch3-discrete-norm-lower-bound}, \eqref{eq:ch3-discrete-trilinear-continuity} 以及前面的先验估计推出:	equation	eq:ch3-discrete-trilinear-continuity	eqref	tex/chapters/chapter-03/section-05.tex:953	tex/chapters/chapter-03/section-05.tex:74	resolved
reference	由引理 \ref{lem:sample-scheme-51-bounds}, 该关系右端有界.	lemma	lem:sample-scheme-51-bounds	ref	tex/chapters/chapter-03/section-05.tex:965	tex/chapters/sample.tex:16	resolved
reference	下面由 \eqref{eq:ch3-fractional-time-derivative-equation}--\eqref{eq:ch3-fractional-gh-l1-bound} 推出 \eqref{eq:ch3-fractional-fourier-weighted-bound}. 把 $g_h$ 在 $[0,T]$ 外延拓为零, 得到函数 $\widetilde g_h$, 使下述等式在整条 $t$ 轴上成立:	equation	eq:ch3-fractional-time-derivative-equation	eqref	tex/chapters/chapter-03/section-05.tex:967	tex/chapters/chapter-03/section-05.tex:938	resolved
reference	下面由 \eqref{eq:ch3-fractional-time-derivative-equation}--\eqref{eq:ch3-fractional-gh-l1-bound} 推出 \eqref{eq:ch3-fractional-fourier-weighted-bound}. 把 $g_h$ 在 $[0,T]$ 外延拓为零, 得到函数 $\widetilde g_h$, 使下述等式在整条 $t$ 轴上成立:	equation	eq:ch3-fractional-gh-l1-bound	eqref	tex/chapters/chapter-03/section-05.tex:967	tex/chapters/chapter-03/section-05.tex:943	resolved
reference	下面由 \eqref{eq:ch3-fractional-time-derivative-equation}--\eqref{eq:ch3-fractional-gh-l1-bound} 推出 \eqref{eq:ch3-fractional-fourier-weighted-bound}. 把 $g_h$ 在 $[0,T]$ 外延拓为零, 得到函数 $\widetilde g_h$, 使下述等式在整条 $t$ 轴上成立:	equation	eq:ch3-fractional-fourier-weighted-bound	eqref	tex/chapters/chapter-03/section-05.tex:967	tex/chapters/chapter-03/section-05.tex:928	resolved
reference	因为 $u_h^0$ 和 $u_h^N$ 保持有界. 由 \eqref{eq:ch3-fractional-gh-l1-bound} 还有	equation	eq:ch3-fractional-gh-l1-bound	eqref	tex/chapters/chapter-03/section-05.tex:986	tex/chapters/chapter-03/section-05.tex:943	resolved
reference	目标是证明格式 \ref{scheme:ch3-fully-implicit}--\ref{scheme:ch3-explicit} 在后面说明的某种意义下收敛. 首先陈述保证收敛所需的离散数据的相容性和紧性性质, 然后陈述并证明收敛结果.	unknown	scheme:ch3-fully-implicit	ref	tex/chapters/chapter-03/section-05.tex:1038	tex/chapters/chapter-03/section-05.tex:106	resolved
reference	目标是证明格式 \ref{scheme:ch3-fully-implicit}--\ref{scheme:ch3-explicit} 在后面说明的某种意义下收敛. 首先陈述保证收敛所需的离散数据的相容性和紧性性质, 然后陈述并证明收敛结果.	unknown	scheme:ch3-explicit	ref	tex/chapters/chapter-03/section-05.tex:1038	tex/chapters/chapter-03/section-05.tex:138	resolved
reference	除 \eqref{eq:ch3-convergence-identification-property} 外, 相容性假设如下.	equation	eq:ch3-convergence-identification-property	eqref	tex/chapters/chapter-03/section-05.tex:1122	tex/chapters/chapter-03/section-05.tex:1119	resolved
reference	为得到 \eqref{eq:ch3-convergence-trilinear-consistency} 所需的强收敛结果, 即 $u_{h'}\to u$ 于 $L^2(Q)$, 假设如下性质.	equation	eq:ch3-convergence-trilinear-consistency	eqref	tex/chapters/chapter-03/section-05.tex:1163	tex/chapters/chapter-03/section-05.tex:1160	resolved
reference	其定义对各格式略有不同(见 \eqref{eq:ch3-schemes-51-52-time-reconstruction}, \eqref{eq:ch3-scheme-53-time-reconstruction} 和 \eqref{eq:ch3-scheme-54-time-reconstruction}):	equation	eq:ch3-schemes-51-52-time-reconstruction	eqref	tex/chapters/chapter-03/section-05.tex:1193	tex/chapters/chapter-03/section-05.tex:635	resolved
reference	其定义对各格式略有不同(见 \eqref{eq:ch3-schemes-51-52-time-reconstruction}, \eqref{eq:ch3-scheme-53-time-reconstruction} 和 \eqref{eq:ch3-scheme-54-time-reconstruction}):	equation	eq:ch3-scheme-53-time-reconstruction	eqref	tex/chapters/chapter-03/section-05.tex:1193	tex/chapters/chapter-03/section-05.tex:826	resolved
reference	其定义对各格式略有不同(见 \eqref{eq:ch3-schemes-51-52-time-reconstruction}, \eqref{eq:ch3-scheme-53-time-reconstruction} 和 \eqref{eq:ch3-scheme-54-time-reconstruction}):	equation	eq:ch3-scheme-54-time-reconstruction	eqref	tex/chapters/chapter-03/section-05.tex:1193	tex/chapters/chapter-03/section-05.tex:609	resolved
reference	u_h^m,&\text{格式 \ref{scheme:ch3-fully-implicit} 和 \ref{scheme:ch3-linear-implicit}},\\	unknown	scheme:ch3-fully-implicit	ref	tex/chapters/chapter-03/section-05.tex:1197	tex/chapters/chapter-03/section-05.tex:106	resolved
reference	u_h^m,&\text{格式 \ref{scheme:ch3-fully-implicit} 和 \ref{scheme:ch3-linear-implicit}},\\	unknown	scheme:ch3-linear-implicit	ref	tex/chapters/chapter-03/section-05.tex:1197	tex/chapters/chapter-03/section-05.tex:127	resolved
reference	\dfrac12(u_h^m+u_h^{m-1}),&\text{格式 \ref{scheme:ch3-crank-nicholson}},\\	unknown	scheme:ch3-crank-nicholson	ref	tex/chapters/chapter-03/section-05.tex:1198	tex/chapters/chapter-03/section-05.tex:116	resolved
reference	u_h^{m-1},&\text{格式 \ref{scheme:ch3-explicit}},	unknown	scheme:ch3-explicit	ref	tex/chapters/chapter-03/section-05.tex:1199	tex/chapters/chapter-03/section-05.tex:138	resolved
reference	空间维数为 $n=2$, 并假设 \eqref{eq:ch3-discrete-force-data}--\eqref{eq:ch3-discrete-trilinear-continuity}, \eqref{eq:ch3-discrete-force-average}, \eqref{eq:ch3-discrete-initial-projection}, \eqref{eq:ch3-scheme-53-improved-trilinear-bound} 以及 \eqref{eq:ch3-convergence-identification-property}--\eqref{eq:ch3-convergence-compactness-property}. 记 $u$ 为问题 \MBUnresolvedReference{problem}{Problem 3.1} 的唯一解.	equation	eq:ch3-discrete-force-data	eqref	tex/chapters/chapter-03/section-05.tex:1209	tex/chapters/chapter-03/section-05.tex:31	resolved
reference	空间维数为 $n=2$, 并假设 \eqref{eq:ch3-discrete-force-data}--\eqref{eq:ch3-discrete-trilinear-continuity}, \eqref{eq:ch3-discrete-force-average}, \eqref{eq:ch3-discrete-initial-projection}, \eqref{eq:ch3-scheme-53-improved-trilinear-bound} 以及 \eqref{eq:ch3-convergence-identification-property}--\eqref{eq:ch3-convergence-compactness-property}. 记 $u$ 为问题 \MBUnresolvedReference{problem}{Problem 3.1} 的唯一解.	equation	eq:ch3-discrete-trilinear-continuity	eqref	tex/chapters/chapter-03/section-05.tex:1209	tex/chapters/chapter-03/section-05.tex:74	resolved
reference	空间维数为 $n=2$, 并假设 \eqref{eq:ch3-discrete-force-data}--\eqref{eq:ch3-discrete-trilinear-continuity}, \eqref{eq:ch3-discrete-force-average}, \eqref{eq:ch3-discrete-initial-projection}, \eqref{eq:ch3-scheme-53-improved-trilinear-bound} 以及 \eqref{eq:ch3-convergence-identification-property}--\eqref{eq:ch3-convergence-compactness-property}. 记 $u$ 为问题 \MBUnresolvedReference{problem}{Problem 3.1} 的唯一解.	equation	eq:ch3-discrete-force-average	eqref	tex/chapters/chapter-03/section-05.tex:1209	tex/chapters/chapter-03/section-05.tex:87	resolved
reference	空间维数为 $n=2$, 并假设 \eqref{eq:ch3-discrete-force-data}--\eqref{eq:ch3-discrete-trilinear-continuity}, \eqref{eq:ch3-discrete-force-average}, \eqref{eq:ch3-discrete-initial-projection}, \eqref{eq:ch3-scheme-53-improved-trilinear-bound} 以及 \eqref{eq:ch3-convergence-identification-property}--\eqref{eq:ch3-convergence-compactness-property}. 记 $u$ 为问题 \MBUnresolvedReference{problem}{Problem 3.1} 的唯一解.	equation	eq:ch3-discrete-initial-projection	eqref	tex/chapters/chapter-03/section-05.tex:1209	tex/chapters/chapter-03/section-05.tex:97	resolved
reference	空间维数为 $n=2$, 并假设 \eqref{eq:ch3-discrete-force-data}--\eqref{eq:ch3-discrete-trilinear-continuity}, \eqref{eq:ch3-discrete-force-average}, \eqref{eq:ch3-discrete-initial-projection}, \eqref{eq:ch3-scheme-53-improved-trilinear-bound} 以及 \eqref{eq:ch3-convergence-identification-property}--\eqref{eq:ch3-convergence-compactness-property}. 记 $u$ 为问题 \MBUnresolvedReference{problem}{Problem 3.1} 的唯一解.	equation	eq:ch3-scheme-53-improved-trilinear-bound	eqref	tex/chapters/chapter-03/section-05.tex:1209	tex/chapters/chapter-03/section-05.tex:685	resolved
reference	空间维数为 $n=2$, 并假设 \eqref{eq:ch3-discrete-force-data}--\eqref{eq:ch3-discrete-trilinear-continuity}, \eqref{eq:ch3-discrete-force-average}, \eqref{eq:ch3-discrete-initial-projection}, \eqref{eq:ch3-scheme-53-improved-trilinear-bound} 以及 \eqref{eq:ch3-convergence-identification-property}--\eqref{eq:ch3-convergence-compactness-property}. 记 $u$ 为问题 \MBUnresolvedReference{problem}{Problem 3.1} 的唯一解.	equation	eq:ch3-convergence-identification-property	eqref	tex/chapters/chapter-03/section-05.tex:1209	tex/chapters/chapter-03/section-05.tex:1119	resolved
reference	空间维数为 $n=2$, 并假设 \eqref{eq:ch3-discrete-force-data}--\eqref{eq:ch3-discrete-trilinear-continuity}, \eqref{eq:ch3-discrete-force-average}, \eqref{eq:ch3-discrete-initial-projection}, \eqref{eq:ch3-scheme-53-improved-trilinear-bound} 以及 \eqref{eq:ch3-convergence-identification-property}--\eqref{eq:ch3-convergence-compactness-property}. 记 $u$ 为问题 \MBUnresolvedReference{problem}{Problem 3.1} 的唯一解.	equation	eq:ch3-convergence-compactness-property	eqref	tex/chapters/chapter-03/section-05.tex:1209	tex/chapters/chapter-03/section-05.tex:1180	resolved
reference	(i) 格式 \ref{scheme:ch3-fully-implicit}: 无条件;	unknown	scheme:ch3-fully-implicit	ref	tex/chapters/chapter-03/section-05.tex:1226	tex/chapters/chapter-03/section-05.tex:106	resolved
reference	(ii) 格式 \ref{scheme:ch3-crank-nicholson}:	unknown	scheme:ch3-crank-nicholson	ref	tex/chapters/chapter-03/section-05.tex:1228	tex/chapters/chapter-03/section-05.tex:116	resolved
reference	(iii) 格式 \ref{scheme:ch3-linear-implicit}: 满足 \eqref{eq:ch3-scheme-53-stability-conditions};	unknown	scheme:ch3-linear-implicit	ref	tex/chapters/chapter-03/section-05.tex:1234	tex/chapters/chapter-03/section-05.tex:127	resolved
reference	(iii) 格式 \ref{scheme:ch3-linear-implicit}: 满足 \eqref{eq:ch3-scheme-53-stability-conditions};	equation	eq:ch3-scheme-53-stability-conditions	eqref	tex/chapters/chapter-03/section-05.tex:1234	tex/chapters/chapter-03/section-05.tex:704	resolved
reference	(iv) 格式 \ref{scheme:ch3-explicit}: 满足 \eqref{eq:ch3-scheme-54-first-stability-condition}--\eqref{eq:ch3-scheme-54-second-stability-condition}.	unknown	scheme:ch3-explicit	ref	tex/chapters/chapter-03/section-05.tex:1236	tex/chapters/chapter-03/section-05.tex:138	resolved
reference	(iv) 格式 \ref{scheme:ch3-explicit}: 满足 \eqref{eq:ch3-scheme-54-first-stability-condition}--\eqref{eq:ch3-scheme-54-second-stability-condition}.	equation	eq:ch3-scheme-54-first-stability-condition	eqref	tex/chapters/chapter-03/section-05.tex:1236	tex/chapters/chapter-03/section-05.tex:268	resolved
reference	(iv) 格式 \ref{scheme:ch3-explicit}: 满足 \eqref{eq:ch3-scheme-54-first-stability-condition}--\eqref{eq:ch3-scheme-54-second-stability-condition}.	equation	eq:ch3-scheme-54-second-stability-condition	eqref	tex/chapters/chapter-03/section-05.tex:1236	tex/chapters/chapter-03/section-05.tex:273	resolved
reference	(i) 对格式 \ref{scheme:ch3-fully-implicit} 和 \ref{scheme:ch3-crank-nicholson}, 不作任何进一步假设即可证明, 当 $h,k\to0$ 时,	unknown	scheme:ch3-fully-implicit	ref	tex/chapters/chapter-03/section-05.tex:1242	tex/chapters/chapter-03/section-05.tex:106	resolved
reference	(i) 对格式 \ref{scheme:ch3-fully-implicit} 和 \ref{scheme:ch3-crank-nicholson}, 不作任何进一步假设即可证明, 当 $h,k\to0$ 时,	unknown	scheme:ch3-crank-nicholson	ref	tex/chapters/chapter-03/section-05.tex:1242	tex/chapters/chapter-03/section-05.tex:116	resolved
reference	\quad\text{(格式 \ref{scheme:ch3-linear-implicit} 和 \ref{scheme:ch3-explicit})},	unknown	scheme:ch3-linear-implicit	ref	tex/chapters/chapter-03/section-05.tex:1253	tex/chapters/chapter-03/section-05.tex:127	resolved
reference	\quad\text{(格式 \ref{scheme:ch3-linear-implicit} 和 \ref{scheme:ch3-explicit})},	unknown	scheme:ch3-explicit	ref	tex/chapters/chapter-03/section-05.tex:1253	tex/chapters/chapter-03/section-05.tex:138	resolved
reference	(iii) 证明格式 \ref{scheme:ch3-crank-nicholson} 收敛时使用的假设 \eqref{eq:ch3-convergence-scheme-52-condition} 很可能是不必要的, 因为该格式无条件地在 $L^2(0,T;F)$ 和 $L^\infty(0,T;L^2(\Omega))$ 中稳定.	unknown	scheme:ch3-crank-nicholson	ref	tex/chapters/chapter-03/section-05.tex:1258	tex/chapters/chapter-03/section-05.tex:116	resolved
reference	(iii) 证明格式 \ref{scheme:ch3-crank-nicholson} 收敛时使用的假设 \eqref{eq:ch3-convergence-scheme-52-condition} 很可能是不必要的, 因为该格式无条件地在 $L^2(0,T;F)$ 和 $L^\infty(0,T;L^2(\Omega))$ 中稳定.	equation	eq:ch3-convergence-scheme-52-condition	eqref	tex/chapters/chapter-03/section-05.tex:1258	tex/chapters/chapter-03/section-05.tex:1231	resolved
reference	空间维数为 $n=3$, 其余假设与定理 \ref{thm:ch3-convergence-two-dimensional} 相同. 则存在某个序列 $h',k'\to0$, 使	theorem	thm:ch3-convergence-two-dimensional	ref	tex/chapters/chapter-03/section-05.tex:1264	tex/chapters/chapter-03/section-05.tex:1208	resolved
reference	对满足收敛关系 \eqref{eq:ch3-convergence-3d-strong-l2}--\eqref{eq:ch3-convergence-3d-prolongation} 的任意其他序列 $h',k'\to0$, $u$ 必为问题 \MBUnresolvedReference{problem}{Problem 3.1} 的某个解.	equation	eq:ch3-convergence-3d-strong-l2	eqref	tex/chapters/chapter-03/section-05.tex:1281	tex/chapters/chapter-03/section-05.tex:1267	resolved
reference	对满足收敛关系 \eqref{eq:ch3-convergence-3d-strong-l2}--\eqref{eq:ch3-convergence-3d-prolongation} 的任意其他序列 $h',k'\to0$, $u$ 必为问题 \MBUnresolvedReference{problem}{Problem 3.1} 的某个解.	equation	eq:ch3-convergence-3d-prolongation	eqref	tex/chapters/chapter-03/section-05.tex:1281	tex/chapters/chapter-03/section-05.tex:1277	resolved
reference	由于精确问题缺少能量等式, 也不能证明在 $L^2(0,T;F)$ 中强收敛; 对 $n=3$ 只有能量不等式, 见注 \ref{rem:ch3-semidiscrete-energy-inequality}.	remark	rem:ch3-semidiscrete-energy-inequality	ref	tex/chapters/chapter-03/section-05.tex:1290	tex/chapters/chapter-03/section-04.tex:525	resolved
reference	本小节余下部分证明上述两个定理. 对格式 \ref{scheme:ch3-fully-implicit} 详细证明定理 \ref{thm:ch3-convergence-two-dimensional}, 包括 \eqref{eq:ch3-convergence-strong-prolongation}; 其他情形只概述实际上非常相似的证明.	unknown	scheme:ch3-fully-implicit	ref	tex/chapters/chapter-03/section-05.tex:1293	tex/chapters/chapter-03/section-05.tex:106	resolved
reference	本小节余下部分证明上述两个定理. 对格式 \ref{scheme:ch3-fully-implicit} 详细证明定理 \ref{thm:ch3-convergence-two-dimensional}, 包括 \eqref{eq:ch3-convergence-strong-prolongation}; 其他情形只概述实际上非常相似的证明.	theorem	thm:ch3-convergence-two-dimensional	ref	tex/chapters/chapter-03/section-05.tex:1293	tex/chapters/chapter-03/section-05.tex:1208	resolved
reference	本小节余下部分证明上述两个定理. 对格式 \ref{scheme:ch3-fully-implicit} 详细证明定理 \ref{thm:ch3-convergence-two-dimensional}, 包括 \eqref{eq:ch3-convergence-strong-prolongation}; 其他情形只概述实际上非常相似的证明.	equation	eq:ch3-convergence-strong-prolongation	eqref	tex/chapters/chapter-03/section-05.tex:1293	tex/chapters/chapter-03/section-05.tex:1246	resolved
reference	\subsubsection{定理 \ref{thm:ch3-convergence-two-dimensional} 的证明(格式 \ref{scheme:ch3-fully-implicit})}	theorem	thm:ch3-convergence-two-dimensional	ref	tex/chapters/chapter-03/section-05.tex:1295	tex/chapters/chapter-03/section-05.tex:1208	resolved
reference	\subsubsection{定理 \ref{thm:ch3-convergence-two-dimensional} 的证明(格式 \ref{scheme:ch3-fully-implicit})}	unknown	scheme:ch3-fully-implicit	ref	tex/chapters/chapter-03/section-05.tex:1295	tex/chapters/chapter-03/section-05.tex:106	resolved
reference	由稳定性定理 \ref{thm:ch3-schemes-51-52-stability} 和 \eqref{eq:ch3-convergence-identification-property}, 存在子列 $h',k'\to0$, 使对某个 $u\in L^2(0,T;V)\cap L^\infty(0,T;H)$,	theorem	thm:ch3-schemes-51-52-stability	ref	tex/chapters/chapter-03/section-05.tex:1298	tex/chapters/chapter-03/section-05.tex:660	resolved
reference	由稳定性定理 \ref{thm:ch3-schemes-51-52-stability} 和 \eqref{eq:ch3-convergence-identification-property}, 存在子列 $h',k'\to0$, 使对某个 $u\in L^2(0,T;V)\cap L^\infty(0,T;H)$,	equation	eq:ch3-convergence-identification-property	eqref	tex/chapters/chapter-03/section-05.tex:1298	tex/chapters/chapter-03/section-05.tex:1119	resolved
reference	考虑第 \ref{subsec:ch3-fractional-estimates} 小节引入的分段线性函数 $w_h$(见 \eqref{eq:ch3-fractional-piecewise-linear-function}). 由引理 \ref{lem:ch3-fractional-fourier-estimate} 和对 $u_h^m$ 的估计,	subsection	subsec:ch3-fractional-estimates	ref	tex/chapters/chapter-03/section-05.tex:1308	tex/chapters/chapter-03/section-05.tex:904	resolved
reference	考虑第 \ref{subsec:ch3-fractional-estimates} 小节引入的分段线性函数 $w_h$(见 \eqref{eq:ch3-fractional-piecewise-linear-function}). 由引理 \ref{lem:ch3-fractional-fourier-estimate} 和对 $u_h^m$ 的估计,	equation	eq:ch3-fractional-piecewise-linear-function	eqref	tex/chapters/chapter-03/section-05.tex:1308	tex/chapters/chapter-03/section-05.tex:915	resolved
reference	考虑第 \ref{subsec:ch3-fractional-estimates} 小节引入的分段线性函数 $w_h$(见 \eqref{eq:ch3-fractional-piecewise-linear-function}). 由引理 \ref{lem:ch3-fractional-fourier-estimate} 和对 $u_h^m$ 的估计,	lemma	lem:ch3-fractional-fourier-estimate	ref	tex/chapters/chapter-03/section-05.tex:1308	tex/chapters/chapter-03/section-05.tex:920	resolved
reference	因此根据 \eqref{eq:ch3-convergence-compactness-property}, 可选择 $h',k'\to0$, 使对某个 $w\in L^2(0,T;V)\cap L^\infty(0,T;H)$,	equation	eq:ch3-convergence-compactness-property	eqref	tex/chapters/chapter-03/section-05.tex:1318	tex/chapters/chapter-03/section-05.tex:1180	resolved
reference	完全与引理 \ref{lem:ch3-semidiscrete-interpolation-distance} 相同, 可验证	lemma	lem:ch3-semidiscrete-interpolation-distance	ref	tex/chapters/chapter-03/section-05.tex:1354	tex/chapters/chapter-03/section-04.tex:419	resolved
reference	于是 \eqref{eq:ch3-reconstruction-distance} 由 \eqref{eq:sample-scheme51-increment-bound} 得出; \eqref{eq:ch3-reconstruction-limit-identification} 和 \eqref{eq:ch3-proof-convergence-strong-l2} 是 \eqref{eq:ch3-proof-convergence-u-subsequence}, \eqref{eq:ch3-proof-convergence-w-subsequence} 和 \eqref{eq:ch3-reconstruction-distance} 的直接推论.	equation	eq:ch3-reconstruction-distance	eqref	tex/chapters/chapter-03/section-05.tex:1361	tex/chapters/chapter-03/section-05.tex:1338	resolved
reference	于是 \eqref{eq:ch3-reconstruction-distance} 由 \eqref{eq:sample-scheme51-increment-bound} 得出; \eqref{eq:ch3-reconstruction-limit-identification} 和 \eqref{eq:ch3-proof-convergence-strong-l2} 是 \eqref{eq:ch3-proof-convergence-u-subsequence}, \eqref{eq:ch3-proof-convergence-w-subsequence} 和 \eqref{eq:ch3-reconstruction-distance} 的直接推论.	equation	eq:sample-scheme51-increment-bound	eqref	tex/chapters/chapter-03/section-05.tex:1361	tex/chapters/sample.tex:24	resolved
reference	于是 \eqref{eq:ch3-reconstruction-distance} 由 \eqref{eq:sample-scheme51-increment-bound} 得出; \eqref{eq:ch3-reconstruction-limit-identification} 和 \eqref{eq:ch3-proof-convergence-strong-l2} 是 \eqref{eq:ch3-proof-convergence-u-subsequence}, \eqref{eq:ch3-proof-convergence-w-subsequence} 和 \eqref{eq:ch3-reconstruction-distance} 的直接推论.	equation	eq:ch3-reconstruction-limit-identification	eqref	tex/chapters/chapter-03/section-05.tex:1361	tex/chapters/chapter-03/section-05.tex:1343	resolved
reference	于是 \eqref{eq:ch3-reconstruction-distance} 由 \eqref{eq:sample-scheme51-increment-bound} 得出; \eqref{eq:ch3-reconstruction-limit-identification} 和 \eqref{eq:ch3-proof-convergence-strong-l2} 是 \eqref{eq:ch3-proof-convergence-u-subsequence}, \eqref{eq:ch3-proof-convergence-w-subsequence} 和 \eqref{eq:ch3-reconstruction-distance} 的直接推论.	equation	eq:ch3-proof-convergence-strong-l2	eqref	tex/chapters/chapter-03/section-05.tex:1361	tex/chapters/chapter-03/section-05.tex:1349	resolved
reference	于是 \eqref{eq:ch3-reconstruction-distance} 由 \eqref{eq:sample-scheme51-increment-bound} 得出; \eqref{eq:ch3-reconstruction-limit-identification} 和 \eqref{eq:ch3-proof-convergence-strong-l2} 是 \eqref{eq:ch3-proof-convergence-u-subsequence}, \eqref{eq:ch3-proof-convergence-w-subsequence} 和 \eqref{eq:ch3-reconstruction-distance} 的直接推论.	equation	eq:ch3-proof-convergence-u-subsequence	eqref	tex/chapters/chapter-03/section-05.tex:1361	tex/chapters/chapter-03/section-05.tex:1306	resolved
reference	于是 \eqref{eq:ch3-reconstruction-distance} 由 \eqref{eq:sample-scheme51-increment-bound} 得出; \eqref{eq:ch3-reconstruction-limit-identification} 和 \eqref{eq:ch3-proof-convergence-strong-l2} 是 \eqref{eq:ch3-proof-convergence-u-subsequence}, \eqref{eq:ch3-proof-convergence-w-subsequence} 和 \eqref{eq:ch3-reconstruction-distance} 的直接推论.	equation	eq:ch3-proof-convergence-w-subsequence	eqref	tex/chapters/chapter-03/section-05.tex:1361	tex/chapters/chapter-03/section-05.tex:1328	resolved
reference	于是 \eqref{eq:ch3-reconstruction-distance} 由 \eqref{eq:sample-scheme51-increment-bound} 得出; \eqref{eq:ch3-reconstruction-limit-identification} 和 \eqref{eq:ch3-proof-convergence-strong-l2} 是 \eqref{eq:ch3-proof-convergence-u-subsequence}, \eqref{eq:ch3-proof-convergence-w-subsequence} 和 \eqref{eq:ch3-reconstruction-distance} 的直接推论.	equation	eq:ch3-reconstruction-distance	eqref	tex/chapters/chapter-03/section-05.tex:1361	tex/chapters/chapter-03/section-05.tex:1338	resolved
reference	\eqref{eq:ch3-proof-convergence-u-subsequence}, \eqref{eq:ch3-proof-convergence-w-subsequence} 和 \eqref{eq:ch3-reconstruction-limit-identification} 中的函数 $u$ 是问题 \MBUnresolvedReference{problem}{Problem 3.1} 的解.	equation	eq:ch3-proof-convergence-u-subsequence	eqref	tex/chapters/chapter-03/section-05.tex:1370	tex/chapters/chapter-03/section-05.tex:1306	resolved
reference	\eqref{eq:ch3-proof-convergence-u-subsequence}, \eqref{eq:ch3-proof-convergence-w-subsequence} 和 \eqref{eq:ch3-reconstruction-limit-identification} 中的函数 $u$ 是问题 \MBUnresolvedReference{problem}{Problem 3.1} 的解.	equation	eq:ch3-proof-convergence-w-subsequence	eqref	tex/chapters/chapter-03/section-05.tex:1370	tex/chapters/chapter-03/section-05.tex:1328	resolved
reference	\eqref{eq:ch3-proof-convergence-u-subsequence}, \eqref{eq:ch3-proof-convergence-w-subsequence} 和 \eqref{eq:ch3-reconstruction-limit-identification} 中的函数 $u$ 是问题 \MBUnresolvedReference{problem}{Problem 3.1} 的解.	equation	eq:ch3-reconstruction-limit-identification	eqref	tex/chapters/chapter-03/section-05.tex:1370	tex/chapters/chapter-03/section-05.tex:1343	resolved
reference	方程 \eqref{eq:ch3-scheme-51} 容易解释为	equation	eq:ch3-scheme-51	eqref	tex/chapters/chapter-03/section-05.tex:1374	tex/chapters/chapter-03/section-05.tex:113	resolved
reference	任取 $v\in V$, 在 \eqref{eq:ch3-convergence-discrete-evolution} 中令 $v_h=r_hv$. 设 $\psi$ 是 $[0,T]$ 上连续可微的标量函数, 且	equation	eq:ch3-convergence-discrete-evolution	eqref	tex/chapters/chapter-03/section-05.tex:1387	tex/chapters/chapter-03/section-05.tex:1379	resolved
reference	将取 $v_h=r_hv$ 的 \eqref{eq:ch3-convergence-discrete-evolution} 乘以 $\psi(t)$, 关于 $t$ 积分, 并对第一项分部积分, 得	equation	eq:ch3-convergence-discrete-evolution	eqref	tex/chapters/chapter-03/section-05.tex:1392	tex/chapters/chapter-03/section-05.tex:1379	resolved
reference	在 \eqref{eq:ch3-convergence-discrete-weak-form} 中沿 $h',k'\to0$ 取极限, 主要使用 \eqref{eq:ch3-convergence-bilinear-consistency}, \eqref{eq:ch3-convergence-trilinear-consistency}, \eqref{eq:ch3-proof-convergence-u-subsequence}, \eqref{eq:ch3-proof-convergence-w-subsequence} 和引理 \ref{lem:ch3-reconstruction-distance}; 还回顾	equation	eq:ch3-convergence-discrete-weak-form	eqref	tex/chapters/chapter-03/section-05.tex:1400	tex/chapters/chapter-03/section-05.tex:1398	resolved
reference	在 \eqref{eq:ch3-convergence-discrete-weak-form} 中沿 $h',k'\to0$ 取极限, 主要使用 \eqref{eq:ch3-convergence-bilinear-consistency}, \eqref{eq:ch3-convergence-trilinear-consistency}, \eqref{eq:ch3-proof-convergence-u-subsequence}, \eqref{eq:ch3-proof-convergence-w-subsequence} 和引理 \ref{lem:ch3-reconstruction-distance}; 还回顾	equation	eq:ch3-convergence-bilinear-consistency	eqref	tex/chapters/chapter-03/section-05.tex:1400	tex/chapters/chapter-03/section-05.tex:1136	resolved
reference	在 \eqref{eq:ch3-convergence-discrete-weak-form} 中沿 $h',k'\to0$ 取极限, 主要使用 \eqref{eq:ch3-convergence-bilinear-consistency}, \eqref{eq:ch3-convergence-trilinear-consistency}, \eqref{eq:ch3-proof-convergence-u-subsequence}, \eqref{eq:ch3-proof-convergence-w-subsequence} 和引理 \ref{lem:ch3-reconstruction-distance}; 还回顾	equation	eq:ch3-convergence-trilinear-consistency	eqref	tex/chapters/chapter-03/section-05.tex:1400	tex/chapters/chapter-03/section-05.tex:1160	resolved
reference	在 \eqref{eq:ch3-convergence-discrete-weak-form} 中沿 $h',k'\to0$ 取极限, 主要使用 \eqref{eq:ch3-convergence-bilinear-consistency}, \eqref{eq:ch3-convergence-trilinear-consistency}, \eqref{eq:ch3-proof-convergence-u-subsequence}, \eqref{eq:ch3-proof-convergence-w-subsequence} 和引理 \ref{lem:ch3-reconstruction-distance}; 还回顾	equation	eq:ch3-proof-convergence-u-subsequence	eqref	tex/chapters/chapter-03/section-05.tex:1400	tex/chapters/chapter-03/section-05.tex:1306	resolved
reference	在 \eqref{eq:ch3-convergence-discrete-weak-form} 中沿 $h',k'\to0$ 取极限, 主要使用 \eqref{eq:ch3-convergence-bilinear-consistency}, \eqref{eq:ch3-convergence-trilinear-consistency}, \eqref{eq:ch3-proof-convergence-u-subsequence}, \eqref{eq:ch3-proof-convergence-w-subsequence} 和引理 \ref{lem:ch3-reconstruction-distance}; 还回顾	equation	eq:ch3-proof-convergence-w-subsequence	eqref	tex/chapters/chapter-03/section-05.tex:1400	tex/chapters/chapter-03/section-05.tex:1328	resolved
reference	在 \eqref{eq:ch3-convergence-discrete-weak-form} 中沿 $h',k'\to0$ 取极限, 主要使用 \eqref{eq:ch3-convergence-bilinear-consistency}, \eqref{eq:ch3-convergence-trilinear-consistency}, \eqref{eq:ch3-proof-convergence-u-subsequence}, \eqref{eq:ch3-proof-convergence-w-subsequence} 和引理 \ref{lem:ch3-reconstruction-distance}; 还回顾	lemma	lem:ch3-reconstruction-distance	ref	tex/chapters/chapter-03/section-05.tex:1400	tex/chapters/chapter-03/section-05.tex:1333	resolved
reference	最后一个关系见引理 \ref{lem:ch3-semidiscrete-force-convergence}. 极限中得到	lemma	lem:ch3-semidiscrete-force-convergence	ref	tex/chapters/chapter-03/section-05.tex:1413	tex/chapters/chapter-03/section-04.tex:505	resolved
reference	恰如定理 \ref{thm:ch3-existence-weak-solution} 的证明在 \MBUnresolvedReference{equation}{(3.43)} 之后所作的那样, 由此等式推出 $u$ 是问题 \MBUnresolvedReference{problem}{Problem 3.1} 的解.	theorem	thm:ch3-existence-weak-solution	ref	tex/chapters/chapter-03/section-05.tex:1421	tex/chapters/chapter-03/section-03.tex:167	resolved
reference	由于问题 \MBUnresolvedReference{problem}{Problem 3.1} 的解唯一(见定理 \ref{thm:ch3-uniqueness-2d}), 已多次使用的反证论证表明	theorem	thm:ch3-uniqueness-2d	ref	tex/chapters/chapter-03/section-05.tex:1423	tex/chapters/chapter-03/section-03.tex:693	resolved
reference	\text{收敛关系 \eqref{eq:ch3-proof-convergence-u-subsequence} 和	equation	eq:ch3-proof-convergence-u-subsequence	eqref	tex/chapters/chapter-03/section-05.tex:1425	tex/chapters/chapter-03/section-05.tex:1306	resolved
reference	\eqref{eq:ch3-proof-convergence-w-subsequence} 对整个族 $h,k\to0$ 成立.}	equation	eq:ch3-proof-convergence-w-subsequence	eqref	tex/chapters/chapter-03/section-05.tex:1426	tex/chapters/chapter-03/section-05.tex:1328	resolved
reference	这就完成了定理 \ref{thm:ch3-convergence-two-dimensional} 的证明.	theorem	thm:ch3-convergence-two-dimensional	ref	tex/chapters/chapter-03/section-05.tex:1429	tex/chapters/chapter-03/section-05.tex:1208	resolved
unresolved	5.5	subsection		MBUnresolvedReference	tex/chapters/chapter-03/section-05.tex:18		needs-review
unresolved	5.6	subsection		MBUnresolvedReference	tex/chapters/chapter-03/section-05.tex:18		needs-review
unresolved	Section 6	section		MBUnresolvedReference	tex/chapters/chapter-03/section-05.tex:20		needs-review
unresolved	Sections 7 and 8	sections		MBUnresolvedReference	tex/chapters/chapter-03/section-05.tex:20		needs-review
unresolved	Problem 3.2	problem		MBUnresolvedReference	tex/chapters/chapter-03/section-05.tex:38		needs-review
unresolved	Theorem 1.2.2	theorem		MBUnresolvedReference	tex/chapters/chapter-03/section-05.tex:159		needs-review
unresolved	Section 6	section		MBUnresolvedReference	tex/chapters/chapter-03/section-05.tex:174		needs-review
unresolved	Theorem 1.3.1	theorem		MBUnresolvedReference	tex/chapters/chapter-03/section-05.tex:458		needs-review
unresolved	Proposition 1.3.1	proposition		MBUnresolvedReference	tex/chapters/chapter-03/section-05.tex:458		needs-review
unresolved	(3.13)	equation		MBUnresolvedReference	tex/chapters/chapter-03/section-05.tex:565		needs-review
unresolved	Problem 3.1	problem		MBUnresolvedReference	tex/chapters/chapter-03/section-05.tex:595		needs-review
unresolved	Subsection 5.4.3	subsection		MBUnresolvedReference	tex/chapters/chapter-03/section-05.tex:667		needs-review
unresolved	Remark 5.2	remark		MBUnresolvedReference	tex/chapters/chapter-03/section-05.tex:861		needs-review
unresolved	5.7	subsection		MBUnresolvedReference	tex/chapters/chapter-03/section-05.tex:906		needs-review
unresolved	Definition 1.3.6	definition		MBUnresolvedReference	tex/chapters/chapter-03/section-05.tex:1077		needs-review
unresolved	Lemma 5.6	lemma		MBUnresolvedReference	tex/chapters/chapter-03/section-05.tex:1104		needs-review
unresolved	Problem 3.1	problem		MBUnresolvedReference	tex/chapters/chapter-03/section-05.tex:1209		needs-review
unresolved	Problem 3.1	problem		MBUnresolvedReference	tex/chapters/chapter-03/section-05.tex:1279		needs-review
unresolved	Problem 3.1	problem		MBUnresolvedReference	tex/chapters/chapter-03/section-05.tex:1281		needs-review
unresolved	Problem 3.1	problem		MBUnresolvedReference	tex/chapters/chapter-03/section-05.tex:1288		needs-review
unresolved	Problem 3.1	problem		MBUnresolvedReference	tex/chapters/chapter-03/section-05.tex:1365		needs-review
unresolved	Problem 3.1	problem		MBUnresolvedReference	tex/chapters/chapter-03/section-05.tex:1370		needs-review
unresolved	(3.43)	equation		MBUnresolvedReference	tex/chapters/chapter-03/section-05.tex:1421		needs-review
unresolved	Problem 3.1	problem		MBUnresolvedReference	tex/chapters/chapter-03/section-05.tex:1421		needs-review
unresolved	Problem 3.1	problem		MBUnresolvedReference	tex/chapters/chapter-03/section-05.tex:1423		needs-review
