Record Type	Original Reference	Target Object	LaTeX Label	Command	Translation Location	Target Location	Status
target		section	sec:ch3-existence-uniqueness	label	tex/chapters/chapter-03/section-03.tex:3	tex/chapters/chapter-03/section-03.tex:3	defined
target		subsection	subsec:ch3-existence-theorem	label	tex/chapters/chapter-03/section-03.tex:9	tex/chapters/chapter-03/section-03.tex:9	defined
target		equation	eq:ch3-existence-trilinear-form	label	tex/chapters/chapter-03/section-03.tex:15	tex/chapters/chapter-03/section-03.tex:15	defined
target		equation	eq:ch3-existence-skew-cancellation	label	tex/chapters/chapter-03/section-03.tex:21	tex/chapters/chapter-03/section-03.tex:21	defined
target		equation	eq:ch3-existence-bilinear-operator	label	tex/chapters/chapter-03/section-03.tex:27	tex/chapters/chapter-03/section-03.tex:27	defined
target		equation	eq:ch3-existence-nonlinear-operator	label	tex/chapters/chapter-03/section-03.tex:33	tex/chapters/chapter-03/section-03.tex:33	defined
target		equation	eq:ch3-existence-classical-momentum	label	tex/chapters/chapter-03/section-03.tex:42	tex/chapters/chapter-03/section-03.tex:42	defined
target		equation	eq:ch3-existence-classical-incompressibility	label	tex/chapters/chapter-03/section-03.tex:46	tex/chapters/chapter-03/section-03.tex:46	defined
target		equation	eq:ch3-existence-classical-boundary	label	tex/chapters/chapter-03/section-03.tex:50	tex/chapters/chapter-03/section-03.tex:50	defined
target		equation	eq:ch3-existence-classical-initial	label	tex/chapters/chapter-03/section-03.tex:54	tex/chapters/chapter-03/section-03.tex:54	defined
target		equation	eq:ch3-existence-classical-variational	label	tex/chapters/chapter-03/section-03.tex:61	tex/chapters/chapter-03/section-03.tex:61	defined
target		unknown	prob:ch3-weak-variational	label	tex/chapters/chapter-03/section-03.tex:68	tex/chapters/chapter-03/section-03.tex:68	defined
target		equation	eq:ch3-existence-force-assumption	label	tex/chapters/chapter-03/section-03.tex:72	tex/chapters/chapter-03/section-03.tex:72	defined
target		equation	eq:ch3-existence-initial-assumption	label	tex/chapters/chapter-03/section-03.tex:76	tex/chapters/chapter-03/section-03.tex:76	defined
target		equation	eq:ch3-existence-weak-solution-space	label	tex/chapters/chapter-03/section-03.tex:81	tex/chapters/chapter-03/section-03.tex:81	defined
target		equation	eq:ch3-existence-weak-variational-equation	label	tex/chapters/chapter-03/section-03.tex:87	tex/chapters/chapter-03/section-03.tex:87	defined
target		equation	eq:ch3-existence-weak-initial-condition	label	tex/chapters/chapter-03/section-03.tex:91	tex/chapters/chapter-03/section-03.tex:91	defined
target		lemma	lem:ch3-existence-bu-integrability	label	tex/chapters/chapter-03/section-03.tex:100	tex/chapters/chapter-03/section-03.tex:100	defined
target		equation	eq:ch3-existence-bu-pointwise-bound	label	tex/chapters/chapter-03/section-03.tex:115	tex/chapters/chapter-03/section-03.tex:115	defined
target		equation	eq:ch3-existence-time-derivative	label	tex/chapters/chapter-03/section-03.tex:139	tex/chapters/chapter-03/section-03.tex:139	defined
target		unknown	prob:ch3-weak-operator	label	tex/chapters/chapter-03/section-03.tex:146	tex/chapters/chapter-03/section-03.tex:146	defined
target		equation	eq:ch3-existence-operator-solution-space	label	tex/chapters/chapter-03/section-03.tex:151	tex/chapters/chapter-03/section-03.tex:151	defined
target		equation	eq:ch3-existence-operator-equation	label	tex/chapters/chapter-03/section-03.tex:155	tex/chapters/chapter-03/section-03.tex:155	defined
target		equation	eq:ch3-existence-operator-initial	label	tex/chapters/chapter-03/section-03.tex:159	tex/chapters/chapter-03/section-03.tex:159	defined
target		theorem	thm:ch3-existence-weak-solution	label	tex/chapters/chapter-03/section-03.tex:167	tex/chapters/chapter-03/section-03.tex:167	defined
target		equation	eq:ch3-existence-linfty-h	label	tex/chapters/chapter-03/section-03.tex:171	tex/chapters/chapter-03/section-03.tex:171	defined
target		remark	rem:ch3-existence-general-force	label	tex/chapters/chapter-03/section-03.tex:181	tex/chapters/chapter-03/section-03.tex:181	defined
target		subsection	subsec:ch3-existence-proof	label	tex/chapters/chapter-03/section-03.tex:194	tex/chapters/chapter-03/section-03.tex:194	defined
target		equation	eq:ch3-existence-galerkin-expansion	label	tex/chapters/chapter-03/section-03.tex:198	tex/chapters/chapter-03/section-03.tex:198	defined
target		equation	eq:ch3-existence-galerkin-equations	label	tex/chapters/chapter-03/section-03.tex:205	tex/chapters/chapter-03/section-03.tex:205	defined
target		equation	eq:ch3-existence-galerkin-initial	label	tex/chapters/chapter-03/section-03.tex:209	tex/chapters/chapter-03/section-03.tex:209	defined
target		equation	eq:ch3-existence-galerkin-coordinate-system	label	tex/chapters/chapter-03/section-03.tex:221	tex/chapters/chapter-03/section-03.tex:221	defined
target		equation	eq:ch3-existence-galerkin-normal-system	label	tex/chapters/chapter-03/section-03.tex:228	tex/chapters/chapter-03/section-03.tex:228	defined
target		equation	eq:ch3-existence-galerkin-coordinate-initial	label	tex/chapters/chapter-03/section-03.tex:235	tex/chapters/chapter-03/section-03.tex:235	defined
target		equation	eq:ch3-existence-galerkin-energy-identity	label	tex/chapters/chapter-03/section-03.tex:244	tex/chapters/chapter-03/section-03.tex:244	defined
target		equation	eq:ch3-existence-galerkin-energy-inequality	label	tex/chapters/chapter-03/section-03.tex:259	tex/chapters/chapter-03/section-03.tex:259	defined
target		equation	eq:ch3-existence-galerkin-linfty-bound	label	tex/chapters/chapter-03/section-03.tex:273	tex/chapters/chapter-03/section-03.tex:273	defined
target		equation	eq:ch3-existence-galerkin-linfty-boundedness	label	tex/chapters/chapter-03/section-03.tex:278	tex/chapters/chapter-03/section-03.tex:278	defined
target		equation	eq:ch3-existence-galerkin-l2-boundedness	label	tex/chapters/chapter-03/section-03.tex:291	tex/chapters/chapter-03/section-03.tex:291	defined
target		equation	eq:ch3-existence-fractional-fourier-bound	label	tex/chapters/chapter-03/section-03.tex:300	tex/chapters/chapter-03/section-03.tex:300	defined
target		equation	eq:ch3-existence-fractional-space-boundedness	label	tex/chapters/chapter-03/section-03.tex:305	tex/chapters/chapter-03/section-03.tex:305	defined
target		equation	eq:ch3-existence-extension-distribution-equation	label	tex/chapters/chapter-03/section-03.tex:316	tex/chapters/chapter-03/section-03.tex:316	defined
target		equation	eq:ch3-existence-extension-force	label	tex/chapters/chapter-03/section-03.tex:326	tex/chapters/chapter-03/section-03.tex:326	defined
target		equation	eq:ch3-existence-fourier-galerkin-equation	label	tex/chapters/chapter-03/section-03.tex:333	tex/chapters/chapter-03/section-03.tex:333	defined
target		equation	eq:ch3-existence-fourier-energy-identity	label	tex/chapters/chapter-03/section-03.tex:345	tex/chapters/chapter-03/section-03.tex:345	defined
target		equation	eq:ch3-existence-fourier-pointwise-estimate	label	tex/chapters/chapter-03/section-03.tex:372	tex/chapters/chapter-03/section-03.tex:372	defined
target		equation	eq:ch3-existence-fourier-weighted-integral	label	tex/chapters/chapter-03/section-03.tex:395	tex/chapters/chapter-03/section-03.tex:395	defined
target		equation	eq:ch3-existence-galerkin-weak-convergence	label	tex/chapters/chapter-03/section-03.tex:413	tex/chapters/chapter-03/section-03.tex:413	defined
target		equation	eq:ch3-existence-galerkin-strong-convergence	label	tex/chapters/chapter-03/section-03.tex:419	tex/chapters/chapter-03/section-03.tex:419	defined
target		equation	eq:ch3-existence-galerkin-integrated-equation	label	tex/chapters/chapter-03/section-03.tex:431	tex/chapters/chapter-03/section-03.tex:431	defined
target		equation	eq:ch3-existence-limit-integrated-equation	label	tex/chapters/chapter-03/section-03.tex:441	tex/chapters/chapter-03/section-03.tex:441	defined
target		equation	eq:ch3-existence-solution-integrated-equation	label	tex/chapters/chapter-03/section-03.tex:455	tex/chapters/chapter-03/section-03.tex:455	defined
target		lemma	lem:ch3-existence-nonlinear-limit	label	tex/chapters/chapter-03/section-03.tex:473	tex/chapters/chapter-03/section-03.tex:473	defined
target		equation	eq:ch3-existence-nonlinear-limit	label	tex/chapters/chapter-03/section-03.tex:478	tex/chapters/chapter-03/section-03.tex:478	defined
target		remark	rem:ch3-existence-unbounded-energy	label	tex/chapters/chapter-03/section-03.tex:503	tex/chapters/chapter-03/section-03.tex:503	defined
target		equation	eq:ch3-existence-local-fractional-boundedness	label	tex/chapters/chapter-03/section-03.tex:512	tex/chapters/chapter-03/section-03.tex:512	defined
target		equation	eq:ch3-existence-energy-inequality	label	tex/chapters/chapter-03/section-03.tex:559	tex/chapters/chapter-03/section-03.tex:559	defined
target		subsection	subsec:ch3-regularity-uniqueness-2d	label	tex/chapters/chapter-03/section-03.tex:567	tex/chapters/chapter-03/section-03.tex:567	defined
target		lemma	lem:ch3-ladyzhenskaya-2d	label	tex/chapters/chapter-03/section-03.tex:572	tex/chapters/chapter-03/section-03.tex:572	defined
target		equation	eq:ch3-uniqueness-2d-l4-inequality	label	tex/chapters/chapter-03/section-03.tex:579	tex/chapters/chapter-03/section-03.tex:579	defined
target		equation	eq:ch3-uniqueness-2d-v1-bound	label	tex/chapters/chapter-03/section-03.tex:591	tex/chapters/chapter-03/section-03.tex:591	defined
target		equation	eq:ch3-uniqueness-2d-v1-definition	label	tex/chapters/chapter-03/section-03.tex:597	tex/chapters/chapter-03/section-03.tex:597	defined
target		equation	eq:ch3-uniqueness-2d-v2-bound	label	tex/chapters/chapter-03/section-03.tex:602	tex/chapters/chapter-03/section-03.tex:602	defined
target		equation	eq:ch3-uniqueness-2d-v2-definition	label	tex/chapters/chapter-03/section-03.tex:608	tex/chapters/chapter-03/section-03.tex:608	defined
target		lemma	lem:ch3-trilinear-2d	label	tex/chapters/chapter-03/section-03.tex:629	tex/chapters/chapter-03/section-03.tex:629	defined
target		equation	eq:ch3-uniqueness-2d-trilinear-bound	label	tex/chapters/chapter-03/section-03.tex:635	tex/chapters/chapter-03/section-03.tex:635	defined
target		equation	eq:ch3-uniqueness-2d-bu-l2-bound	label	tex/chapters/chapter-03/section-03.tex:641	tex/chapters/chapter-03/section-03.tex:641	defined
target		equation	eq:ch3-uniqueness-2d-alternate-trilinear-bound	label	tex/chapters/chapter-03/section-03.tex:667	tex/chapters/chapter-03/section-03.tex:667	defined
target		equation	eq:ch3-uniqueness-2d-buu-bound	label	tex/chapters/chapter-03/section-03.tex:673	tex/chapters/chapter-03/section-03.tex:673	defined
target		equation	eq:ch3-uniqueness-2d-bu-pointwise-bound	label	tex/chapters/chapter-03/section-03.tex:679	tex/chapters/chapter-03/section-03.tex:679	defined
target		equation	eq:ch3-uniqueness-2d-bu-time-bound	label	tex/chapters/chapter-03/section-03.tex:684	tex/chapters/chapter-03/section-03.tex:684	defined
target		theorem	thm:ch3-uniqueness-2d	label	tex/chapters/chapter-03/section-03.tex:693	tex/chapters/chapter-03/section-03.tex:693	defined
target		equation	eq:ch3-uniqueness-2d-initial-continuity	label	tex/chapters/chapter-03/section-03.tex:698	tex/chapters/chapter-03/section-03.tex:698	defined
target		equation	eq:ch3-uniqueness-2d-time-regularity	label	tex/chapters/chapter-03/section-03.tex:711	tex/chapters/chapter-03/section-03.tex:711	defined
target		equation	eq:ch3-uniqueness-2d-continuity	label	tex/chapters/chapter-03/section-03.tex:716	tex/chapters/chapter-03/section-03.tex:716	defined
target		equation	eq:ch3-uniqueness-2d-energy-derivative	label	tex/chapters/chapter-03/section-03.tex:723	tex/chapters/chapter-03/section-03.tex:723	defined
target		equation	eq:ch3-uniqueness-2d-difference-equation	label	tex/chapters/chapter-03/section-03.tex:729	tex/chapters/chapter-03/section-03.tex:729	defined
target		equation	eq:ch3-uniqueness-2d-difference-initial	label	tex/chapters/chapter-03/section-03.tex:733	tex/chapters/chapter-03/section-03.tex:733	defined
target		equation	eq:ch3-uniqueness-2d-difference-energy	label	tex/chapters/chapter-03/section-03.tex:739	tex/chapters/chapter-03/section-03.tex:739	defined
target		remark	rem:ch3-uniqueness-2d-l4q	label	tex/chapters/chapter-03/section-03.tex:762	tex/chapters/chapter-03/section-03.tex:762	defined
target		equation	eq:ch3-uniqueness-2d-l4q	label	tex/chapters/chapter-03/section-03.tex:766	tex/chapters/chapter-03/section-03.tex:766	defined
target		remark	rem:ch3-uniqueness-2d-unbounded	label	tex/chapters/chapter-03/section-03.tex:772	tex/chapters/chapter-03/section-03.tex:772	defined
target		subsection	subsec:ch3-regularity-uniqueness-3d	label	tex/chapters/chapter-03/section-03.tex:777	tex/chapters/chapter-03/section-03.tex:777	defined
target		lemma	lem:ch3-ladyzhenskaya-3d	label	tex/chapters/chapter-03/section-03.tex:786	tex/chapters/chapter-03/section-03.tex:786	defined
target		equation	eq:ch3-uniqueness-3d-l4-inequality	label	tex/chapters/chapter-03/section-03.tex:793	tex/chapters/chapter-03/section-03.tex:793	defined
target		equation	eq:ch3-uniqueness-3d-slice-bound	label	tex/chapters/chapter-03/section-03.tex:808	tex/chapters/chapter-03/section-03.tex:808	defined
target		theorem	thm:ch3-regularity-3d	label	tex/chapters/chapter-03/section-03.tex:837	tex/chapters/chapter-03/section-03.tex:837	defined
target		equation	eq:ch3-regularity-3d-l83-l4	label	tex/chapters/chapter-03/section-03.tex:841	tex/chapters/chapter-03/section-03.tex:841	defined
target		equation	eq:ch3-regularity-3d-time-derivative	label	tex/chapters/chapter-03/section-03.tex:845	tex/chapters/chapter-03/section-03.tex:845	defined
target		equation	eq:ch3-regularity-3d-l4-pointwise	label	tex/chapters/chapter-03/section-03.tex:854	tex/chapters/chapter-03/section-03.tex:854	defined
target		equation	eq:ch3-regularity-3d-bu-l4-bound	label	tex/chapters/chapter-03/section-03.tex:863	tex/chapters/chapter-03/section-03.tex:863	defined
target		equation	eq:ch3-regularity-3d-bu-l4	label	tex/chapters/chapter-03/section-03.tex:868	tex/chapters/chapter-03/section-03.tex:868	defined
target		equation	eq:ch3-regularity-3d-bu-energy	label	tex/chapters/chapter-03/section-03.tex:873	tex/chapters/chapter-03/section-03.tex:873	defined
target		theorem	thm:ch3-uniqueness-3d	label	tex/chapters/chapter-03/section-03.tex:884	tex/chapters/chapter-03/section-03.tex:884	defined
target		equation	eq:ch3-uniqueness-3d-energy-class	label	tex/chapters/chapter-03/section-03.tex:888	tex/chapters/chapter-03/section-03.tex:888	defined
target		equation	eq:ch3-uniqueness-3d-serrin-class	label	tex/chapters/chapter-03/section-03.tex:892	tex/chapters/chapter-03/section-03.tex:892	defined
target		equation	eq:ch3-uniqueness-3d-bu-l2	label	tex/chapters/chapter-03/section-03.tex:901	tex/chapters/chapter-03/section-03.tex:901	defined
target		equation	eq:ch3-uniqueness-3d-time-regularity	label	tex/chapters/chapter-03/section-03.tex:906	tex/chapters/chapter-03/section-03.tex:906	defined
target		equation	eq:ch3-uniqueness-3d-nonlinear-bound	label	tex/chapters/chapter-03/section-03.tex:918	tex/chapters/chapter-03/section-03.tex:918	defined
target		equation	eq:ch3-uniqueness-3d-difference-energy	label	tex/chapters/chapter-03/section-03.tex:928	tex/chapters/chapter-03/section-03.tex:928	defined
target		remark	rem:ch3-uniqueness-3d-unbounded	label	tex/chapters/chapter-03/section-03.tex:947	tex/chapters/chapter-03/section-03.tex:947	defined
target		remark	rem:ch3-uniqueness-serrin-general	label	tex/chapters/chapter-03/section-03.tex:953	tex/chapters/chapter-03/section-03.tex:953	defined
target		equation	eq:ch3-uniqueness-general-serrin-class	label	tex/chapters/chapter-03/section-03.tex:957	tex/chapters/chapter-03/section-03.tex:957	defined
target		equation	eq:ch3-uniqueness-general-serrin-condition	label	tex/chapters/chapter-03/section-03.tex:967	tex/chapters/chapter-03/section-03.tex:967	defined
target		subsection	subsec:ch3-more-regular-solutions	label	tex/chapters/chapter-03/section-03.tex:974	tex/chapters/chapter-03/section-03.tex:974	defined
target		unknown	subsubsec:ch3-more-regular-2d	label	tex/chapters/chapter-03/section-03.tex:978	tex/chapters/chapter-03/section-03.tex:978	defined
target		theorem	thm:ch3-more-regular-2d	label	tex/chapters/chapter-03/section-03.tex:982	tex/chapters/chapter-03/section-03.tex:982	defined
target		equation	eq:ch3-regular-2d-force-assumptions	label	tex/chapters/chapter-03/section-03.tex:987	tex/chapters/chapter-03/section-03.tex:987	defined
target		equation	eq:ch3-regular-2d-initial-assumption	label	tex/chapters/chapter-03/section-03.tex:991	tex/chapters/chapter-03/section-03.tex:991	defined
target		equation	eq:ch3-regular-2d-time-regularity	label	tex/chapters/chapter-03/section-03.tex:996	tex/chapters/chapter-03/section-03.tex:996	defined
target		equation	eq:ch3-regular-2d-galerkin-derivative-boundedness	label	tex/chapters/chapter-03/section-03.tex:1004	tex/chapters/chapter-03/section-03.tex:1004	defined
target		equation	eq:ch3-regular-2d-initial-projection	label	tex/chapters/chapter-03/section-03.tex:1016	tex/chapters/chapter-03/section-03.tex:1016	defined
target		equation	eq:ch3-regular-2d-initial-derivative-identity	label	tex/chapters/chapter-03/section-03.tex:1029	tex/chapters/chapter-03/section-03.tex:1029	defined
target		equation	eq:ch3-regular-2d-initial-derivative-bound	label	tex/chapters/chapter-03/section-03.tex:1034	tex/chapters/chapter-03/section-03.tex:1034	defined
target		equation	eq:ch3-regular-2d-laplacian-bound	label	tex/chapters/chapter-03/section-03.tex:1040	tex/chapters/chapter-03/section-03.tex:1040	defined
target		equation	eq:ch3-regular-2d-initial-nonlinear-bound	label	tex/chapters/chapter-03/section-03.tex:1056	tex/chapters/chapter-03/section-03.tex:1056	defined
target		equation	eq:ch3-regular-2d-initial-derivative-boundedness	label	tex/chapters/chapter-03/section-03.tex:1061	tex/chapters/chapter-03/section-03.tex:1061	defined
target		equation	eq:ch3-regular-2d-differentiated-galerkin	label	tex/chapters/chapter-03/section-03.tex:1069	tex/chapters/chapter-03/section-03.tex:1069	defined
target		equation	eq:ch3-regular-2d-derivative-energy-printed	label	tex/chapters/chapter-03/section-03.tex:1076	tex/chapters/chapter-03/section-03.tex:1076	defined
target		equation	eq:ch3-regular-2d-derivative-gronwall-inequality	label	tex/chapters/chapter-03/section-03.tex:1092	tex/chapters/chapter-03/section-03.tex:1092	defined
target		equation	eq:ch3-regular-2d-derivative-gronwall-bound	label	tex/chapters/chapter-03/section-03.tex:1109	tex/chapters/chapter-03/section-03.tex:1109	defined
target		equation	eq:ch3-regular-2d-derivative-linfty-boundedness	label	tex/chapters/chapter-03/section-03.tex:1116	tex/chapters/chapter-03/section-03.tex:1116	defined
target		theorem	thm:ch3-regular-2d-h2	label	tex/chapters/chapter-03/section-03.tex:1123	tex/chapters/chapter-03/section-03.tex:1123	defined
target		equation	eq:ch3-regular-2d-force-linfty	label	tex/chapters/chapter-03/section-03.tex:1127	tex/chapters/chapter-03/section-03.tex:1127	defined
target		equation	eq:ch3-regular-2d-h2-linfty	label	tex/chapters/chapter-03/section-03.tex:1132	tex/chapters/chapter-03/section-03.tex:1132	defined
target		equation	eq:ch3-regular-2d-stationary-equation	label	tex/chapters/chapter-03/section-03.tex:1141	tex/chapters/chapter-03/section-03.tex:1141	defined
target		equation	eq:ch3-regular-2d-g-definition	label	tex/chapters/chapter-03/section-03.tex:1146	tex/chapters/chapter-03/section-03.tex:1146	defined
target		equation	eq:ch3-regular-2d-bu-l43-bound	label	tex/chapters/chapter-03/section-03.tex:1158	tex/chapters/chapter-03/section-03.tex:1158	defined
target		equation	eq:ch3-regular-2d-g-l43	label	tex/chapters/chapter-03/section-03.tex:1163	tex/chapters/chapter-03/section-03.tex:1163	defined
target		remark	rem:ch3-regular-compatibility	label	tex/chapters/chapter-03/section-03.tex:1181	tex/chapters/chapter-03/section-03.tex:1181	defined
target		unknown	subsubsec:ch3-more-regular-3d	label	tex/chapters/chapter-03/section-03.tex:1186	tex/chapters/chapter-03/section-03.tex:1186	defined
target		equation	eq:ch3-regular-3d-trilinear-v-bound	label	tex/chapters/chapter-03/section-03.tex:1193	tex/chapters/chapter-03/section-03.tex:1193	defined
target		theorem	thm:ch3-more-regular-3d	label	tex/chapters/chapter-03/section-03.tex:1198	tex/chapters/chapter-03/section-03.tex:1198	defined
target		equation	eq:ch3-regular-3d-initial-assumption	label	tex/chapters/chapter-03/section-03.tex:1202	tex/chapters/chapter-03/section-03.tex:1202	defined
target		equation	eq:ch3-regular-3d-force-assumptions	label	tex/chapters/chapter-03/section-03.tex:1207	tex/chapters/chapter-03/section-03.tex:1207	defined
target		equation	eq:ch3-regular-3d-time-regularity	label	tex/chapters/chapter-03/section-03.tex:1212	tex/chapters/chapter-03/section-03.tex:1212	defined
target		equation	eq:ch3-regular-3d-v-linfty	label	tex/chapters/chapter-03/section-03.tex:1220	tex/chapters/chapter-03/section-03.tex:1220	defined
target		equation	eq:ch3-regular-3d-l4-linfty	label	tex/chapters/chapter-03/section-03.tex:1225	tex/chapters/chapter-03/section-03.tex:1225	defined
target		equation	eq:ch3-regular-3d-initial-derivative-bound	label	tex/chapters/chapter-03/section-03.tex:1233	tex/chapters/chapter-03/section-03.tex:1233	defined
target		equation	eq:ch3-regular-3d-derivative-energy	label	tex/chapters/chapter-03/section-03.tex:1240	tex/chapters/chapter-03/section-03.tex:1240	defined
target		equation	eq:ch3-regular-3d-v-bound	label	tex/chapters/chapter-03/section-03.tex:1253	tex/chapters/chapter-03/section-03.tex:1253	defined
target		equation	eq:ch3-regular-3d-d2	label	tex/chapters/chapter-03/section-03.tex:1258	tex/chapters/chapter-03/section-03.tex:1258	defined
target		equation	eq:ch3-regular-3d-initial-v-bound	label	tex/chapters/chapter-03/section-03.tex:1265	tex/chapters/chapter-03/section-03.tex:1265	defined
target		equation	eq:ch3-regular-3d-smallness-condition	label	tex/chapters/chapter-03/section-03.tex:1272	tex/chapters/chapter-03/section-03.tex:1272	defined
target		equation	eq:ch3-regular-3d-coercivity-nonnegative	label	tex/chapters/chapter-03/section-03.tex:1284	tex/chapters/chapter-03/section-03.tex:1284	defined
target		equation	eq:ch3-regular-3d-derivative-linfty-bound	label	tex/chapters/chapter-03/section-03.tex:1309	tex/chapters/chapter-03/section-03.tex:1309	defined
target		equation	eq:ch3-regular-3d-coercivity-positive	label	tex/chapters/chapter-03/section-03.tex:1322	tex/chapters/chapter-03/section-03.tex:1322	defined
target		equation	eq:ch3-regular-3d-galerkin-derivative-boundedness	label	tex/chapters/chapter-03/section-03.tex:1335	tex/chapters/chapter-03/section-03.tex:1335	defined
target		theorem	thm:ch3-regular-3d-h2	label	tex/chapters/chapter-03/section-03.tex:1342	tex/chapters/chapter-03/section-03.tex:1342	defined
target		equation	eq:ch3-regular-3d-h2-linfty	label	tex/chapters/chapter-03/section-03.tex:1346	tex/chapters/chapter-03/section-03.tex:1346	defined
target		equation	eq:ch3-regular-3d-bu-h-linfty-goal	label	tex/chapters/chapter-03/section-03.tex:1360	tex/chapters/chapter-03/section-03.tex:1360	defined
target		equation	eq:ch3-regular-3d-bu-l32-bound	label	tex/chapters/chapter-03/section-03.tex:1372	tex/chapters/chapter-03/section-03.tex:1372	defined
target		equation	eq:ch3-regular-3d-w285	label	tex/chapters/chapter-03/section-03.tex:1402	tex/chapters/chapter-03/section-03.tex:1402	defined
target		remark	rem:ch3-regular-3d-compatibility	label	tex/chapters/chapter-03/section-03.tex:1409	tex/chapters/chapter-03/section-03.tex:1409	defined
target		unknown	par:ch3-pressure-introduction	label	tex/chapters/chapter-03/section-03.tex:1414	tex/chapters/chapter-03/section-03.tex:1414	defined
target		equation	eq:ch3-pressure-integrated-functions-continuity	label	tex/chapters/chapter-03/section-03.tex:1424	tex/chapters/chapter-03/section-03.tex:1424	defined
target		equation	eq:ch3-pressure-integrated-variational-equation	label	tex/chapters/chapter-03/section-03.tex:1430	tex/chapters/chapter-03/section-03.tex:1430	defined
target		equation	eq:ch3-pressure-integrated-momentum	label	tex/chapters/chapter-03/section-03.tex:1444	tex/chapters/chapter-03/section-03.tex:1444	defined
target		equation	eq:ch3-pressure-p-continuity	label	tex/chapters/chapter-03/section-03.tex:1453	tex/chapters/chapter-03/section-03.tex:1453	defined
target		equation	eq:ch3-pressure-definition	label	tex/chapters/chapter-03/section-03.tex:1458	tex/chapters/chapter-03/section-03.tex:1458	defined
target		equation	eq:ch3-pressure-distributional-momentum	label	tex/chapters/chapter-03/section-03.tex:1465	tex/chapters/chapter-03/section-03.tex:1465	defined
target		equation	eq:ch3-pressure-p-h1-linfty	label	tex/chapters/chapter-03/section-03.tex:1470	tex/chapters/chapter-03/section-03.tex:1470	defined
target		subsection	subsec:ch3-existence-uniqueness-relations	label	tex/chapters/chapter-03/section-03.tex:1475	tex/chapters/chapter-03/section-03.tex:1475	defined
target		equation	eq:ch3-relations-weak-energy-class	label	tex/chapters/chapter-03/section-03.tex:1489	tex/chapters/chapter-03/section-03.tex:1489	defined
target		equation	eq:ch3-relations-weak-regularity	label	tex/chapters/chapter-03/section-03.tex:1495	tex/chapters/chapter-03/section-03.tex:1495	defined
target		equation	eq:ch3-relations-strong-class	label	tex/chapters/chapter-03/section-03.tex:1501	tex/chapters/chapter-03/section-03.tex:1501	defined
target		equation	eq:ch3-relations-weak-energy-inequality	label	tex/chapters/chapter-03/section-03.tex:1513	tex/chapters/chapter-03/section-03.tex:1513	defined
target		equation	eq:ch3-relations-strong-energy-equality	label	tex/chapters/chapter-03/section-03.tex:1520	tex/chapters/chapter-03/section-03.tex:1520	defined
target		theorem	thm:ch3-weak-strong-uniqueness	label	tex/chapters/chapter-03/section-03.tex:1527	tex/chapters/chapter-03/section-03.tex:1527	defined
target		equation	eq:ch3-relations-data	label	tex/chapters/chapter-03/section-03.tex:1532	tex/chapters/chapter-03/section-03.tex:1532	defined
target		equation	eq:ch3-relations-cross-energy	label	tex/chapters/chapter-03/section-03.tex:1548	tex/chapters/chapter-03/section-03.tex:1548	defined
target		equation	eq:ch3-relations-difference-energy	label	tex/chapters/chapter-03/section-03.tex:1556	tex/chapters/chapter-03/section-03.tex:1556	defined
target		lemma	lem:ch3-relations-cross-energy	label	tex/chapters/chapter-03/section-03.tex:1587	tex/chapters/chapter-03/section-03.tex:1587	defined
target		equation	eq:ch3-relations-u-equation	label	tex/chapters/chapter-03/section-03.tex:1603	tex/chapters/chapter-03/section-03.tex:1603	defined
target		equation	eq:ch3-relations-v-equation	label	tex/chapters/chapter-03/section-03.tex:1607	tex/chapters/chapter-03/section-03.tex:1607	defined
target		equation	eq:ch3-relations-regularized-u-equation	label	tex/chapters/chapter-03/section-03.tex:1615	tex/chapters/chapter-03/section-03.tex:1615	defined
target		equation	eq:ch3-relations-regularized-cross-derivative	label	tex/chapters/chapter-03/section-03.tex:1634	tex/chapters/chapter-03/section-03.tex:1634	defined
target		equation	eq:ch3-relations-regularized-cross-integral	label	tex/chapters/chapter-03/section-03.tex:1648	tex/chapters/chapter-03/section-03.tex:1648	defined
target		equation	eq:ch3-relations-regularized-convergence	label	tex/chapters/chapter-03/section-03.tex:1660	tex/chapters/chapter-03/section-03.tex:1660	defined
target		equation	eq:ch3-relations-cross-identity-general	label	tex/chapters/chapter-03/section-03.tex:1671	tex/chapters/chapter-03/section-03.tex:1671	defined
target		subsection	subsec:ch3-special-basis	label	tex/chapters/chapter-03/section-03.tex:1682	tex/chapters/chapter-03/section-03.tex:1682	defined
target		unknown	subsubsec:ch3-special-basis-preliminary	label	tex/chapters/chapter-03/section-03.tex:1687	tex/chapters/chapter-03/section-03.tex:1687	defined
target		lemma	lem:ch3-special-basis-a-norm	label	tex/chapters/chapter-03/section-03.tex:1692	tex/chapters/chapter-03/section-03.tex:1692	defined
target		equation	eq:ch3-special-basis-stokes-variational	label	tex/chapters/chapter-03/section-03.tex:1701	tex/chapters/chapter-03/section-03.tex:1701	defined
target		lemma	lem:ch3-special-basis-bu-estimates	label	tex/chapters/chapter-03/section-03.tex:1712	tex/chapters/chapter-03/section-03.tex:1712	defined
target		equation	eq:ch3-special-basis-bu-2d	label	tex/chapters/chapter-03/section-03.tex:1717	tex/chapters/chapter-03/section-03.tex:1717	defined
target		equation	eq:ch3-special-basis-bu-3d	label	tex/chapters/chapter-03/section-03.tex:1722	tex/chapters/chapter-03/section-03.tex:1722	defined
target		unknown	subsubsec:ch3-special-basis-2d	label	tex/chapters/chapter-03/section-03.tex:1767	tex/chapters/chapter-03/section-03.tex:1767	defined
target		theorem	thm:ch3-special-basis-2d	label	tex/chapters/chapter-03/section-03.tex:1771	tex/chapters/chapter-03/section-03.tex:1771	defined
target		equation	eq:ch3-special-basis-2d-initial-h	label	tex/chapters/chapter-03/section-03.tex:1775	tex/chapters/chapter-03/section-03.tex:1775	defined
target		equation	eq:ch3-special-basis-2d-force-l2	label	tex/chapters/chapter-03/section-03.tex:1779	tex/chapters/chapter-03/section-03.tex:1779	defined
target		equation	eq:ch3-special-basis-2d-weighted-regularity	label	tex/chapters/chapter-03/section-03.tex:1785	tex/chapters/chapter-03/section-03.tex:1785	defined
target		equation	eq:ch3-special-basis-2d-regularity	label	tex/chapters/chapter-03/section-03.tex:1791	tex/chapters/chapter-03/section-03.tex:1791	defined
target		equation	eq:ch3-special-basis-galerkin-equation	label	tex/chapters/chapter-03/section-03.tex:1805	tex/chapters/chapter-03/section-03.tex:1805	defined
target		equation	eq:ch3-special-basis-eigenfunction-identity	label	tex/chapters/chapter-03/section-03.tex:1811	tex/chapters/chapter-03/section-03.tex:1811	defined
target		equation	eq:ch3-special-basis-higher-energy-identity	label	tex/chapters/chapter-03/section-03.tex:1821	tex/chapters/chapter-03/section-03.tex:1821	defined
target		equation	eq:ch3-special-basis-2d-higher-energy-inequality	label	tex/chapters/chapter-03/section-03.tex:1836	tex/chapters/chapter-03/section-03.tex:1836	defined
target		equation	eq:ch3-special-basis-2d-v-linfty-boundedness	label	tex/chapters/chapter-03/section-03.tex:1850	tex/chapters/chapter-03/section-03.tex:1850	defined
target		equation	eq:ch3-special-basis-2d-h2-boundedness	label	tex/chapters/chapter-03/section-03.tex:1865	tex/chapters/chapter-03/section-03.tex:1865	defined
target		unknown	subsubsec:ch3-special-basis-3d	label	tex/chapters/chapter-03/section-03.tex:1882	tex/chapters/chapter-03/section-03.tex:1882	defined
target		theorem	thm:ch3-special-basis-3d	label	tex/chapters/chapter-03/section-03.tex:1886	tex/chapters/chapter-03/section-03.tex:1886	defined
target		equation	eq:ch3-special-basis-3d-data	label	tex/chapters/chapter-03/section-03.tex:1891	tex/chapters/chapter-03/section-03.tex:1891	defined
target		equation	eq:ch3-special-basis-3d-t1	label	tex/chapters/chapter-03/section-03.tex:1896	tex/chapters/chapter-03/section-03.tex:1896	defined
target		equation	eq:ch3-special-basis-3d-mu	label	tex/chapters/chapter-03/section-03.tex:1902	tex/chapters/chapter-03/section-03.tex:1902	defined
target		equation	eq:ch3-special-basis-3d-solution-space	label	tex/chapters/chapter-03/section-03.tex:1907	tex/chapters/chapter-03/section-03.tex:1907	defined
target		equation	eq:ch3-special-basis-3d-time-regularity	label	tex/chapters/chapter-03/section-03.tex:1911	tex/chapters/chapter-03/section-03.tex:1911	defined
target		equation	eq:ch3-special-basis-3d-higher-energy-inequality	label	tex/chapters/chapter-03/section-03.tex:1929	tex/chapters/chapter-03/section-03.tex:1929	defined
target		equation	eq:ch3-special-basis-3d-v-ode	label	tex/chapters/chapter-03/section-03.tex:1937	tex/chapters/chapter-03/section-03.tex:1937	defined
target		equation	eq:ch3-special-basis-3d-local-bound	label	tex/chapters/chapter-03/section-03.tex:1943	tex/chapters/chapter-03/section-03.tex:1943	defined
target		remark	rem:ch3-special-basis-limit-inequalities	label	tex/chapters/chapter-03/section-03.tex:1969	tex/chapters/chapter-03/section-03.tex:1969	defined
target		equation	eq:ch3-special-basis-limit-2d	label	tex/chapters/chapter-03/section-03.tex:1975	tex/chapters/chapter-03/section-03.tex:1975	defined
target		equation	eq:ch3-special-basis-limit-3d	label	tex/chapters/chapter-03/section-03.tex:1981	tex/chapters/chapter-03/section-03.tex:1981	defined
target		subsection	subsec:ch3-zero-force	label	tex/chapters/chapter-03/section-03.tex:1986	tex/chapters/chapter-03/section-03.tex:1986	defined
target		theorem	thm:ch3-zero-force-decay	label	tex/chapters/chapter-03/section-03.tex:1991	tex/chapters/chapter-03/section-03.tex:1991	defined
target		equation	eq:ch3-zero-force-energy	label	tex/chapters/chapter-03/section-03.tex:2010	tex/chapters/chapter-03/section-03.tex:2010	defined
target		equation	eq:ch3-zero-force-v-ode	label	tex/chapters/chapter-03/section-03.tex:2018	tex/chapters/chapter-03/section-03.tex:2018	defined
target		equation	eq:ch3-zero-force-smallness-at-t1	label	tex/chapters/chapter-03/section-03.tex:2025	tex/chapters/chapter-03/section-03.tex:2025	defined
reference	本节研究完整 Navier--Stokes 方程弱解的存在性与唯一性定理($n\leq4$). 第 \ref{subsec:ch3-existence-theorem} 小节依照 \MBUnresolvedReference{citation}{J. Leray [1, 2, 3]} 给出这些方程的变分表述, 并陈述 $n\leq4$ 时的存在性定理. 该定理由 J.L. Lions 给出的证明见第 \ref{subsec:ch3-existence-proof} 小节. 证明以 Galerkin 方法构造逼近解为基础, 随后利用逼近解关于时间的一个分数阶导数的先验估计和第 \ref{sec:ch3-compactness} 节的紧性定理取极限. 第 \ref{sec:ch3-semidiscrete-existence} 节将讨论一种基于时间半离散且适用于任意维数的另一证明.	subsection	subsec:ch3-existence-theorem	ref	tex/chapters/chapter-03/section-03.tex:4	tex/chapters/chapter-03/section-03.tex:9	resolved
reference	本节研究完整 Navier--Stokes 方程弱解的存在性与唯一性定理($n\leq4$). 第 \ref{subsec:ch3-existence-theorem} 小节依照 \MBUnresolvedReference{citation}{J. Leray [1, 2, 3]} 给出这些方程的变分表述, 并陈述 $n\leq4$ 时的存在性定理. 该定理由 J.L. Lions 给出的证明见第 \ref{subsec:ch3-existence-proof} 小节. 证明以 Galerkin 方法构造逼近解为基础, 随后利用逼近解关于时间的一个分数阶导数的先验估计和第 \ref{sec:ch3-compactness} 节的紧性定理取极限. 第 \ref{sec:ch3-semidiscrete-existence} 节将讨论一种基于时间半离散且适用于任意维数的另一证明.	subsection	subsec:ch3-existence-proof	ref	tex/chapters/chapter-03/section-03.tex:4	tex/chapters/chapter-03/section-03.tex:194	resolved
reference	本节研究完整 Navier--Stokes 方程弱解的存在性与唯一性定理($n\leq4$). 第 \ref{subsec:ch3-existence-theorem} 小节依照 \MBUnresolvedReference{citation}{J. Leray [1, 2, 3]} 给出这些方程的变分表述, 并陈述 $n\leq4$ 时的存在性定理. 该定理由 J.L. Lions 给出的证明见第 \ref{subsec:ch3-existence-proof} 小节. 证明以 Galerkin 方法构造逼近解为基础, 随后利用逼近解关于时间的一个分数阶导数的先验估计和第 \ref{sec:ch3-compactness} 节的紧性定理取极限. 第 \ref{sec:ch3-semidiscrete-existence} 节将讨论一种基于时间半离散且适用于任意维数的另一证明.	section	sec:ch3-compactness	ref	tex/chapters/chapter-03/section-03.tex:4	tex/chapters/chapter-03/section-02.tex:3	resolved
reference	本节研究完整 Navier--Stokes 方程弱解的存在性与唯一性定理($n\leq4$). 第 \ref{subsec:ch3-existence-theorem} 小节依照 \MBUnresolvedReference{citation}{J. Leray [1, 2, 3]} 给出这些方程的变分表述, 并陈述 $n\leq4$ 时的存在性定理. 该定理由 J.L. Lions 给出的证明见第 \ref{subsec:ch3-existence-proof} 小节. 证明以 Galerkin 方法构造逼近解为基础, 随后利用逼近解关于时间的一个分数阶导数的先验估计和第 \ref{sec:ch3-compactness} 节的紧性定理取极限. 第 \ref{sec:ch3-semidiscrete-existence} 节将讨论一种基于时间半离散且适用于任意维数的另一证明.	section	sec:ch3-semidiscrete-existence	ref	tex/chapters/chapter-03/section-03.tex:4	tex/chapters/chapter-03/section-04.tex:3	resolved
reference	第 \ref{subsec:ch3-regularity-uniqueness-2d} 小节给出弱解的唯一性定理($n=2$). 在三维情形, 已知存在性的函数类与能够证明唯一性的更小函数类之间存在间隙; 第 \ref{subsec:ch3-regularity-uniqueness-3d} 小节给出这类唯一性定理的一个例子($n=3$). 第 \ref{subsec:ch3-more-regular-solutions} 小节证明二维情形下, 若数据具有更高正则性, 则存在更正则的解; 三维情形有类似的局部解结果, 即解定义在某个较“小”的时间区间上, 并假设数据充分小.	subsection	subsec:ch3-regularity-uniqueness-2d	ref	tex/chapters/chapter-03/section-03.tex:6	tex/chapters/chapter-03/section-03.tex:567	resolved
reference	第 \ref{subsec:ch3-regularity-uniqueness-2d} 小节给出弱解的唯一性定理($n=2$). 在三维情形, 已知存在性的函数类与能够证明唯一性的更小函数类之间存在间隙; 第 \ref{subsec:ch3-regularity-uniqueness-3d} 小节给出这类唯一性定理的一个例子($n=3$). 第 \ref{subsec:ch3-more-regular-solutions} 小节证明二维情形下, 若数据具有更高正则性, 则存在更正则的解; 三维情形有类似的局部解结果, 即解定义在某个较“小”的时间区间上, 并假设数据充分小.	subsection	subsec:ch3-regularity-uniqueness-3d	ref	tex/chapters/chapter-03/section-03.tex:6	tex/chapters/chapter-03/section-03.tex:777	resolved
reference	第 \ref{subsec:ch3-regularity-uniqueness-2d} 小节给出弱解的唯一性定理($n=2$). 在三维情形, 已知存在性的函数类与能够证明唯一性的更小函数类之间存在间隙; 第 \ref{subsec:ch3-regularity-uniqueness-3d} 小节给出这类唯一性定理的一个例子($n=3$). 第 \ref{subsec:ch3-more-regular-solutions} 小节证明二维情形下, 若数据具有更高正则性, 则存在更正则的解; 三维情形有类似的局部解结果, 即解定义在某个较“小”的时间区间上, 并假设数据充分小.	subsection	subsec:ch3-more-regular-solutions	ref	tex/chapters/chapter-03/section-03.tex:6	tex/chapters/chapter-03/section-03.tex:974	resolved
reference	记号同上, 特别是第 \ref{subsec:ch3-linear-notation} 小节开头回顾的记号; $\Omega$ 是 Lipschitz 开集, 为简单起见假设其有界; 无界情形见注 \ref{rem:ch3-existence-unbounded-energy}.	subsection	subsec:ch3-linear-notation	ref	tex/chapters/chapter-03/section-03.tex:10	tex/chapters/chapter-03/section-01.tex:14	resolved
reference	记号同上, 特别是第 \ref{subsec:ch3-linear-notation} 小节开头回顾的记号; $\Omega$ 是 Lipschitz 开集, 为简单起见假设其有界; 无界情形见注 \ref{rem:ch3-existence-unbounded-energy}.	remark	rem:ch3-existence-unbounded-energy	ref	tex/chapters/chapter-03/section-03.tex:10	tex/chapters/chapter-03/section-03.tex:503	resolved
reference	回忆\footnote{参见第 \ref{chap:steady-state-navier-stokes} 章第 \ref{subsec:ch2-sobolev-compactness} 小节.} 因为维数不超过 $4$, 可以在 $\mathbf H_0^1(\Omega)$ 上, 特别是在 $V$ 上, 定义连续三线性形式 $b$:	chapter	chap:steady-state-navier-stokes	ref	tex/chapters/chapter-03/section-03.tex:12	tex/chapters/chapter-02.tex:5	resolved
reference	回忆\footnote{参见第 \ref{chap:steady-state-navier-stokes} 章第 \ref{subsec:ch2-sobolev-compactness} 小节.} 因为维数不超过 $4$, 可以在 $\mathbf H_0^1(\Omega)$ 上, 特别是在 $V$ 上, 定义连续三线性形式 $b$:	subsection	subsec:ch2-sobolev-compactness	ref	tex/chapters/chapter-03/section-03.tex:12	tex/chapters/chapter-02/section-01.tex:23	resolved
reference	假设 $u,p$ 是 \eqref{eq:ch3-existence-classical-momentum}--\eqref{eq:ch3-existence-classical-initial} 的经典解, 比如 $u\in C^2(Q)$, $p\in C^1(Q)$. 显然 $u\in L^2(0,T;V)$, 且对 $v\in\mathcal V$ 容易验证	equation	eq:ch3-existence-classical-momentum	eqref	tex/chapters/chapter-03/section-03.tex:58	tex/chapters/chapter-03/section-03.tex:42	resolved
reference	假设 $u,p$ 是 \eqref{eq:ch3-existence-classical-momentum}--\eqref{eq:ch3-existence-classical-initial} 的经典解, 比如 $u\in C^2(Q)$, $p\in C^1(Q)$. 显然 $u\in L^2(0,T;V)$, 且对 $v\in\mathcal V$ 容易验证	equation	eq:ch3-existence-classical-initial	eqref	tex/chapters/chapter-03/section-03.tex:58	tex/chapters/chapter-03/section-03.tex:54	resolved
reference	由连续性, \eqref{eq:ch3-existence-classical-variational} 对每个 $v\in V$ 成立.	equation	eq:ch3-existence-classical-variational	eqref	tex/chapters/chapter-03/section-03.tex:63	tex/chapters/chapter-03/section-03.tex:61	resolved
reference	这提示我们对问题 \eqref{eq:ch3-existence-classical-momentum}--\eqref{eq:ch3-existence-classical-variational} 作如下弱表述(参见 \MBUnresolvedReference{citation}{J. Leray [1, 2, 3]}).	equation	eq:ch3-existence-classical-momentum	eqref	tex/chapters/chapter-03/section-03.tex:65	tex/chapters/chapter-03/section-03.tex:42	resolved
reference	这提示我们对问题 \eqref{eq:ch3-existence-classical-momentum}--\eqref{eq:ch3-existence-classical-variational} 作如下弱表述(参见 \MBUnresolvedReference{citation}{J. Leray [1, 2, 3]}).	equation	eq:ch3-existence-classical-variational	eqref	tex/chapters/chapter-03/section-03.tex:65	tex/chapters/chapter-03/section-03.tex:61	resolved
reference	若 $u$ 仅属于 $L^2(0,T;V)$, 条件 \eqref{eq:ch3-existence-weak-initial-condition} 未必有意义. 但若 $u\in L^2(0,T;V)$ 且满足 \eqref{eq:ch3-existence-weak-variational-equation}, 则下面将像线性情形一样, 利用引理 \ref{lem:ch3-linear-banach-valued-derivative} 证明 $u$ 几乎处处等于某个连续函数, 因而 \eqref{eq:ch3-existence-weak-initial-condition} 有意义.	equation	eq:ch3-existence-weak-initial-condition	eqref	tex/chapters/chapter-03/section-03.tex:94	tex/chapters/chapter-03/section-03.tex:91	resolved
reference	若 $u$ 仅属于 $L^2(0,T;V)$, 条件 \eqref{eq:ch3-existence-weak-initial-condition} 未必有意义. 但若 $u\in L^2(0,T;V)$ 且满足 \eqref{eq:ch3-existence-weak-variational-equation}, 则下面将像线性情形一样, 利用引理 \ref{lem:ch3-linear-banach-valued-derivative} 证明 $u$ 几乎处处等于某个连续函数, 因而 \eqref{eq:ch3-existence-weak-initial-condition} 有意义.	equation	eq:ch3-existence-weak-variational-equation	eqref	tex/chapters/chapter-03/section-03.tex:94	tex/chapters/chapter-03/section-03.tex:87	resolved
reference	若 $u$ 仅属于 $L^2(0,T;V)$, 条件 \eqref{eq:ch3-existence-weak-initial-condition} 未必有意义. 但若 $u\in L^2(0,T;V)$ 且满足 \eqref{eq:ch3-existence-weak-variational-equation}, 则下面将像线性情形一样, 利用引理 \ref{lem:ch3-linear-banach-valued-derivative} 证明 $u$ 几乎处处等于某个连续函数, 因而 \eqref{eq:ch3-existence-weak-initial-condition} 有意义.	lemma	lem:ch3-linear-banach-valued-derivative	ref	tex/chapters/chapter-03/section-03.tex:94	tex/chapters/chapter-03/section-01.tex:102	resolved
reference	若 $u$ 仅属于 $L^2(0,T;V)$, 条件 \eqref{eq:ch3-existence-weak-initial-condition} 未必有意义. 但若 $u\in L^2(0,T;V)$ 且满足 \eqref{eq:ch3-existence-weak-variational-equation}, 则下面将像线性情形一样, 利用引理 \ref{lem:ch3-linear-banach-valued-derivative} 证明 $u$ 几乎处处等于某个连续函数, 因而 \eqref{eq:ch3-existence-weak-initial-condition} 有意义.	equation	eq:ch3-existence-weak-initial-condition	eqref	tex/chapters/chapter-03/section-03.tex:94	tex/chapters/chapter-03/section-03.tex:91	resolved
reference	在此之前提醒, 当前考虑 $n\leq4$ 的情形; 在更高维数将略微修改上述表述(见第 \ref{subsec:ch3-semidiscrete-formulation} 小节).	subsection	subsec:ch3-semidiscrete-formulation	ref	tex/chapters/chapter-03/section-03.tex:96	tex/chapters/chapter-03/section-04.tex:7	resolved
reference	若 $u$ 满足 \eqref{eq:ch3-existence-weak-solution-space}--\eqref{eq:ch3-existence-weak-variational-equation}, 则由 \eqref{eq:ch3-linear-operator-a}, \eqref{eq:ch3-linear-condensed-lp-notation} 和上述引理, 可将 \eqref{eq:ch3-existence-weak-variational-equation} 写成	equation	eq:ch3-existence-weak-solution-space	eqref	tex/chapters/chapter-03/section-03.tex:125	tex/chapters/chapter-03/section-03.tex:81	resolved
reference	若 $u$ 满足 \eqref{eq:ch3-existence-weak-solution-space}--\eqref{eq:ch3-existence-weak-variational-equation}, 则由 \eqref{eq:ch3-linear-operator-a}, \eqref{eq:ch3-linear-condensed-lp-notation} 和上述引理, 可将 \eqref{eq:ch3-existence-weak-variational-equation} 写成	equation	eq:ch3-existence-weak-variational-equation	eqref	tex/chapters/chapter-03/section-03.tex:125	tex/chapters/chapter-03/section-03.tex:87	resolved
reference	若 $u$ 满足 \eqref{eq:ch3-existence-weak-solution-space}--\eqref{eq:ch3-existence-weak-variational-equation}, 则由 \eqref{eq:ch3-linear-operator-a}, \eqref{eq:ch3-linear-condensed-lp-notation} 和上述引理, 可将 \eqref{eq:ch3-existence-weak-variational-equation} 写成	equation	eq:ch3-linear-operator-a	eqref	tex/chapters/chapter-03/section-03.tex:125	tex/chapters/chapter-03/section-01.tex:59	resolved
reference	若 $u$ 满足 \eqref{eq:ch3-existence-weak-solution-space}--\eqref{eq:ch3-existence-weak-variational-equation}, 则由 \eqref{eq:ch3-linear-operator-a}, \eqref{eq:ch3-linear-condensed-lp-notation} 和上述引理, 可将 \eqref{eq:ch3-existence-weak-variational-equation} 写成	equation	eq:ch3-linear-condensed-lp-notation	eqref	tex/chapters/chapter-03/section-03.tex:125	tex/chapters/chapter-03/section-01.tex:91	resolved
reference	若 $u$ 满足 \eqref{eq:ch3-existence-weak-solution-space}--\eqref{eq:ch3-existence-weak-variational-equation}, 则由 \eqref{eq:ch3-linear-operator-a}, \eqref{eq:ch3-linear-condensed-lp-notation} 和上述引理, 可将 \eqref{eq:ch3-existence-weak-variational-equation} 写成	equation	eq:ch3-existence-weak-variational-equation	eqref	tex/chapters/chapter-03/section-03.tex:125	tex/chapters/chapter-03/section-03.tex:87	resolved
reference	因为与线性情形一样 $Au\in L^2(0,T;V')$, 函数 $f-\nu Au-Bu\in L^1(0,T;V')$. 引理 \ref{lem:ch3-linear-banach-valued-derivative} 因而推出	lemma	lem:ch3-linear-banach-valued-derivative	ref	tex/chapters/chapter-03/section-03.tex:131	tex/chapters/chapter-03/section-01.tex:102	resolved
reference	且 $u$ 几乎处处等于从 $[0,T]$ 到 $V'$ 的连续函数. 因此 \eqref{eq:ch3-existence-weak-initial-condition} 有意义.	equation	eq:ch3-existence-weak-initial-condition	eqref	tex/chapters/chapter-03/section-03.tex:141	tex/chapters/chapter-03/section-03.tex:91	resolved
reference	问题 \ref{prob:ch3-weak-variational} 的另一种表述是:	unknown	prob:ch3-weak-variational	ref	tex/chapters/chapter-03/section-03.tex:143	tex/chapters/chapter-03/section-03.tex:68	resolved
reference	给定满足 \eqref{eq:ch3-existence-force-assumption}--\eqref{eq:ch3-existence-initial-assumption} 的 $f,u_0$, 求 $u$, 满足	equation	eq:ch3-existence-force-assumption	eqref	tex/chapters/chapter-03/section-03.tex:147	tex/chapters/chapter-03/section-03.tex:72	resolved
reference	给定满足 \eqref{eq:ch3-existence-force-assumption}--\eqref{eq:ch3-existence-initial-assumption} 的 $f,u_0$, 求 $u$, 满足	equation	eq:ch3-existence-initial-assumption	eqref	tex/chapters/chapter-03/section-03.tex:147	tex/chapters/chapter-03/section-03.tex:76	resolved
reference	我们已经证明问题 \ref{prob:ch3-weak-variational} 的任意解都是问题 \ref{prob:ch3-weak-operator} 的解; 反之很容易验证, 因而两个问题等价.	unknown	prob:ch3-weak-variational	ref	tex/chapters/chapter-03/section-03.tex:161	tex/chapters/chapter-03/section-03.tex:68	resolved
reference	我们已经证明问题 \ref{prob:ch3-weak-variational} 的任意解都是问题 \ref{prob:ch3-weak-operator} 的解; 反之很容易验证, 因而两个问题等价.	unknown	prob:ch3-weak-operator	ref	tex/chapters/chapter-03/section-03.tex:161	tex/chapters/chapter-03/section-03.tex:146	resolved
reference	设维数 $n\leq4$. 给定满足 \eqref{eq:ch3-existence-force-assumption}--\eqref{eq:ch3-existence-initial-assumption} 的 $f,u_0$. 则至少存在一个满足 \eqref{eq:ch3-existence-operator-solution-space}--\eqref{eq:ch3-existence-operator-initial} 的函数 $u$. 此外,	equation	eq:ch3-existence-force-assumption	eqref	tex/chapters/chapter-03/section-03.tex:168	tex/chapters/chapter-03/section-03.tex:72	resolved
reference	设维数 $n\leq4$. 给定满足 \eqref{eq:ch3-existence-force-assumption}--\eqref{eq:ch3-existence-initial-assumption} 的 $f,u_0$. 则至少存在一个满足 \eqref{eq:ch3-existence-operator-solution-space}--\eqref{eq:ch3-existence-operator-initial} 的函数 $u$. 此外,	equation	eq:ch3-existence-initial-assumption	eqref	tex/chapters/chapter-03/section-03.tex:168	tex/chapters/chapter-03/section-03.tex:76	resolved
reference	设维数 $n\leq4$. 给定满足 \eqref{eq:ch3-existence-force-assumption}--\eqref{eq:ch3-existence-initial-assumption} 的 $f,u_0$. 则至少存在一个满足 \eqref{eq:ch3-existence-operator-solution-space}--\eqref{eq:ch3-existence-operator-initial} 的函数 $u$. 此外,	equation	eq:ch3-existence-operator-solution-space	eqref	tex/chapters/chapter-03/section-03.tex:168	tex/chapters/chapter-03/section-03.tex:151	resolved
reference	设维数 $n\leq4$. 给定满足 \eqref{eq:ch3-existence-force-assumption}--\eqref{eq:ch3-existence-initial-assumption} 的 $f,u_0$. 则至少存在一个满足 \eqref{eq:ch3-existence-operator-solution-space}--\eqref{eq:ch3-existence-operator-initial} 的函数 $u$. 此外,	equation	eq:ch3-existence-operator-initial	eqref	tex/chapters/chapter-03/section-03.tex:168	tex/chapters/chapter-03/section-03.tex:159	resolved
reference	满足 \eqref{eq:ch3-existence-linfty-h} 的 $u$ 的存在性证明见第 \ref{subsec:ch3-existence-proof} 小节; 连续性结论直接来自 \eqref{eq:ch3-existence-linfty-h}, $u$ 在 $V'$ 中的连续性和引理 \ref{lem:ch3-linear-weak-continuity-transfer}.	equation	eq:ch3-existence-linfty-h	eqref	tex/chapters/chapter-03/section-03.tex:176	tex/chapters/chapter-03/section-03.tex:171	resolved
reference	满足 \eqref{eq:ch3-existence-linfty-h} 的 $u$ 的存在性证明见第 \ref{subsec:ch3-existence-proof} 小节; 连续性结论直接来自 \eqref{eq:ch3-existence-linfty-h}, $u$ 在 $V'$ 中的连续性和引理 \ref{lem:ch3-linear-weak-continuity-transfer}.	subsection	subsec:ch3-existence-proof	ref	tex/chapters/chapter-03/section-03.tex:176	tex/chapters/chapter-03/section-03.tex:194	resolved
reference	满足 \eqref{eq:ch3-existence-linfty-h} 的 $u$ 的存在性证明见第 \ref{subsec:ch3-existence-proof} 小节; 连续性结论直接来自 \eqref{eq:ch3-existence-linfty-h}, $u$ 在 $V'$ 中的连续性和引理 \ref{lem:ch3-linear-weak-continuity-transfer}.	equation	eq:ch3-existence-linfty-h	eqref	tex/chapters/chapter-03/section-03.tex:176	tex/chapters/chapter-03/section-03.tex:171	resolved
reference	满足 \eqref{eq:ch3-existence-linfty-h} 的 $u$ 的存在性证明见第 \ref{subsec:ch3-existence-proof} 小节; 连续性结论直接来自 \eqref{eq:ch3-existence-linfty-h}, $u$ 在 $V'$ 中的连续性和引理 \ref{lem:ch3-linear-weak-continuity-transfer}.	lemma	lem:ch3-linear-weak-continuity-transfer	ref	tex/chapters/chapter-03/section-03.tex:176	tex/chapters/chapter-03/section-01.tex:687	resolved
reference	定理 \ref{thm:ch3-existence-weak-solution} 仍成立. 证明所需的相应修改参见第 \ref{subsec:ch3-linear-miscellaneous} 小节.	theorem	thm:ch3-existence-weak-solution	ref	tex/chapters/chapter-03/section-03.tex:188	tex/chapters/chapter-03/section-03.tex:167	resolved
reference	定理 \ref{thm:ch3-existence-weak-solution} 仍成立. 证明所需的相应修改参见第 \ref{subsec:ch3-linear-miscellaneous} 小节.	subsection	subsec:ch3-linear-miscellaneous	ref	tex/chapters/chapter-03/section-03.tex:188	tex/chapters/chapter-03/section-01.tex:768	resolved
reference	(ii) 若 $\Omega$ 无界, 定理 \ref{thm:ch3-existence-weak-solution} 也成立; 细节见注 \ref{rem:ch3-existence-unbounded-energy}.	theorem	thm:ch3-existence-weak-solution	ref	tex/chapters/chapter-03/section-03.tex:190	tex/chapters/chapter-03/section-03.tex:167	resolved
reference	(ii) 若 $\Omega$ 无界, 定理 \ref{thm:ch3-existence-weak-solution} 也成立; 细节见注 \ref{rem:ch3-existence-unbounded-energy}.	remark	rem:ch3-existence-unbounded-energy	ref	tex/chapters/chapter-03/section-03.tex:190	tex/chapters/chapter-03/section-03.tex:503	resolved
reference	\subsection{定理 \ref{thm:ch3-existence-weak-solution} 的证明}	theorem	thm:ch3-existence-weak-solution	ref	tex/chapters/chapter-03/section-03.tex:193	tex/chapters/chapter-03/section-03.tex:167	resolved
reference	(i) 像线性情形一样应用 Galerkin 方法. 因为 $V$ 可分且 $\mathcal V$ 在 $V$ 中稠密, 存在 $\mathcal V$ 中元素的序列 $w_1,\ldots,w_m,\ldots$, 它线性无关且在 $V$ 中完备.\footnote{为简单起见取 $w_j\in\mathcal V$. 作一些技术修改后也可取 $w_j\in V$.} 对每个 $m$, 如下定义 \eqref{eq:ch3-existence-weak-variational-equation} 的逼近解 $u_m$:	equation	eq:ch3-existence-weak-variational-equation	eqref	tex/chapters/chapter-03/section-03.tex:195	tex/chapters/chapter-03/section-03.tex:87	resolved
reference	方程 \eqref{eq:ch3-existence-galerkin-equations} 构成关于函数 $g_{1m},\ldots,g_{mm}$ 的非线性微分方程组:	equation	eq:ch3-existence-galerkin-equations	eqref	tex/chapters/chapter-03/section-03.tex:213	tex/chapters/chapter-03/section-03.tex:205	resolved
reference	条件 \eqref{eq:ch3-existence-galerkin-initial} 等价于 $m$ 个标量初始条件	equation	eq:ch3-existence-galerkin-initial	eqref	tex/chapters/chapter-03/section-03.tex:232	tex/chapters/chapter-03/section-03.tex:209	resolved
reference	带初始条件 \eqref{eq:ch3-existence-galerkin-coordinate-initial} 的非线性微分方程组 \eqref{eq:ch3-existence-galerkin-normal-system} 在某个区间 $[0,t_m]$ 上有极大解. 若 $t_m<T$, 则当 $t\to t_m$ 时 $|u_m(t)|$ 必趋于 $+\infty$; 后面证明的先验估计表明这不会发生, 因而 $t_m=T$.	equation	eq:ch3-existence-galerkin-coordinate-initial	eqref	tex/chapters/chapter-03/section-03.tex:237	tex/chapters/chapter-03/section-03.tex:235	resolved
reference	带初始条件 \eqref{eq:ch3-existence-galerkin-coordinate-initial} 的非线性微分方程组 \eqref{eq:ch3-existence-galerkin-normal-system} 在某个区间 $[0,t_m]$ 上有极大解. 若 $t_m<T$, 则当 $t\to t_m$ 时 $|u_m(t)|$ 必趋于 $+\infty$; 后面证明的先验估计表明这不会发生, 因而 $t_m=T$.	equation	eq:ch3-existence-galerkin-normal-system	eqref	tex/chapters/chapter-03/section-03.tex:237	tex/chapters/chapter-03/section-03.tex:228	resolved
reference	(ii) 第一组先验估计与线性情形相同. 将 \eqref{eq:ch3-existence-galerkin-equations} 乘 $g_{jm}(t)$, 再对 $j=1,\ldots,m$ 相加. 利用 \eqref{eq:ch3-existence-skew-cancellation}, 得	equation	eq:ch3-existence-galerkin-equations	eqref	tex/chapters/chapter-03/section-03.tex:240	tex/chapters/chapter-03/section-03.tex:205	resolved
reference	(ii) 第一组先验估计与线性情形相同. 将 \eqref{eq:ch3-existence-galerkin-equations} 乘 $g_{jm}(t)$, 再对 $j=1,\ldots,m$ 相加. 利用 \eqref{eq:ch3-existence-skew-cancellation}, 得	equation	eq:ch3-existence-skew-cancellation	eqref	tex/chapters/chapter-03/section-03.tex:240	tex/chapters/chapter-03/section-03.tex:21	resolved
reference	将 \eqref{eq:ch3-existence-galerkin-energy-inequality} 从 $0$ 积分到 $s$, 特别得到	equation	eq:ch3-existence-galerkin-energy-inequality	eqref	tex/chapters/chapter-03/section-03.tex:261	tex/chapters/chapter-03/section-03.tex:259	resolved
reference	再将 \eqref{eq:ch3-existence-galerkin-energy-inequality} 从 $0$ 积分到 $T$, 得	equation	eq:ch3-existence-galerkin-energy-inequality	eqref	tex/chapters/chapter-03/section-03.tex:280	tex/chapters/chapter-03/section-03.tex:259	resolved
reference	它与 \eqref{eq:ch3-existence-galerkin-l2-boundedness} 一起表明	equation	eq:ch3-existence-galerkin-l2-boundedness	eqref	tex/chapters/chapter-03/section-03.tex:302	tex/chapters/chapter-03/section-03.tex:291	resolved
reference	从而可以应用定理 \ref{thm:ch3-compactness-fractional} 的紧性结论.	theorem	thm:ch3-compactness-fractional	ref	tex/chapters/chapter-03/section-03.tex:307	tex/chapters/chapter-03/section-02.tex:275	resolved
reference	为证明 \eqref{eq:ch3-existence-fractional-fourier-bound}, 注意 \eqref{eq:ch3-existence-galerkin-equations} 可写成\footnote{与定理 \ref{thm:ch3-compactness-y-hilbert} 的证明比较.}	equation	eq:ch3-existence-fractional-fourier-bound	eqref	tex/chapters/chapter-03/section-03.tex:310	tex/chapters/chapter-03/section-03.tex:300	resolved
reference	为证明 \eqref{eq:ch3-existence-fractional-fourier-bound}, 注意 \eqref{eq:ch3-existence-galerkin-equations} 可写成\footnote{与定理 \ref{thm:ch3-compactness-y-hilbert} 的证明比较.}	equation	eq:ch3-existence-galerkin-equations	eqref	tex/chapters/chapter-03/section-03.tex:310	tex/chapters/chapter-03/section-03.tex:205	resolved
reference	为证明 \eqref{eq:ch3-existence-fractional-fourier-bound}, 注意 \eqref{eq:ch3-existence-galerkin-equations} 可写成\footnote{与定理 \ref{thm:ch3-compactness-y-hilbert} 的证明比较.}	theorem	thm:ch3-compactness-y-hilbert	ref	tex/chapters/chapter-03/section-03.tex:310	tex/chapters/chapter-03/section-02.tex:402	resolved
reference	对 \eqref{eq:ch3-existence-extension-distribution-equation} 作 Fourier 变换得到	equation	eq:ch3-existence-extension-distribution-equation	eqref	tex/chapters/chapter-03/section-03.tex:328	tex/chapters/chapter-03/section-03.tex:316	resolved
reference	将 \eqref{eq:ch3-existence-fourier-galerkin-equation} 乘 $\widehat g_{jm}(\tau)$(即 $\widetilde g_{jm}$ 的 Fourier 变换), 再对 $j=1,\ldots,m$ 相加, 得	equation	eq:ch3-existence-fourier-galerkin-equation	eqref	tex/chapters/chapter-03/section-03.tex:337	tex/chapters/chapter-03/section-03.tex:333	resolved
reference	由 \eqref{eq:ch3-existence-bu-pointwise-bound},	equation	eq:ch3-existence-bu-pointwise-bound	eqref	tex/chapters/chapter-03/section-03.tex:347	tex/chapters/chapter-03/section-03.tex:115	resolved
reference	根据 \eqref{eq:ch3-existence-galerkin-l2-boundedness}, 右端保持有界. 因而	equation	eq:ch3-existence-galerkin-l2-boundedness	eqref	tex/chapters/chapter-03/section-03.tex:353	tex/chapters/chapter-03/section-03.tex:291	resolved
reference	由 \eqref{eq:ch3-existence-galerkin-linfty-bound},	equation	eq:ch3-existence-galerkin-linfty-bound	eqref	tex/chapters/chapter-03/section-03.tex:358	tex/chapters/chapter-03/section-03.tex:273	resolved
reference	从 \eqref{eq:ch3-existence-fourier-energy-identity} 推出	equation	eq:ch3-existence-fourier-energy-identity	eqref	tex/chapters/chapter-03/section-03.tex:363	tex/chapters/chapter-03/section-03.tex:345	resolved
reference	因此由 \eqref{eq:ch3-existence-fourier-pointwise-estimate},	equation	eq:ch3-existence-fourier-pointwise-estimate	eqref	tex/chapters/chapter-03/section-03.tex:379	tex/chapters/chapter-03/section-03.tex:372	resolved
reference	由 Parseval 等式和 \eqref{eq:ch3-existence-galerkin-l2-boundedness}, 最后一个积分随 $m\to\infty$ 保持有界; 所以若证明	equation	eq:ch3-existence-galerkin-l2-boundedness	eqref	tex/chapters/chapter-03/section-03.tex:390	tex/chapters/chapter-03/section-03.tex:291	resolved
reference	则 \eqref{eq:ch3-existence-fractional-fourier-bound} 得证.	equation	eq:ch3-existence-fractional-fourier-bound	eqref	tex/chapters/chapter-03/section-03.tex:397	tex/chapters/chapter-03/section-03.tex:300	resolved
reference	控制. 因为 $\gamma<1/4$, 该量有限, 且由 \eqref{eq:ch3-existence-galerkin-l2-boundedness}, 当 $m\to\infty$ 时保持有界. 因而 \eqref{eq:ch3-existence-fractional-fourier-bound} 和 \eqref{eq:ch3-existence-fractional-space-boundedness} 的证明完成.	equation	eq:ch3-existence-galerkin-l2-boundedness	eqref	tex/chapters/chapter-03/section-03.tex:406	tex/chapters/chapter-03/section-03.tex:291	resolved
reference	控制. 因为 $\gamma<1/4$, 该量有限, 且由 \eqref{eq:ch3-existence-galerkin-l2-boundedness}, 当 $m\to\infty$ 时保持有界. 因而 \eqref{eq:ch3-existence-fractional-fourier-bound} 和 \eqref{eq:ch3-existence-fractional-space-boundedness} 的证明完成.	equation	eq:ch3-existence-fractional-fourier-bound	eqref	tex/chapters/chapter-03/section-03.tex:406	tex/chapters/chapter-03/section-03.tex:300	resolved
reference	控制. 因为 $\gamma<1/4$, 该量有限, 且由 \eqref{eq:ch3-existence-galerkin-l2-boundedness}, 当 $m\to\infty$ 时保持有界. 因而 \eqref{eq:ch3-existence-fractional-fourier-bound} 和 \eqref{eq:ch3-existence-fractional-space-boundedness} 的证明完成.	equation	eq:ch3-existence-fractional-space-boundedness	eqref	tex/chapters/chapter-03/section-03.tex:406	tex/chapters/chapter-03/section-03.tex:305	resolved
reference	(iv) 估计 \eqref{eq:ch3-existence-galerkin-linfty-boundedness} 和 \eqref{eq:ch3-existence-galerkin-l2-boundedness} 表明, 存在元素 $u\in L^2(0,T;V)\cap L^\infty(0,T;H)$ 及子序列 $u_{m'}$, 使	equation	eq:ch3-existence-galerkin-linfty-boundedness	eqref	tex/chapters/chapter-03/section-03.tex:408	tex/chapters/chapter-03/section-03.tex:278	resolved
reference	(iv) 估计 \eqref{eq:ch3-existence-galerkin-linfty-boundedness} 和 \eqref{eq:ch3-existence-galerkin-l2-boundedness} 表明, 存在元素 $u\in L^2(0,T;V)\cap L^\infty(0,T;H)$ 及子序列 $u_{m'}$, 使	equation	eq:ch3-existence-galerkin-l2-boundedness	eqref	tex/chapters/chapter-03/section-03.tex:408	tex/chapters/chapter-03/section-03.tex:291	resolved
reference	由 \eqref{eq:ch3-existence-fractional-space-boundedness} 和定理 \ref{thm:ch3-compactness-fractional}, 还有	equation	eq:ch3-existence-fractional-space-boundedness	eqref	tex/chapters/chapter-03/section-03.tex:415	tex/chapters/chapter-03/section-03.tex:305	resolved
reference	由 \eqref{eq:ch3-existence-fractional-space-boundedness} 和定理 \ref{thm:ch3-compactness-fractional}, 还有	theorem	thm:ch3-compactness-fractional	ref	tex/chapters/chapter-03/section-03.tex:415	tex/chapters/chapter-03/section-02.tex:275	resolved
reference	收敛结果 \eqref{eq:ch3-existence-galerkin-weak-convergence} 使我们能够取极限. 基本过程与线性情形相同.	equation	eq:ch3-existence-galerkin-weak-convergence	eqref	tex/chapters/chapter-03/section-03.tex:421	tex/chapters/chapter-03/section-03.tex:413	resolved
reference	设 $\psi$ 是 $[0,T]$ 上连续可微且满足 $\psi(T)=0$ 的函数. 将 \eqref{eq:ch3-existence-galerkin-equations} 乘 $\psi(t)$, 再分部积分, 得	equation	eq:ch3-existence-galerkin-equations	eqref	tex/chapters/chapter-03/section-03.tex:423	tex/chapters/chapter-03/section-03.tex:205	resolved
reference	沿子序列 $m'$ 取极限时, 线性项容易处理; 对非线性项应用下面的引理 \ref{lem:ch3-existence-nonlinear-limit}. 极限方程为	lemma	lem:ch3-existence-nonlinear-limit	ref	tex/chapters/chapter-03/section-03.tex:433	tex/chapters/chapter-03/section-03.tex:473	resolved
reference	特别在 \eqref{eq:ch3-existence-limit-integrated-equation} 中取 $\psi=\varphi\in\mathcal D((0,T))$, 可知 $u$ 按分布意义满足 \eqref{eq:ch3-existence-weak-variational-equation}.	equation	eq:ch3-existence-limit-integrated-equation	eqref	tex/chapters/chapter-03/section-03.tex:445	tex/chapters/chapter-03/section-03.tex:441	resolved
reference	特别在 \eqref{eq:ch3-existence-limit-integrated-equation} 中取 $\psi=\varphi\in\mathcal D((0,T))$, 可知 $u$ 按分布意义满足 \eqref{eq:ch3-existence-weak-variational-equation}.	equation	eq:ch3-existence-weak-variational-equation	eqref	tex/chapters/chapter-03/section-03.tex:445	tex/chapters/chapter-03/section-03.tex:87	resolved
reference	最后还须证明 $u$ 满足 \eqref{eq:ch3-existence-weak-initial-condition}. 为此将 \eqref{eq:ch3-existence-weak-variational-equation} 乘 $\psi$ 并积分. 对第一项分部积分, 得	equation	eq:ch3-existence-weak-initial-condition	eqref	tex/chapters/chapter-03/section-03.tex:447	tex/chapters/chapter-03/section-03.tex:91	resolved
reference	最后还须证明 $u$ 满足 \eqref{eq:ch3-existence-weak-initial-condition}. 为此将 \eqref{eq:ch3-existence-weak-variational-equation} 乘 $\psi$ 并积分. 对第一项分部积分, 得	equation	eq:ch3-existence-weak-variational-equation	eqref	tex/chapters/chapter-03/section-03.tex:447	tex/chapters/chapter-03/section-03.tex:87	resolved
reference	与 \eqref{eq:ch3-existence-limit-integrated-equation} 比较,	equation	eq:ch3-existence-limit-integrated-equation	eqref	tex/chapters/chapter-03/section-03.tex:457	tex/chapters/chapter-03/section-03.tex:441	resolved
reference	于是 \eqref{eq:ch3-existence-weak-initial-condition} 成立.	equation	eq:ch3-existence-weak-initial-condition	eqref	tex/chapters/chapter-03/section-03.tex:466	tex/chapters/chapter-03/section-03.tex:91	resolved
reference	为完成定理 \ref{thm:ch3-existence-weak-solution} 的证明, 只需证明下列引理.	theorem	thm:ch3-existence-weak-solution	ref	tex/chapters/chapter-03/section-03.tex:469	tex/chapters/chapter-03/section-03.tex:167	resolved
reference	当 $\Omega$ 无界时, 像线性情形第 \ref{subsec:ch3-linear-miscellaneous} 小节那样证明 \eqref{eq:ch3-existence-galerkin-linfty-boundedness} 和 \eqref{eq:ch3-existence-galerkin-l2-boundedness}. 随后 \eqref{eq:ch3-existence-fractional-fourier-bound} 和 \eqref{eq:ch3-existence-fractional-space-boundedness} 与前面相同. 主要差别在于 $V$ 到 $H$ 的注入不再紧.	subsection	subsec:ch3-linear-miscellaneous	ref	tex/chapters/chapter-03/section-03.tex:506	tex/chapters/chapter-03/section-01.tex:768	resolved
reference	当 $\Omega$ 无界时, 像线性情形第 \ref{subsec:ch3-linear-miscellaneous} 小节那样证明 \eqref{eq:ch3-existence-galerkin-linfty-boundedness} 和 \eqref{eq:ch3-existence-galerkin-l2-boundedness}. 随后 \eqref{eq:ch3-existence-fractional-fourier-bound} 和 \eqref{eq:ch3-existence-fractional-space-boundedness} 与前面相同. 主要差别在于 $V$ 到 $H$ 的注入不再紧.	equation	eq:ch3-existence-galerkin-linfty-boundedness	eqref	tex/chapters/chapter-03/section-03.tex:506	tex/chapters/chapter-03/section-03.tex:278	resolved
reference	当 $\Omega$ 无界时, 像线性情形第 \ref{subsec:ch3-linear-miscellaneous} 小节那样证明 \eqref{eq:ch3-existence-galerkin-linfty-boundedness} 和 \eqref{eq:ch3-existence-galerkin-l2-boundedness}. 随后 \eqref{eq:ch3-existence-fractional-fourier-bound} 和 \eqref{eq:ch3-existence-fractional-space-boundedness} 与前面相同. 主要差别在于 $V$ 到 $H$ 的注入不再紧.	equation	eq:ch3-existence-galerkin-l2-boundedness	eqref	tex/chapters/chapter-03/section-03.tex:506	tex/chapters/chapter-03/section-03.tex:291	resolved
reference	当 $\Omega$ 无界时, 像线性情形第 \ref{subsec:ch3-linear-miscellaneous} 小节那样证明 \eqref{eq:ch3-existence-galerkin-linfty-boundedness} 和 \eqref{eq:ch3-existence-galerkin-l2-boundedness}. 随后 \eqref{eq:ch3-existence-fractional-fourier-bound} 和 \eqref{eq:ch3-existence-fractional-space-boundedness} 与前面相同. 主要差别在于 $V$ 到 $H$ 的注入不再紧.	equation	eq:ch3-existence-fractional-fourier-bound	eqref	tex/chapters/chapter-03/section-03.tex:506	tex/chapters/chapter-03/section-03.tex:300	resolved
reference	当 $\Omega$ 无界时, 像线性情形第 \ref{subsec:ch3-linear-miscellaneous} 小节那样证明 \eqref{eq:ch3-existence-galerkin-linfty-boundedness} 和 \eqref{eq:ch3-existence-galerkin-l2-boundedness}. 随后 \eqref{eq:ch3-existence-fractional-fourier-bound} 和 \eqref{eq:ch3-existence-fractional-space-boundedness} 与前面相同. 主要差别在于 $V$ 到 $H$ 的注入不再紧.	equation	eq:ch3-existence-fractional-space-boundedness	eqref	tex/chapters/chapter-03/section-03.tex:506	tex/chapters/chapter-03/section-03.tex:305	resolved
reference	不过仍可抽取满足 \eqref{eq:ch3-existence-galerkin-weak-convergence} 的子序列 $u_{m'}$. 对任意包含于 $\Omega$ 的球 $O$, $H^1(O)$ 到 $L^2(O)$ 的注入是紧的, 而 \eqref{eq:ch3-existence-fractional-space-boundedness} 表明	equation	eq:ch3-existence-galerkin-weak-convergence	eqref	tex/chapters/chapter-03/section-03.tex:508	tex/chapters/chapter-03/section-03.tex:413	resolved
reference	不过仍可抽取满足 \eqref{eq:ch3-existence-galerkin-weak-convergence} 的子序列 $u_{m'}$. 对任意包含于 $\Omega$ 的球 $O$, $H^1(O)$ 到 $L^2(O)$ 的注入是紧的, 而 \eqref{eq:ch3-existence-fractional-space-boundedness} 表明	equation	eq:ch3-existence-fractional-space-boundedness	eqref	tex/chapters/chapter-03/section-03.tex:508	tex/chapters/chapter-03/section-03.tex:305	resolved
reference	定理 \ref{thm:ch3-compactness-fractional} 因而推出	theorem	thm:ch3-compactness-fractional	ref	tex/chapters/chapter-03/section-03.tex:514	tex/chapters/chapter-03/section-02.tex:275	resolved
reference	其中 $\Omega'$ 表示 $w_j$ 的支集; 这足以在 \eqref{eq:ch3-existence-galerkin-integrated-equation} 中取极限.	equation	eq:ch3-existence-galerkin-integrated-equation	eqref	tex/chapters/chapter-03/section-03.tex:530	tex/chapters/chapter-03/section-03.tex:431	resolved
reference	积分 \eqref{eq:ch3-existence-galerkin-energy-identity} 得	equation	eq:ch3-existence-galerkin-energy-identity	eqref	tex/chapters/chapter-03/section-03.tex:534	tex/chapters/chapter-03/section-03.tex:244	resolved
reference	利用 \eqref{eq:ch3-existence-galerkin-weak-convergence} 对此关系取下极限, 得对所有 $\phi\in\mathcal D((0,T))$, $\phi\geq0$,	equation	eq:ch3-existence-galerkin-weak-convergence	eqref	tex/chapters/chapter-03/section-03.tex:548	tex/chapters/chapter-03/section-03.tex:413	resolved
reference	这是定理 \ref{thm:ch3-existence-weak-solution} 给出的函数 $u$ 所满足的能量不等式. 后面将证明, 若 $n=2$, 相应等式成立(见定理 \ref{thm:ch3-uniqueness-2d} 和 \MBUnresolvedReference{lemma}{Lemma 2.1}). 一般情形下是否满足相应等式尚不清楚(参见定理 \ref{thm:ch3-weak-strong-uniqueness}).	theorem	thm:ch3-existence-weak-solution	ref	tex/chapters/chapter-03/section-03.tex:563	tex/chapters/chapter-03/section-03.tex:167	resolved
reference	这是定理 \ref{thm:ch3-existence-weak-solution} 给出的函数 $u$ 所满足的能量不等式. 后面将证明, 若 $n=2$, 相应等式成立(见定理 \ref{thm:ch3-uniqueness-2d} 和 \MBUnresolvedReference{lemma}{Lemma 2.1}). 一般情形下是否满足相应等式尚不清楚(参见定理 \ref{thm:ch3-weak-strong-uniqueness}).	theorem	thm:ch3-uniqueness-2d	ref	tex/chapters/chapter-03/section-03.tex:563	tex/chapters/chapter-03/section-03.tex:693	resolved
reference	这是定理 \ref{thm:ch3-existence-weak-solution} 给出的函数 $u$ 所满足的能量不等式. 后面将证明, 若 $n=2$, 相应等式成立(见定理 \ref{thm:ch3-uniqueness-2d} 和 \MBUnresolvedReference{lemma}{Lemma 2.1}). 一般情形下是否满足相应等式尚不清楚(参见定理 \ref{thm:ch3-weak-strong-uniqueness}).	theorem	thm:ch3-weak-strong-uniqueness	ref	tex/chapters/chapter-03/section-03.tex:563	tex/chapters/chapter-03/section-03.tex:1527	resolved
reference	当空间维数 $n=2$ 时, \MBUnresolvedReference{theorem}{Theorem 4.1} 保证存在的 \eqref{eq:ch3-existence-operator-solution-space}--\eqref{eq:ch3-existence-operator-initial} 的解具有进一步的正则性, 且实际上唯一. 证明基于以下引理.	equation	eq:ch3-existence-operator-solution-space	eqref	tex/chapters/chapter-03/section-03.tex:568	tex/chapters/chapter-03/section-03.tex:151	resolved
reference	当空间维数 $n=2$ 时, \MBUnresolvedReference{theorem}{Theorem 4.1} 保证存在的 \eqref{eq:ch3-existence-operator-solution-space}--\eqref{eq:ch3-existence-operator-initial} 的解具有进一步的正则性, 且实际上唯一. 证明基于以下引理.	equation	eq:ch3-existence-operator-initial	eqref	tex/chapters/chapter-03/section-03.tex:568	tex/chapters/chapter-03/section-03.tex:159	resolved
reference	只需对 $v\in\mathcal D(\Omega)$ 证明 \eqref{eq:ch3-uniqueness-2d-l4-inequality}. 对这样的 $v$ 写成	equation	eq:ch3-uniqueness-2d-l4-inequality	eqref	tex/chapters/chapter-03/section-03.tex:584	tex/chapters/chapter-03/section-03.tex:579	resolved
reference	由 \eqref{eq:ch3-uniqueness-2d-l4-inequality},	equation	eq:ch3-uniqueness-2d-l4-inequality	eqref	tex/chapters/chapter-03/section-03.tex:655	tex/chapters/chapter-03/section-03.tex:579	resolved
reference	对 $w$ 有类似不等式, 从而得到 \eqref{eq:ch3-uniqueness-2d-trilinear-bound}.	equation	eq:ch3-uniqueness-2d-trilinear-bound	eqref	tex/chapters/chapter-03/section-03.tex:660	tex/chapters/chapter-03/section-03.tex:635	resolved
reference	表明 $Bu\in L^2(0,T;V')$, 并推出 \eqref{eq:ch3-uniqueness-2d-bu-l2-bound}.	equation	eq:ch3-uniqueness-2d-bu-l2-bound	eqref	tex/chapters/chapter-03/section-03.tex:686	tex/chapters/chapter-03/section-03.tex:641	resolved
reference	在二维情形, 定理 \ref{thm:ch3-existence-weak-solution} 给出的问题 \ref{prob:ch3-weak-variational}--\ref{prob:ch3-weak-operator} 的解 $u$ 是唯一的. 此外, $u$ 几乎处处等于从 $[0,T]$ 到 $H$ 的连续函数, 且	theorem	thm:ch3-existence-weak-solution	ref	tex/chapters/chapter-03/section-03.tex:694	tex/chapters/chapter-03/section-03.tex:167	resolved
reference	在二维情形, 定理 \ref{thm:ch3-existence-weak-solution} 给出的问题 \ref{prob:ch3-weak-variational}--\ref{prob:ch3-weak-operator} 的解 $u$ 是唯一的. 此外, $u$ 几乎处处等于从 $[0,T]$ 到 $H$ 的连续函数, 且	unknown	prob:ch3-weak-variational	ref	tex/chapters/chapter-03/section-03.tex:694	tex/chapters/chapter-03/section-03.tex:68	resolved
reference	在二维情形, 定理 \ref{thm:ch3-existence-weak-solution} 给出的问题 \ref{prob:ch3-weak-variational}--\ref{prob:ch3-weak-operator} 的解 $u$ 是唯一的. 此外, $u$ 几乎处处等于从 $[0,T]$ 到 $H$ 的连续函数, 且	unknown	prob:ch3-weak-operator	ref	tex/chapters/chapter-03/section-03.tex:694	tex/chapters/chapter-03/section-03.tex:146	resolved
reference	(i) 先证明正则性. 由 \eqref{eq:ch3-existence-operator-equation} 和引理 \ref{lem:ch3-trilinear-2d},	equation	eq:ch3-existence-operator-equation	eqref	tex/chapters/chapter-03/section-03.tex:704	tex/chapters/chapter-03/section-03.tex:155	resolved
reference	(i) 先证明正则性. 由 \eqref{eq:ch3-existence-operator-equation} 和引理 \ref{lem:ch3-trilinear-2d},	lemma	lem:ch3-trilinear-2d	ref	tex/chapters/chapter-03/section-03.tex:704	tex/chapters/chapter-03/section-03.tex:629	resolved
reference	这一改进使我们能够应用引理 \ref{lem:ch3-linear-lions-magenes-continuity}, 它恰好说明 $u$ 几乎处处等于从 $[0,T]$ 到 $H$ 的连续函数. 因此	lemma	lem:ch3-linear-lions-magenes-continuity	ref	tex/chapters/chapter-03/section-03.tex:713	tex/chapters/chapter-03/section-01.tex:572	resolved
reference	而 \eqref{eq:ch3-uniqueness-2d-initial-continuity} 容易得到.	equation	eq:ch3-uniqueness-2d-initial-continuity	eqref	tex/chapters/chapter-03/section-03.tex:718	tex/chapters/chapter-03/section-03.tex:698	resolved
reference	还回忆引理 \ref{lem:ch3-linear-lions-magenes-continuity} 断言, 对任意 $u\in L^2(0,T;V)$ 且满足 \eqref{eq:ch3-uniqueness-2d-time-regularity} 的函数,	lemma	lem:ch3-linear-lions-magenes-continuity	ref	tex/chapters/chapter-03/section-03.tex:720	tex/chapters/chapter-03/section-01.tex:572	resolved
reference	还回忆引理 \ref{lem:ch3-linear-lions-magenes-continuity} 断言, 对任意 $u\in L^2(0,T;V)$ 且满足 \eqref{eq:ch3-uniqueness-2d-time-regularity} 的函数,	equation	eq:ch3-uniqueness-2d-time-regularity	eqref	tex/chapters/chapter-03/section-03.tex:720	tex/chapters/chapter-03/section-03.tex:711	resolved
reference	(ii) 设 $u_1,u_2$ 是 \eqref{eq:ch3-existence-operator-solution-space}--\eqref{eq:ch3-existence-operator-initial} 的两个解, 令 $u=u_1-u_2$. 如上所示, $u_1,u_2$ 以及 $u$ 均满足 \eqref{eq:ch3-uniqueness-2d-time-regularity}. 差 $u$ 满足	equation	eq:ch3-existence-operator-solution-space	eqref	tex/chapters/chapter-03/section-03.tex:726	tex/chapters/chapter-03/section-03.tex:151	resolved
reference	(ii) 设 $u_1,u_2$ 是 \eqref{eq:ch3-existence-operator-solution-space}--\eqref{eq:ch3-existence-operator-initial} 的两个解, 令 $u=u_1-u_2$. 如上所示, $u_1,u_2$ 以及 $u$ 均满足 \eqref{eq:ch3-uniqueness-2d-time-regularity}. 差 $u$ 满足	equation	eq:ch3-existence-operator-initial	eqref	tex/chapters/chapter-03/section-03.tex:726	tex/chapters/chapter-03/section-03.tex:159	resolved
reference	(ii) 设 $u_1,u_2$ 是 \eqref{eq:ch3-existence-operator-solution-space}--\eqref{eq:ch3-existence-operator-initial} 的两个解, 令 $u=u_1-u_2$. 如上所示, $u_1,u_2$ 以及 $u$ 均满足 \eqref{eq:ch3-uniqueness-2d-time-regularity}. 差 $u$ 满足	equation	eq:ch3-uniqueness-2d-time-regularity	eqref	tex/chapters/chapter-03/section-03.tex:726	tex/chapters/chapter-03/section-03.tex:711	resolved
reference	在 $V,V'$ 对偶关系下, 对几乎每个 $t$ 将 \eqref{eq:ch3-uniqueness-2d-difference-equation} 与 $u(t)$ 作标量积. 利用 \eqref{eq:ch3-uniqueness-2d-energy-derivative} 得	equation	eq:ch3-uniqueness-2d-difference-equation	eqref	tex/chapters/chapter-03/section-03.tex:735	tex/chapters/chapter-03/section-03.tex:729	resolved
reference	在 $V,V'$ 对偶关系下, 对几乎每个 $t$ 将 \eqref{eq:ch3-uniqueness-2d-difference-equation} 与 $u(t)$ 作标量积. 利用 \eqref{eq:ch3-uniqueness-2d-energy-derivative} 得	equation	eq:ch3-uniqueness-2d-energy-derivative	eqref	tex/chapters/chapter-03/section-03.tex:735	tex/chapters/chapter-03/section-03.tex:723	resolved
reference	由 \eqref{eq:ch3-existence-skew-cancellation}, 右端等于 $-2b(u(t),u_2(t),u(t))$. 利用 \eqref{eq:ch3-uniqueness-2d-trilinear-bound}, 可由	equation	eq:ch3-existence-skew-cancellation	eqref	tex/chapters/chapter-03/section-03.tex:741	tex/chapters/chapter-03/section-03.tex:21	resolved
reference	由 \eqref{eq:ch3-existence-skew-cancellation}, 右端等于 $-2b(u(t),u_2(t),u(t))$. 利用 \eqref{eq:ch3-uniqueness-2d-trilinear-bound}, 可由	equation	eq:ch3-uniqueness-2d-trilinear-bound	eqref	tex/chapters/chapter-03/section-03.tex:741	tex/chapters/chapter-03/section-03.tex:635	resolved
reference	控制. 代入 \eqref{eq:ch3-uniqueness-2d-difference-energy} 得	equation	eq:ch3-uniqueness-2d-difference-energy	eqref	tex/chapters/chapter-03/section-03.tex:746	tex/chapters/chapter-03/section-03.tex:739	resolved
reference	积分并利用 \eqref{eq:ch3-uniqueness-2d-difference-initial}, 得 $|u(t)|^2\leq0$, $t\in[0,T]$. 因而 $u_1=u_2$, 解唯一.	equation	eq:ch3-uniqueness-2d-difference-initial	eqref	tex/chapters/chapter-03/section-03.tex:756	tex/chapters/chapter-03/section-03.tex:733	resolved
reference	由 \eqref{eq:ch3-uniqueness-2d-l4-inequality}, Navier--Stokes 方程的唯一解满足	equation	eq:ch3-uniqueness-2d-l4-inequality	eqref	tex/chapters/chapter-03/section-03.tex:763	tex/chapters/chapter-03/section-03.tex:579	resolved
reference	定理 \ref{thm:ch3-uniqueness-2d} 同时涵盖有界和无界情形; 两种证明没有差别.	theorem	thm:ch3-uniqueness-2d	ref	tex/chapters/chapter-03/section-03.tex:773	tex/chapters/chapter-03/section-03.tex:693	resolved
reference	由于缺少定理 \ref{thm:ch3-existence-weak-solution} 给出的弱解正则性信息, 第 \ref{subsec:ch3-regularity-uniqueness-2d} 小节的结果不能推广到更高维数.	theorem	thm:ch3-existence-weak-solution	ref	tex/chapters/chapter-03/section-03.tex:778	tex/chapters/chapter-03/section-03.tex:167	resolved
reference	由于缺少定理 \ref{thm:ch3-existence-weak-solution} 给出的弱解正则性信息, 第 \ref{subsec:ch3-regularity-uniqueness-2d} 小节的结果不能推广到更高维数.	subsection	subsec:ch3-regularity-uniqueness-2d	ref	tex/chapters/chapter-03/section-03.tex:778	tex/chapters/chapter-03/section-03.tex:567	resolved
reference	与引理 \ref{lem:ch3-ladyzhenskaya-2d} 对应的结果如下.	lemma	lem:ch3-ladyzhenskaya-2d	ref	tex/chapters/chapter-03/section-03.tex:782	tex/chapters/chapter-03/section-03.tex:572	resolved
reference	只需对 $v\in\mathcal D(\Omega)$ 证明 \eqref{eq:ch3-uniqueness-3d-l4-inequality}. 对这样的 $v$, 应用 \eqref{eq:ch3-uniqueness-2d-l4-inequality} 写成	equation	eq:ch3-uniqueness-3d-l4-inequality	eqref	tex/chapters/chapter-03/section-03.tex:798	tex/chapters/chapter-03/section-03.tex:793	resolved
reference	只需对 $v\in\mathcal D(\Omega)$ 证明 \eqref{eq:ch3-uniqueness-3d-l4-inequality}. 对这样的 $v$, 应用 \eqref{eq:ch3-uniqueness-2d-l4-inequality} 写成	equation	eq:ch3-uniqueness-2d-l4-inequality	eqref	tex/chapters/chapter-03/section-03.tex:798	tex/chapters/chapter-03/section-03.tex:579	resolved
reference	由此从 \eqref{eq:ch3-uniqueness-3d-slice-bound} 推出	equation	eq:ch3-uniqueness-3d-slice-bound	eqref	tex/chapters/chapter-03/section-03.tex:821	tex/chapters/chapter-03/section-03.tex:808	resolved
reference	从而得到 \eqref{eq:ch3-uniqueness-3d-l4-inequality}.	equation	eq:ch3-uniqueness-3d-l4-inequality	eqref	tex/chapters/chapter-03/section-03.tex:831	tex/chapters/chapter-03/section-03.tex:793	resolved
reference	若 $n=3$, 则定理 \ref{thm:ch3-existence-weak-solution} 给出的 \eqref{eq:ch3-existence-operator-solution-space}--\eqref{eq:ch3-existence-operator-initial} 的解 $u$ 满足	theorem	thm:ch3-existence-weak-solution	ref	tex/chapters/chapter-03/section-03.tex:838	tex/chapters/chapter-03/section-03.tex:167	resolved
reference	若 $n=3$, 则定理 \ref{thm:ch3-existence-weak-solution} 给出的 \eqref{eq:ch3-existence-operator-solution-space}--\eqref{eq:ch3-existence-operator-initial} 的解 $u$ 满足	equation	eq:ch3-existence-operator-solution-space	eqref	tex/chapters/chapter-03/section-03.tex:838	tex/chapters/chapter-03/section-03.tex:151	resolved
reference	若 $n=3$, 则定理 \ref{thm:ch3-existence-weak-solution} 给出的 \eqref{eq:ch3-existence-operator-solution-space}--\eqref{eq:ch3-existence-operator-initial} 的解 $u$ 满足	equation	eq:ch3-existence-operator-initial	eqref	tex/chapters/chapter-03/section-03.tex:838	tex/chapters/chapter-03/section-03.tex:159	resolved
reference	由 \eqref{eq:ch3-uniqueness-3d-l4-inequality}, 对几乎每个 $t$,	equation	eq:ch3-uniqueness-3d-l4-inequality	eqref	tex/chapters/chapter-03/section-03.tex:850	tex/chapters/chapter-03/section-03.tex:793	resolved
reference	利用 Hölder 不等式, 第 \ref{chap:steady-state-navier-stokes} 章已导出\footnote{该不等式在任意空间维数均成立, 其中 $c$ 依赖于 $n$.}	chapter	chap:steady-state-navier-stokes	ref	tex/chapters/chapter-03/section-03.tex:858	tex/chapters/chapter-02.tex:5	resolved
reference	结合 \eqref{eq:ch3-existence-operator-equation}, 得到 \eqref{eq:ch3-regularity-3d-l83-l4}--\eqref{eq:ch3-regularity-3d-time-derivative}.	equation	eq:ch3-existence-operator-equation	eqref	tex/chapters/chapter-03/section-03.tex:875	tex/chapters/chapter-03/section-03.tex:155	resolved
reference	结合 \eqref{eq:ch3-existence-operator-equation}, 得到 \eqref{eq:ch3-regularity-3d-l83-l4}--\eqref{eq:ch3-regularity-3d-time-derivative}.	equation	eq:ch3-regularity-3d-l83-l4	eqref	tex/chapters/chapter-03/section-03.tex:875	tex/chapters/chapter-03/section-03.tex:841	resolved
reference	结合 \eqref{eq:ch3-existence-operator-equation}, 得到 \eqref{eq:ch3-regularity-3d-l83-l4}--\eqref{eq:ch3-regularity-3d-time-derivative}.	equation	eq:ch3-regularity-3d-time-derivative	eqref	tex/chapters/chapter-03/section-03.tex:875	tex/chapters/chapter-03/section-03.tex:845	resolved
reference	二维情形下, 已证明 \eqref{eq:ch3-existence-operator-solution-space}--\eqref{eq:ch3-existence-operator-initial} 的任意解满足 \eqref{eq:ch3-uniqueness-2d-time-regularity} 和 \eqref{eq:ch3-uniqueness-2d-l4q}, 这正是证明唯一性的关键性质. 当 $n=3$ 时, 它们由较弱的 \eqref{eq:ch3-regularity-3d-l83-l4}--\eqref{eq:ch3-regularity-3d-time-derivative} 取代.	equation	eq:ch3-existence-operator-solution-space	eqref	tex/chapters/chapter-03/section-03.tex:878	tex/chapters/chapter-03/section-03.tex:151	resolved
reference	二维情形下, 已证明 \eqref{eq:ch3-existence-operator-solution-space}--\eqref{eq:ch3-existence-operator-initial} 的任意解满足 \eqref{eq:ch3-uniqueness-2d-time-regularity} 和 \eqref{eq:ch3-uniqueness-2d-l4q}, 这正是证明唯一性的关键性质. 当 $n=3$ 时, 它们由较弱的 \eqref{eq:ch3-regularity-3d-l83-l4}--\eqref{eq:ch3-regularity-3d-time-derivative} 取代.	equation	eq:ch3-existence-operator-initial	eqref	tex/chapters/chapter-03/section-03.tex:878	tex/chapters/chapter-03/section-03.tex:159	resolved
reference	二维情形下, 已证明 \eqref{eq:ch3-existence-operator-solution-space}--\eqref{eq:ch3-existence-operator-initial} 的任意解满足 \eqref{eq:ch3-uniqueness-2d-time-regularity} 和 \eqref{eq:ch3-uniqueness-2d-l4q}, 这正是证明唯一性的关键性质. 当 $n=3$ 时, 它们由较弱的 \eqref{eq:ch3-regularity-3d-l83-l4}--\eqref{eq:ch3-regularity-3d-time-derivative} 取代.	equation	eq:ch3-uniqueness-2d-time-regularity	eqref	tex/chapters/chapter-03/section-03.tex:878	tex/chapters/chapter-03/section-03.tex:711	resolved
reference	二维情形下, 已证明 \eqref{eq:ch3-existence-operator-solution-space}--\eqref{eq:ch3-existence-operator-initial} 的任意解满足 \eqref{eq:ch3-uniqueness-2d-time-regularity} 和 \eqref{eq:ch3-uniqueness-2d-l4q}, 这正是证明唯一性的关键性质. 当 $n=3$ 时, 它们由较弱的 \eqref{eq:ch3-regularity-3d-l83-l4}--\eqref{eq:ch3-regularity-3d-time-derivative} 取代.	equation	eq:ch3-uniqueness-2d-l4q	eqref	tex/chapters/chapter-03/section-03.tex:878	tex/chapters/chapter-03/section-03.tex:766	resolved
reference	二维情形下, 已证明 \eqref{eq:ch3-existence-operator-solution-space}--\eqref{eq:ch3-existence-operator-initial} 的任意解满足 \eqref{eq:ch3-uniqueness-2d-time-regularity} 和 \eqref{eq:ch3-uniqueness-2d-l4q}, 这正是证明唯一性的关键性质. 当 $n=3$ 时, 它们由较弱的 \eqref{eq:ch3-regularity-3d-l83-l4}--\eqref{eq:ch3-regularity-3d-time-derivative} 取代.	equation	eq:ch3-regularity-3d-l83-l4	eqref	tex/chapters/chapter-03/section-03.tex:878	tex/chapters/chapter-03/section-03.tex:841	resolved
reference	二维情形下, 已证明 \eqref{eq:ch3-existence-operator-solution-space}--\eqref{eq:ch3-existence-operator-initial} 的任意解满足 \eqref{eq:ch3-uniqueness-2d-time-regularity} 和 \eqref{eq:ch3-uniqueness-2d-l4q}, 这正是证明唯一性的关键性质. 当 $n=3$ 时, 它们由较弱的 \eqref{eq:ch3-regularity-3d-l83-l4}--\eqref{eq:ch3-regularity-3d-time-derivative} 取代.	equation	eq:ch3-regularity-3d-time-derivative	eqref	tex/chapters/chapter-03/section-03.tex:878	tex/chapters/chapter-03/section-03.tex:845	resolved
reference	若 $n=3$, 则问题 \ref{prob:ch3-weak-operator} 中满足	unknown	prob:ch3-weak-operator	ref	tex/chapters/chapter-03/section-03.tex:885	tex/chapters/chapter-03/section-03.tex:146	resolved
reference	(i) 不等式 \eqref{eq:ch3-regularity-3d-bu-l4-bound}--\eqref{eq:ch3-regularity-3d-bu-l4} 表明, 若 $u$ 满足 \eqref{eq:ch3-uniqueness-3d-serrin-class}, 则	equation	eq:ch3-regularity-3d-bu-l4-bound	eqref	tex/chapters/chapter-03/section-03.tex:898	tex/chapters/chapter-03/section-03.tex:863	resolved
reference	(i) 不等式 \eqref{eq:ch3-regularity-3d-bu-l4-bound}--\eqref{eq:ch3-regularity-3d-bu-l4} 表明, 若 $u$ 满足 \eqref{eq:ch3-uniqueness-3d-serrin-class}, 则	equation	eq:ch3-regularity-3d-bu-l4	eqref	tex/chapters/chapter-03/section-03.tex:898	tex/chapters/chapter-03/section-03.tex:868	resolved
reference	(i) 不等式 \eqref{eq:ch3-regularity-3d-bu-l4-bound}--\eqref{eq:ch3-regularity-3d-bu-l4} 表明, 若 $u$ 满足 \eqref{eq:ch3-uniqueness-3d-serrin-class}, 则	equation	eq:ch3-uniqueness-3d-serrin-class	eqref	tex/chapters/chapter-03/section-03.tex:898	tex/chapters/chapter-03/section-03.tex:892	resolved
reference	因而若 $u$ 满足 \eqref{eq:ch3-uniqueness-3d-energy-class}--\eqref{eq:ch3-uniqueness-3d-serrin-class} 和 \eqref{eq:ch3-existence-operator-equation}, 则	equation	eq:ch3-uniqueness-3d-energy-class	eqref	tex/chapters/chapter-03/section-03.tex:903	tex/chapters/chapter-03/section-03.tex:888	resolved
reference	因而若 $u$ 满足 \eqref{eq:ch3-uniqueness-3d-energy-class}--\eqref{eq:ch3-uniqueness-3d-serrin-class} 和 \eqref{eq:ch3-existence-operator-equation}, 则	equation	eq:ch3-uniqueness-3d-serrin-class	eqref	tex/chapters/chapter-03/section-03.tex:903	tex/chapters/chapter-03/section-03.tex:892	resolved
reference	因而若 $u$ 满足 \eqref{eq:ch3-uniqueness-3d-energy-class}--\eqref{eq:ch3-uniqueness-3d-serrin-class} 和 \eqref{eq:ch3-existence-operator-equation}, 则	equation	eq:ch3-existence-operator-equation	eqref	tex/chapters/chapter-03/section-03.tex:903	tex/chapters/chapter-03/section-03.tex:155	resolved
reference	由引理 \ref{lem:ch3-linear-lions-magenes-continuity}, $u$ 几乎处处等于从 $[0,T]$ 到 $H$ 的连续函数.	lemma	lem:ch3-linear-lions-magenes-continuity	ref	tex/chapters/chapter-03/section-03.tex:908	tex/chapters/chapter-03/section-01.tex:572	resolved
reference	(ii) 由 Hölder 不等式和 \eqref{eq:ch3-uniqueness-3d-l4-inequality},	equation	eq:ch3-uniqueness-3d-l4-inequality	eqref	tex/chapters/chapter-03/section-03.tex:910	tex/chapters/chapter-03/section-03.tex:793	resolved
reference	(iii) 设 $u_1,u_2$ 是满足 \eqref{eq:ch3-uniqueness-3d-energy-class}--\eqref{eq:ch3-uniqueness-3d-serrin-class} 的两个解, 令 $u=u_1-u_2$.	equation	eq:ch3-uniqueness-3d-energy-class	eqref	tex/chapters/chapter-03/section-03.tex:921	tex/chapters/chapter-03/section-03.tex:888	resolved
reference	(iii) 设 $u_1,u_2$ 是满足 \eqref{eq:ch3-uniqueness-3d-energy-class}--\eqref{eq:ch3-uniqueness-3d-serrin-class} 的两个解, 令 $u=u_1-u_2$.	equation	eq:ch3-uniqueness-3d-serrin-class	eqref	tex/chapters/chapter-03/section-03.tex:921	tex/chapters/chapter-03/section-03.tex:892	resolved
reference	与定理 \ref{thm:ch3-uniqueness-2d} 的证明相同可得	theorem	thm:ch3-uniqueness-2d	ref	tex/chapters/chapter-03/section-03.tex:924	tex/chapters/chapter-03/section-03.tex:693	resolved
reference	由 \eqref{eq:ch3-uniqueness-3d-nonlinear-bound}, 右端可由	equation	eq:ch3-uniqueness-3d-nonlinear-bound	eqref	tex/chapters/chapter-03/section-03.tex:930	tex/chapters/chapter-03/section-03.tex:918	resolved
reference	由于 $t\mapsto\lVert u_2(t)\rVert_{\mathbf L^4(\Omega)}^8$ 可积, 可以像定理 \ref{thm:ch3-uniqueness-2d} 那样完成证明.	theorem	thm:ch3-uniqueness-2d	ref	tex/chapters/chapter-03/section-03.tex:942	tex/chapters/chapter-03/section-03.tex:693	resolved
reference	取代 \eqref{eq:ch3-uniqueness-3d-serrin-class}, 且	equation	eq:ch3-uniqueness-3d-serrin-class	eqref	tex/chapters/chapter-03/section-03.tex:959	tex/chapters/chapter-03/section-03.tex:892	resolved
reference	则由定理 \ref{thm:ch3-existence-weak-solution} 和 \ref{thm:ch3-uniqueness-2d} 给出的问题 \ref{prob:ch3-weak-operator} 的唯一解满足	theorem	thm:ch3-existence-weak-solution	ref	tex/chapters/chapter-03/section-03.tex:993	tex/chapters/chapter-03/section-03.tex:167	resolved
reference	则由定理 \ref{thm:ch3-existence-weak-solution} 和 \ref{thm:ch3-uniqueness-2d} 给出的问题 \ref{prob:ch3-weak-operator} 的唯一解满足	theorem	thm:ch3-uniqueness-2d	ref	tex/chapters/chapter-03/section-03.tex:993	tex/chapters/chapter-03/section-03.tex:693	resolved
reference	则由定理 \ref{thm:ch3-existence-weak-solution} 和 \ref{thm:ch3-uniqueness-2d} 给出的问题 \ref{prob:ch3-weak-operator} 的唯一解满足	unknown	prob:ch3-weak-operator	ref	tex/chapters/chapter-03/section-03.tex:993	tex/chapters/chapter-03/section-03.tex:146	resolved
reference	(i) 回到定理 \ref{thm:ch3-existence-weak-solution} 证明中使用的 Galerkin 逼近. 只需证明该逼近解还满足两个先验估计:	theorem	thm:ch3-existence-weak-solution	ref	tex/chapters/chapter-03/section-03.tex:1001	tex/chapters/chapter-03/section-03.tex:167	resolved
reference	在极限中, \eqref{eq:ch3-regular-2d-galerkin-derivative-boundedness} 推出 \eqref{eq:ch3-regular-2d-time-regularity}.	equation	eq:ch3-regular-2d-galerkin-derivative-boundedness	eqref	tex/chapters/chapter-03/section-03.tex:1006	tex/chapters/chapter-03/section-03.tex:1004	resolved
reference	在极限中, \eqref{eq:ch3-regular-2d-galerkin-derivative-boundedness} 推出 \eqref{eq:ch3-regular-2d-time-regularity}.	equation	eq:ch3-regular-2d-time-regularity	eqref	tex/chapters/chapter-03/section-03.tex:1006	tex/chapters/chapter-03/section-03.tex:996	resolved
reference	(ii) 将 \eqref{eq:ch3-existence-galerkin-equations} 乘 $g_{jm}'(t)$, 再对 $j=1,\ldots,m$ 相加, 得	equation	eq:ch3-existence-galerkin-equations	eqref	tex/chapters/chapter-03/section-03.tex:1020	tex/chapters/chapter-03/section-03.tex:205	resolved
reference	由 \eqref{eq:ch3-regular-2d-initial-projection}, 显然	equation	eq:ch3-regular-2d-initial-projection	eqref	tex/chapters/chapter-03/section-03.tex:1036	tex/chapters/chapter-03/section-03.tex:1016	resolved
reference	\quad\text{(由 \eqref{eq:ch3-uniqueness-2d-l4-inequality} 和 Sobolev 不等式)},	equation	eq:ch3-uniqueness-2d-l4-inequality	eqref	tex/chapters/chapter-03/section-03.tex:1049	tex/chapters/chapter-03/section-03.tex:579	resolved
reference	最后, \eqref{eq:ch3-regular-2d-laplacian-bound} 与上述估计表明	equation	eq:ch3-regular-2d-laplacian-bound	eqref	tex/chapters/chapter-03/section-03.tex:1058	tex/chapters/chapter-03/section-03.tex:1040	resolved
reference	(iii) 可以关于 $t$ 对 \eqref{eq:ch3-existence-galerkin-equations} 求导; 因为 $f$ 满足 \eqref{eq:ch3-regular-2d-force-assumptions}, 得	equation	eq:ch3-existence-galerkin-equations	eqref	tex/chapters/chapter-03/section-03.tex:1064	tex/chapters/chapter-03/section-03.tex:205	resolved
reference	(iii) 可以关于 $t$ 对 \eqref{eq:ch3-existence-galerkin-equations} 求导; 因为 $f$ 满足 \eqref{eq:ch3-regular-2d-force-assumptions}, 得	equation	eq:ch3-regular-2d-force-assumptions	eqref	tex/chapters/chapter-03/section-03.tex:1064	tex/chapters/chapter-03/section-03.tex:987	resolved
reference	将 \eqref{eq:ch3-regular-2d-differentiated-galerkin} 乘 $g_{jm}'(t)$, 再对 $j=1,\ldots,m$ 相加, 利用 \eqref{eq:ch3-existence-skew-cancellation}, 得	equation	eq:ch3-regular-2d-differentiated-galerkin	eqref	tex/chapters/chapter-03/section-03.tex:1071	tex/chapters/chapter-03/section-03.tex:1069	resolved
reference	将 \eqref{eq:ch3-regular-2d-differentiated-galerkin} 乘 $g_{jm}'(t)$, 再对 $j=1,\ldots,m$ 相加, 利用 \eqref{eq:ch3-existence-skew-cancellation}, 得	equation	eq:ch3-existence-skew-cancellation	eqref	tex/chapters/chapter-03/section-03.tex:1071	tex/chapters/chapter-03/section-03.tex:21	resolved
reference	由引理 \ref{lem:ch3-trilinear-2d},	lemma	lem:ch3-trilinear-2d	ref	tex/chapters/chapter-03/section-03.tex:1078	tex/chapters/chapter-03/section-03.tex:629	resolved
reference	因此由 \eqref{eq:ch3-regular-2d-derivative-energy-printed} 得	equation	eq:ch3-regular-2d-derivative-energy-printed	eqref	tex/chapters/chapter-03/section-03.tex:1087	tex/chapters/chapter-03/section-03.tex:1076	resolved
reference	因为 $u_m$ 保持在 $L^2(0,T;V)$ 的一个有界集中(见 \eqref{eq:ch3-existence-galerkin-l2-boundedness}), 且由 \eqref{eq:ch3-regular-2d-initial-derivative-boundedness}, \eqref{eq:ch3-regular-2d-derivative-gronwall-bound} 的右端对 $t\in[0,T]$ 和 $m$ 一致有界:	equation	eq:ch3-existence-galerkin-l2-boundedness	eqref	tex/chapters/chapter-03/section-03.tex:1113	tex/chapters/chapter-03/section-03.tex:291	resolved
reference	因为 $u_m$ 保持在 $L^2(0,T;V)$ 的一个有界集中(见 \eqref{eq:ch3-existence-galerkin-l2-boundedness}), 且由 \eqref{eq:ch3-regular-2d-initial-derivative-boundedness}, \eqref{eq:ch3-regular-2d-derivative-gronwall-bound} 的右端对 $t\in[0,T]$ 和 $m$ 一致有界:	equation	eq:ch3-regular-2d-initial-derivative-boundedness	eqref	tex/chapters/chapter-03/section-03.tex:1113	tex/chapters/chapter-03/section-03.tex:1061	resolved
reference	因为 $u_m$ 保持在 $L^2(0,T;V)$ 的一个有界集中(见 \eqref{eq:ch3-existence-galerkin-l2-boundedness}), 且由 \eqref{eq:ch3-regular-2d-initial-derivative-boundedness}, \eqref{eq:ch3-regular-2d-derivative-gronwall-bound} 的右端对 $t\in[0,T]$ 和 $m$ 一致有界:	equation	eq:ch3-regular-2d-derivative-gronwall-bound	eqref	tex/chapters/chapter-03/section-03.tex:1113	tex/chapters/chapter-03/section-03.tex:1109	resolved
reference	由 \eqref{eq:ch3-regular-2d-derivative-linfty-boundedness} 容易从 \eqref{eq:ch3-regular-2d-derivative-gronwall-inequality} 推出 $u_m'$ 保持在 $L^2(0,T;V)$ 的一个有界集中. 证明完成.	equation	eq:ch3-regular-2d-derivative-linfty-boundedness	eqref	tex/chapters/chapter-03/section-03.tex:1118	tex/chapters/chapter-03/section-03.tex:1116	resolved
reference	由 \eqref{eq:ch3-regular-2d-derivative-linfty-boundedness} 容易从 \eqref{eq:ch3-regular-2d-derivative-gronwall-inequality} 推出 $u_m'$ 保持在 $L^2(0,T;V)$ 的一个有界集中. 证明完成.	equation	eq:ch3-regular-2d-derivative-gronwall-inequality	eqref	tex/chapters/chapter-03/section-03.tex:1118	tex/chapters/chapter-03/section-03.tex:1092	resolved
reference	假设同定理 \ref{thm:ch3-more-regular-2d}, 并进一步假设 $\Omega$ 是有界 $C^2$ 集, 且	theorem	thm:ch3-more-regular-2d	ref	tex/chapters/chapter-03/section-03.tex:1124	tex/chapters/chapter-03/section-03.tex:982	resolved
reference	(i) 将 \eqref{eq:ch3-existence-operator-equation} 写成	equation	eq:ch3-existence-operator-equation	eqref	tex/chapters/chapter-03/section-03.tex:1137	tex/chapters/chapter-03/section-03.tex:155	resolved
reference	(iii) 现在可改进 \eqref{eq:ch3-regular-2d-g-l43}. 以不等式	equation	eq:ch3-regular-2d-g-l43	eqref	tex/chapters/chapter-03/section-03.tex:1171	tex/chapters/chapter-03/section-03.tex:1163	resolved
reference	取代 \eqref{eq:ch3-regular-2d-bu-l43-bound}, 可知 $Bu\in L^\infty(0,T;H)$. 因而 $g\in L^\infty(0,T;H)$, 再次应用 \MBUnresolvedReference{proposition}{Proposition 1.2.2} 得到 \eqref{eq:ch3-regular-2d-h2-linfty}.	equation	eq:ch3-regular-2d-bu-l43-bound	eqref	tex/chapters/chapter-03/section-03.tex:1175	tex/chapters/chapter-03/section-03.tex:1158	resolved
reference	取代 \eqref{eq:ch3-regular-2d-bu-l43-bound}, 可知 $Bu\in L^\infty(0,T;H)$. 因而 $g\in L^\infty(0,T;H)$, 再次应用 \MBUnresolvedReference{proposition}{Proposition 1.2.2} 得到 \eqref{eq:ch3-regular-2d-h2-linfty}.	equation	eq:ch3-regular-2d-h2-linfty	eqref	tex/chapters/chapter-03/section-03.tex:1175	tex/chapters/chapter-03/section-03.tex:1132	resolved
reference	并满足证明过程中给出的另一条件; 若 $\nu$ 充分大, 或 $f,u_0$ “充分小”, 该条件成立.\footnote{见 \eqref{eq:ch3-regular-3d-smallness-condition}.} 则问题 \ref{prob:ch3-weak-operator} 存在唯一解, 且	equation	eq:ch3-regular-3d-smallness-condition	eqref	tex/chapters/chapter-03/section-03.tex:1209	tex/chapters/chapter-03/section-03.tex:1272	resolved
reference	并满足证明过程中给出的另一条件; 若 $\nu$ 充分大, 或 $f,u_0$ “充分小”, 该条件成立.\footnote{见 \eqref{eq:ch3-regular-3d-smallness-condition}.} 则问题 \ref{prob:ch3-weak-operator} 存在唯一解, 且	unknown	prob:ch3-weak-operator	ref	tex/chapters/chapter-03/section-03.tex:1209	tex/chapters/chapter-03/section-03.tex:146	resolved
reference	(i) 首先注意, 唯一性只是定理 \ref{thm:ch3-uniqueness-3d} 的推论, 因为这样的解将满足	theorem	thm:ch3-uniqueness-3d	ref	tex/chapters/chapter-03/section-03.tex:1217	tex/chapters/chapter-03/section-03.tex:884	resolved
reference	而 $V\subset\mathbf L^4(\Omega)$ 因而推出(见 \eqref{eq:ch3-uniqueness-3d-serrin-class})	equation	eq:ch3-uniqueness-3d-serrin-class	eqref	tex/chapters/chapter-03/section-03.tex:1222	tex/chapters/chapter-03/section-03.tex:892	resolved
reference	(ii) 存在性证明的一些步骤与定理 \ref{thm:ch3-uniqueness-3d} 相同: 使用定理 \ref{thm:ch3-existence-weak-solution} 的 Galerkin 方法, 并选择基和 $u_{0m}$ 使 \eqref{eq:ch3-regular-2d-initial-projection} 成立. 估计 \eqref{eq:ch3-regular-2d-laplacian-bound}, 从而 \eqref{eq:ch3-regular-2d-initial-derivative-boundedness} 仍成立:	theorem	thm:ch3-uniqueness-3d	ref	tex/chapters/chapter-03/section-03.tex:1228	tex/chapters/chapter-03/section-03.tex:884	resolved
reference	(ii) 存在性证明的一些步骤与定理 \ref{thm:ch3-uniqueness-3d} 相同: 使用定理 \ref{thm:ch3-existence-weak-solution} 的 Galerkin 方法, 并选择基和 $u_{0m}$ 使 \eqref{eq:ch3-regular-2d-initial-projection} 成立. 估计 \eqref{eq:ch3-regular-2d-laplacian-bound}, 从而 \eqref{eq:ch3-regular-2d-initial-derivative-boundedness} 仍成立:	theorem	thm:ch3-existence-weak-solution	ref	tex/chapters/chapter-03/section-03.tex:1228	tex/chapters/chapter-03/section-03.tex:167	resolved
reference	(ii) 存在性证明的一些步骤与定理 \ref{thm:ch3-uniqueness-3d} 相同: 使用定理 \ref{thm:ch3-existence-weak-solution} 的 Galerkin 方法, 并选择基和 $u_{0m}$ 使 \eqref{eq:ch3-regular-2d-initial-projection} 成立. 估计 \eqref{eq:ch3-regular-2d-laplacian-bound}, 从而 \eqref{eq:ch3-regular-2d-initial-derivative-boundedness} 仍成立:	equation	eq:ch3-regular-2d-initial-projection	eqref	tex/chapters/chapter-03/section-03.tex:1228	tex/chapters/chapter-03/section-03.tex:1016	resolved
reference	(ii) 存在性证明的一些步骤与定理 \ref{thm:ch3-uniqueness-3d} 相同: 使用定理 \ref{thm:ch3-existence-weak-solution} 的 Galerkin 方法, 并选择基和 $u_{0m}$ 使 \eqref{eq:ch3-regular-2d-initial-projection} 成立. 估计 \eqref{eq:ch3-regular-2d-laplacian-bound}, 从而 \eqref{eq:ch3-regular-2d-initial-derivative-boundedness} 仍成立:	equation	eq:ch3-regular-2d-laplacian-bound	eqref	tex/chapters/chapter-03/section-03.tex:1228	tex/chapters/chapter-03/section-03.tex:1040	resolved
reference	(ii) 存在性证明的一些步骤与定理 \ref{thm:ch3-uniqueness-3d} 相同: 使用定理 \ref{thm:ch3-existence-weak-solution} 的 Galerkin 方法, 并选择基和 $u_{0m}$ 使 \eqref{eq:ch3-regular-2d-initial-projection} 成立. 估计 \eqref{eq:ch3-regular-2d-laplacian-bound}, 从而 \eqref{eq:ch3-regular-2d-initial-derivative-boundedness} 仍成立:	equation	eq:ch3-regular-2d-initial-derivative-boundedness	eqref	tex/chapters/chapter-03/section-03.tex:1228	tex/chapters/chapter-03/section-03.tex:1061	resolved
reference	以同样方式导出 \eqref{eq:ch3-regular-2d-derivative-energy-printed}, 再利用 \eqref{eq:ch3-regular-3d-trilinear-v-bound} 得	equation	eq:ch3-regular-2d-derivative-energy-printed	eqref	tex/chapters/chapter-03/section-03.tex:1235	tex/chapters/chapter-03/section-03.tex:1076	resolved
reference	以同样方式导出 \eqref{eq:ch3-regular-2d-derivative-energy-printed}, 再利用 \eqref{eq:ch3-regular-3d-trilinear-v-bound} 得	equation	eq:ch3-regular-3d-trilinear-v-bound	eqref	tex/chapters/chapter-03/section-03.tex:1235	tex/chapters/chapter-03/section-03.tex:1193	resolved
reference	(iii) 由 \eqref{eq:ch3-existence-galerkin-energy-inequality} 和 \eqref{eq:ch3-existence-galerkin-linfty-bound},	equation	eq:ch3-existence-galerkin-energy-inequality	eqref	tex/chapters/chapter-03/section-03.tex:1244	tex/chapters/chapter-03/section-03.tex:259	resolved
reference	(iii) 由 \eqref{eq:ch3-existence-galerkin-energy-inequality} 和 \eqref{eq:ch3-existence-galerkin-linfty-bound},	equation	eq:ch3-existence-galerkin-linfty-bound	eqref	tex/chapters/chapter-03/section-03.tex:1244	tex/chapters/chapter-03/section-03.tex:273	resolved
reference	利用 \eqref{eq:ch3-regular-3d-initial-derivative-bound}, 从 \eqref{eq:ch3-regular-3d-v-bound} 在 $t=0$ 时推出	equation	eq:ch3-regular-3d-initial-derivative-bound	eqref	tex/chapters/chapter-03/section-03.tex:1260	tex/chapters/chapter-03/section-03.tex:1233	resolved
reference	利用 \eqref{eq:ch3-regular-3d-initial-derivative-bound}, 从 \eqref{eq:ch3-regular-3d-v-bound} 在 $t=0$ 时推出	equation	eq:ch3-regular-3d-v-bound	eqref	tex/chapters/chapter-03/section-03.tex:1260	tex/chapters/chapter-03/section-03.tex:1253	resolved
reference	因为 $d_3\leq d_4$, 由 \eqref{eq:ch3-regular-3d-initial-v-bound}--\eqref{eq:ch3-regular-3d-smallness-condition} 得	equation	eq:ch3-regular-3d-initial-v-bound	eqref	tex/chapters/chapter-03/section-03.tex:1274	tex/chapters/chapter-03/section-03.tex:1265	resolved
reference	因为 $d_3\leq d_4$, 由 \eqref{eq:ch3-regular-3d-initial-v-bound}--\eqref{eq:ch3-regular-3d-smallness-condition} 得	equation	eq:ch3-regular-3d-smallness-condition	eqref	tex/chapters/chapter-03/section-03.tex:1274	tex/chapters/chapter-03/section-03.tex:1272	resolved
reference	(iv) 利用 \eqref{eq:ch3-regular-3d-coercivity-nonnegative}, 从 \eqref{eq:ch3-regular-3d-derivative-energy} 得	equation	eq:ch3-regular-3d-coercivity-nonnegative	eqref	tex/chapters/chapter-03/section-03.tex:1287	tex/chapters/chapter-03/section-03.tex:1284	resolved
reference	(iv) 利用 \eqref{eq:ch3-regular-3d-coercivity-nonnegative}, 从 \eqref{eq:ch3-regular-3d-derivative-energy} 得	equation	eq:ch3-regular-3d-derivative-energy	eqref	tex/chapters/chapter-03/section-03.tex:1287	tex/chapters/chapter-03/section-03.tex:1240	resolved
reference	而由 \eqref{eq:ch3-regular-3d-initial-derivative-bound},	equation	eq:ch3-regular-3d-initial-derivative-bound	eqref	tex/chapters/chapter-03/section-03.tex:1304	tex/chapters/chapter-03/section-03.tex:1233	resolved
reference	由 \eqref{eq:ch3-regular-3d-v-bound}, \eqref{eq:ch3-regular-3d-smallness-condition} 和 \eqref{eq:ch3-regular-3d-derivative-linfty-bound},	equation	eq:ch3-regular-3d-v-bound	eqref	tex/chapters/chapter-03/section-03.tex:1313	tex/chapters/chapter-03/section-03.tex:1253	resolved
reference	由 \eqref{eq:ch3-regular-3d-v-bound}, \eqref{eq:ch3-regular-3d-smallness-condition} 和 \eqref{eq:ch3-regular-3d-derivative-linfty-bound},	equation	eq:ch3-regular-3d-smallness-condition	eqref	tex/chapters/chapter-03/section-03.tex:1313	tex/chapters/chapter-03/section-03.tex:1272	resolved
reference	由 \eqref{eq:ch3-regular-3d-v-bound}, \eqref{eq:ch3-regular-3d-smallness-condition} 和 \eqref{eq:ch3-regular-3d-derivative-linfty-bound},	equation	eq:ch3-regular-3d-derivative-linfty-bound	eqref	tex/chapters/chapter-03/section-03.tex:1313	tex/chapters/chapter-03/section-03.tex:1309	resolved
reference	所以 $T_m=T$, 而 \eqref{eq:ch3-regular-3d-derivative-energy} 给出	equation	eq:ch3-regular-3d-derivative-energy	eqref	tex/chapters/chapter-03/section-03.tex:1324	tex/chapters/chapter-03/section-03.tex:1240	resolved
reference	在定理 \ref{thm:ch3-more-regular-3d} 的假设下, 若进一步假设 $\Omega$ 为 $C^2$ 类, 则函数 $u$ 满足	theorem	thm:ch3-more-regular-3d	ref	tex/chapters/chapter-03/section-03.tex:1343	tex/chapters/chapter-03/section-03.tex:1198	resolved
reference	将 \eqref{eq:ch3-existence-operator-equation} 写成	equation	eq:ch3-existence-operator-equation	eqref	tex/chapters/chapter-03/section-03.tex:1351	tex/chapters/chapter-03/section-03.tex:155	resolved
reference	则由 \MBUnresolvedReference{proposition}{Proposition 1.2.2} 得到 \eqref{eq:ch3-regular-3d-h2-linfty}.	equation	eq:ch3-regular-3d-h2-linfty	eqref	tex/chapters/chapter-03/section-03.tex:1362	tex/chapters/chapter-03/section-03.tex:1346	resolved
reference	由 \eqref{eq:ch3-regular-3d-bu-l32-bound} 及 $u\in L^\infty(0,T;V)$ 得	equation	eq:ch3-regular-3d-bu-l32-bound	eqref	tex/chapters/chapter-03/section-03.tex:1374	tex/chapters/chapter-03/section-03.tex:1372	resolved
reference	由 \eqref{eq:ch3-regular-3d-w285} 和 $u\in L^\infty(0,T;V)$, 容易证明 \eqref{eq:ch3-regular-3d-bu-h-linfty-goal}, 从而定理 \ref{thm:ch3-regular-3d-h2} 得证.	equation	eq:ch3-regular-3d-w285	eqref	tex/chapters/chapter-03/section-03.tex:1404	tex/chapters/chapter-03/section-03.tex:1402	resolved
reference	由 \eqref{eq:ch3-regular-3d-w285} 和 $u\in L^\infty(0,T;V)$, 容易证明 \eqref{eq:ch3-regular-3d-bu-h-linfty-goal}, 从而定理 \ref{thm:ch3-regular-3d-h2} 得证.	equation	eq:ch3-regular-3d-bu-h-linfty-goal	eqref	tex/chapters/chapter-03/section-03.tex:1404	tex/chapters/chapter-03/section-03.tex:1360	resolved
reference	由 \eqref{eq:ch3-regular-3d-w285} 和 $u\in L^\infty(0,T;V)$, 容易证明 \eqref{eq:ch3-regular-3d-bu-h-linfty-goal}, 从而定理 \ref{thm:ch3-regular-3d-h2} 得证.	theorem	thm:ch3-regular-3d-h2	ref	tex/chapters/chapter-03/section-03.tex:1404	tex/chapters/chapter-03/section-03.tex:1342	resolved
reference	关于正则性的结论与注 \ref{rem:ch3-regular-compatibility} 相同.	remark	rem:ch3-regular-compatibility	ref	tex/chapters/chapter-03/section-03.tex:1410	tex/chapters/chapter-03/section-03.tex:1181	resolved
reference	若 $u$ 是 \eqref{eq:ch3-existence-operator-solution-space}--\eqref{eq:ch3-existence-operator-initial} 的解, 则对任意 $n\leq4$,	equation	eq:ch3-existence-operator-solution-space	eqref	tex/chapters/chapter-03/section-03.tex:1421	tex/chapters/chapter-03/section-03.tex:151	resolved
reference	若 $u$ 是 \eqref{eq:ch3-existence-operator-solution-space}--\eqref{eq:ch3-existence-operator-initial} 的解, 则对任意 $n\leq4$,	equation	eq:ch3-existence-operator-initial	eqref	tex/chapters/chapter-03/section-03.tex:1421	tex/chapters/chapter-03/section-03.tex:159	resolved
reference	积分 \eqref{eq:ch3-existence-operator-equation} 得	equation	eq:ch3-existence-operator-equation	eqref	tex/chapters/chapter-03/section-03.tex:1426	tex/chapters/chapter-03/section-03.tex:155	resolved
reference	这使我们能够在 $Q=\Omega\times(0,T)$ 中按分布意义对 \eqref{eq:ch3-pressure-integrated-momentum} 求导; 令	equation	eq:ch3-pressure-integrated-momentum	eqref	tex/chapters/chapter-03/section-03.tex:1455	tex/chapters/chapter-03/section-03.tex:1444	resolved
reference	一般而言, 压力是由 \eqref{eq:ch3-pressure-p-continuity}--\eqref{eq:ch3-pressure-definition} 定义的 $Q$ 上分布. 在定理 \ref{thm:ch3-regular-2d-h2}($n=2$)或定理 \ref{thm:ch3-regular-3d-h2}($n=3$)的假设下, 应用 \MBUnresolvedReference{proposition}{Proposition 1.2.2} 还可得到	equation	eq:ch3-pressure-p-continuity	eqref	tex/chapters/chapter-03/section-03.tex:1467	tex/chapters/chapter-03/section-03.tex:1453	resolved
reference	一般而言, 压力是由 \eqref{eq:ch3-pressure-p-continuity}--\eqref{eq:ch3-pressure-definition} 定义的 $Q$ 上分布. 在定理 \ref{thm:ch3-regular-2d-h2}($n=2$)或定理 \ref{thm:ch3-regular-3d-h2}($n=3$)的假设下, 应用 \MBUnresolvedReference{proposition}{Proposition 1.2.2} 还可得到	equation	eq:ch3-pressure-definition	eqref	tex/chapters/chapter-03/section-03.tex:1467	tex/chapters/chapter-03/section-03.tex:1458	resolved
reference	一般而言, 压力是由 \eqref{eq:ch3-pressure-p-continuity}--\eqref{eq:ch3-pressure-definition} 定义的 $Q$ 上分布. 在定理 \ref{thm:ch3-regular-2d-h2}($n=2$)或定理 \ref{thm:ch3-regular-3d-h2}($n=3$)的假设下, 应用 \MBUnresolvedReference{proposition}{Proposition 1.2.2} 还可得到	theorem	thm:ch3-regular-2d-h2	ref	tex/chapters/chapter-03/section-03.tex:1467	tex/chapters/chapter-03/section-03.tex:1123	resolved
reference	一般而言, 压力是由 \eqref{eq:ch3-pressure-p-continuity}--\eqref{eq:ch3-pressure-definition} 定义的 $Q$ 上分布. 在定理 \ref{thm:ch3-regular-2d-h2}($n=2$)或定理 \ref{thm:ch3-regular-3d-h2}($n=3$)的假设下, 应用 \MBUnresolvedReference{proposition}{Proposition 1.2.2} 还可得到	theorem	thm:ch3-regular-3d-h2	ref	tex/chapters/chapter-03/section-03.tex:1467	tex/chapters/chapter-03/section-03.tex:1342	resolved
reference	\item “极弱解”的唯一性, 即定理 \ref{thm:ch3-existence-weak-solution} 保证存在的解的唯一性;	theorem	thm:ch3-existence-weak-solution	ref	tex/chapters/chapter-03/section-03.tex:1479	tex/chapters/chapter-03/section-03.tex:167	resolved
reference	\item 对任意数据在整体时间上的“更正则解”存在性, 例如定理 \ref{thm:ch3-uniqueness-3d} 保证唯一性的解, 或定理 \ref{thm:ch3-more-regular-3d} 在限制条件下证明存在的解.	theorem	thm:ch3-uniqueness-3d	ref	tex/chapters/chapter-03/section-03.tex:1480	tex/chapters/chapter-03/section-03.tex:884	resolved
reference	\item 对任意数据在整体时间上的“更正则解”存在性, 例如定理 \ref{thm:ch3-uniqueness-3d} 保证唯一性的解, 或定理 \ref{thm:ch3-more-regular-3d} 在限制条件下证明存在的解.	theorem	thm:ch3-more-regular-3d	ref	tex/chapters/chapter-03/section-03.tex:1480	tex/chapters/chapter-03/section-03.tex:1198	resolved
reference	\item 满足 \eqref{eq:ch3-existence-weak-variational-equation}, \eqref{eq:ch3-existence-weak-initial-condition} 且	equation	eq:ch3-existence-weak-variational-equation	eqref	tex/chapters/chapter-03/section-03.tex:1486	tex/chapters/chapter-03/section-03.tex:87	resolved
reference	\item 满足 \eqref{eq:ch3-existence-weak-variational-equation}, \eqref{eq:ch3-existence-weak-initial-condition} 且	equation	eq:ch3-existence-weak-initial-condition	eqref	tex/chapters/chapter-03/section-03.tex:1486	tex/chapters/chapter-03/section-03.tex:91	resolved
reference	并因而(定理 \ref{thm:ch3-uniqueness-2d})满足	theorem	thm:ch3-uniqueness-2d	ref	tex/chapters/chapter-03/section-03.tex:1491	tex/chapters/chapter-03/section-03.tex:693	resolved
reference	\item 满足 \eqref{eq:ch3-existence-weak-variational-equation}, \eqref{eq:ch3-existence-weak-initial-condition}, \eqref{eq:ch3-relations-weak-energy-class}, \eqref{eq:ch3-relations-weak-regularity}, 且还满足	equation	eq:ch3-existence-weak-variational-equation	eqref	tex/chapters/chapter-03/section-03.tex:1498	tex/chapters/chapter-03/section-03.tex:87	resolved
reference	\item 满足 \eqref{eq:ch3-existence-weak-variational-equation}, \eqref{eq:ch3-existence-weak-initial-condition}, \eqref{eq:ch3-relations-weak-energy-class}, \eqref{eq:ch3-relations-weak-regularity}, 且还满足	equation	eq:ch3-existence-weak-initial-condition	eqref	tex/chapters/chapter-03/section-03.tex:1498	tex/chapters/chapter-03/section-03.tex:91	resolved
reference	\item 满足 \eqref{eq:ch3-existence-weak-variational-equation}, \eqref{eq:ch3-existence-weak-initial-condition}, \eqref{eq:ch3-relations-weak-energy-class}, \eqref{eq:ch3-relations-weak-regularity}, 且还满足	equation	eq:ch3-relations-weak-energy-class	eqref	tex/chapters/chapter-03/section-03.tex:1498	tex/chapters/chapter-03/section-03.tex:1489	resolved
reference	\item 满足 \eqref{eq:ch3-existence-weak-variational-equation}, \eqref{eq:ch3-existence-weak-initial-condition}, \eqref{eq:ch3-relations-weak-energy-class}, \eqref{eq:ch3-relations-weak-regularity}, 且还满足	equation	eq:ch3-relations-weak-regularity	eqref	tex/chapters/chapter-03/section-03.tex:1498	tex/chapters/chapter-03/section-03.tex:1495	resolved
reference	由定理 \ref{thm:ch3-existence-weak-solution}, \ref{thm:ch3-uniqueness-2d}, \ref{thm:ch3-uniqueness-3d} 和 \ref{thm:ch3-more-regular-3d}, 已知弱解存在但未必唯一, 强解唯一但未必存在(除了一些限制很强的情形).	theorem	thm:ch3-existence-weak-solution	ref	tex/chapters/chapter-03/section-03.tex:1506	tex/chapters/chapter-03/section-03.tex:167	resolved
reference	由定理 \ref{thm:ch3-existence-weak-solution}, \ref{thm:ch3-uniqueness-2d}, \ref{thm:ch3-uniqueness-3d} 和 \ref{thm:ch3-more-regular-3d}, 已知弱解存在但未必唯一, 强解唯一但未必存在(除了一些限制很强的情形).	theorem	thm:ch3-uniqueness-2d	ref	tex/chapters/chapter-03/section-03.tex:1506	tex/chapters/chapter-03/section-03.tex:693	resolved
reference	由定理 \ref{thm:ch3-existence-weak-solution}, \ref{thm:ch3-uniqueness-2d}, \ref{thm:ch3-uniqueness-3d} 和 \ref{thm:ch3-more-regular-3d}, 已知弱解存在但未必唯一, 强解唯一但未必存在(除了一些限制很强的情形).	theorem	thm:ch3-uniqueness-3d	ref	tex/chapters/chapter-03/section-03.tex:1506	tex/chapters/chapter-03/section-03.tex:884	resolved
reference	由定理 \ref{thm:ch3-existence-weak-solution}, \ref{thm:ch3-uniqueness-2d}, \ref{thm:ch3-uniqueness-3d} 和 \ref{thm:ch3-more-regular-3d}, 已知弱解存在但未必唯一, 强解唯一但未必存在(除了一些限制很强的情形).	theorem	thm:ch3-more-regular-3d	ref	tex/chapters/chapter-03/section-03.tex:1506	tex/chapters/chapter-03/section-03.tex:1198	resolved
reference	注意定理 \ref{thm:ch3-existence-weak-solution} 给出的弱解满足能量不等式 \eqref{eq:ch3-existence-energy-inequality}(见注 \ref{rem:ch3-existence-unbounded-energy}):	theorem	thm:ch3-existence-weak-solution	ref	tex/chapters/chapter-03/section-03.tex:1508	tex/chapters/chapter-03/section-03.tex:167	resolved
reference	注意定理 \ref{thm:ch3-existence-weak-solution} 给出的弱解满足能量不等式 \eqref{eq:ch3-existence-energy-inequality}(见注 \ref{rem:ch3-existence-unbounded-energy}):	equation	eq:ch3-existence-energy-inequality	eqref	tex/chapters/chapter-03/section-03.tex:1508	tex/chapters/chapter-03/section-03.tex:559	resolved
reference	注意定理 \ref{thm:ch3-existence-weak-solution} 给出的弱解满足能量不等式 \eqref{eq:ch3-existence-energy-inequality}(见注 \ref{rem:ch3-existence-unbounded-energy}):	remark	rem:ch3-existence-unbounded-energy	ref	tex/chapters/chapter-03/section-03.tex:1508	tex/chapters/chapter-03/section-03.tex:503	resolved
reference	由定理 \ref{thm:ch3-uniqueness-3d}, \eqref{eq:ch3-uniqueness-3d-time-regularity} 和引理 \ref{lem:ch3-linear-lions-magenes-continuity}, 强解(若存在)满足能量等式而不是 \eqref{eq:ch3-relations-weak-energy-inequality}:	theorem	thm:ch3-uniqueness-3d	ref	tex/chapters/chapter-03/section-03.tex:1515	tex/chapters/chapter-03/section-03.tex:884	resolved
reference	由定理 \ref{thm:ch3-uniqueness-3d}, \eqref{eq:ch3-uniqueness-3d-time-regularity} 和引理 \ref{lem:ch3-linear-lions-magenes-continuity}, 强解(若存在)满足能量等式而不是 \eqref{eq:ch3-relations-weak-energy-inequality}:	equation	eq:ch3-uniqueness-3d-time-regularity	eqref	tex/chapters/chapter-03/section-03.tex:1515	tex/chapters/chapter-03/section-03.tex:906	resolved
reference	由定理 \ref{thm:ch3-uniqueness-3d}, \eqref{eq:ch3-uniqueness-3d-time-regularity} 和引理 \ref{lem:ch3-linear-lions-magenes-continuity}, 强解(若存在)满足能量等式而不是 \eqref{eq:ch3-relations-weak-energy-inequality}:	lemma	lem:ch3-linear-lions-magenes-continuity	ref	tex/chapters/chapter-03/section-03.tex:1515	tex/chapters/chapter-03/section-01.tex:572	resolved
reference	由定理 \ref{thm:ch3-uniqueness-3d}, \eqref{eq:ch3-uniqueness-3d-time-regularity} 和引理 \ref{lem:ch3-linear-lions-magenes-continuity}, 强解(若存在)满足能量等式而不是 \eqref{eq:ch3-relations-weak-energy-inequality}:	equation	eq:ch3-relations-weak-energy-inequality	eqref	tex/chapters/chapter-03/section-03.tex:1515	tex/chapters/chapter-03/section-03.tex:1513	resolved
reference	若存在满足 \eqref{eq:ch3-existence-weak-variational-equation}, \eqref{eq:ch3-existence-weak-initial-condition}, \eqref{eq:ch3-relations-weak-energy-class}, \eqref{eq:ch3-relations-strong-energy-equality} 的解 $v$(即强解), 则不存在另一个满足 \eqref{eq:ch3-existence-weak-variational-equation}, \eqref{eq:ch3-existence-weak-initial-condition}, \eqref{eq:ch3-relations-weak-energy-class}, \eqref{eq:ch3-relations-weak-regularity}, \eqref{eq:ch3-relations-weak-energy-inequality} 的解 $u$(即满足能量不等式的弱解).	equation	eq:ch3-existence-weak-variational-equation	eqref	tex/chapters/chapter-03/section-03.tex:1534	tex/chapters/chapter-03/section-03.tex:87	resolved
reference	若存在满足 \eqref{eq:ch3-existence-weak-variational-equation}, \eqref{eq:ch3-existence-weak-initial-condition}, \eqref{eq:ch3-relations-weak-energy-class}, \eqref{eq:ch3-relations-strong-energy-equality} 的解 $v$(即强解), 则不存在另一个满足 \eqref{eq:ch3-existence-weak-variational-equation}, \eqref{eq:ch3-existence-weak-initial-condition}, \eqref{eq:ch3-relations-weak-energy-class}, \eqref{eq:ch3-relations-weak-regularity}, \eqref{eq:ch3-relations-weak-energy-inequality} 的解 $u$(即满足能量不等式的弱解).	equation	eq:ch3-existence-weak-initial-condition	eqref	tex/chapters/chapter-03/section-03.tex:1534	tex/chapters/chapter-03/section-03.tex:91	resolved
reference	若存在满足 \eqref{eq:ch3-existence-weak-variational-equation}, \eqref{eq:ch3-existence-weak-initial-condition}, \eqref{eq:ch3-relations-weak-energy-class}, \eqref{eq:ch3-relations-strong-energy-equality} 的解 $v$(即强解), 则不存在另一个满足 \eqref{eq:ch3-existence-weak-variational-equation}, \eqref{eq:ch3-existence-weak-initial-condition}, \eqref{eq:ch3-relations-weak-energy-class}, \eqref{eq:ch3-relations-weak-regularity}, \eqref{eq:ch3-relations-weak-energy-inequality} 的解 $u$(即满足能量不等式的弱解).	equation	eq:ch3-relations-weak-energy-class	eqref	tex/chapters/chapter-03/section-03.tex:1534	tex/chapters/chapter-03/section-03.tex:1489	resolved
reference	若存在满足 \eqref{eq:ch3-existence-weak-variational-equation}, \eqref{eq:ch3-existence-weak-initial-condition}, \eqref{eq:ch3-relations-weak-energy-class}, \eqref{eq:ch3-relations-strong-energy-equality} 的解 $v$(即强解), 则不存在另一个满足 \eqref{eq:ch3-existence-weak-variational-equation}, \eqref{eq:ch3-existence-weak-initial-condition}, \eqref{eq:ch3-relations-weak-energy-class}, \eqref{eq:ch3-relations-weak-regularity}, \eqref{eq:ch3-relations-weak-energy-inequality} 的解 $u$(即满足能量不等式的弱解).	equation	eq:ch3-relations-strong-energy-equality	eqref	tex/chapters/chapter-03/section-03.tex:1534	tex/chapters/chapter-03/section-03.tex:1520	resolved
reference	若存在满足 \eqref{eq:ch3-existence-weak-variational-equation}, \eqref{eq:ch3-existence-weak-initial-condition}, \eqref{eq:ch3-relations-weak-energy-class}, \eqref{eq:ch3-relations-strong-energy-equality} 的解 $v$(即强解), 则不存在另一个满足 \eqref{eq:ch3-existence-weak-variational-equation}, \eqref{eq:ch3-existence-weak-initial-condition}, \eqref{eq:ch3-relations-weak-energy-class}, \eqref{eq:ch3-relations-weak-regularity}, \eqref{eq:ch3-relations-weak-energy-inequality} 的解 $u$(即满足能量不等式的弱解).	equation	eq:ch3-existence-weak-variational-equation	eqref	tex/chapters/chapter-03/section-03.tex:1534	tex/chapters/chapter-03/section-03.tex:87	resolved
reference	若存在满足 \eqref{eq:ch3-existence-weak-variational-equation}, \eqref{eq:ch3-existence-weak-initial-condition}, \eqref{eq:ch3-relations-weak-energy-class}, \eqref{eq:ch3-relations-strong-energy-equality} 的解 $v$(即强解), 则不存在另一个满足 \eqref{eq:ch3-existence-weak-variational-equation}, \eqref{eq:ch3-existence-weak-initial-condition}, \eqref{eq:ch3-relations-weak-energy-class}, \eqref{eq:ch3-relations-weak-regularity}, \eqref{eq:ch3-relations-weak-energy-inequality} 的解 $u$(即满足能量不等式的弱解).	equation	eq:ch3-existence-weak-initial-condition	eqref	tex/chapters/chapter-03/section-03.tex:1534	tex/chapters/chapter-03/section-03.tex:91	resolved
reference	若存在满足 \eqref{eq:ch3-existence-weak-variational-equation}, \eqref{eq:ch3-existence-weak-initial-condition}, \eqref{eq:ch3-relations-weak-energy-class}, \eqref{eq:ch3-relations-strong-energy-equality} 的解 $v$(即强解), 则不存在另一个满足 \eqref{eq:ch3-existence-weak-variational-equation}, \eqref{eq:ch3-existence-weak-initial-condition}, \eqref{eq:ch3-relations-weak-energy-class}, \eqref{eq:ch3-relations-weak-regularity}, \eqref{eq:ch3-relations-weak-energy-inequality} 的解 $u$(即满足能量不等式的弱解).	equation	eq:ch3-relations-weak-energy-class	eqref	tex/chapters/chapter-03/section-03.tex:1534	tex/chapters/chapter-03/section-03.tex:1489	resolved
reference	若存在满足 \eqref{eq:ch3-existence-weak-variational-equation}, \eqref{eq:ch3-existence-weak-initial-condition}, \eqref{eq:ch3-relations-weak-energy-class}, \eqref{eq:ch3-relations-strong-energy-equality} 的解 $v$(即强解), 则不存在另一个满足 \eqref{eq:ch3-existence-weak-variational-equation}, \eqref{eq:ch3-existence-weak-initial-condition}, \eqref{eq:ch3-relations-weak-energy-class}, \eqref{eq:ch3-relations-weak-regularity}, \eqref{eq:ch3-relations-weak-energy-inequality} 的解 $u$(即满足能量不等式的弱解).	equation	eq:ch3-relations-weak-regularity	eqref	tex/chapters/chapter-03/section-03.tex:1534	tex/chapters/chapter-03/section-03.tex:1495	resolved
reference	若存在满足 \eqref{eq:ch3-existence-weak-variational-equation}, \eqref{eq:ch3-existence-weak-initial-condition}, \eqref{eq:ch3-relations-weak-energy-class}, \eqref{eq:ch3-relations-strong-energy-equality} 的解 $v$(即强解), 则不存在另一个满足 \eqref{eq:ch3-existence-weak-variational-equation}, \eqref{eq:ch3-existence-weak-initial-condition}, \eqref{eq:ch3-relations-weak-energy-class}, \eqref{eq:ch3-relations-weak-regularity}, \eqref{eq:ch3-relations-weak-energy-inequality} 的解 $u$(即满足能量不等式的弱解).	equation	eq:ch3-relations-weak-energy-inequality	eqref	tex/chapters/chapter-03/section-03.tex:1534	tex/chapters/chapter-03/section-03.tex:1513	resolved
reference	设 $u,v$ 是定理 \ref{thm:ch3-weak-strong-uniqueness} 中的两个解; $u$ 满足 \eqref{eq:ch3-relations-weak-energy-inequality}, $v$ 满足 \eqref{eq:ch3-relations-strong-energy-equality}. 下一引理将证明	theorem	thm:ch3-weak-strong-uniqueness	ref	tex/chapters/chapter-03/section-03.tex:1541	tex/chapters/chapter-03/section-03.tex:1527	resolved
reference	设 $u,v$ 是定理 \ref{thm:ch3-weak-strong-uniqueness} 中的两个解; $u$ 满足 \eqref{eq:ch3-relations-weak-energy-inequality}, $v$ 满足 \eqref{eq:ch3-relations-strong-energy-equality}. 下一引理将证明	equation	eq:ch3-relations-weak-energy-inequality	eqref	tex/chapters/chapter-03/section-03.tex:1541	tex/chapters/chapter-03/section-03.tex:1513	resolved
reference	设 $u,v$ 是定理 \ref{thm:ch3-weak-strong-uniqueness} 中的两个解; $u$ 满足 \eqref{eq:ch3-relations-weak-energy-inequality}, $v$ 满足 \eqref{eq:ch3-relations-strong-energy-equality}. 下一引理将证明	equation	eq:ch3-relations-strong-energy-equality	eqref	tex/chapters/chapter-03/section-03.tex:1541	tex/chapters/chapter-03/section-03.tex:1520	resolved
reference	将 \eqref{eq:ch3-relations-weak-energy-inequality} 与 \eqref{eq:ch3-relations-strong-energy-equality} 相加, 再从相应不等式中减去两倍 \eqref{eq:ch3-relations-cross-energy}. 展开后得到	equation	eq:ch3-relations-weak-energy-inequality	eqref	tex/chapters/chapter-03/section-03.tex:1552	tex/chapters/chapter-03/section-03.tex:1513	resolved
reference	将 \eqref{eq:ch3-relations-weak-energy-inequality} 与 \eqref{eq:ch3-relations-strong-energy-equality} 相加, 再从相应不等式中减去两倍 \eqref{eq:ch3-relations-cross-energy}. 展开后得到	equation	eq:ch3-relations-strong-energy-equality	eqref	tex/chapters/chapter-03/section-03.tex:1552	tex/chapters/chapter-03/section-03.tex:1520	resolved
reference	将 \eqref{eq:ch3-relations-weak-energy-inequality} 与 \eqref{eq:ch3-relations-strong-energy-equality} 相加, 再从相应不等式中减去两倍 \eqref{eq:ch3-relations-cross-energy}. 展开后得到	equation	eq:ch3-relations-cross-energy	eqref	tex/chapters/chapter-03/section-03.tex:1552	tex/chapters/chapter-03/section-03.tex:1548	resolved
reference	利用 Hölder 不等式, 第 \ref{chap:steady-state-navier-stokes} 章导出估计	chapter	chap:steady-state-navier-stokes	ref	tex/chapters/chapter-03/section-03.tex:1558	tex/chapters/chapter-02.tex:5	resolved
reference	由引理 \ref{lem:ch3-ladyzhenskaya-3d}, 该式可由	lemma	lem:ch3-ladyzhenskaya-3d	ref	tex/chapters/chapter-03/section-03.tex:1564	tex/chapters/chapter-03/section-03.tex:786	resolved
reference	控制. 代入 \eqref{eq:ch3-relations-difference-energy} 得	equation	eq:ch3-relations-difference-energy	eqref	tex/chapters/chapter-03/section-03.tex:1571	tex/chapters/chapter-03/section-03.tex:1556	resolved
reference	由于 $t\mapsto\sigma(t)=2c_3\lVert v(t)\rVert_{\mathbf L^4(\Omega)}^8$ 可积($v$ 满足 \eqref{eq:ch3-relations-strong-class}), Gronwall 不等式给出	equation	eq:ch3-relations-strong-class	eqref	tex/chapters/chapter-03/section-03.tex:1576	tex/chapters/chapter-03/section-03.tex:1501	resolved
reference	还需证明 \eqref{eq:ch3-relations-cross-energy}.	equation	eq:ch3-relations-cross-energy	eqref	tex/chapters/chapter-03/section-03.tex:1583	tex/chapters/chapter-03/section-03.tex:1548	resolved
reference	对定理 \ref{thm:ch3-weak-strong-uniqueness} 中的 $u,v$, 关系 \eqref{eq:ch3-relations-cross-energy} 成立.	theorem	thm:ch3-weak-strong-uniqueness	ref	tex/chapters/chapter-03/section-03.tex:1588	tex/chapters/chapter-03/section-03.tex:1527	resolved
reference	对定理 \ref{thm:ch3-weak-strong-uniqueness} 中的 $u,v$, 关系 \eqref{eq:ch3-relations-cross-energy} 成立.	equation	eq:ch3-relations-cross-energy	eqref	tex/chapters/chapter-03/section-03.tex:1588	tex/chapters/chapter-03/section-03.tex:1548	resolved
reference	由 \eqref{eq:ch3-existence-operator-equation},	equation	eq:ch3-existence-operator-equation	eqref	tex/chapters/chapter-03/section-03.tex:1600	tex/chapters/chapter-03/section-03.tex:155	resolved
reference	对 \eqref{eq:ch3-relations-u-equation} 正则化得到	equation	eq:ch3-relations-u-equation	eqref	tex/chapters/chapter-03/section-03.tex:1609	tex/chapters/chapter-03/section-03.tex:1603	resolved
reference	由 \eqref{eq:ch3-relations-v-equation} 和 \eqref{eq:ch3-relations-regularized-u-equation}, 在 $(\epsilon,T-\epsilon)$ 上有	equation	eq:ch3-relations-v-equation	eqref	tex/chapters/chapter-03/section-03.tex:1619	tex/chapters/chapter-03/section-03.tex:1607	resolved
reference	由 \eqref{eq:ch3-relations-v-equation} 和 \eqref{eq:ch3-relations-regularized-u-equation}, 在 $(\epsilon,T-\epsilon)$ 上有	equation	eq:ch3-relations-regularized-u-equation	eqref	tex/chapters/chapter-03/section-03.tex:1619	tex/chapters/chapter-03/section-03.tex:1615	resolved
reference	将 \eqref{eq:ch3-relations-regularized-cross-derivative} 从 $s$ 积分到 $t$, $\epsilon<s<t<T-\epsilon$, 得	equation	eq:ch3-relations-regularized-cross-derivative	eqref	tex/chapters/chapter-03/section-03.tex:1638	tex/chapters/chapter-03/section-03.tex:1634	resolved
reference	由 \eqref{eq:ch3-relations-weak-energy-class}, \eqref{eq:ch3-relations-weak-regularity} 和 \eqref{eq:ch3-relations-strong-class},	equation	eq:ch3-relations-weak-energy-class	eqref	tex/chapters/chapter-03/section-03.tex:1650	tex/chapters/chapter-03/section-03.tex:1489	resolved
reference	由 \eqref{eq:ch3-relations-weak-energy-class}, \eqref{eq:ch3-relations-weak-regularity} 和 \eqref{eq:ch3-relations-strong-class},	equation	eq:ch3-relations-weak-regularity	eqref	tex/chapters/chapter-03/section-03.tex:1650	tex/chapters/chapter-03/section-03.tex:1495	resolved
reference	由 \eqref{eq:ch3-relations-weak-energy-class}, \eqref{eq:ch3-relations-weak-regularity} 和 \eqref{eq:ch3-relations-strong-class},	equation	eq:ch3-relations-strong-class	eqref	tex/chapters/chapter-03/section-03.tex:1650	tex/chapters/chapter-03/section-03.tex:1501	resolved
reference	因此可在 \eqref{eq:ch3-relations-regularized-cross-integral} 中取极限; 对几乎所有 $s,t$, $0<s<t<T$,	equation	eq:ch3-relations-regularized-cross-integral	eqref	tex/chapters/chapter-03/section-03.tex:1662	tex/chapters/chapter-03/section-03.tex:1648	resolved
reference	因为 $u$ 在 $H$ 中弱连续(定理 \ref{thm:ch3-existence-weak-solution}), $v$ 在 $H$ 中强连续(定理 \ref{thm:ch3-uniqueness-3d}), 函数 $t\mapsto(u(t),v(t))$ 连续, 所以 \eqref{eq:ch3-relations-cross-identity-general} 对所有 $0\leq s<t\leq T$ 成立. 令 $s=0$, 并注意	theorem	thm:ch3-existence-weak-solution	ref	tex/chapters/chapter-03/section-03.tex:1673	tex/chapters/chapter-03/section-03.tex:167	resolved
reference	因为 $u$ 在 $H$ 中弱连续(定理 \ref{thm:ch3-existence-weak-solution}), $v$ 在 $H$ 中强连续(定理 \ref{thm:ch3-uniqueness-3d}), 函数 $t\mapsto(u(t),v(t))$ 连续, 所以 \eqref{eq:ch3-relations-cross-identity-general} 对所有 $0\leq s<t\leq T$ 成立. 令 $s=0$, 并注意	theorem	thm:ch3-uniqueness-3d	ref	tex/chapters/chapter-03/section-03.tex:1673	tex/chapters/chapter-03/section-03.tex:884	resolved
reference	因为 $u$ 在 $H$ 中弱连续(定理 \ref{thm:ch3-existence-weak-solution}), $v$ 在 $H$ 中强连续(定理 \ref{thm:ch3-uniqueness-3d}), 函数 $t\mapsto(u(t),v(t))$ 连续, 所以 \eqref{eq:ch3-relations-cross-identity-general} 对所有 $0\leq s<t\leq T$ 成立. 令 $s=0$, 并注意	equation	eq:ch3-relations-cross-identity-general	eqref	tex/chapters/chapter-03/section-03.tex:1673	tex/chapters/chapter-03/section-03.tex:1671	resolved
reference	恰好得到 \eqref{eq:ch3-relations-cross-energy}.	equation	eq:ch3-relations-cross-energy	eqref	tex/chapters/chapter-03/section-03.tex:1677	tex/chapters/chapter-03/section-03.tex:1548	resolved
reference	若 $\Omega$ 是 $\mathbb R^n$($n=2,3$) 中的有界 Lipschitz 开集, 可在 Galerkin 方法(第 \ref{subsec:ch3-existence-proof} 小节)中采用第 \ref{subsec:ch1-stokes-eigenfunctions} 小节引入的特征函数基 $w_i$. 这将给出关于解的进一步先验估计, 以及与第 \ref{subsec:ch3-more-regular-solutions} 小节略有不同的正则解存在性结果.	subsection	subsec:ch3-existence-proof	ref	tex/chapters/chapter-03/section-03.tex:1683	tex/chapters/chapter-03/section-03.tex:194	resolved
reference	若 $\Omega$ 是 $\mathbb R^n$($n=2,3$) 中的有界 Lipschitz 开集, 可在 Galerkin 方法(第 \ref{subsec:ch3-existence-proof} 小节)中采用第 \ref{subsec:ch1-stokes-eigenfunctions} 小节引入的特征函数基 $w_i$. 这将给出关于解的进一步先验估计, 以及与第 \ref{subsec:ch3-more-regular-solutions} 小节略有不同的正则解存在性结果.	subsection	subsec:ch1-stokes-eigenfunctions	ref	tex/chapters/chapter-03/section-03.tex:1683	tex/chapters/chapter-01/section-02.tex:830	resolved
reference	若 $\Omega$ 是 $\mathbb R^n$($n=2,3$) 中的有界 Lipschitz 开集, 可在 Galerkin 方法(第 \ref{subsec:ch3-existence-proof} 小节)中采用第 \ref{subsec:ch1-stokes-eigenfunctions} 小节引入的特征函数基 $w_i$. 这将给出关于解的进一步先验估计, 以及与第 \ref{subsec:ch3-more-regular-solutions} 小节略有不同的正则解存在性结果.	subsection	subsec:ch3-more-regular-solutions	ref	tex/chapters/chapter-03/section-03.tex:1683	tex/chapters/chapter-03/section-03.tex:974	resolved
reference	把 \eqref{eq:ch3-special-basis-stokes-variational} 解释为线性 Stokes 问题, 再应用 \MBUnresolvedReference{proposition}{Proposition 1.2.2}, 得	equation	eq:ch3-special-basis-stokes-variational	eqref	tex/chapters/chapter-03/section-03.tex:1703	tex/chapters/chapter-03/section-03.tex:1701	resolved
reference	由 \eqref{eq:ch3-uniqueness-2d-l4-inequality},\footnote{关系 \eqref{eq:ch3-uniqueness-2d-l4-inequality} 对 $v\in H_0^1(\Omega)$ 建立; 对 $v\in H^1(\Omega)$ 也成立, 但系数 $2^{1/4}$ 换成依赖于 $\Omega$ 的常数. 见 Lions--Magenes [1].} 右端由	equation	eq:ch3-uniqueness-2d-l4-inequality	eqref	tex/chapters/chapter-03/section-03.tex:1732	tex/chapters/chapter-03/section-03.tex:579	resolved
reference	由 \eqref{eq:ch3-uniqueness-2d-l4-inequality},\footnote{关系 \eqref{eq:ch3-uniqueness-2d-l4-inequality} 对 $v\in H_0^1(\Omega)$ 建立; 对 $v\in H^1(\Omega)$ 也成立, 但系数 $2^{1/4}$ 换成依赖于 $\Omega$ 的常数. 见 Lions--Magenes [1].} 右端由	equation	eq:ch3-uniqueness-2d-l4-inequality	eqref	tex/chapters/chapter-03/section-03.tex:1732	tex/chapters/chapter-03/section-03.tex:579	resolved
reference	应用引理 \ref{lem:ch3-special-basis-a-norm} 得 \eqref{eq:ch3-special-basis-bu-2d}.	lemma	lem:ch3-special-basis-a-norm	ref	tex/chapters/chapter-03/section-03.tex:1742	tex/chapters/chapter-03/section-03.tex:1692	resolved
reference	应用引理 \ref{lem:ch3-special-basis-a-norm} 得 \eqref{eq:ch3-special-basis-bu-2d}.	equation	eq:ch3-special-basis-bu-2d	eqref	tex/chapters/chapter-03/section-03.tex:1742	tex/chapters/chapter-03/section-03.tex:1717	resolved
reference	于是 \eqref{eq:ch3-special-basis-bu-3d} 得证.	equation	eq:ch3-special-basis-bu-3d	eqref	tex/chapters/chapter-03/section-03.tex:1762	tex/chapters/chapter-03/section-03.tex:1722	resolved
reference	则问题 \ref{prob:ch3-weak-operator} 存在唯一解, 且还满足	unknown	prob:ch3-weak-operator	ref	tex/chapters/chapter-03/section-03.tex:1781	tex/chapters/chapter-03/section-03.tex:146	resolved
reference	先考虑 $u_0\in V$ 的情形. 再次考虑定理 \ref{thm:ch3-existence-weak-solution} 证明中使用的 Galerkin 逼近. 这次取第 \ref{subsec:ch1-stokes-eigenfunctions} 小节给出的 $w_j$, 并假设 $u_{0m}\in\operatorname{Sp}[w_1,\ldots,w_m]$ 满足	theorem	thm:ch3-existence-weak-solution	ref	tex/chapters/chapter-03/section-03.tex:1796	tex/chapters/chapter-03/section-03.tex:167	resolved
reference	先考虑 $u_0\in V$ 的情形. 再次考虑定理 \ref{thm:ch3-existence-weak-solution} 证明中使用的 Galerkin 逼近. 这次取第 \ref{subsec:ch1-stokes-eigenfunctions} 小节给出的 $w_j$, 并假设 $u_{0m}\in\operatorname{Sp}[w_1,\ldots,w_m]$ 满足	subsection	subsec:ch1-stokes-eigenfunctions	ref	tex/chapters/chapter-03/section-03.tex:1796	tex/chapters/chapter-01/section-02.tex:830	resolved
reference	关系 \eqref{eq:ch3-existence-galerkin-equations} 可写成	equation	eq:ch3-existence-galerkin-equations	eqref	tex/chapters/chapter-03/section-03.tex:1801	tex/chapters/chapter-03/section-03.tex:205	resolved
reference	因此乘以 $\lambda_j$ 后, 可将 \eqref{eq:ch3-special-basis-galerkin-equation} 写成	equation	eq:ch3-special-basis-galerkin-equation	eqref	tex/chapters/chapter-03/section-03.tex:1813	tex/chapters/chapter-03/section-03.tex:1805	resolved
reference	再乘 $g_j$(见 \eqref{eq:ch3-existence-galerkin-expansion})并对 $j=1,\ldots,m$ 相加, 得	equation	eq:ch3-existence-galerkin-expansion	eqref	tex/chapters/chapter-03/section-03.tex:1817	tex/chapters/chapter-03/section-03.tex:198	resolved
reference	由引理 \ref{lem:ch3-special-basis-bu-estimates},	lemma	lem:ch3-special-basis-bu-estimates	ref	tex/chapters/chapter-03/section-03.tex:1823	tex/chapters/chapter-03/section-03.tex:1712	resolved
reference	由估计 \eqref{eq:ch3-existence-galerkin-linfty-boundedness}, \eqref{eq:ch3-existence-galerkin-l2-boundedness},	equation	eq:ch3-existence-galerkin-linfty-boundedness	eqref	tex/chapters/chapter-03/section-03.tex:1843	tex/chapters/chapter-03/section-03.tex:278	resolved
reference	由估计 \eqref{eq:ch3-existence-galerkin-linfty-boundedness}, \eqref{eq:ch3-existence-galerkin-l2-boundedness},	equation	eq:ch3-existence-galerkin-l2-boundedness	eqref	tex/chapters/chapter-03/section-03.tex:1843	tex/chapters/chapter-03/section-03.tex:291	resolved
reference	再由 Gronwall 方法和 \eqref{eq:ch3-special-basis-galerkin-equation}, 得	equation	eq:ch3-special-basis-galerkin-equation	eqref	tex/chapters/chapter-03/section-03.tex:1847	tex/chapters/chapter-03/section-03.tex:1805	resolved
reference	回到 \eqref{eq:ch3-special-basis-2d-higher-energy-inequality}, 得	equation	eq:ch3-special-basis-2d-higher-energy-inequality	eqref	tex/chapters/chapter-03/section-03.tex:1854	tex/chapters/chapter-03/section-03.tex:1836	resolved
reference	由 \eqref{eq:ch3-special-basis-2d-v-linfty-boundedness} 和引理 \ref{lem:ch3-special-basis-a-norm},	equation	eq:ch3-special-basis-2d-v-linfty-boundedness	eqref	tex/chapters/chapter-03/section-03.tex:1862	tex/chapters/chapter-03/section-03.tex:1850	resolved
reference	由 \eqref{eq:ch3-special-basis-2d-v-linfty-boundedness} 和引理 \ref{lem:ch3-special-basis-a-norm},	lemma	lem:ch3-special-basis-a-norm	ref	tex/chapters/chapter-03/section-03.tex:1862	tex/chapters/chapter-03/section-03.tex:1692	resolved
reference	容易得出 $u_m$ 收敛到 $u$, 且 $u\in L^\infty(0,T;V)\cap L^2(0,T;\mathbf H^2(\Omega))$. 引理 \ref{lem:ch3-special-basis-bu-estimates} 推出 $Bu\in L^4(0,T;H)$; 另一方面 $Au\in L^2(0,T;H)$, 由 \eqref{eq:ch3-existence-operator-equation}, $u'=f-Bu-\nu Au\in L^2(0,T;H)$. 因此 $u_0\in V$ 时定理得证.	lemma	lem:ch3-special-basis-bu-estimates	ref	tex/chapters/chapter-03/section-03.tex:1867	tex/chapters/chapter-03/section-03.tex:1712	resolved
reference	容易得出 $u_m$ 收敛到 $u$, 且 $u\in L^\infty(0,T;V)\cap L^2(0,T;\mathbf H^2(\Omega))$. 引理 \ref{lem:ch3-special-basis-bu-estimates} 推出 $Bu\in L^4(0,T;H)$; 另一方面 $Au\in L^2(0,T;H)$, 由 \eqref{eq:ch3-existence-operator-equation}, $u'=f-Bu-\nu Au\in L^2(0,T;H)$. 因此 $u_0\in V$ 时定理得证.	equation	eq:ch3-existence-operator-equation	eqref	tex/chapters/chapter-03/section-03.tex:1867	tex/chapters/chapter-03/section-03.tex:155	resolved
reference	若 $u_0\in H$, 将 \eqref{eq:ch3-special-basis-2d-higher-energy-inequality} 乘 $t$, 得	equation	eq:ch3-special-basis-2d-higher-energy-inequality	eqref	tex/chapters/chapter-03/section-03.tex:1869	tex/chapters/chapter-03/section-03.tex:1836	resolved
reference	从而 $\sqrt t,u_m$ 保持在 $L^\infty(0,T;V)$ 和 $L^2(0,T;\mathbf H^2(\Omega))$ 中有界. 令 $m\to\infty$ 得到 \eqref{eq:ch3-special-basis-2d-weighted-regularity} 的第一部分; $\sqrt t,u'\in L^2(0,T;H)$ 用与前面类似的证明得到: 由 \eqref{eq:ch3-special-basis-bu-2d},	equation	eq:ch3-special-basis-2d-weighted-regularity	eqref	tex/chapters/chapter-03/section-03.tex:1874	tex/chapters/chapter-03/section-03.tex:1785	resolved
reference	从而 $\sqrt t,u_m$ 保持在 $L^\infty(0,T;V)$ 和 $L^2(0,T;\mathbf H^2(\Omega))$ 中有界. 令 $m\to\infty$ 得到 \eqref{eq:ch3-special-basis-2d-weighted-regularity} 的第一部分; $\sqrt t,u'\in L^2(0,T;H)$ 用与前面类似的证明得到: 由 \eqref{eq:ch3-special-basis-bu-2d},	equation	eq:ch3-special-basis-bu-2d	eqref	tex/chapters/chapter-03/section-03.tex:1874	tex/chapters/chapter-03/section-03.tex:1717	resolved
reference	使问题 \ref{prob:ch3-weak-operator} 在 $(0,T_*)$ 上存在唯一解 $u$, 且	unknown	prob:ch3-weak-operator	ref	tex/chapters/chapter-03/section-03.tex:1904	tex/chapters/chapter-03/section-03.tex:146	resolved
reference	像定理 \ref{thm:ch3-special-basis-2d} 一样进行, 直到等式 \eqref{eq:ch3-special-basis-higher-energy-identity}. 随后引理 \ref{lem:ch3-special-basis-bu-estimates} 给出	theorem	thm:ch3-special-basis-2d	ref	tex/chapters/chapter-03/section-03.tex:1916	tex/chapters/chapter-03/section-03.tex:1771	resolved
reference	像定理 \ref{thm:ch3-special-basis-2d} 一样进行, 直到等式 \eqref{eq:ch3-special-basis-higher-energy-identity}. 随后引理 \ref{lem:ch3-special-basis-bu-estimates} 给出	equation	eq:ch3-special-basis-higher-energy-identity	eqref	tex/chapters/chapter-03/section-03.tex:1916	tex/chapters/chapter-03/section-03.tex:1821	resolved
reference	像定理 \ref{thm:ch3-special-basis-2d} 一样进行, 直到等式 \eqref{eq:ch3-special-basis-higher-energy-identity}. 随后引理 \ref{lem:ch3-special-basis-bu-estimates} 给出	lemma	lem:ch3-special-basis-bu-estimates	ref	tex/chapters/chapter-03/section-03.tex:1916	tex/chapters/chapter-03/section-03.tex:1712	resolved
reference	由引理 \ref{lem:ch3-special-basis-bu-estimates}, $|Av|\leq c_{10}\lVert v\rVert$, 因而	lemma	lem:ch3-special-basis-bu-estimates	ref	tex/chapters/chapter-03/section-03.tex:1933	tex/chapters/chapter-03/section-03.tex:1712	resolved
reference	因此 $u_m$ 序列在 $L^\infty(0,T_*;V)$ 中有界, 进而像前面一样在 $L^2(0,T_*;\mathbf H^2(\Omega))$ 中有界. $u_m'$ 也在 $L^2(0,T_*;H)$ 中有界. 极限 $u$ 是问题 \ref{prob:ch3-weak-operator} 在 $[0,T_*]$ 上的唯一解, 结论得证.	unknown	prob:ch3-weak-operator	ref	tex/chapters/chapter-03/section-03.tex:1964	tex/chapters/chapter-03/section-03.tex:146	resolved
reference	直接地或在 \eqref{eq:ch3-special-basis-2d-higher-energy-inequality}, \eqref{eq:ch3-special-basis-3d-higher-energy-inequality} 中取下极限可知, $u$ 满足	equation	eq:ch3-special-basis-2d-higher-energy-inequality	eqref	tex/chapters/chapter-03/section-03.tex:1970	tex/chapters/chapter-03/section-03.tex:1836	resolved
reference	直接地或在 \eqref{eq:ch3-special-basis-2d-higher-energy-inequality}, \eqref{eq:ch3-special-basis-3d-higher-energy-inequality} 中取下极限可知, $u$ 满足	equation	eq:ch3-special-basis-3d-higher-energy-inequality	eqref	tex/chapters/chapter-03/section-03.tex:1970	tex/chapters/chapter-03/section-03.tex:1929	resolved
reference	设 $u$ 是定理 \ref{thm:ch3-existence-weak-solution} 给出的问题 \ref{prob:ch3-weak-operator} 的某个解(当 $n=2$ 时为唯一解). 由 \eqref{eq:ch3-existence-energy-inequality},	theorem	thm:ch3-existence-weak-solution	ref	tex/chapters/chapter-03/section-03.tex:2005	tex/chapters/chapter-03/section-03.tex:167	resolved
reference	设 $u$ 是定理 \ref{thm:ch3-existence-weak-solution} 给出的问题 \ref{prob:ch3-weak-operator} 的某个解(当 $n=2$ 时为唯一解). 由 \eqref{eq:ch3-existence-energy-inequality},	unknown	prob:ch3-weak-operator	ref	tex/chapters/chapter-03/section-03.tex:2005	tex/chapters/chapter-03/section-03.tex:146	resolved
reference	设 $u$ 是定理 \ref{thm:ch3-existence-weak-solution} 给出的问题 \ref{prob:ch3-weak-operator} 的某个解(当 $n=2$ 时为唯一解). 由 \eqref{eq:ch3-existence-energy-inequality},	equation	eq:ch3-existence-energy-inequality	eqref	tex/chapters/chapter-03/section-03.tex:2005	tex/chapters/chapter-03/section-03.tex:559	resolved
reference	而 \eqref{eq:ch3-special-basis-limit-2d}, \eqref{eq:ch3-special-basis-limit-3d} 给出	equation	eq:ch3-special-basis-limit-2d	eqref	tex/chapters/chapter-03/section-03.tex:2014	tex/chapters/chapter-03/section-03.tex:1975	resolved
reference	而 \eqref{eq:ch3-special-basis-limit-2d}, \eqref{eq:ch3-special-basis-limit-3d} 给出	equation	eq:ch3-special-basis-limit-3d	eqref	tex/chapters/chapter-03/section-03.tex:2014	tex/chapters/chapter-03/section-03.tex:1981	resolved
reference	因此 $\lVert u(t)\rVert$ 在 $t_1$ 后衰减; 更确切地说, \eqref{eq:ch3-zero-force-smallness-at-t1} 对任意 $t\geq t_1$ 保持成立, $u\in L^\infty(t_1,\infty;V)$, 且当 $t\to+\infty$ 时 $\lVert u(t)\rVert$ 指数趋于 $0$.	equation	eq:ch3-zero-force-smallness-at-t1	eqref	tex/chapters/chapter-03/section-03.tex:2036	tex/chapters/chapter-03/section-03.tex:2025	resolved
reference	\eqref{eq:ch3-zero-force-energy} 保证存在满足 \eqref{eq:ch3-zero-force-smallness-at-t1} 的 $t_1$. 否则对所有 $t_1>0$ 都必须有	equation	eq:ch3-zero-force-energy	eqref	tex/chapters/chapter-03/section-03.tex:2038	tex/chapters/chapter-03/section-03.tex:2010	resolved
reference	\eqref{eq:ch3-zero-force-energy} 保证存在满足 \eqref{eq:ch3-zero-force-smallness-at-t1} 的 $t_1$. 否则对所有 $t_1>0$ 都必须有	equation	eq:ch3-zero-force-smallness-at-t1	eqref	tex/chapters/chapter-03/section-03.tex:2038	tex/chapters/chapter-03/section-03.tex:2025	resolved
reference	若 $n=3$, 可取定理 \ref{thm:ch3-special-basis-3d} 给出的 $T_2=T_1$. 或者更直接地, 由	theorem	thm:ch3-special-basis-3d	ref	tex/chapters/chapter-03/section-03.tex:2045	tex/chapters/chapter-03/section-03.tex:1886	resolved
unresolved	J. Leray [1, 2, 3]	citation		MBUnresolvedReference	tex/chapters/chapter-03/section-03.tex:4		needs-review
unresolved	J. Leray [1, 2, 3]	citation		MBUnresolvedReference	tex/chapters/chapter-03/section-03.tex:65		needs-review
unresolved	Lemma 2.1	lemma		MBUnresolvedReference	tex/chapters/chapter-03/section-03.tex:563		needs-review
unresolved	Theorem 4.1	theorem		MBUnresolvedReference	tex/chapters/chapter-03/section-03.tex:568		needs-review
unresolved	J.L. Lions and G. Prodi [1]	citation		MBUnresolvedReference	tex/chapters/chapter-03/section-03.tex:689		needs-review
unresolved	Lions [2, p. 84]	citation		MBUnresolvedReference	tex/chapters/chapter-03/section-03.tex:954		needs-review
unresolved	Proposition 1.2.2	proposition		MBUnresolvedReference	tex/chapters/chapter-03/section-03.tex:1148		needs-review
unresolved	Proposition 1.2.2	proposition		MBUnresolvedReference	tex/chapters/chapter-03/section-03.tex:1165		needs-review
unresolved	Proposition 1.2.2	proposition		MBUnresolvedReference	tex/chapters/chapter-03/section-03.tex:1175		needs-review
unresolved	Proposition 1.2.2	proposition		MBUnresolvedReference	tex/chapters/chapter-03/section-03.tex:1182		needs-review
unresolved	Proposition 2.1.1	proposition		MBUnresolvedReference	tex/chapters/chapter-03/section-03.tex:1182		needs-review
unresolved	Proposition 1.2.2	proposition		MBUnresolvedReference	tex/chapters/chapter-03/section-03.tex:1362		needs-review
unresolved	Proposition 1.2.2	proposition		MBUnresolvedReference	tex/chapters/chapter-03/section-03.tex:1364		needs-review
unresolved	Proposition 1.2.2	proposition		MBUnresolvedReference	tex/chapters/chapter-03/section-03.tex:1379		needs-review
unresolved	Proposition 1.2.2	proposition		MBUnresolvedReference	tex/chapters/chapter-03/section-03.tex:1397		needs-review
unresolved	Proposition 1.1.1	proposition		MBUnresolvedReference	tex/chapters/chapter-03/section-03.tex:1437		needs-review
unresolved	Proposition 1.1.2	proposition		MBUnresolvedReference	tex/chapters/chapter-03/section-03.tex:1437		needs-review
unresolved	Remark 1.1.4	remark		MBUnresolvedReference	tex/chapters/chapter-03/section-03.tex:1446		needs-review
unresolved	Proposition 1.2.2	proposition		MBUnresolvedReference	tex/chapters/chapter-03/section-03.tex:1467		needs-review
unresolved	Serrin [3]	citation		MBUnresolvedReference	tex/chapters/chapter-03/section-03.tex:1536		needs-review
unresolved	Proposition 1.2.2	proposition		MBUnresolvedReference	tex/chapters/chapter-03/section-03.tex:1703		needs-review
unresolved	Chapter 1, (2.64)	equation		MBUnresolvedReference	tex/chapters/chapter-03/section-03.tex:1807		needs-review
