Record Type	Original Reference	Target Object	LaTeX Label	Command	Translation Location	Target Location	Status
target		chapter	chap:evolution-navier-stokes	label	tex/chapters/chapter-03.tex:5	tex/chapters/chapter-03.tex:5	defined
target		section	sec:ch3-linear-case	label	tex/chapters/chapter-03/section-01.tex:10	tex/chapters/chapter-03/section-01.tex:10	defined
target		subsection	subsec:ch3-linear-notation	label	tex/chapters/chapter-03/section-01.tex:14	tex/chapters/chapter-03/section-01.tex:14	defined
target		equation	eq:ch3-linear-test-space	label	tex/chapters/chapter-03/section-01.tex:18	tex/chapters/chapter-03/section-01.tex:18	defined
target		equation	eq:ch3-linear-v-space	label	tex/chapters/chapter-03/section-01.tex:22	tex/chapters/chapter-03/section-01.tex:22	defined
target		equation	eq:ch3-linear-h-space	label	tex/chapters/chapter-03/section-01.tex:28	tex/chapters/chapter-03/section-01.tex:28	defined
target		equation	eq:ch3-linear-v-inner-product	label	tex/chapters/chapter-03/section-01.tex:33	tex/chapters/chapter-03/section-01.tex:33	defined
target		equation	eq:ch3-linear-gelfand-triple	label	tex/chapters/chapter-03/section-01.tex:40	tex/chapters/chapter-03/section-01.tex:40	defined
target		equation	eq:ch3-linear-duality-inner-product	label	tex/chapters/chapter-03/section-01.tex:48	tex/chapters/chapter-03/section-01.tex:48	defined
target		equation	eq:ch3-linear-form-on-v	label	tex/chapters/chapter-03/section-01.tex:53	tex/chapters/chapter-03/section-01.tex:53	defined
target		equation	eq:ch3-linear-operator-a	label	tex/chapters/chapter-03/section-01.tex:59	tex/chapters/chapter-03/section-01.tex:59	defined
target		equation	eq:ch3-linear-unbounded-v-inner-product	label	tex/chapters/chapter-03/section-01.tex:66	tex/chapters/chapter-03/section-01.tex:66	defined
target		equation	eq:ch3-linear-bochner-lp-norm	label	tex/chapters/chapter-03/section-01.tex:73	tex/chapters/chapter-03/section-01.tex:73	defined
target		equation	eq:ch3-linear-bochner-linfty-norm	label	tex/chapters/chapter-03/section-01.tex:78	tex/chapters/chapter-03/section-01.tex:78	defined
target		equation	eq:ch3-linear-continuous-function-norm	label	tex/chapters/chapter-03/section-01.tex:85	tex/chapters/chapter-03/section-01.tex:85	defined
target		equation	eq:ch3-linear-condensed-lp-notation	label	tex/chapters/chapter-03/section-01.tex:91	tex/chapters/chapter-03/section-01.tex:91	defined
target		equation	eq:ch3-linear-condensed-c-notation	label	tex/chapters/chapter-03/section-01.tex:95	tex/chapters/chapter-03/section-01.tex:95	defined
target		lemma	lem:ch3-linear-banach-valued-derivative	label	tex/chapters/chapter-03/section-01.tex:102	tex/chapters/chapter-03/section-01.tex:102	defined
target		equation	eq:ch3-linear-banach-primitive	label	tex/chapters/chapter-03/section-01.tex:110	tex/chapters/chapter-03/section-01.tex:110	defined
target		equation	eq:ch3-linear-banach-weak-derivative	label	tex/chapters/chapter-03/section-01.tex:118	tex/chapters/chapter-03/section-01.tex:118	defined
target		equation	eq:ch3-linear-banach-scalar-distribution	label	tex/chapters/chapter-03/section-01.tex:124	tex/chapters/chapter-03/section-01.tex:124	defined
target		equation	eq:ch3-linear-scalar-integration-by-parts	label	tex/chapters/chapter-03/section-01.tex:138	tex/chapters/chapter-03/section-01.tex:138	defined
target		equation	eq:ch3-linear-primitive-u-zero	label	tex/chapters/chapter-03/section-01.tex:153	tex/chapters/chapter-03/section-01.tex:153	defined
target		equation	eq:ch3-linear-zero-distributional-derivative	label	tex/chapters/chapter-03/section-01.tex:161	tex/chapters/chapter-03/section-01.tex:161	defined
target		equation	eq:ch3-linear-test-function-decomposition	label	tex/chapters/chapter-03/section-01.tex:175	tex/chapters/chapter-03/section-01.tex:175	defined
target		equation	eq:ch3-linear-vector-distribution-constant	label	tex/chapters/chapter-03/section-01.tex:185	tex/chapters/chapter-03/section-01.tex:185	defined
target		equation	eq:ch3-linear-zero-vector-distribution	label	tex/chapters/chapter-03/section-01.tex:196	tex/chapters/chapter-03/section-01.tex:196	defined
target		subsection	subsec:ch3-linear-existence-uniqueness	label	tex/chapters/chapter-03/section-01.tex:211	tex/chapters/chapter-03/section-01.tex:211	defined
target		equation	eq:ch3-linear-momentum	label	tex/chapters/chapter-03/section-01.tex:218	tex/chapters/chapter-03/section-01.tex:218	defined
target		equation	eq:ch3-linear-incompressibility	label	tex/chapters/chapter-03/section-01.tex:222	tex/chapters/chapter-03/section-01.tex:222	defined
target		equation	eq:ch3-linear-boundary-condition	label	tex/chapters/chapter-03/section-01.tex:226	tex/chapters/chapter-03/section-01.tex:226	defined
target		equation	eq:ch3-linear-initial-condition	label	tex/chapters/chapter-03/section-01.tex:230	tex/chapters/chapter-03/section-01.tex:230	defined
target		equation	eq:ch3-linear-classical-variational-identity	label	tex/chapters/chapter-03/section-01.tex:237	tex/chapters/chapter-03/section-01.tex:237	defined
target		equation	eq:ch3-linear-force-assumption	label	tex/chapters/chapter-03/section-01.tex:246	tex/chapters/chapter-03/section-01.tex:246	defined
target		equation	eq:ch3-linear-initial-data-assumption	label	tex/chapters/chapter-03/section-01.tex:250	tex/chapters/chapter-03/section-01.tex:250	defined
target		equation	eq:ch3-linear-weak-solution-space	label	tex/chapters/chapter-03/section-01.tex:255	tex/chapters/chapter-03/section-01.tex:255	defined
target		equation	eq:ch3-linear-weak-variational-equation	label	tex/chapters/chapter-03/section-01.tex:261	tex/chapters/chapter-03/section-01.tex:261	defined
target		equation	eq:ch3-linear-weak-initial-condition	label	tex/chapters/chapter-03/section-01.tex:265	tex/chapters/chapter-03/section-01.tex:265	defined
target		equation	eq:ch3-linear-dual-evolution-identity	label	tex/chapters/chapter-03/section-01.tex:278	tex/chapters/chapter-03/section-01.tex:278	defined
target		equation	eq:ch3-linear-time-derivative-space	label	tex/chapters/chapter-03/section-01.tex:283	tex/chapters/chapter-03/section-01.tex:283	defined
target		equation	eq:ch3-linear-abstract-evolution-equation	label	tex/chapters/chapter-03/section-01.tex:290	tex/chapters/chapter-03/section-01.tex:290	defined
target		equation	eq:ch3-linear-abstract-solution-spaces	label	tex/chapters/chapter-03/section-01.tex:298	tex/chapters/chapter-03/section-01.tex:298	defined
target		equation	eq:ch3-linear-abstract-problem	label	tex/chapters/chapter-03/section-01.tex:302	tex/chapters/chapter-03/section-01.tex:302	defined
target		equation	eq:ch3-linear-abstract-initial-data	label	tex/chapters/chapter-03/section-01.tex:306	tex/chapters/chapter-03/section-01.tex:306	defined
target		theorem	thm:ch3-linear-existence-uniqueness	label	tex/chapters/chapter-03/section-01.tex:312	tex/chapters/chapter-03/section-01.tex:312	defined
target		equation	eq:ch3-linear-h-continuity	label	tex/chapters/chapter-03/section-01.tex:316	tex/chapters/chapter-03/section-01.tex:316	defined
target		subsection	subsec:ch3-linear-existence-proof	label	tex/chapters/chapter-03/section-01.tex:323	tex/chapters/chapter-03/section-01.tex:323	defined
target		equation	eq:ch3-linear-galerkin-expansion	label	tex/chapters/chapter-03/section-01.tex:327	tex/chapters/chapter-03/section-01.tex:327	defined
target		equation	eq:ch3-linear-galerkin-equations	label	tex/chapters/chapter-03/section-01.tex:332	tex/chapters/chapter-03/section-01.tex:332	defined
target		equation	eq:ch3-linear-galerkin-initial-condition	label	tex/chapters/chapter-03/section-01.tex:336	tex/chapters/chapter-03/section-01.tex:336	defined
target		equation	eq:ch3-linear-galerkin-coordinate-system	label	tex/chapters/chapter-03/section-01.tex:348	tex/chapters/chapter-03/section-01.tex:348	defined
target		equation	eq:ch3-linear-galerkin-constant-coefficient-system	label	tex/chapters/chapter-03/section-01.tex:355	tex/chapters/chapter-03/section-01.tex:355	defined
target		equation	eq:ch3-linear-galerkin-coordinate-initial-data	label	tex/chapters/chapter-03/section-01.tex:360	tex/chapters/chapter-03/section-01.tex:360	defined
target		equation	eq:ch3-linear-galerkin-regularity	label	tex/chapters/chapter-03/section-01.tex:368	tex/chapters/chapter-03/section-01.tex:368	defined
target		equation	eq:ch3-linear-galerkin-energy-identity	label	tex/chapters/chapter-03/section-01.tex:386	tex/chapters/chapter-03/section-01.tex:386	defined
target		equation	eq:ch3-linear-galerkin-energy-inequality	label	tex/chapters/chapter-03/section-01.tex:398	tex/chapters/chapter-03/section-01.tex:398	defined
target		equation	eq:ch3-linear-galerkin-pointwise-bound	label	tex/chapters/chapter-03/section-01.tex:405	tex/chapters/chapter-03/section-01.tex:405	defined
target		equation	eq:ch3-linear-galerkin-uniform-bound	label	tex/chapters/chapter-03/section-01.tex:413	tex/chapters/chapter-03/section-01.tex:413	defined
target		equation	eq:ch3-linear-galerkin-linfty-boundedness	label	tex/chapters/chapter-03/section-01.tex:418	tex/chapters/chapter-03/section-01.tex:418	defined
target		equation	eq:ch3-linear-galerkin-integrated-bound	label	tex/chapters/chapter-03/section-01.tex:427	tex/chapters/chapter-03/section-01.tex:427	defined
target		equation	eq:ch3-linear-galerkin-l2-boundedness	label	tex/chapters/chapter-03/section-01.tex:432	tex/chapters/chapter-03/section-01.tex:432	defined
target		equation	eq:ch3-linear-galerkin-weak-star-convergence	label	tex/chapters/chapter-03/section-01.tex:439	tex/chapters/chapter-03/section-01.tex:439	defined
target		equation	eq:ch3-linear-galerkin-weak-star-definition	label	tex/chapters/chapter-03/section-01.tex:445	tex/chapters/chapter-03/section-01.tex:445	defined
target		equation	eq:ch3-linear-galerkin-v-weak-convergence	label	tex/chapters/chapter-03/section-01.tex:452	tex/chapters/chapter-03/section-01.tex:452	defined
target		equation	eq:ch3-linear-galerkin-h-pairing-limit	label	tex/chapters/chapter-03/section-01.tex:463	tex/chapters/chapter-03/section-01.tex:463	defined
target		equation	eq:ch3-linear-identification-integral	label	tex/chapters/chapter-03/section-01.tex:468	tex/chapters/chapter-03/section-01.tex:468	defined
target		equation	eq:ch3-linear-limit-solution-spaces	label	tex/chapters/chapter-03/section-01.tex:473	tex/chapters/chapter-03/section-01.tex:473	defined
target		equation	eq:ch3-linear-time-test-terminal-condition	label	tex/chapters/chapter-03/section-01.tex:478	tex/chapters/chapter-03/section-01.tex:478	defined
target		equation	eq:ch3-linear-galerkin-integrated-test-equation	label	tex/chapters/chapter-03/section-01.tex:497	tex/chapters/chapter-03/section-01.tex:497	defined
target		equation	eq:ch3-linear-initial-projection-convergence	label	tex/chapters/chapter-03/section-01.tex:502	tex/chapters/chapter-03/section-01.tex:502	defined
target		equation	eq:ch3-linear-limit-test-equation-basis	label	tex/chapters/chapter-03/section-01.tex:512	tex/chapters/chapter-03/section-01.tex:512	defined
target		equation	eq:ch3-linear-limit-test-equation	label	tex/chapters/chapter-03/section-01.tex:522	tex/chapters/chapter-03/section-01.tex:522	defined
target		equation	eq:ch3-linear-limit-variational-equation	label	tex/chapters/chapter-03/section-01.tex:530	tex/chapters/chapter-03/section-01.tex:530	defined
target		equation	eq:ch3-linear-limit-abstract-equation	label	tex/chapters/chapter-03/section-01.tex:535	tex/chapters/chapter-03/section-01.tex:535	defined
target		equation	eq:ch3-linear-initial-trace-identity	label	tex/chapters/chapter-03/section-01.tex:553	tex/chapters/chapter-03/section-01.tex:553	defined
target		subsection	subsec:ch3-linear-continuity-uniqueness	label	tex/chapters/chapter-03/section-01.tex:567	tex/chapters/chapter-03/section-01.tex:567	defined
target		lemma	lem:ch3-linear-lions-magenes-continuity	label	tex/chapters/chapter-03/section-01.tex:572	tex/chapters/chapter-03/section-01.tex:572	defined
target		equation	eq:ch3-linear-energy-derivative-identity	label	tex/chapters/chapter-03/section-01.tex:576	tex/chapters/chapter-03/section-01.tex:576	defined
target		equation	eq:ch3-linear-uniqueness-difference-equation	label	tex/chapters/chapter-03/section-01.tex:592	tex/chapters/chapter-03/section-01.tex:592	defined
target		lemma	lem:ch3-linear-energy-identity-distributional	label	tex/chapters/chapter-03/section-01.tex:615	tex/chapters/chapter-03/section-01.tex:615	defined
target		equation	eq:ch3-linear-regularized-sequence	label	tex/chapters/chapter-03/section-01.tex:627	tex/chapters/chapter-03/section-01.tex:627	defined
target		equation	eq:ch3-linear-regularized-energy-identity	label	tex/chapters/chapter-03/section-01.tex:635	tex/chapters/chapter-03/section-01.tex:635	defined
target		equation	eq:ch3-linear-energy-linfty-consequence	label	tex/chapters/chapter-03/section-01.tex:652	tex/chapters/chapter-03/section-01.tex:652	defined
target		equation	eq:ch3-linear-h-weak-continuity	label	tex/chapters/chapter-03/section-01.tex:659	tex/chapters/chapter-03/section-01.tex:659	defined
target		equation	eq:ch3-linear-h-strong-continuity-goal	label	tex/chapters/chapter-03/section-01.tex:665	tex/chapters/chapter-03/section-01.tex:665	defined
target		lemma	lem:ch3-linear-weak-continuity-transfer	label	tex/chapters/chapter-03/section-01.tex:687	tex/chapters/chapter-03/section-01.tex:687	defined
target		equation	eq:ch3-linear-banach-continuous-injection	label	tex/chapters/chapter-03/section-01.tex:691	tex/chapters/chapter-03/section-01.tex:691	defined
target		equation	eq:ch3-linear-dual-dense-injection	label	tex/chapters/chapter-03/section-01.tex:700	tex/chapters/chapter-03/section-01.tex:700	defined
target		equation	eq:ch3-linear-y-weak-continuity	label	tex/chapters/chapter-03/section-01.tex:706	tex/chapters/chapter-03/section-01.tex:706	defined
target		equation	eq:ch3-linear-pointwise-x-bound	label	tex/chapters/chapter-03/section-01.tex:714	tex/chapters/chapter-03/section-01.tex:714	defined
target		subsection	subsec:ch3-linear-miscellaneous	label	tex/chapters/chapter-03/section-01.tex:768	tex/chapters/chapter-03/section-01.tex:768	defined
target		equation	eq:ch3-linear-split-force-assumption	label	tex/chapters/chapter-03/section-01.tex:779	tex/chapters/chapter-03/section-01.tex:779	defined
target		equation	eq:ch3-linear-split-derivative-space	label	tex/chapters/chapter-03/section-01.tex:784	tex/chapters/chapter-03/section-01.tex:784	defined
target		equation	eq:ch3-linear-split-force-energy-bound	label	tex/chapters/chapter-03/section-01.tex:796	tex/chapters/chapter-03/section-01.tex:796	defined
target		equation	eq:ch3-linear-split-force-gronwall-inequality	label	tex/chapters/chapter-03/section-01.tex:803	tex/chapters/chapter-03/section-01.tex:803	defined
target		equation	eq:ch3-linear-split-force-derivative	label	tex/chapters/chapter-03/section-01.tex:824	tex/chapters/chapter-03/section-01.tex:824	defined
target		equation	eq:ch3-linear-extended-continuity-assumptions	label	tex/chapters/chapter-03/section-01.tex:831	tex/chapters/chapter-03/section-01.tex:831	defined
target		equation	eq:ch3-linear-unbounded-energy-bound	label	tex/chapters/chapter-03/section-01.tex:847	tex/chapters/chapter-03/section-01.tex:847	defined
target		equation	eq:ch3-linear-unbounded-gronwall-inequality	label	tex/chapters/chapter-03/section-01.tex:854	tex/chapters/chapter-03/section-01.tex:854	defined
target		proposition	prop:ch3-linear-pressure-distribution	label	tex/chapters/chapter-03/section-01.tex:867	tex/chapters/chapter-03/section-01.tex:867	defined
target		equation	eq:ch3-linear-initial-l2-convergence	label	tex/chapters/chapter-03/section-01.tex:872	tex/chapters/chapter-03/section-01.tex:872	defined
target		equation	eq:ch3-linear-integrated-velocity-force	label	tex/chapters/chapter-03/section-01.tex:884	tex/chapters/chapter-03/section-01.tex:884	defined
target		equation	eq:ch3-linear-integrated-variational-equation	label	tex/chapters/chapter-03/section-01.tex:896	tex/chapters/chapter-03/section-01.tex:896	defined
target		equation	eq:ch3-linear-integrated-pressure-equation	label	tex/chapters/chapter-03/section-01.tex:908	tex/chapters/chapter-03/section-01.tex:908	defined
target		equation	eq:ch3-linear-pressure-gradient	label	tex/chapters/chapter-03/section-01.tex:913	tex/chapters/chapter-03/section-01.tex:913	defined
target		equation	eq:ch3-linear-integrated-pressure-continuity	label	tex/chapters/chapter-03/section-01.tex:918	tex/chapters/chapter-03/section-01.tex:918	defined
target		equation	eq:ch3-linear-pressure-time-derivative	label	tex/chapters/chapter-03/section-01.tex:923	tex/chapters/chapter-03/section-01.tex:923	defined
target		proposition	prop:ch3-linear-regularity	label	tex/chapters/chapter-03/section-01.tex:935	tex/chapters/chapter-03/section-01.tex:935	defined
target		equation	eq:ch3-linear-regularity-force	label	tex/chapters/chapter-03/section-01.tex:939	tex/chapters/chapter-03/section-01.tex:939	defined
target		equation	eq:ch3-linear-regularity-initial-data	label	tex/chapters/chapter-03/section-01.tex:944	tex/chapters/chapter-03/section-01.tex:944	defined
target		equation	eq:ch3-linear-spatial-h2-regularity	label	tex/chapters/chapter-03/section-01.tex:949	tex/chapters/chapter-03/section-01.tex:949	defined
target		equation	eq:ch3-linear-time-l2-regularity	label	tex/chapters/chapter-03/section-01.tex:954	tex/chapters/chapter-03/section-01.tex:954	defined
target		equation	eq:ch3-linear-pressure-h1-regularity	label	tex/chapters/chapter-03/section-01.tex:958	tex/chapters/chapter-03/section-01.tex:958	defined
target		equation	eq:ch3-linear-higher-energy-printed-relation	label	tex/chapters/chapter-03/section-01.tex:973	tex/chapters/chapter-03/section-01.tex:973	defined
target		equation	eq:ch3-linear-time-derivative-apriori-bound	label	tex/chapters/chapter-03/section-01.tex:989	tex/chapters/chapter-03/section-01.tex:989	defined
target		equation	eq:ch3-linear-v-projection-convergence	label	tex/chapters/chapter-03/section-01.tex:1000	tex/chapters/chapter-03/section-01.tex:1000	defined
target		equation	eq:ch3-linear-v-projection-bound	label	tex/chapters/chapter-03/section-01.tex:1005	tex/chapters/chapter-03/section-01.tex:1005	defined
target		equation	eq:ch3-linear-galerkin-time-derivative-boundedness	label	tex/chapters/chapter-03/section-01.tex:1010	tex/chapters/chapter-03/section-01.tex:1010	defined
target		equation	eq:ch3-linear-stationary-regularity-system	label	tex/chapters/chapter-03/section-01.tex:1024	tex/chapters/chapter-03/section-01.tex:1024	defined
target		section	sec:ch3-compactness	label	tex/chapters/chapter-03/section-02.tex:3	tex/chapters/chapter-03/section-02.tex:3	defined
target		subsection	subsec:ch3-compactness-preliminary	label	tex/chapters/chapter-03/section-02.tex:12	tex/chapters/chapter-03/section-02.tex:12	defined
target		lemma	lem:ch3-compactness-interpolation	label	tex/chapters/chapter-03/section-02.tex:17	tex/chapters/chapter-03/section-02.tex:17	defined
target		equation	eq:ch3-compactness-space-chain	label	tex/chapters/chapter-03/section-02.tex:21	tex/chapters/chapter-03/section-02.tex:21	defined
target		equation	eq:ch3-compactness-compact-injection	label	tex/chapters/chapter-03/section-02.tex:26	tex/chapters/chapter-03/section-02.tex:26	defined
target		equation	eq:ch3-compactness-interpolation-inequality	label	tex/chapters/chapter-03/section-02.tex:32	tex/chapters/chapter-03/section-02.tex:32	defined
target		equation	eq:ch3-compactness-normalized-inequality	label	tex/chapters/chapter-03/section-02.tex:54	tex/chapters/chapter-03/section-02.tex:54	defined
target		equation	eq:ch3-compactness-x1-zero	label	tex/chapters/chapter-03/section-02.tex:60	tex/chapters/chapter-03/section-02.tex:60	defined
target		subsection	subsec:ch3-compactness-banach	label	tex/chapters/chapter-03/section-02.tex:71	tex/chapters/chapter-03/section-02.tex:71	defined
target		equation	eq:ch3-compactness-banach-chain	label	tex/chapters/chapter-03/section-02.tex:75	tex/chapters/chapter-03/section-02.tex:75	defined
target		equation	eq:ch3-compactness-reflexive-spaces	label	tex/chapters/chapter-03/section-02.tex:80	tex/chapters/chapter-03/section-02.tex:80	defined
target		equation	eq:ch3-compactness-banach-compact-injection	label	tex/chapters/chapter-03/section-02.tex:84	tex/chapters/chapter-03/section-02.tex:84	defined
target		equation	eq:ch3-compactness-y-space	label	tex/chapters/chapter-03/section-02.tex:91	tex/chapters/chapter-03/section-02.tex:91	defined
target		equation	eq:ch3-compactness-y-definition	label	tex/chapters/chapter-03/section-02.tex:96	tex/chapters/chapter-03/section-02.tex:96	defined
target		equation	eq:ch3-compactness-y-norm	label	tex/chapters/chapter-03/section-02.tex:104	tex/chapters/chapter-03/section-02.tex:104	defined
target		theorem	thm:ch3-compactness-aubin-lions-banach	label	tex/chapters/chapter-03/section-02.tex:114	tex/chapters/chapter-03/section-02.tex:114	defined
target		equation	eq:ch3-compactness-y-weak-convergence	label	tex/chapters/chapter-03/section-02.tex:125	tex/chapters/chapter-03/section-02.tex:125	defined
target		equation	eq:ch3-compactness-component-weak-convergence	label	tex/chapters/chapter-03/section-02.tex:135	tex/chapters/chapter-03/section-02.tex:135	defined
target		equation	eq:ch3-compactness-banach-strong-goal	label	tex/chapters/chapter-03/section-02.tex:141	tex/chapters/chapter-03/section-02.tex:141	defined
target		equation	eq:ch3-compactness-banach-x1-strong-goal	label	tex/chapters/chapter-03/section-02.tex:148	tex/chapters/chapter-03/section-02.tex:148	defined
target		equation	eq:ch3-compactness-banach-interpolation-bound	label	tex/chapters/chapter-03/section-02.tex:160	tex/chapters/chapter-03/section-02.tex:160	defined
target		equation	eq:ch3-compactness-banach-limsup	label	tex/chapters/chapter-03/section-02.tex:165	tex/chapters/chapter-03/section-02.tex:165	defined
target		equation	eq:ch3-compactness-y-continuous-injection	label	tex/chapters/chapter-03/section-02.tex:172	tex/chapters/chapter-03/section-02.tex:172	defined
target		equation	eq:ch3-compactness-banach-pointwise-bound	label	tex/chapters/chapter-03/section-02.tex:180	tex/chapters/chapter-03/section-02.tex:180	defined
target		equation	eq:ch3-compactness-banach-pointwise-convergence	label	tex/chapters/chapter-03/section-02.tex:186	tex/chapters/chapter-03/section-02.tex:186	defined
target		equation	eq:ch3-compactness-banach-decomposition	label	tex/chapters/chapter-03/section-02.tex:203	tex/chapters/chapter-03/section-02.tex:203	defined
target		equation	eq:ch3-compactness-banach-decomposition-terms	label	tex/chapters/chapter-03/section-02.tex:210	tex/chapters/chapter-03/section-02.tex:210	defined
target		subsection	subsec:ch3-compactness-fractional	label	tex/chapters/chapter-03/section-02.tex:226	tex/chapters/chapter-03/section-02.tex:226	defined
target		equation	eq:ch3-compactness-hilbert-chain	label	tex/chapters/chapter-03/section-02.tex:232	tex/chapters/chapter-03/section-02.tex:232	defined
target		equation	eq:ch3-compactness-hilbert-compact-injection	label	tex/chapters/chapter-03/section-02.tex:237	tex/chapters/chapter-03/section-02.tex:237	defined
target		equation	eq:ch3-compactness-fourier-transform	label	tex/chapters/chapter-03/section-02.tex:242	tex/chapters/chapter-03/section-02.tex:242	defined
target		equation	eq:ch3-compactness-fractional-derivative	label	tex/chapters/chapter-03/section-02.tex:247	tex/chapters/chapter-03/section-02.tex:247	defined
target		equation	eq:ch3-compactness-fractional-space	label	tex/chapters/chapter-03/section-02.tex:254	tex/chapters/chapter-03/section-02.tex:254	defined
target		equation	eq:ch3-compactness-supported-fractional-space	label	tex/chapters/chapter-03/section-02.tex:269	tex/chapters/chapter-03/section-02.tex:269	defined
target		theorem	thm:ch3-compactness-fractional	label	tex/chapters/chapter-03/section-02.tex:275	tex/chapters/chapter-03/section-02.tex:275	defined
target		equation	eq:ch3-compactness-fractional-x0-weak	label	tex/chapters/chapter-03/section-02.tex:289	tex/chapters/chapter-03/section-02.tex:289	defined
target		equation	eq:ch3-compactness-fractional-derivative-weak	label	tex/chapters/chapter-03/section-02.tex:294	tex/chapters/chapter-03/section-02.tex:294	defined
target		equation	eq:ch3-compactness-fractional-x-strong-goal	label	tex/chapters/chapter-03/section-02.tex:299	tex/chapters/chapter-03/section-02.tex:299	defined
target		equation	eq:ch3-compactness-fractional-x1-strong-goal	label	tex/chapters/chapter-03/section-02.tex:305	tex/chapters/chapter-03/section-02.tex:305	defined
target		equation	eq:ch3-compactness-fractional-interpolation	label	tex/chapters/chapter-03/section-02.tex:312	tex/chapters/chapter-03/section-02.tex:312	defined
target		equation	eq:ch3-compactness-fractional-interpolation-bound	label	tex/chapters/chapter-03/section-02.tex:318	tex/chapters/chapter-03/section-02.tex:318	defined
target		equation	eq:ch3-compactness-parseval-integral	label	tex/chapters/chapter-03/section-02.tex:330	tex/chapters/chapter-03/section-02.tex:330	defined
target		equation	eq:ch3-compactness-parseval-goal	label	tex/chapters/chapter-03/section-02.tex:336	tex/chapters/chapter-03/section-02.tex:336	defined
target		equation	eq:ch3-compactness-low-frequency-goal	label	tex/chapters/chapter-03/section-02.tex:368	tex/chapters/chapter-03/section-02.tex:368	defined
target		equation	eq:ch3-compactness-fourier-pointwise-bound	label	tex/chapters/chapter-03/section-02.tex:385	tex/chapters/chapter-03/section-02.tex:385	defined
target		theorem	thm:ch3-compactness-y-hilbert	label	tex/chapters/chapter-03/section-02.tex:402	tex/chapters/chapter-03/section-02.tex:402	defined
target		equation	eq:ch3-compactness-zero-extension-derivative	label	tex/chapters/chapter-03/section-02.tex:416	tex/chapters/chapter-03/section-02.tex:416	defined
target		equation	eq:ch3-compactness-extension-derivative-definition	label	tex/chapters/chapter-03/section-02.tex:421	tex/chapters/chapter-03/section-02.tex:421	defined
target		equation	eq:ch3-compactness-extension-fourier-identity	label	tex/chapters/chapter-03/section-02.tex:427	tex/chapters/chapter-03/section-02.tex:427	defined
target		equation	eq:ch3-compactness-extension-g-fourier-bound	label	tex/chapters/chapter-03/section-02.tex:435	tex/chapters/chapter-03/section-02.tex:435	defined
target		equation	eq:ch3-compactness-extension-fourier-decay	label	tex/chapters/chapter-03/section-02.tex:447	tex/chapters/chapter-03/section-02.tex:447	defined
target		equation	eq:ch3-compactness-extension-fractional-bound	label	tex/chapters/chapter-03/section-02.tex:484	tex/chapters/chapter-03/section-02.tex:484	defined
target		remark	rem:ch3-compactness-banach-x0-x-banach	label	tex/chapters/chapter-03/section-02.tex:494	tex/chapters/chapter-03/section-02.tex:494	defined
target		section	sec:ch3-existence-uniqueness	label	tex/chapters/chapter-03/section-03.tex:3	tex/chapters/chapter-03/section-03.tex:3	defined
target		subsection	subsec:ch3-existence-theorem	label	tex/chapters/chapter-03/section-03.tex:9	tex/chapters/chapter-03/section-03.tex:9	defined
target		equation	eq:ch3-existence-trilinear-form	label	tex/chapters/chapter-03/section-03.tex:15	tex/chapters/chapter-03/section-03.tex:15	defined
target		equation	eq:ch3-existence-skew-cancellation	label	tex/chapters/chapter-03/section-03.tex:21	tex/chapters/chapter-03/section-03.tex:21	defined
target		equation	eq:ch3-existence-bilinear-operator	label	tex/chapters/chapter-03/section-03.tex:27	tex/chapters/chapter-03/section-03.tex:27	defined
target		equation	eq:ch3-existence-nonlinear-operator	label	tex/chapters/chapter-03/section-03.tex:33	tex/chapters/chapter-03/section-03.tex:33	defined
target		equation	eq:ch3-existence-classical-momentum	label	tex/chapters/chapter-03/section-03.tex:42	tex/chapters/chapter-03/section-03.tex:42	defined
target		equation	eq:ch3-existence-classical-incompressibility	label	tex/chapters/chapter-03/section-03.tex:46	tex/chapters/chapter-03/section-03.tex:46	defined
target		equation	eq:ch3-existence-classical-boundary	label	tex/chapters/chapter-03/section-03.tex:50	tex/chapters/chapter-03/section-03.tex:50	defined
target		equation	eq:ch3-existence-classical-initial	label	tex/chapters/chapter-03/section-03.tex:54	tex/chapters/chapter-03/section-03.tex:54	defined
target		equation	eq:ch3-existence-classical-variational	label	tex/chapters/chapter-03/section-03.tex:61	tex/chapters/chapter-03/section-03.tex:61	defined
target		unknown	prob:ch3-weak-variational	label	tex/chapters/chapter-03/section-03.tex:68	tex/chapters/chapter-03/section-03.tex:68	defined
target		equation	eq:ch3-existence-force-assumption	label	tex/chapters/chapter-03/section-03.tex:72	tex/chapters/chapter-03/section-03.tex:72	defined
target		equation	eq:ch3-existence-initial-assumption	label	tex/chapters/chapter-03/section-03.tex:76	tex/chapters/chapter-03/section-03.tex:76	defined
target		equation	eq:ch3-existence-weak-solution-space	label	tex/chapters/chapter-03/section-03.tex:81	tex/chapters/chapter-03/section-03.tex:81	defined
target		equation	eq:ch3-existence-weak-variational-equation	label	tex/chapters/chapter-03/section-03.tex:87	tex/chapters/chapter-03/section-03.tex:87	defined
target		equation	eq:ch3-existence-weak-initial-condition	label	tex/chapters/chapter-03/section-03.tex:91	tex/chapters/chapter-03/section-03.tex:91	defined
target		lemma	lem:ch3-existence-bu-integrability	label	tex/chapters/chapter-03/section-03.tex:100	tex/chapters/chapter-03/section-03.tex:100	defined
target		equation	eq:ch3-existence-bu-pointwise-bound	label	tex/chapters/chapter-03/section-03.tex:115	tex/chapters/chapter-03/section-03.tex:115	defined
target		equation	eq:ch3-existence-time-derivative	label	tex/chapters/chapter-03/section-03.tex:139	tex/chapters/chapter-03/section-03.tex:139	defined
target		unknown	prob:ch3-weak-operator	label	tex/chapters/chapter-03/section-03.tex:146	tex/chapters/chapter-03/section-03.tex:146	defined
target		equation	eq:ch3-existence-operator-solution-space	label	tex/chapters/chapter-03/section-03.tex:151	tex/chapters/chapter-03/section-03.tex:151	defined
target		equation	eq:ch3-existence-operator-equation	label	tex/chapters/chapter-03/section-03.tex:155	tex/chapters/chapter-03/section-03.tex:155	defined
target		equation	eq:ch3-existence-operator-initial	label	tex/chapters/chapter-03/section-03.tex:159	tex/chapters/chapter-03/section-03.tex:159	defined
target		theorem	thm:ch3-existence-weak-solution	label	tex/chapters/chapter-03/section-03.tex:167	tex/chapters/chapter-03/section-03.tex:167	defined
target		equation	eq:ch3-existence-linfty-h	label	tex/chapters/chapter-03/section-03.tex:171	tex/chapters/chapter-03/section-03.tex:171	defined
target		remark	rem:ch3-existence-general-force	label	tex/chapters/chapter-03/section-03.tex:181	tex/chapters/chapter-03/section-03.tex:181	defined
target		subsection	subsec:ch3-existence-proof	label	tex/chapters/chapter-03/section-03.tex:194	tex/chapters/chapter-03/section-03.tex:194	defined
target		equation	eq:ch3-existence-galerkin-expansion	label	tex/chapters/chapter-03/section-03.tex:198	tex/chapters/chapter-03/section-03.tex:198	defined
target		equation	eq:ch3-existence-galerkin-equations	label	tex/chapters/chapter-03/section-03.tex:205	tex/chapters/chapter-03/section-03.tex:205	defined
target		equation	eq:ch3-existence-galerkin-initial	label	tex/chapters/chapter-03/section-03.tex:209	tex/chapters/chapter-03/section-03.tex:209	defined
target		equation	eq:ch3-existence-galerkin-coordinate-system	label	tex/chapters/chapter-03/section-03.tex:221	tex/chapters/chapter-03/section-03.tex:221	defined
target		equation	eq:ch3-existence-galerkin-normal-system	label	tex/chapters/chapter-03/section-03.tex:228	tex/chapters/chapter-03/section-03.tex:228	defined
target		equation	eq:ch3-existence-galerkin-coordinate-initial	label	tex/chapters/chapter-03/section-03.tex:235	tex/chapters/chapter-03/section-03.tex:235	defined
target		equation	eq:ch3-existence-galerkin-energy-identity	label	tex/chapters/chapter-03/section-03.tex:244	tex/chapters/chapter-03/section-03.tex:244	defined
target		equation	eq:ch3-existence-galerkin-energy-inequality	label	tex/chapters/chapter-03/section-03.tex:259	tex/chapters/chapter-03/section-03.tex:259	defined
target		equation	eq:ch3-existence-galerkin-linfty-bound	label	tex/chapters/chapter-03/section-03.tex:273	tex/chapters/chapter-03/section-03.tex:273	defined
target		equation	eq:ch3-existence-galerkin-linfty-boundedness	label	tex/chapters/chapter-03/section-03.tex:278	tex/chapters/chapter-03/section-03.tex:278	defined
target		equation	eq:ch3-existence-galerkin-l2-boundedness	label	tex/chapters/chapter-03/section-03.tex:291	tex/chapters/chapter-03/section-03.tex:291	defined
target		equation	eq:ch3-existence-fractional-fourier-bound	label	tex/chapters/chapter-03/section-03.tex:300	tex/chapters/chapter-03/section-03.tex:300	defined
target		equation	eq:ch3-existence-fractional-space-boundedness	label	tex/chapters/chapter-03/section-03.tex:305	tex/chapters/chapter-03/section-03.tex:305	defined
target		equation	eq:ch3-existence-extension-distribution-equation	label	tex/chapters/chapter-03/section-03.tex:316	tex/chapters/chapter-03/section-03.tex:316	defined
target		equation	eq:ch3-existence-extension-force	label	tex/chapters/chapter-03/section-03.tex:326	tex/chapters/chapter-03/section-03.tex:326	defined
target		equation	eq:ch3-existence-fourier-galerkin-equation	label	tex/chapters/chapter-03/section-03.tex:333	tex/chapters/chapter-03/section-03.tex:333	defined
target		equation	eq:ch3-existence-fourier-energy-identity	label	tex/chapters/chapter-03/section-03.tex:345	tex/chapters/chapter-03/section-03.tex:345	defined
target		equation	eq:ch3-existence-fourier-pointwise-estimate	label	tex/chapters/chapter-03/section-03.tex:372	tex/chapters/chapter-03/section-03.tex:372	defined
target		equation	eq:ch3-existence-fourier-weighted-integral	label	tex/chapters/chapter-03/section-03.tex:395	tex/chapters/chapter-03/section-03.tex:395	defined
target		equation	eq:ch3-existence-galerkin-weak-convergence	label	tex/chapters/chapter-03/section-03.tex:413	tex/chapters/chapter-03/section-03.tex:413	defined
target		equation	eq:ch3-existence-galerkin-strong-convergence	label	tex/chapters/chapter-03/section-03.tex:419	tex/chapters/chapter-03/section-03.tex:419	defined
target		equation	eq:ch3-existence-galerkin-integrated-equation	label	tex/chapters/chapter-03/section-03.tex:431	tex/chapters/chapter-03/section-03.tex:431	defined
target		equation	eq:ch3-existence-limit-integrated-equation	label	tex/chapters/chapter-03/section-03.tex:441	tex/chapters/chapter-03/section-03.tex:441	defined
target		equation	eq:ch3-existence-solution-integrated-equation	label	tex/chapters/chapter-03/section-03.tex:455	tex/chapters/chapter-03/section-03.tex:455	defined
target		lemma	lem:ch3-existence-nonlinear-limit	label	tex/chapters/chapter-03/section-03.tex:473	tex/chapters/chapter-03/section-03.tex:473	defined
target		equation	eq:ch3-existence-nonlinear-limit	label	tex/chapters/chapter-03/section-03.tex:478	tex/chapters/chapter-03/section-03.tex:478	defined
target		remark	rem:ch3-existence-unbounded-energy	label	tex/chapters/chapter-03/section-03.tex:503	tex/chapters/chapter-03/section-03.tex:503	defined
target		equation	eq:ch3-existence-local-fractional-boundedness	label	tex/chapters/chapter-03/section-03.tex:512	tex/chapters/chapter-03/section-03.tex:512	defined
target		equation	eq:ch3-existence-energy-inequality	label	tex/chapters/chapter-03/section-03.tex:559	tex/chapters/chapter-03/section-03.tex:559	defined
target		subsection	subsec:ch3-regularity-uniqueness-2d	label	tex/chapters/chapter-03/section-03.tex:567	tex/chapters/chapter-03/section-03.tex:567	defined
target		lemma	lem:ch3-ladyzhenskaya-2d	label	tex/chapters/chapter-03/section-03.tex:572	tex/chapters/chapter-03/section-03.tex:572	defined
target		equation	eq:ch3-uniqueness-2d-l4-inequality	label	tex/chapters/chapter-03/section-03.tex:579	tex/chapters/chapter-03/section-03.tex:579	defined
target		equation	eq:ch3-uniqueness-2d-v1-bound	label	tex/chapters/chapter-03/section-03.tex:591	tex/chapters/chapter-03/section-03.tex:591	defined
target		equation	eq:ch3-uniqueness-2d-v1-definition	label	tex/chapters/chapter-03/section-03.tex:597	tex/chapters/chapter-03/section-03.tex:597	defined
target		equation	eq:ch3-uniqueness-2d-v2-bound	label	tex/chapters/chapter-03/section-03.tex:602	tex/chapters/chapter-03/section-03.tex:602	defined
target		equation	eq:ch3-uniqueness-2d-v2-definition	label	tex/chapters/chapter-03/section-03.tex:608	tex/chapters/chapter-03/section-03.tex:608	defined
target		lemma	lem:ch3-trilinear-2d	label	tex/chapters/chapter-03/section-03.tex:629	tex/chapters/chapter-03/section-03.tex:629	defined
target		equation	eq:ch3-uniqueness-2d-trilinear-bound	label	tex/chapters/chapter-03/section-03.tex:635	tex/chapters/chapter-03/section-03.tex:635	defined
target		equation	eq:ch3-uniqueness-2d-bu-l2-bound	label	tex/chapters/chapter-03/section-03.tex:641	tex/chapters/chapter-03/section-03.tex:641	defined
target		equation	eq:ch3-uniqueness-2d-alternate-trilinear-bound	label	tex/chapters/chapter-03/section-03.tex:667	tex/chapters/chapter-03/section-03.tex:667	defined
target		equation	eq:ch3-uniqueness-2d-buu-bound	label	tex/chapters/chapter-03/section-03.tex:673	tex/chapters/chapter-03/section-03.tex:673	defined
target		equation	eq:ch3-uniqueness-2d-bu-pointwise-bound	label	tex/chapters/chapter-03/section-03.tex:679	tex/chapters/chapter-03/section-03.tex:679	defined
target		equation	eq:ch3-uniqueness-2d-bu-time-bound	label	tex/chapters/chapter-03/section-03.tex:684	tex/chapters/chapter-03/section-03.tex:684	defined
target		theorem	thm:ch3-uniqueness-2d	label	tex/chapters/chapter-03/section-03.tex:693	tex/chapters/chapter-03/section-03.tex:693	defined
target		equation	eq:ch3-uniqueness-2d-initial-continuity	label	tex/chapters/chapter-03/section-03.tex:698	tex/chapters/chapter-03/section-03.tex:698	defined
target		equation	eq:ch3-uniqueness-2d-time-regularity	label	tex/chapters/chapter-03/section-03.tex:711	tex/chapters/chapter-03/section-03.tex:711	defined
target		equation	eq:ch3-uniqueness-2d-continuity	label	tex/chapters/chapter-03/section-03.tex:716	tex/chapters/chapter-03/section-03.tex:716	defined
target		equation	eq:ch3-uniqueness-2d-energy-derivative	label	tex/chapters/chapter-03/section-03.tex:723	tex/chapters/chapter-03/section-03.tex:723	defined
target		equation	eq:ch3-uniqueness-2d-difference-equation	label	tex/chapters/chapter-03/section-03.tex:729	tex/chapters/chapter-03/section-03.tex:729	defined
target		equation	eq:ch3-uniqueness-2d-difference-initial	label	tex/chapters/chapter-03/section-03.tex:733	tex/chapters/chapter-03/section-03.tex:733	defined
target		equation	eq:ch3-uniqueness-2d-difference-energy	label	tex/chapters/chapter-03/section-03.tex:739	tex/chapters/chapter-03/section-03.tex:739	defined
target		remark	rem:ch3-uniqueness-2d-l4q	label	tex/chapters/chapter-03/section-03.tex:762	tex/chapters/chapter-03/section-03.tex:762	defined
target		equation	eq:ch3-uniqueness-2d-l4q	label	tex/chapters/chapter-03/section-03.tex:766	tex/chapters/chapter-03/section-03.tex:766	defined
target		remark	rem:ch3-uniqueness-2d-unbounded	label	tex/chapters/chapter-03/section-03.tex:772	tex/chapters/chapter-03/section-03.tex:772	defined
target		subsection	subsec:ch3-regularity-uniqueness-3d	label	tex/chapters/chapter-03/section-03.tex:777	tex/chapters/chapter-03/section-03.tex:777	defined
target		lemma	lem:ch3-ladyzhenskaya-3d	label	tex/chapters/chapter-03/section-03.tex:786	tex/chapters/chapter-03/section-03.tex:786	defined
target		equation	eq:ch3-uniqueness-3d-l4-inequality	label	tex/chapters/chapter-03/section-03.tex:793	tex/chapters/chapter-03/section-03.tex:793	defined
target		equation	eq:ch3-uniqueness-3d-slice-bound	label	tex/chapters/chapter-03/section-03.tex:808	tex/chapters/chapter-03/section-03.tex:808	defined
target		theorem	thm:ch3-regularity-3d	label	tex/chapters/chapter-03/section-03.tex:837	tex/chapters/chapter-03/section-03.tex:837	defined
target		equation	eq:ch3-regularity-3d-l83-l4	label	tex/chapters/chapter-03/section-03.tex:841	tex/chapters/chapter-03/section-03.tex:841	defined
target		equation	eq:ch3-regularity-3d-time-derivative	label	tex/chapters/chapter-03/section-03.tex:845	tex/chapters/chapter-03/section-03.tex:845	defined
target		equation	eq:ch3-regularity-3d-l4-pointwise	label	tex/chapters/chapter-03/section-03.tex:854	tex/chapters/chapter-03/section-03.tex:854	defined
target		equation	eq:ch3-regularity-3d-bu-l4-bound	label	tex/chapters/chapter-03/section-03.tex:863	tex/chapters/chapter-03/section-03.tex:863	defined
target		equation	eq:ch3-regularity-3d-bu-l4	label	tex/chapters/chapter-03/section-03.tex:868	tex/chapters/chapter-03/section-03.tex:868	defined
target		equation	eq:ch3-regularity-3d-bu-energy	label	tex/chapters/chapter-03/section-03.tex:873	tex/chapters/chapter-03/section-03.tex:873	defined
target		theorem	thm:ch3-uniqueness-3d	label	tex/chapters/chapter-03/section-03.tex:884	tex/chapters/chapter-03/section-03.tex:884	defined
target		equation	eq:ch3-uniqueness-3d-energy-class	label	tex/chapters/chapter-03/section-03.tex:888	tex/chapters/chapter-03/section-03.tex:888	defined
target		equation	eq:ch3-uniqueness-3d-serrin-class	label	tex/chapters/chapter-03/section-03.tex:892	tex/chapters/chapter-03/section-03.tex:892	defined
target		equation	eq:ch3-uniqueness-3d-bu-l2	label	tex/chapters/chapter-03/section-03.tex:901	tex/chapters/chapter-03/section-03.tex:901	defined
target		equation	eq:ch3-uniqueness-3d-time-regularity	label	tex/chapters/chapter-03/section-03.tex:906	tex/chapters/chapter-03/section-03.tex:906	defined
target		equation	eq:ch3-uniqueness-3d-nonlinear-bound	label	tex/chapters/chapter-03/section-03.tex:918	tex/chapters/chapter-03/section-03.tex:918	defined
target		equation	eq:ch3-uniqueness-3d-difference-energy	label	tex/chapters/chapter-03/section-03.tex:928	tex/chapters/chapter-03/section-03.tex:928	defined
target		remark	rem:ch3-uniqueness-3d-unbounded	label	tex/chapters/chapter-03/section-03.tex:947	tex/chapters/chapter-03/section-03.tex:947	defined
target		remark	rem:ch3-uniqueness-serrin-general	label	tex/chapters/chapter-03/section-03.tex:953	tex/chapters/chapter-03/section-03.tex:953	defined
target		equation	eq:ch3-uniqueness-general-serrin-class	label	tex/chapters/chapter-03/section-03.tex:957	tex/chapters/chapter-03/section-03.tex:957	defined
target		equation	eq:ch3-uniqueness-general-serrin-condition	label	tex/chapters/chapter-03/section-03.tex:967	tex/chapters/chapter-03/section-03.tex:967	defined
target		subsection	subsec:ch3-more-regular-solutions	label	tex/chapters/chapter-03/section-03.tex:974	tex/chapters/chapter-03/section-03.tex:974	defined
target		unknown	subsubsec:ch3-more-regular-2d	label	tex/chapters/chapter-03/section-03.tex:978	tex/chapters/chapter-03/section-03.tex:978	defined
target		theorem	thm:ch3-more-regular-2d	label	tex/chapters/chapter-03/section-03.tex:982	tex/chapters/chapter-03/section-03.tex:982	defined
target		equation	eq:ch3-regular-2d-force-assumptions	label	tex/chapters/chapter-03/section-03.tex:987	tex/chapters/chapter-03/section-03.tex:987	defined
target		equation	eq:ch3-regular-2d-initial-assumption	label	tex/chapters/chapter-03/section-03.tex:991	tex/chapters/chapter-03/section-03.tex:991	defined
target		equation	eq:ch3-regular-2d-time-regularity	label	tex/chapters/chapter-03/section-03.tex:996	tex/chapters/chapter-03/section-03.tex:996	defined
target		equation	eq:ch3-regular-2d-galerkin-derivative-boundedness	label	tex/chapters/chapter-03/section-03.tex:1004	tex/chapters/chapter-03/section-03.tex:1004	defined
target		equation	eq:ch3-regular-2d-initial-projection	label	tex/chapters/chapter-03/section-03.tex:1016	tex/chapters/chapter-03/section-03.tex:1016	defined
target		equation	eq:ch3-regular-2d-initial-derivative-identity	label	tex/chapters/chapter-03/section-03.tex:1029	tex/chapters/chapter-03/section-03.tex:1029	defined
target		equation	eq:ch3-regular-2d-initial-derivative-bound	label	tex/chapters/chapter-03/section-03.tex:1034	tex/chapters/chapter-03/section-03.tex:1034	defined
target		equation	eq:ch3-regular-2d-laplacian-bound	label	tex/chapters/chapter-03/section-03.tex:1040	tex/chapters/chapter-03/section-03.tex:1040	defined
target		equation	eq:ch3-regular-2d-initial-nonlinear-bound	label	tex/chapters/chapter-03/section-03.tex:1056	tex/chapters/chapter-03/section-03.tex:1056	defined
target		equation	eq:ch3-regular-2d-initial-derivative-boundedness	label	tex/chapters/chapter-03/section-03.tex:1061	tex/chapters/chapter-03/section-03.tex:1061	defined
target		equation	eq:ch3-regular-2d-differentiated-galerkin	label	tex/chapters/chapter-03/section-03.tex:1069	tex/chapters/chapter-03/section-03.tex:1069	defined
target		equation	eq:ch3-regular-2d-derivative-energy-printed	label	tex/chapters/chapter-03/section-03.tex:1076	tex/chapters/chapter-03/section-03.tex:1076	defined
target		equation	eq:ch3-regular-2d-derivative-gronwall-inequality	label	tex/chapters/chapter-03/section-03.tex:1092	tex/chapters/chapter-03/section-03.tex:1092	defined
target		equation	eq:ch3-regular-2d-derivative-gronwall-bound	label	tex/chapters/chapter-03/section-03.tex:1109	tex/chapters/chapter-03/section-03.tex:1109	defined
target		equation	eq:ch3-regular-2d-derivative-linfty-boundedness	label	tex/chapters/chapter-03/section-03.tex:1116	tex/chapters/chapter-03/section-03.tex:1116	defined
target		theorem	thm:ch3-regular-2d-h2	label	tex/chapters/chapter-03/section-03.tex:1123	tex/chapters/chapter-03/section-03.tex:1123	defined
target		equation	eq:ch3-regular-2d-force-linfty	label	tex/chapters/chapter-03/section-03.tex:1127	tex/chapters/chapter-03/section-03.tex:1127	defined
target		equation	eq:ch3-regular-2d-h2-linfty	label	tex/chapters/chapter-03/section-03.tex:1132	tex/chapters/chapter-03/section-03.tex:1132	defined
target		equation	eq:ch3-regular-2d-stationary-equation	label	tex/chapters/chapter-03/section-03.tex:1141	tex/chapters/chapter-03/section-03.tex:1141	defined
target		equation	eq:ch3-regular-2d-g-definition	label	tex/chapters/chapter-03/section-03.tex:1146	tex/chapters/chapter-03/section-03.tex:1146	defined
target		equation	eq:ch3-regular-2d-bu-l43-bound	label	tex/chapters/chapter-03/section-03.tex:1158	tex/chapters/chapter-03/section-03.tex:1158	defined
target		equation	eq:ch3-regular-2d-g-l43	label	tex/chapters/chapter-03/section-03.tex:1163	tex/chapters/chapter-03/section-03.tex:1163	defined
target		remark	rem:ch3-regular-compatibility	label	tex/chapters/chapter-03/section-03.tex:1181	tex/chapters/chapter-03/section-03.tex:1181	defined
target		unknown	subsubsec:ch3-more-regular-3d	label	tex/chapters/chapter-03/section-03.tex:1186	tex/chapters/chapter-03/section-03.tex:1186	defined
target		equation	eq:ch3-regular-3d-trilinear-v-bound	label	tex/chapters/chapter-03/section-03.tex:1193	tex/chapters/chapter-03/section-03.tex:1193	defined
target		theorem	thm:ch3-more-regular-3d	label	tex/chapters/chapter-03/section-03.tex:1198	tex/chapters/chapter-03/section-03.tex:1198	defined
target		equation	eq:ch3-regular-3d-initial-assumption	label	tex/chapters/chapter-03/section-03.tex:1202	tex/chapters/chapter-03/section-03.tex:1202	defined
target		equation	eq:ch3-regular-3d-force-assumptions	label	tex/chapters/chapter-03/section-03.tex:1207	tex/chapters/chapter-03/section-03.tex:1207	defined
target		equation	eq:ch3-regular-3d-time-regularity	label	tex/chapters/chapter-03/section-03.tex:1212	tex/chapters/chapter-03/section-03.tex:1212	defined
target		equation	eq:ch3-regular-3d-v-linfty	label	tex/chapters/chapter-03/section-03.tex:1220	tex/chapters/chapter-03/section-03.tex:1220	defined
target		equation	eq:ch3-regular-3d-l4-linfty	label	tex/chapters/chapter-03/section-03.tex:1225	tex/chapters/chapter-03/section-03.tex:1225	defined
target		equation	eq:ch3-regular-3d-initial-derivative-bound	label	tex/chapters/chapter-03/section-03.tex:1233	tex/chapters/chapter-03/section-03.tex:1233	defined
target		equation	eq:ch3-regular-3d-derivative-energy	label	tex/chapters/chapter-03/section-03.tex:1240	tex/chapters/chapter-03/section-03.tex:1240	defined
target		equation	eq:ch3-regular-3d-v-bound	label	tex/chapters/chapter-03/section-03.tex:1253	tex/chapters/chapter-03/section-03.tex:1253	defined
target		equation	eq:ch3-regular-3d-d2	label	tex/chapters/chapter-03/section-03.tex:1258	tex/chapters/chapter-03/section-03.tex:1258	defined
target		equation	eq:ch3-regular-3d-initial-v-bound	label	tex/chapters/chapter-03/section-03.tex:1265	tex/chapters/chapter-03/section-03.tex:1265	defined
target		equation	eq:ch3-regular-3d-smallness-condition	label	tex/chapters/chapter-03/section-03.tex:1272	tex/chapters/chapter-03/section-03.tex:1272	defined
target		equation	eq:ch3-regular-3d-coercivity-nonnegative	label	tex/chapters/chapter-03/section-03.tex:1284	tex/chapters/chapter-03/section-03.tex:1284	defined
target		equation	eq:ch3-regular-3d-derivative-linfty-bound	label	tex/chapters/chapter-03/section-03.tex:1309	tex/chapters/chapter-03/section-03.tex:1309	defined
target		equation	eq:ch3-regular-3d-coercivity-positive	label	tex/chapters/chapter-03/section-03.tex:1322	tex/chapters/chapter-03/section-03.tex:1322	defined
target		equation	eq:ch3-regular-3d-galerkin-derivative-boundedness	label	tex/chapters/chapter-03/section-03.tex:1335	tex/chapters/chapter-03/section-03.tex:1335	defined
target		theorem	thm:ch3-regular-3d-h2	label	tex/chapters/chapter-03/section-03.tex:1342	tex/chapters/chapter-03/section-03.tex:1342	defined
target		equation	eq:ch3-regular-3d-h2-linfty	label	tex/chapters/chapter-03/section-03.tex:1346	tex/chapters/chapter-03/section-03.tex:1346	defined
target		equation	eq:ch3-regular-3d-bu-h-linfty-goal	label	tex/chapters/chapter-03/section-03.tex:1360	tex/chapters/chapter-03/section-03.tex:1360	defined
target		equation	eq:ch3-regular-3d-bu-l32-bound	label	tex/chapters/chapter-03/section-03.tex:1372	tex/chapters/chapter-03/section-03.tex:1372	defined
target		equation	eq:ch3-regular-3d-w285	label	tex/chapters/chapter-03/section-03.tex:1402	tex/chapters/chapter-03/section-03.tex:1402	defined
target		remark	rem:ch3-regular-3d-compatibility	label	tex/chapters/chapter-03/section-03.tex:1409	tex/chapters/chapter-03/section-03.tex:1409	defined
target		unknown	par:ch3-pressure-introduction	label	tex/chapters/chapter-03/section-03.tex:1414	tex/chapters/chapter-03/section-03.tex:1414	defined
target		equation	eq:ch3-pressure-integrated-functions-continuity	label	tex/chapters/chapter-03/section-03.tex:1424	tex/chapters/chapter-03/section-03.tex:1424	defined
target		equation	eq:ch3-pressure-integrated-variational-equation	label	tex/chapters/chapter-03/section-03.tex:1430	tex/chapters/chapter-03/section-03.tex:1430	defined
target		equation	eq:ch3-pressure-integrated-momentum	label	tex/chapters/chapter-03/section-03.tex:1444	tex/chapters/chapter-03/section-03.tex:1444	defined
target		equation	eq:ch3-pressure-p-continuity	label	tex/chapters/chapter-03/section-03.tex:1453	tex/chapters/chapter-03/section-03.tex:1453	defined
target		equation	eq:ch3-pressure-definition	label	tex/chapters/chapter-03/section-03.tex:1458	tex/chapters/chapter-03/section-03.tex:1458	defined
target		equation	eq:ch3-pressure-distributional-momentum	label	tex/chapters/chapter-03/section-03.tex:1465	tex/chapters/chapter-03/section-03.tex:1465	defined
target		equation	eq:ch3-pressure-p-h1-linfty	label	tex/chapters/chapter-03/section-03.tex:1470	tex/chapters/chapter-03/section-03.tex:1470	defined
target		subsection	subsec:ch3-existence-uniqueness-relations	label	tex/chapters/chapter-03/section-03.tex:1475	tex/chapters/chapter-03/section-03.tex:1475	defined
target		equation	eq:ch3-relations-weak-energy-class	label	tex/chapters/chapter-03/section-03.tex:1489	tex/chapters/chapter-03/section-03.tex:1489	defined
target		equation	eq:ch3-relations-weak-regularity	label	tex/chapters/chapter-03/section-03.tex:1495	tex/chapters/chapter-03/section-03.tex:1495	defined
target		equation	eq:ch3-relations-strong-class	label	tex/chapters/chapter-03/section-03.tex:1501	tex/chapters/chapter-03/section-03.tex:1501	defined
target		equation	eq:ch3-relations-weak-energy-inequality	label	tex/chapters/chapter-03/section-03.tex:1513	tex/chapters/chapter-03/section-03.tex:1513	defined
target		equation	eq:ch3-relations-strong-energy-equality	label	tex/chapters/chapter-03/section-03.tex:1520	tex/chapters/chapter-03/section-03.tex:1520	defined
target		theorem	thm:ch3-weak-strong-uniqueness	label	tex/chapters/chapter-03/section-03.tex:1527	tex/chapters/chapter-03/section-03.tex:1527	defined
target		equation	eq:ch3-relations-data	label	tex/chapters/chapter-03/section-03.tex:1532	tex/chapters/chapter-03/section-03.tex:1532	defined
target		equation	eq:ch3-relations-cross-energy	label	tex/chapters/chapter-03/section-03.tex:1548	tex/chapters/chapter-03/section-03.tex:1548	defined
target		equation	eq:ch3-relations-difference-energy	label	tex/chapters/chapter-03/section-03.tex:1556	tex/chapters/chapter-03/section-03.tex:1556	defined
target		lemma	lem:ch3-relations-cross-energy	label	tex/chapters/chapter-03/section-03.tex:1587	tex/chapters/chapter-03/section-03.tex:1587	defined
target		equation	eq:ch3-relations-u-equation	label	tex/chapters/chapter-03/section-03.tex:1603	tex/chapters/chapter-03/section-03.tex:1603	defined
target		equation	eq:ch3-relations-v-equation	label	tex/chapters/chapter-03/section-03.tex:1607	tex/chapters/chapter-03/section-03.tex:1607	defined
target		equation	eq:ch3-relations-regularized-u-equation	label	tex/chapters/chapter-03/section-03.tex:1615	tex/chapters/chapter-03/section-03.tex:1615	defined
target		equation	eq:ch3-relations-regularized-cross-derivative	label	tex/chapters/chapter-03/section-03.tex:1634	tex/chapters/chapter-03/section-03.tex:1634	defined
target		equation	eq:ch3-relations-regularized-cross-integral	label	tex/chapters/chapter-03/section-03.tex:1648	tex/chapters/chapter-03/section-03.tex:1648	defined
target		equation	eq:ch3-relations-regularized-convergence	label	tex/chapters/chapter-03/section-03.tex:1660	tex/chapters/chapter-03/section-03.tex:1660	defined
target		equation	eq:ch3-relations-cross-identity-general	label	tex/chapters/chapter-03/section-03.tex:1671	tex/chapters/chapter-03/section-03.tex:1671	defined
target		subsection	subsec:ch3-special-basis	label	tex/chapters/chapter-03/section-03.tex:1682	tex/chapters/chapter-03/section-03.tex:1682	defined
target		unknown	subsubsec:ch3-special-basis-preliminary	label	tex/chapters/chapter-03/section-03.tex:1687	tex/chapters/chapter-03/section-03.tex:1687	defined
target		lemma	lem:ch3-special-basis-a-norm	label	tex/chapters/chapter-03/section-03.tex:1692	tex/chapters/chapter-03/section-03.tex:1692	defined
target		equation	eq:ch3-special-basis-stokes-variational	label	tex/chapters/chapter-03/section-03.tex:1701	tex/chapters/chapter-03/section-03.tex:1701	defined
target		lemma	lem:ch3-special-basis-bu-estimates	label	tex/chapters/chapter-03/section-03.tex:1712	tex/chapters/chapter-03/section-03.tex:1712	defined
target		equation	eq:ch3-special-basis-bu-2d	label	tex/chapters/chapter-03/section-03.tex:1717	tex/chapters/chapter-03/section-03.tex:1717	defined
target		equation	eq:ch3-special-basis-bu-3d	label	tex/chapters/chapter-03/section-03.tex:1722	tex/chapters/chapter-03/section-03.tex:1722	defined
target		unknown	subsubsec:ch3-special-basis-2d	label	tex/chapters/chapter-03/section-03.tex:1767	tex/chapters/chapter-03/section-03.tex:1767	defined
target		theorem	thm:ch3-special-basis-2d	label	tex/chapters/chapter-03/section-03.tex:1771	tex/chapters/chapter-03/section-03.tex:1771	defined
target		equation	eq:ch3-special-basis-2d-initial-h	label	tex/chapters/chapter-03/section-03.tex:1775	tex/chapters/chapter-03/section-03.tex:1775	defined
target		equation	eq:ch3-special-basis-2d-force-l2	label	tex/chapters/chapter-03/section-03.tex:1779	tex/chapters/chapter-03/section-03.tex:1779	defined
target		equation	eq:ch3-special-basis-2d-weighted-regularity	label	tex/chapters/chapter-03/section-03.tex:1785	tex/chapters/chapter-03/section-03.tex:1785	defined
target		equation	eq:ch3-special-basis-2d-regularity	label	tex/chapters/chapter-03/section-03.tex:1791	tex/chapters/chapter-03/section-03.tex:1791	defined
target		equation	eq:ch3-special-basis-galerkin-equation	label	tex/chapters/chapter-03/section-03.tex:1805	tex/chapters/chapter-03/section-03.tex:1805	defined
target		equation	eq:ch3-special-basis-eigenfunction-identity	label	tex/chapters/chapter-03/section-03.tex:1811	tex/chapters/chapter-03/section-03.tex:1811	defined
target		equation	eq:ch3-special-basis-higher-energy-identity	label	tex/chapters/chapter-03/section-03.tex:1821	tex/chapters/chapter-03/section-03.tex:1821	defined
target		equation	eq:ch3-special-basis-2d-higher-energy-inequality	label	tex/chapters/chapter-03/section-03.tex:1836	tex/chapters/chapter-03/section-03.tex:1836	defined
target		equation	eq:ch3-special-basis-2d-v-linfty-boundedness	label	tex/chapters/chapter-03/section-03.tex:1850	tex/chapters/chapter-03/section-03.tex:1850	defined
target		equation	eq:ch3-special-basis-2d-h2-boundedness	label	tex/chapters/chapter-03/section-03.tex:1865	tex/chapters/chapter-03/section-03.tex:1865	defined
target		unknown	subsubsec:ch3-special-basis-3d	label	tex/chapters/chapter-03/section-03.tex:1882	tex/chapters/chapter-03/section-03.tex:1882	defined
target		theorem	thm:ch3-special-basis-3d	label	tex/chapters/chapter-03/section-03.tex:1886	tex/chapters/chapter-03/section-03.tex:1886	defined
target		equation	eq:ch3-special-basis-3d-data	label	tex/chapters/chapter-03/section-03.tex:1891	tex/chapters/chapter-03/section-03.tex:1891	defined
target		equation	eq:ch3-special-basis-3d-t1	label	tex/chapters/chapter-03/section-03.tex:1896	tex/chapters/chapter-03/section-03.tex:1896	defined
target		equation	eq:ch3-special-basis-3d-mu	label	tex/chapters/chapter-03/section-03.tex:1902	tex/chapters/chapter-03/section-03.tex:1902	defined
target		equation	eq:ch3-special-basis-3d-solution-space	label	tex/chapters/chapter-03/section-03.tex:1907	tex/chapters/chapter-03/section-03.tex:1907	defined
target		equation	eq:ch3-special-basis-3d-time-regularity	label	tex/chapters/chapter-03/section-03.tex:1911	tex/chapters/chapter-03/section-03.tex:1911	defined
target		equation	eq:ch3-special-basis-3d-higher-energy-inequality	label	tex/chapters/chapter-03/section-03.tex:1929	tex/chapters/chapter-03/section-03.tex:1929	defined
target		equation	eq:ch3-special-basis-3d-v-ode	label	tex/chapters/chapter-03/section-03.tex:1937	tex/chapters/chapter-03/section-03.tex:1937	defined
target		equation	eq:ch3-special-basis-3d-local-bound	label	tex/chapters/chapter-03/section-03.tex:1943	tex/chapters/chapter-03/section-03.tex:1943	defined
target		remark	rem:ch3-special-basis-limit-inequalities	label	tex/chapters/chapter-03/section-03.tex:1969	tex/chapters/chapter-03/section-03.tex:1969	defined
target		equation	eq:ch3-special-basis-limit-2d	label	tex/chapters/chapter-03/section-03.tex:1975	tex/chapters/chapter-03/section-03.tex:1975	defined
target		equation	eq:ch3-special-basis-limit-3d	label	tex/chapters/chapter-03/section-03.tex:1981	tex/chapters/chapter-03/section-03.tex:1981	defined
target		subsection	subsec:ch3-zero-force	label	tex/chapters/chapter-03/section-03.tex:1986	tex/chapters/chapter-03/section-03.tex:1986	defined
target		theorem	thm:ch3-zero-force-decay	label	tex/chapters/chapter-03/section-03.tex:1991	tex/chapters/chapter-03/section-03.tex:1991	defined
target		equation	eq:ch3-zero-force-energy	label	tex/chapters/chapter-03/section-03.tex:2010	tex/chapters/chapter-03/section-03.tex:2010	defined
target		equation	eq:ch3-zero-force-v-ode	label	tex/chapters/chapter-03/section-03.tex:2018	tex/chapters/chapter-03/section-03.tex:2018	defined
target		equation	eq:ch3-zero-force-smallness-at-t1	label	tex/chapters/chapter-03/section-03.tex:2025	tex/chapters/chapter-03/section-03.tex:2025	defined
target		section	sec:ch3-semidiscrete-existence	label	tex/chapters/chapter-03/section-04.tex:3	tex/chapters/chapter-03/section-04.tex:3	defined
target		subsection	subsec:ch3-semidiscrete-formulation	label	tex/chapters/chapter-03/section-04.tex:7	tex/chapters/chapter-03/section-04.tex:7	defined
target		equation	eq:ch3-semidiscrete-vs-definition	label	tex/chapters/chapter-03/section-04.tex:14	tex/chapters/chapter-03/section-04.tex:14	defined
target		equation	eq:ch3-semidiscrete-hs-norm	label	tex/chapters/chapter-03/section-04.tex:23	tex/chapters/chapter-03/section-04.tex:23	defined
target		equation	eq:ch3-semidiscrete-vs-embedding	label	tex/chapters/chapter-03/section-04.tex:28	tex/chapters/chapter-03/section-04.tex:28	defined
target		lemma	lem:ch3-semidiscrete-trilinear-continuity	label	tex/chapters/chapter-03/section-04.tex:34	tex/chapters/chapter-03/section-04.tex:34	defined
target		equation	eq:ch3-semidiscrete-trilinear-estimate	label	tex/chapters/chapter-03/section-04.tex:38	tex/chapters/chapter-03/section-04.tex:38	defined
target		equation	eq:ch3-semidiscrete-sobolev-exponent	label	tex/chapters/chapter-03/section-04.tex:58	tex/chapters/chapter-03/section-04.tex:58	defined
target		equation	eq:ch3-semidiscrete-trilinear-estimate-dense	label	tex/chapters/chapter-03/section-04.tex:67	tex/chapters/chapter-03/section-04.tex:67	defined
target		lemma	lem:ch3-semidiscrete-bu-vs-dual	label	tex/chapters/chapter-03/section-04.tex:74	tex/chapters/chapter-03/section-04.tex:74	defined
target		unknown	prob:ch3-semidiscrete-variational	label	tex/chapters/chapter-03/section-04.tex:96	tex/chapters/chapter-03/section-04.tex:96	defined
target		equation	eq:ch3-semidiscrete-force	label	tex/chapters/chapter-03/section-04.tex:100	tex/chapters/chapter-03/section-04.tex:100	defined
target		equation	eq:ch3-semidiscrete-initial-data	label	tex/chapters/chapter-03/section-04.tex:104	tex/chapters/chapter-03/section-04.tex:104	defined
target		equation	eq:ch3-semidiscrete-solution-space	label	tex/chapters/chapter-03/section-04.tex:109	tex/chapters/chapter-03/section-04.tex:109	defined
target		equation	eq:ch3-semidiscrete-variational-equation	label	tex/chapters/chapter-03/section-04.tex:114	tex/chapters/chapter-03/section-04.tex:114	defined
target		equation	eq:ch3-semidiscrete-initial-condition	label	tex/chapters/chapter-03/section-04.tex:118	tex/chapters/chapter-03/section-04.tex:118	defined
target		equation	eq:ch3-semidiscrete-g-space	label	tex/chapters/chapter-03/section-04.tex:128	tex/chapters/chapter-03/section-04.tex:128	defined
target		equation	eq:ch3-semidiscrete-time-derivative	label	tex/chapters/chapter-03/section-04.tex:134	tex/chapters/chapter-03/section-04.tex:134	defined
target		unknown	prob:ch3-semidiscrete-operator	label	tex/chapters/chapter-03/section-04.tex:141	tex/chapters/chapter-03/section-04.tex:141	defined
target		equation	eq:ch3-semidiscrete-operator-space	label	tex/chapters/chapter-03/section-04.tex:146	tex/chapters/chapter-03/section-04.tex:146	defined
target		equation	eq:ch3-semidiscrete-operator-equation	label	tex/chapters/chapter-03/section-04.tex:150	tex/chapters/chapter-03/section-04.tex:150	defined
target		equation	eq:ch3-semidiscrete-operator-initial	label	tex/chapters/chapter-03/section-04.tex:154	tex/chapters/chapter-03/section-04.tex:154	defined
target		theorem	thm:ch3-semidiscrete-existence	label	tex/chapters/chapter-03/section-04.tex:160	tex/chapters/chapter-03/section-04.tex:160	defined
target		subsection	subsec:ch3-semidiscrete-approximation	label	tex/chapters/chapter-03/section-04.tex:168	tex/chapters/chapter-03/section-04.tex:168	defined
target		equation	eq:ch3-semidiscrete-time-step	label	tex/chapters/chapter-03/section-04.tex:172	tex/chapters/chapter-03/section-04.tex:172	defined
target		equation	eq:ch3-semidiscrete-force-average	label	tex/chapters/chapter-03/section-04.tex:180	tex/chapters/chapter-03/section-04.tex:180	defined
target		equation	eq:ch3-semidiscrete-u0	label	tex/chapters/chapter-03/section-04.tex:185	tex/chapters/chapter-03/section-04.tex:185	defined
target		equation	eq:ch3-semidiscrete-recursion	label	tex/chapters/chapter-03/section-04.tex:190	tex/chapters/chapter-03/section-04.tex:190	defined
target		lemma	lem:ch3-semidiscrete-step-existence	label	tex/chapters/chapter-03/section-04.tex:196	tex/chapters/chapter-03/section-04.tex:196	defined
target		equation	eq:ch3-semidiscrete-step-energy	label	tex/chapters/chapter-03/section-04.tex:201	tex/chapters/chapter-03/section-04.tex:201	defined
target		equation	eq:ch3-semidiscrete-piecewise-constant	label	tex/chapters/chapter-03/section-04.tex:209	tex/chapters/chapter-03/section-04.tex:209	defined
target		equation	eq:ch3-semidiscrete-piecewise-linear	label	tex/chapters/chapter-03/section-04.tex:215	tex/chapters/chapter-03/section-04.tex:215	defined
target		equation	eq:ch3-semidiscrete-step-variational	label	tex/chapters/chapter-03/section-04.tex:225	tex/chapters/chapter-03/section-04.tex:225	defined
target		equation	eq:ch3-semidiscrete-galerkin-phi	label	tex/chapters/chapter-03/section-04.tex:230	tex/chapters/chapter-03/section-04.tex:230	defined
target		equation	eq:ch3-semidiscrete-galerkin-equation	label	tex/chapters/chapter-03/section-04.tex:237	tex/chapters/chapter-03/section-04.tex:237	defined
target		equation	eq:ch3-semidiscrete-galerkin-energy	label	tex/chapters/chapter-03/section-04.tex:245	tex/chapters/chapter-03/section-04.tex:245	defined
target		equation	eq:ch3-semidiscrete-polarization	label	tex/chapters/chapter-03/section-04.tex:251	tex/chapters/chapter-03/section-04.tex:251	defined
target		equation	eq:ch3-semidiscrete-galerkin-energy-bound	label	tex/chapters/chapter-03/section-04.tex:261	tex/chapters/chapter-03/section-04.tex:261	defined
target		equation	eq:ch3-semidiscrete-galerkin-uniform-bound	label	tex/chapters/chapter-03/section-04.tex:267	tex/chapters/chapter-03/section-04.tex:267	defined
target		equation	eq:ch3-semidiscrete-galerkin-weak-limit	label	tex/chapters/chapter-03/section-04.tex:273	tex/chapters/chapter-03/section-04.tex:273	defined
target		subsection	subsec:ch3-semidiscrete-estimates	label	tex/chapters/chapter-03/section-04.tex:279	tex/chapters/chapter-03/section-04.tex:279	defined
target		lemma	lem:ch3-semidiscrete-discrete-estimates	label	tex/chapters/chapter-03/section-04.tex:282	tex/chapters/chapter-03/section-04.tex:282	defined
target		equation	eq:ch3-semidiscrete-um-bound	label	tex/chapters/chapter-03/section-04.tex:287	tex/chapters/chapter-03/section-04.tex:287	defined
target		equation	eq:ch3-semidiscrete-v-sum-bound	label	tex/chapters/chapter-03/section-04.tex:291	tex/chapters/chapter-03/section-04.tex:291	defined
target		equation	eq:ch3-semidiscrete-increment-bound	label	tex/chapters/chapter-03/section-04.tex:295	tex/chapters/chapter-03/section-04.tex:295	defined
target		equation	eq:ch3-semidiscrete-d1	label	tex/chapters/chapter-03/section-04.tex:300	tex/chapters/chapter-03/section-04.tex:300	defined
target		equation	eq:ch3-semidiscrete-step-energy-reduced	label	tex/chapters/chapter-03/section-04.tex:317	tex/chapters/chapter-03/section-04.tex:317	defined
target		equation	eq:ch3-semidiscrete-global-energy	label	tex/chapters/chapter-03/section-04.tex:324	tex/chapters/chapter-03/section-04.tex:324	defined
target		equation	eq:ch3-semidiscrete-partial-energy	label	tex/chapters/chapter-03/section-04.tex:331	tex/chapters/chapter-03/section-04.tex:331	defined
target		lemma	lem:ch3-semidiscrete-force-average-bound	label	tex/chapters/chapter-03/section-04.tex:338	tex/chapters/chapter-03/section-04.tex:338	defined
target		equation	eq:ch3-semidiscrete-force-average-estimate	label	tex/chapters/chapter-03/section-04.tex:343	tex/chapters/chapter-03/section-04.tex:343	defined
target		lemma	lem:ch3-semidiscrete-time-difference-bound	label	tex/chapters/chapter-03/section-04.tex:359	tex/chapters/chapter-03/section-04.tex:359	defined
target		lemma	lem:ch3-semidiscrete-function-bounds	label	tex/chapters/chapter-03/section-04.tex:404	tex/chapters/chapter-03/section-04.tex:404	defined
target		equation	eq:ch3-semidiscrete-uk-wk-convergence	label	tex/chapters/chapter-03/section-04.tex:409	tex/chapters/chapter-03/section-04.tex:409	defined
target		lemma	lem:ch3-semidiscrete-interpolation-distance	label	tex/chapters/chapter-03/section-04.tex:419	tex/chapters/chapter-03/section-04.tex:419	defined
target		equation	eq:ch3-semidiscrete-interpolation-distance-formula	label	tex/chapters/chapter-03/section-04.tex:424	tex/chapters/chapter-03/section-04.tex:424	defined
target		subsection	subsec:ch3-semidiscrete-limit	label	tex/chapters/chapter-03/section-04.tex:442	tex/chapters/chapter-03/section-04.tex:442	defined
target		equation	eq:ch3-semidiscrete-uk-weak-limits	label	tex/chapters/chapter-03/section-04.tex:448	tex/chapters/chapter-03/section-04.tex:448	defined
target		equation	eq:ch3-semidiscrete-wk-weak-limits	label	tex/chapters/chapter-03/section-04.tex:455	tex/chapters/chapter-03/section-04.tex:455	defined
target		equation	eq:ch3-semidiscrete-wk-derivative-limit	label	tex/chapters/chapter-03/section-04.tex:460	tex/chapters/chapter-03/section-04.tex:460	defined
target		equation	eq:ch3-semidiscrete-wk-strong-limit	label	tex/chapters/chapter-03/section-04.tex:465	tex/chapters/chapter-03/section-04.tex:465	defined
target		equation	eq:ch3-semidiscrete-uk-strong-limit	label	tex/chapters/chapter-03/section-04.tex:470	tex/chapters/chapter-03/section-04.tex:470	defined
target		equation	eq:ch3-semidiscrete-functional-equation	label	tex/chapters/chapter-03/section-04.tex:477	tex/chapters/chapter-03/section-04.tex:477	defined
target		lemma	lem:ch3-semidiscrete-force-convergence	label	tex/chapters/chapter-03/section-04.tex:505	tex/chapters/chapter-03/section-04.tex:505	defined
target		equation	eq:ch3-semidiscrete-force-convergence	label	tex/chapters/chapter-03/section-04.tex:509	tex/chapters/chapter-03/section-04.tex:509	defined
target		equation	eq:ch3-semidiscrete-averaging-contraction	label	tex/chapters/chapter-03/section-04.tex:518	tex/chapters/chapter-03/section-04.tex:518	defined
target		remark	rem:ch3-semidiscrete-energy-inequality	label	tex/chapters/chapter-03/section-04.tex:525	tex/chapters/chapter-03/section-04.tex:525	defined
target		equation	eq:ch3-semidiscrete-discrete-energy-remark	label	tex/chapters/chapter-03/section-04.tex:530	tex/chapters/chapter-03/section-04.tex:530	defined
target		equation	eq:ch3-semidiscrete-functional-energy-remark	label	tex/chapters/chapter-03/section-04.tex:536	tex/chapters/chapter-03/section-04.tex:536	defined
target		equation	eq:ch3-semidiscrete-time-ceiling-source	label	tex/chapters/chapter-03/section-04.tex:542	tex/chapters/chapter-03/section-04.tex:542	defined
reference	第 \ref{sec:ch3-linear-case} 节简要研究线性演化方程(演化 Stokes 方程). 本节包含一些适用于演化方程研究的技术引理. 第 \ref{sec:ch3-compactness} 节给出紧性定理, 使我们能够在演化情形得到强收敛结果, 并在非线性项中取极限. \MBUnresolvedReference{section}{Section 3} 包含问题的变分表述(依照 \MBUnresolvedReference{citation}{J. Leray [1, 2, 3]} 和 \MBUnresolvedReference{citation}{E. Höpf [2]} 的弱解或湍流解), 以及逼近和解的唯一性的主要结果(空间维数为 $n=2$ 或 $3$); 存在性以 Galerkin 方法构造逼近解为基础. \MBUnresolvedReference{section}{Section 4} 给出进一步的存在性与唯一性结果; 此处通过时间半离散得到存在性, 并且对任意空间维数均成立.	section	sec:ch3-linear-case	ref	tex/chapters/chapter-03/section-01.tex:5	tex/chapters/chapter-03/section-01.tex:10	resolved
reference	第 \ref{sec:ch3-linear-case} 节简要研究线性演化方程(演化 Stokes 方程). 本节包含一些适用于演化方程研究的技术引理. 第 \ref{sec:ch3-compactness} 节给出紧性定理, 使我们能够在演化情形得到强收敛结果, 并在非线性项中取极限. \MBUnresolvedReference{section}{Section 3} 包含问题的变分表述(依照 \MBUnresolvedReference{citation}{J. Leray [1, 2, 3]} 和 \MBUnresolvedReference{citation}{E. Höpf [2]} 的弱解或湍流解), 以及逼近和解的唯一性的主要结果(空间维数为 $n=2$ 或 $3$); 存在性以 Galerkin 方法构造逼近解为基础. \MBUnresolvedReference{section}{Section 4} 给出进一步的存在性与唯一性结果; 此处通过时间半离散得到存在性, 并且对任意空间维数均成立.	section	sec:ch3-compactness	ref	tex/chapters/chapter-03/section-01.tex:5	tex/chapters/chapter-03/section-02.tex:3	resolved
reference	最后一节研究二维和三维情形下演化 Navier--Stokes 方程的逼近. 所考虑的若干格式把时间变量的经典离散化(隐式, Crank--Nicholson, 显式)与第 \ref{chap:steady-state-stokes} 章引入的任意空间变量离散化(有限差分, 有限元)结合起来. 最后研究这些格式的非线性稳定性, 建立稳定性的充分条件, 并证明所有稳定格式均收敛.	chapter	chap:steady-state-stokes	ref	tex/chapters/chapter-03/section-01.tex:7	tex/chapters/chapter-01.tex:5	resolved
reference	本节讨论线性化 Navier--Stokes 方程解的存在性, 唯一性和正则性结果. 先引入在线性和非线性情形都要用到的一些记号(第 \ref{subsec:ch3-linear-notation} 小节), 再给出问题的经典表述与变分表述以及主要存在唯一性结果的陈述(第 \ref{subsec:ch3-linear-existence-uniqueness} 小节); 随后分别在第 \ref{subsec:ch3-linear-existence-proof} 和 \ref{subsec:ch3-linear-continuity-uniqueness} 小节证明存在性与唯一性.	subsection	subsec:ch3-linear-notation	ref	tex/chapters/chapter-03/section-01.tex:11	tex/chapters/chapter-03/section-01.tex:14	resolved
reference	本节讨论线性化 Navier--Stokes 方程解的存在性, 唯一性和正则性结果. 先引入在线性和非线性情形都要用到的一些记号(第 \ref{subsec:ch3-linear-notation} 小节), 再给出问题的经典表述与变分表述以及主要存在唯一性结果的陈述(第 \ref{subsec:ch3-linear-existence-uniqueness} 小节); 随后分别在第 \ref{subsec:ch3-linear-existence-proof} 和 \ref{subsec:ch3-linear-continuity-uniqueness} 小节证明存在性与唯一性.	subsection	subsec:ch3-linear-existence-uniqueness	ref	tex/chapters/chapter-03/section-01.tex:11	tex/chapters/chapter-03/section-01.tex:211	resolved
reference	本节讨论线性化 Navier--Stokes 方程解的存在性, 唯一性和正则性结果. 先引入在线性和非线性情形都要用到的一些记号(第 \ref{subsec:ch3-linear-notation} 小节), 再给出问题的经典表述与变分表述以及主要存在唯一性结果的陈述(第 \ref{subsec:ch3-linear-existence-uniqueness} 小节); 随后分别在第 \ref{subsec:ch3-linear-existence-proof} 和 \ref{subsec:ch3-linear-continuity-uniqueness} 小节证明存在性与唯一性.	subsection	subsec:ch3-linear-existence-proof	ref	tex/chapters/chapter-03/section-01.tex:11	tex/chapters/chapter-03/section-01.tex:323	resolved
reference	本节讨论线性化 Navier--Stokes 方程解的存在性, 唯一性和正则性结果. 先引入在线性和非线性情形都要用到的一些记号(第 \ref{subsec:ch3-linear-notation} 小节), 再给出问题的经典表述与变分表述以及主要存在唯一性结果的陈述(第 \ref{subsec:ch3-linear-existence-uniqueness} 小节); 随后分别在第 \ref{subsec:ch3-linear-existence-proof} 和 \ref{subsec:ch3-linear-continuity-uniqueness} 小节证明存在性与唯一性.	subsection	subsec:ch3-linear-continuity-uniqueness	ref	tex/chapters/chapter-03/section-01.tex:11	tex/chapters/chapter-03/section-01.tex:567	resolved
reference	设 $\Omega$ 是 $\mathbb R^n$ 中的 Lipschitz 开集; 为简单起见, 假设 $\Omega$ 有界, 无界情形参见第 \ref{subsec:ch3-linear-miscellaneous} 小节的注. 回忆前几章所用空间 $\mathcal V,V,H$ 的定义, 它们也是本章的基本空间:	subsection	subsec:ch3-linear-miscellaneous	ref	tex/chapters/chapter-03/section-01.tex:15	tex/chapters/chapter-03/section-01.tex:768	resolved
reference	容易看出映射 $u\mapsto Au$ 线性连续, 并且由定理 \ref{thm:ch1-abstract-projection} 和相应的注, 它是 $V$ 到 $V'$ 上的同构.	theorem	thm:ch1-abstract-projection	ref	tex/chapters/chapter-03/section-01.tex:61	tex/chapters/chapter-01/section-02.tex:131	resolved
reference	包含关系 \eqref{eq:ch3-linear-gelfand-triple} 仍成立. 算子 $A$ 从 $V$ 到 $V'$ 线性连续, 但一般不是同构; 对每个 $\epsilon>0$, $A+\epsilon I$ 是 $V$ 到 $V'$ 上的同构.	equation	eq:ch3-linear-gelfand-triple	eqref	tex/chapters/chapter-03/section-01.tex:68	tex/chapters/chapter-03/section-01.tex:40	resolved
reference	第 \ref{subsec:ch3-linear-notation} 小节余下部分用于证明下面关于 Banach 空间值函数导数的技术引理.	subsection	subsec:ch3-linear-notation	ref	tex/chapters/chapter-03/section-01.tex:98	tex/chapters/chapter-03/section-01.tex:14	resolved
reference	所以 \eqref{eq:ch3-linear-banach-weak-derivative} 成立.	equation	eq:ch3-linear-banach-weak-derivative	eqref	tex/chapters/chapter-03/section-01.tex:148	tex/chapters/chapter-03/section-01.tex:118	resolved
reference	显然 $u_0$ 绝对连续且 $u_0'=g$; 因而 \eqref{eq:ch3-linear-banach-weak-derivative} 对 $u_0+v$ 成立, 且	equation	eq:ch3-linear-banach-weak-derivative	eqref	tex/chapters/chapter-03/section-01.tex:157	tex/chapters/chapter-03/section-01.tex:118	resolved
reference	若证明 \eqref{eq:ch3-linear-zero-distributional-derivative} 蕴含 $v$ 是 $X$ 中的常元, 就完成了 (i) 的证明.	equation	eq:ch3-linear-zero-distributional-derivative	eqref	tex/chapters/chapter-03/section-01.tex:163	tex/chapters/chapter-03/section-01.tex:161	resolved
reference	而 $\varphi-\lambda\varphi_0$ 从 $0$ 起的原函数属于 $\mathcal D((0,T))$, $\psi$ 正是这个原函数. 由 \eqref{eq:ch3-linear-zero-distributional-derivative}, \eqref{eq:ch3-linear-test-function-decomposition},	equation	eq:ch3-linear-zero-distributional-derivative	eqref	tex/chapters/chapter-03/section-01.tex:181	tex/chapters/chapter-03/section-01.tex:161	resolved
reference	而 $\varphi-\lambda\varphi_0$ 从 $0$ 起的原函数属于 $\mathcal D((0,T))$, $\psi$ 正是这个原函数. 由 \eqref{eq:ch3-linear-zero-distributional-derivative}, \eqref{eq:ch3-linear-test-function-decomposition},	equation	eq:ch3-linear-test-function-decomposition	eqref	tex/chapters/chapter-03/section-01.tex:181	tex/chapters/chapter-03/section-01.tex:175	resolved
reference	最后只需证明 \eqref{eq:ch3-linear-vector-distribution-constant} 蕴含 $v(t)=\xi$ 几乎处处, 即若 $w\in L^1(X)$ 且	equation	eq:ch3-linear-vector-distribution-constant	eqref	tex/chapters/chapter-03/section-01.tex:192	tex/chapters/chapter-03/section-01.tex:185	resolved
reference	其中给定向量函数 $f,u_0$, $f$ 定义在 $\Omega\times[0,T]$ 上, $u_0$ 定义在 $\Omega$ 上; \eqref{eq:ch3-linear-boundary-condition}, \eqref{eq:ch3-linear-initial-condition} 分别给出边界条件和初始条件.	equation	eq:ch3-linear-boundary-condition	eqref	tex/chapters/chapter-03/section-01.tex:232	tex/chapters/chapter-03/section-01.tex:226	resolved
reference	其中给定向量函数 $f,u_0$, $f$ 定义在 $\Omega\times[0,T]$ 上, $u_0$ 定义在 $\Omega$ 上; \eqref{eq:ch3-linear-boundary-condition}, \eqref{eq:ch3-linear-initial-condition} 分别给出边界条件和初始条件.	equation	eq:ch3-linear-initial-condition	eqref	tex/chapters/chapter-03/section-01.tex:232	tex/chapters/chapter-03/section-01.tex:230	resolved
reference	假设 $u,p$ 是 \eqref{eq:ch3-linear-momentum}--\eqref{eq:ch3-linear-initial-condition} 的经典解, 例如 $u\in C^2(Q)$, $p\in C^1(Q)$. 若 $v$ 是 $\mathcal V$ 的任意元素, 容易看出	equation	eq:ch3-linear-momentum	eqref	tex/chapters/chapter-03/section-01.tex:234	tex/chapters/chapter-03/section-01.tex:218	resolved
reference	假设 $u,p$ 是 \eqref{eq:ch3-linear-momentum}--\eqref{eq:ch3-linear-initial-condition} 的经典解, 例如 $u\in C^2(Q)$, $p\in C^1(Q)$. 若 $v$ 是 $\mathcal V$ 的任意元素, 容易看出	equation	eq:ch3-linear-initial-condition	eqref	tex/chapters/chapter-03/section-01.tex:234	tex/chapters/chapter-03/section-01.tex:230	resolved
reference	由连续性, \eqref{eq:ch3-linear-classical-variational-identity} 对每个 $v\in V$ 也成立; 还注意到	equation	eq:ch3-linear-classical-variational-identity	eqref	tex/chapters/chapter-03/section-01.tex:239	tex/chapters/chapter-03/section-01.tex:237	resolved
reference	这导出 \eqref{eq:ch3-linear-momentum}--\eqref{eq:ch3-linear-initial-condition} 的如下弱表述. 给定 $f,u_0$,	equation	eq:ch3-linear-momentum	eqref	tex/chapters/chapter-03/section-01.tex:243	tex/chapters/chapter-03/section-01.tex:218	resolved
reference	这导出 \eqref{eq:ch3-linear-momentum}--\eqref{eq:ch3-linear-initial-condition} 的如下弱表述. 给定 $f,u_0$,	equation	eq:ch3-linear-initial-condition	eqref	tex/chapters/chapter-03/section-01.tex:243	tex/chapters/chapter-03/section-01.tex:230	resolved
reference	若 $u\in L^2(0,T;V)$, 条件 \eqref{eq:ch3-linear-weak-initial-condition} 一般没有意义; 在下面两点说明之后解释其含义:	equation	eq:ch3-linear-weak-initial-condition	eqref	tex/chapters/chapter-03/section-01.tex:267	tex/chapters/chapter-03/section-01.tex:265	resolved
reference	(i) \eqref{eq:ch3-linear-force-assumption}--\eqref{eq:ch3-linear-weak-solution-space} 中的空间正是将证明存在性与唯一性的空间; 至少显然, \eqref{eq:ch3-linear-momentum}--\eqref{eq:ch3-linear-initial-condition} 的光滑解 $u$ 满足 \eqref{eq:ch3-linear-weak-solution-space}.	equation	eq:ch3-linear-force-assumption	eqref	tex/chapters/chapter-03/section-01.tex:269	tex/chapters/chapter-03/section-01.tex:246	resolved
reference	(i) \eqref{eq:ch3-linear-force-assumption}--\eqref{eq:ch3-linear-weak-solution-space} 中的空间正是将证明存在性与唯一性的空间; 至少显然, \eqref{eq:ch3-linear-momentum}--\eqref{eq:ch3-linear-initial-condition} 的光滑解 $u$ 满足 \eqref{eq:ch3-linear-weak-solution-space}.	equation	eq:ch3-linear-weak-solution-space	eqref	tex/chapters/chapter-03/section-01.tex:269	tex/chapters/chapter-03/section-01.tex:255	resolved
reference	(i) \eqref{eq:ch3-linear-force-assumption}--\eqref{eq:ch3-linear-weak-solution-space} 中的空间正是将证明存在性与唯一性的空间; 至少显然, \eqref{eq:ch3-linear-momentum}--\eqref{eq:ch3-linear-initial-condition} 的光滑解 $u$ 满足 \eqref{eq:ch3-linear-weak-solution-space}.	equation	eq:ch3-linear-momentum	eqref	tex/chapters/chapter-03/section-01.tex:269	tex/chapters/chapter-03/section-01.tex:218	resolved
reference	(i) \eqref{eq:ch3-linear-force-assumption}--\eqref{eq:ch3-linear-weak-solution-space} 中的空间正是将证明存在性与唯一性的空间; 至少显然, \eqref{eq:ch3-linear-momentum}--\eqref{eq:ch3-linear-initial-condition} 的光滑解 $u$ 满足 \eqref{eq:ch3-linear-weak-solution-space}.	equation	eq:ch3-linear-initial-condition	eqref	tex/chapters/chapter-03/section-01.tex:269	tex/chapters/chapter-03/section-01.tex:230	resolved
reference	(i) \eqref{eq:ch3-linear-force-assumption}--\eqref{eq:ch3-linear-weak-solution-space} 中的空间正是将证明存在性与唯一性的空间; 至少显然, \eqref{eq:ch3-linear-momentum}--\eqref{eq:ch3-linear-initial-condition} 的光滑解 $u$ 满足 \eqref{eq:ch3-linear-weak-solution-space}.	equation	eq:ch3-linear-weak-solution-space	eqref	tex/chapters/chapter-03/section-01.tex:269	tex/chapters/chapter-03/section-01.tex:255	resolved
reference	(ii) 现在还不能验证 \eqref{eq:ch3-linear-weak-solution-space}--\eqref{eq:ch3-linear-weak-initial-condition} 的解在某种弱意义下是 \eqref{eq:ch3-linear-momentum}--\eqref{eq:ch3-linear-initial-condition} 的解; 因而把这一问题推迟到第 \ref{subsec:ch3-linear-miscellaneous} 小节.	equation	eq:ch3-linear-weak-solution-space	eqref	tex/chapters/chapter-03/section-01.tex:272	tex/chapters/chapter-03/section-01.tex:255	resolved
reference	(ii) 现在还不能验证 \eqref{eq:ch3-linear-weak-solution-space}--\eqref{eq:ch3-linear-weak-initial-condition} 的解在某种弱意义下是 \eqref{eq:ch3-linear-momentum}--\eqref{eq:ch3-linear-initial-condition} 的解; 因而把这一问题推迟到第 \ref{subsec:ch3-linear-miscellaneous} 小节.	equation	eq:ch3-linear-weak-initial-condition	eqref	tex/chapters/chapter-03/section-01.tex:272	tex/chapters/chapter-03/section-01.tex:265	resolved
reference	(ii) 现在还不能验证 \eqref{eq:ch3-linear-weak-solution-space}--\eqref{eq:ch3-linear-weak-initial-condition} 的解在某种弱意义下是 \eqref{eq:ch3-linear-momentum}--\eqref{eq:ch3-linear-initial-condition} 的解; 因而把这一问题推迟到第 \ref{subsec:ch3-linear-miscellaneous} 小节.	equation	eq:ch3-linear-momentum	eqref	tex/chapters/chapter-03/section-01.tex:272	tex/chapters/chapter-03/section-01.tex:218	resolved
reference	(ii) 现在还不能验证 \eqref{eq:ch3-linear-weak-solution-space}--\eqref{eq:ch3-linear-weak-initial-condition} 的解在某种弱意义下是 \eqref{eq:ch3-linear-momentum}--\eqref{eq:ch3-linear-initial-condition} 的解; 因而把这一问题推迟到第 \ref{subsec:ch3-linear-miscellaneous} 小节.	equation	eq:ch3-linear-initial-condition	eqref	tex/chapters/chapter-03/section-01.tex:272	tex/chapters/chapter-03/section-01.tex:230	resolved
reference	(ii) 现在还不能验证 \eqref{eq:ch3-linear-weak-solution-space}--\eqref{eq:ch3-linear-weak-initial-condition} 的解在某种弱意义下是 \eqref{eq:ch3-linear-momentum}--\eqref{eq:ch3-linear-initial-condition} 的解; 因而把这一问题推迟到第 \ref{subsec:ch3-linear-miscellaneous} 小节.	subsection	subsec:ch3-linear-miscellaneous	ref	tex/chapters/chapter-03/section-01.tex:272	tex/chapters/chapter-03/section-01.tex:768	resolved
reference	由 \eqref{eq:ch3-linear-duality-inner-product}, \eqref{eq:ch3-linear-operator-a}, 可将 \eqref{eq:ch3-linear-weak-variational-equation} 写成	equation	eq:ch3-linear-duality-inner-product	eqref	tex/chapters/chapter-03/section-01.tex:274	tex/chapters/chapter-03/section-01.tex:48	resolved
reference	由 \eqref{eq:ch3-linear-duality-inner-product}, \eqref{eq:ch3-linear-operator-a}, 可将 \eqref{eq:ch3-linear-weak-variational-equation} 写成	equation	eq:ch3-linear-operator-a	eqref	tex/chapters/chapter-03/section-01.tex:274	tex/chapters/chapter-03/section-01.tex:59	resolved
reference	由 \eqref{eq:ch3-linear-duality-inner-product}, \eqref{eq:ch3-linear-operator-a}, 可将 \eqref{eq:ch3-linear-weak-variational-equation} 写成	equation	eq:ch3-linear-weak-variational-equation	eqref	tex/chapters/chapter-03/section-01.tex:274	tex/chapters/chapter-03/section-01.tex:261	resolved
reference	由于 $A$ 从 $V$ 到 $V'$ 线性连续且 $u\in L^2(V)$, 函数 $Au\in L^2(V')$; 因而 $f-\nu Au\in L^2(V')$, 且 \eqref{eq:ch3-linear-dual-evolution-identity} 与引理 \ref{lem:ch3-linear-banach-valued-derivative} 表明	equation	eq:ch3-linear-dual-evolution-identity	eqref	tex/chapters/chapter-03/section-01.tex:280	tex/chapters/chapter-03/section-01.tex:278	resolved
reference	由于 $A$ 从 $V$ 到 $V'$ 线性连续且 $u\in L^2(V)$, 函数 $Au\in L^2(V')$; 因而 $f-\nu Au\in L^2(V')$, 且 \eqref{eq:ch3-linear-dual-evolution-identity} 与引理 \ref{lem:ch3-linear-banach-valued-derivative} 表明	lemma	lem:ch3-linear-banach-valued-derivative	ref	tex/chapters/chapter-03/section-01.tex:280	tex/chapters/chapter-03/section-01.tex:102	resolved
reference	并且 $u$ 几乎处处等于从 $[0,T]$ 到 $V'$ 的一个(绝对)连续函数. 对任何满足 \eqref{eq:ch3-linear-weak-solution-space}, \eqref{eq:ch3-linear-weak-variational-equation} 的函数, 在一个零测集上修改后, 它都是从 $[0,T]$ 到 $V'$ 的连续函数, 因而条件 \eqref{eq:ch3-linear-weak-initial-condition} 有意义.	equation	eq:ch3-linear-weak-solution-space	eqref	tex/chapters/chapter-03/section-01.tex:285	tex/chapters/chapter-03/section-01.tex:255	resolved
reference	并且 $u$ 几乎处处等于从 $[0,T]$ 到 $V'$ 的一个(绝对)连续函数. 对任何满足 \eqref{eq:ch3-linear-weak-solution-space}, \eqref{eq:ch3-linear-weak-variational-equation} 的函数, 在一个零测集上修改后, 它都是从 $[0,T]$ 到 $V'$ 的连续函数, 因而条件 \eqref{eq:ch3-linear-weak-initial-condition} 有意义.	equation	eq:ch3-linear-weak-variational-equation	eqref	tex/chapters/chapter-03/section-01.tex:285	tex/chapters/chapter-03/section-01.tex:261	resolved
reference	并且 $u$ 几乎处处等于从 $[0,T]$ 到 $V'$ 的一个(绝对)连续函数. 对任何满足 \eqref{eq:ch3-linear-weak-solution-space}, \eqref{eq:ch3-linear-weak-variational-equation} 的函数, 在一个零测集上修改后, 它都是从 $[0,T]$ 到 $V'$ 的连续函数, 因而条件 \eqref{eq:ch3-linear-weak-initial-condition} 有意义.	equation	eq:ch3-linear-weak-initial-condition	eqref	tex/chapters/chapter-03/section-01.tex:285	tex/chapters/chapter-03/section-01.tex:265	resolved
reference	仍设 $f\in L^2(V')$ 如 \eqref{eq:ch3-linear-force-assumption}. 若 $u$ 满足 \eqref{eq:ch3-linear-weak-solution-space}, \eqref{eq:ch3-linear-weak-variational-equation}, 则如前所述, $u$ 满足 \eqref{eq:ch3-linear-time-derivative-space}, \eqref{eq:ch3-linear-dual-evolution-identity}. 由引理 \ref{lem:ch3-linear-banach-valued-derivative}, \eqref{eq:ch3-linear-dual-evolution-identity} 本身等价于	equation	eq:ch3-linear-force-assumption	eqref	tex/chapters/chapter-03/section-01.tex:287	tex/chapters/chapter-03/section-01.tex:246	resolved
reference	仍设 $f\in L^2(V')$ 如 \eqref{eq:ch3-linear-force-assumption}. 若 $u$ 满足 \eqref{eq:ch3-linear-weak-solution-space}, \eqref{eq:ch3-linear-weak-variational-equation}, 则如前所述, $u$ 满足 \eqref{eq:ch3-linear-time-derivative-space}, \eqref{eq:ch3-linear-dual-evolution-identity}. 由引理 \ref{lem:ch3-linear-banach-valued-derivative}, \eqref{eq:ch3-linear-dual-evolution-identity} 本身等价于	equation	eq:ch3-linear-weak-solution-space	eqref	tex/chapters/chapter-03/section-01.tex:287	tex/chapters/chapter-03/section-01.tex:255	resolved
reference	仍设 $f\in L^2(V')$ 如 \eqref{eq:ch3-linear-force-assumption}. 若 $u$ 满足 \eqref{eq:ch3-linear-weak-solution-space}, \eqref{eq:ch3-linear-weak-variational-equation}, 则如前所述, $u$ 满足 \eqref{eq:ch3-linear-time-derivative-space}, \eqref{eq:ch3-linear-dual-evolution-identity}. 由引理 \ref{lem:ch3-linear-banach-valued-derivative}, \eqref{eq:ch3-linear-dual-evolution-identity} 本身等价于	equation	eq:ch3-linear-weak-variational-equation	eqref	tex/chapters/chapter-03/section-01.tex:287	tex/chapters/chapter-03/section-01.tex:261	resolved
reference	仍设 $f\in L^2(V')$ 如 \eqref{eq:ch3-linear-force-assumption}. 若 $u$ 满足 \eqref{eq:ch3-linear-weak-solution-space}, \eqref{eq:ch3-linear-weak-variational-equation}, 则如前所述, $u$ 满足 \eqref{eq:ch3-linear-time-derivative-space}, \eqref{eq:ch3-linear-dual-evolution-identity}. 由引理 \ref{lem:ch3-linear-banach-valued-derivative}, \eqref{eq:ch3-linear-dual-evolution-identity} 本身等价于	equation	eq:ch3-linear-time-derivative-space	eqref	tex/chapters/chapter-03/section-01.tex:287	tex/chapters/chapter-03/section-01.tex:283	resolved
reference	仍设 $f\in L^2(V')$ 如 \eqref{eq:ch3-linear-force-assumption}. 若 $u$ 满足 \eqref{eq:ch3-linear-weak-solution-space}, \eqref{eq:ch3-linear-weak-variational-equation}, 则如前所述, $u$ 满足 \eqref{eq:ch3-linear-time-derivative-space}, \eqref{eq:ch3-linear-dual-evolution-identity}. 由引理 \ref{lem:ch3-linear-banach-valued-derivative}, \eqref{eq:ch3-linear-dual-evolution-identity} 本身等价于	equation	eq:ch3-linear-dual-evolution-identity	eqref	tex/chapters/chapter-03/section-01.tex:287	tex/chapters/chapter-03/section-01.tex:278	resolved
reference	仍设 $f\in L^2(V')$ 如 \eqref{eq:ch3-linear-force-assumption}. 若 $u$ 满足 \eqref{eq:ch3-linear-weak-solution-space}, \eqref{eq:ch3-linear-weak-variational-equation}, 则如前所述, $u$ 满足 \eqref{eq:ch3-linear-time-derivative-space}, \eqref{eq:ch3-linear-dual-evolution-identity}. 由引理 \ref{lem:ch3-linear-banach-valued-derivative}, \eqref{eq:ch3-linear-dual-evolution-identity} 本身等价于	lemma	lem:ch3-linear-banach-valued-derivative	ref	tex/chapters/chapter-03/section-01.tex:287	tex/chapters/chapter-03/section-01.tex:102	resolved
reference	仍设 $f\in L^2(V')$ 如 \eqref{eq:ch3-linear-force-assumption}. 若 $u$ 满足 \eqref{eq:ch3-linear-weak-solution-space}, \eqref{eq:ch3-linear-weak-variational-equation}, 则如前所述, $u$ 满足 \eqref{eq:ch3-linear-time-derivative-space}, \eqref{eq:ch3-linear-dual-evolution-identity}. 由引理 \ref{lem:ch3-linear-banach-valued-derivative}, \eqref{eq:ch3-linear-dual-evolution-identity} 本身等价于	equation	eq:ch3-linear-dual-evolution-identity	eqref	tex/chapters/chapter-03/section-01.tex:287	tex/chapters/chapter-03/section-01.tex:278	resolved
reference	反之, 若 $u$ 满足 \eqref{eq:ch3-linear-weak-solution-space}, \eqref{eq:ch3-linear-time-derivative-space}, \eqref{eq:ch3-linear-abstract-evolution-equation}, 则显然对所有 $v\in V$ 满足 \eqref{eq:ch3-linear-weak-variational-equation}.	equation	eq:ch3-linear-weak-solution-space	eqref	tex/chapters/chapter-03/section-01.tex:292	tex/chapters/chapter-03/section-01.tex:255	resolved
reference	反之, 若 $u$ 满足 \eqref{eq:ch3-linear-weak-solution-space}, \eqref{eq:ch3-linear-time-derivative-space}, \eqref{eq:ch3-linear-abstract-evolution-equation}, 则显然对所有 $v\in V$ 满足 \eqref{eq:ch3-linear-weak-variational-equation}.	equation	eq:ch3-linear-time-derivative-space	eqref	tex/chapters/chapter-03/section-01.tex:292	tex/chapters/chapter-03/section-01.tex:283	resolved
reference	反之, 若 $u$ 满足 \eqref{eq:ch3-linear-weak-solution-space}, \eqref{eq:ch3-linear-time-derivative-space}, \eqref{eq:ch3-linear-abstract-evolution-equation}, 则显然对所有 $v\in V$ 满足 \eqref{eq:ch3-linear-weak-variational-equation}.	equation	eq:ch3-linear-abstract-evolution-equation	eqref	tex/chapters/chapter-03/section-01.tex:292	tex/chapters/chapter-03/section-01.tex:290	resolved
reference	反之, 若 $u$ 满足 \eqref{eq:ch3-linear-weak-solution-space}, \eqref{eq:ch3-linear-time-derivative-space}, \eqref{eq:ch3-linear-abstract-evolution-equation}, 则显然对所有 $v\in V$ 满足 \eqref{eq:ch3-linear-weak-variational-equation}.	equation	eq:ch3-linear-weak-variational-equation	eqref	tex/chapters/chapter-03/section-01.tex:292	tex/chapters/chapter-03/section-01.tex:261	resolved
reference	弱问题的另一种表述如下: 给定满足 \eqref{eq:ch3-linear-force-assumption}, \eqref{eq:ch3-linear-initial-data-assumption} 的 $f,u_0$, 求 $u$ 满足	equation	eq:ch3-linear-force-assumption	eqref	tex/chapters/chapter-03/section-01.tex:294	tex/chapters/chapter-03/section-01.tex:246	resolved
reference	弱问题的另一种表述如下: 给定满足 \eqref{eq:ch3-linear-force-assumption}, \eqref{eq:ch3-linear-initial-data-assumption} 的 $f,u_0$, 求 $u$ 满足	equation	eq:ch3-linear-initial-data-assumption	eqref	tex/chapters/chapter-03/section-01.tex:294	tex/chapters/chapter-03/section-01.tex:250	resolved
reference	\eqref{eq:ch3-linear-abstract-solution-spaces}--\eqref{eq:ch3-linear-abstract-initial-data} 的任意解都是 \eqref{eq:ch3-linear-weak-solution-space}--\eqref{eq:ch3-linear-weak-initial-condition} 的解, 反之亦然. 关于这些问题解的存在性与唯一性, 将证明以下结果.	equation	eq:ch3-linear-abstract-solution-spaces	eqref	tex/chapters/chapter-03/section-01.tex:308	tex/chapters/chapter-03/section-01.tex:298	resolved
reference	\eqref{eq:ch3-linear-abstract-solution-spaces}--\eqref{eq:ch3-linear-abstract-initial-data} 的任意解都是 \eqref{eq:ch3-linear-weak-solution-space}--\eqref{eq:ch3-linear-weak-initial-condition} 的解, 反之亦然. 关于这些问题解的存在性与唯一性, 将证明以下结果.	equation	eq:ch3-linear-abstract-initial-data	eqref	tex/chapters/chapter-03/section-01.tex:308	tex/chapters/chapter-03/section-01.tex:306	resolved
reference	\eqref{eq:ch3-linear-abstract-solution-spaces}--\eqref{eq:ch3-linear-abstract-initial-data} 的任意解都是 \eqref{eq:ch3-linear-weak-solution-space}--\eqref{eq:ch3-linear-weak-initial-condition} 的解, 反之亦然. 关于这些问题解的存在性与唯一性, 将证明以下结果.	equation	eq:ch3-linear-weak-solution-space	eqref	tex/chapters/chapter-03/section-01.tex:308	tex/chapters/chapter-03/section-01.tex:255	resolved
reference	\eqref{eq:ch3-linear-abstract-solution-spaces}--\eqref{eq:ch3-linear-abstract-initial-data} 的任意解都是 \eqref{eq:ch3-linear-weak-solution-space}--\eqref{eq:ch3-linear-weak-initial-condition} 的解, 反之亦然. 关于这些问题解的存在性与唯一性, 将证明以下结果.	equation	eq:ch3-linear-weak-initial-condition	eqref	tex/chapters/chapter-03/section-01.tex:308	tex/chapters/chapter-03/section-01.tex:265	resolved
reference	对满足 \eqref{eq:ch3-linear-force-assumption}, \eqref{eq:ch3-linear-initial-data-assumption} 的给定 $f,u_0$, 存在唯一函数 $u$ 满足 \eqref{eq:ch3-linear-abstract-solution-spaces}--\eqref{eq:ch3-linear-abstract-initial-data}. 此外,	equation	eq:ch3-linear-force-assumption	eqref	tex/chapters/chapter-03/section-01.tex:313	tex/chapters/chapter-03/section-01.tex:246	resolved
reference	对满足 \eqref{eq:ch3-linear-force-assumption}, \eqref{eq:ch3-linear-initial-data-assumption} 的给定 $f,u_0$, 存在唯一函数 $u$ 满足 \eqref{eq:ch3-linear-abstract-solution-spaces}--\eqref{eq:ch3-linear-abstract-initial-data}. 此外,	equation	eq:ch3-linear-initial-data-assumption	eqref	tex/chapters/chapter-03/section-01.tex:313	tex/chapters/chapter-03/section-01.tex:250	resolved
reference	对满足 \eqref{eq:ch3-linear-force-assumption}, \eqref{eq:ch3-linear-initial-data-assumption} 的给定 $f,u_0$, 存在唯一函数 $u$ 满足 \eqref{eq:ch3-linear-abstract-solution-spaces}--\eqref{eq:ch3-linear-abstract-initial-data}. 此外,	equation	eq:ch3-linear-abstract-solution-spaces	eqref	tex/chapters/chapter-03/section-01.tex:313	tex/chapters/chapter-03/section-01.tex:298	resolved
reference	对满足 \eqref{eq:ch3-linear-force-assumption}, \eqref{eq:ch3-linear-initial-data-assumption} 的给定 $f,u_0$, 存在唯一函数 $u$ 满足 \eqref{eq:ch3-linear-abstract-solution-spaces}--\eqref{eq:ch3-linear-abstract-initial-data}. 此外,	equation	eq:ch3-linear-abstract-initial-data	eqref	tex/chapters/chapter-03/section-01.tex:313	tex/chapters/chapter-03/section-01.tex:306	resolved
reference	存在性的证明见第 \ref{subsec:ch3-linear-existence-proof} 小节, 唯一性以及 \eqref{eq:ch3-linear-h-continuity} 的证明见第 \ref{subsec:ch3-linear-continuity-uniqueness} 小节.	subsection	subsec:ch3-linear-existence-proof	ref	tex/chapters/chapter-03/section-01.tex:320	tex/chapters/chapter-03/section-01.tex:323	resolved
reference	存在性的证明见第 \ref{subsec:ch3-linear-existence-proof} 小节, 唯一性以及 \eqref{eq:ch3-linear-h-continuity} 的证明见第 \ref{subsec:ch3-linear-continuity-uniqueness} 小节.	equation	eq:ch3-linear-h-continuity	eqref	tex/chapters/chapter-03/section-01.tex:320	tex/chapters/chapter-03/section-01.tex:316	resolved
reference	存在性的证明见第 \ref{subsec:ch3-linear-existence-proof} 小节, 唯一性以及 \eqref{eq:ch3-linear-h-continuity} 的证明见第 \ref{subsec:ch3-linear-continuity-uniqueness} 小节.	subsection	subsec:ch3-linear-continuity-uniqueness	ref	tex/chapters/chapter-03/section-01.tex:320	tex/chapters/chapter-03/section-01.tex:567	resolved
reference	\subsection{定理 \ref{thm:ch3-linear-existence-uniqueness} 中存在性的证明}	theorem	thm:ch3-linear-existence-uniqueness	ref	tex/chapters/chapter-03/section-01.tex:322	tex/chapters/chapter-03/section-01.tex:312	resolved
reference	采用 Faedo--Galerkin 方法. 因为 $V$ 可分, 存在线性无关元素序列 $w_1,\ldots,w_m,\ldots$, 它在 $V$ 中完全. 对每个 $m$, 如下定义 \eqref{eq:ch3-linear-abstract-problem}(或 \eqref{eq:ch3-linear-weak-variational-equation})的逼近解 $u_m$:	equation	eq:ch3-linear-abstract-problem	eqref	tex/chapters/chapter-03/section-01.tex:324	tex/chapters/chapter-03/section-01.tex:302	resolved
reference	采用 Faedo--Galerkin 方法. 因为 $V$ 可分, 存在线性无关元素序列 $w_1,\ldots,w_m,\ldots$, 它在 $V$ 中完全. 对每个 $m$, 如下定义 \eqref{eq:ch3-linear-abstract-problem}(或 \eqref{eq:ch3-linear-weak-variational-equation})的逼近解 $u_m$:	equation	eq:ch3-linear-weak-variational-equation	eqref	tex/chapters/chapter-03/section-01.tex:324	tex/chapters/chapter-03/section-01.tex:261	resolved
reference	函数 $g_{im}$, $1\leq i\leq m$, 是定义在 $[0,T]$ 上的标量函数, \eqref{eq:ch3-linear-galerkin-equations} 是这些函数的线性微分方程组. 事实上,	equation	eq:ch3-linear-galerkin-equations	eqref	tex/chapters/chapter-03/section-01.tex:342	tex/chapters/chapter-03/section-01.tex:332	resolved
reference	由于 $w_1,\ldots,w_m$ 线性无关, 元素为 $(w_i,w_j)$, $1\leq i,j\leq m$, 的矩阵非奇异是熟知的; 反演该矩阵后, \eqref{eq:ch3-linear-galerkin-coordinate-system} 化为常系数线性方程组	equation	eq:ch3-linear-galerkin-coordinate-system	eqref	tex/chapters/chapter-03/section-01.tex:350	tex/chapters/chapter-03/section-01.tex:348	resolved
reference	其中 $\alpha_{ij},\beta_{ij}\in\mathbb R$. 条件 \eqref{eq:ch3-linear-galerkin-initial-condition} 等价于 $m$ 个方程	equation	eq:ch3-linear-galerkin-initial-condition	eqref	tex/chapters/chapter-03/section-01.tex:357	tex/chapters/chapter-03/section-01.tex:336	resolved
reference	线性微分方程组 \eqref{eq:ch3-linear-galerkin-constant-coefficient-system} 与初始条件 \eqref{eq:ch3-linear-galerkin-coordinate-initial-data} 在整个区间 $[0,T]$ 上唯一确定 $g_{im}$.	equation	eq:ch3-linear-galerkin-constant-coefficient-system	eqref	tex/chapters/chapter-03/section-01.tex:362	tex/chapters/chapter-03/section-01.tex:355	resolved
reference	线性微分方程组 \eqref{eq:ch3-linear-galerkin-constant-coefficient-system} 与初始条件 \eqref{eq:ch3-linear-galerkin-coordinate-initial-data} 在整个区间 $[0,T]$ 上唯一确定 $g_{im}$.	equation	eq:ch3-linear-galerkin-coordinate-initial-data	eqref	tex/chapters/chapter-03/section-01.tex:362	tex/chapters/chapter-03/section-01.tex:360	resolved
reference	把方程 \eqref{eq:ch3-linear-galerkin-equations} 乘 $g_{jm}(t)$, 再对 $j=1,\ldots,m$ 相加. 得	equation	eq:ch3-linear-galerkin-equations	eqref	tex/chapters/chapter-03/section-01.tex:373	tex/chapters/chapter-03/section-01.tex:332	resolved
reference	但由 \eqref{eq:ch3-linear-galerkin-regularity},	equation	eq:ch3-linear-galerkin-regularity	eqref	tex/chapters/chapter-03/section-01.tex:378	tex/chapters/chapter-03/section-01.tex:368	resolved
reference	\eqref{eq:ch3-linear-galerkin-energy-identity} 的右端不超过	equation	eq:ch3-linear-galerkin-energy-identity	eqref	tex/chapters/chapter-03/section-01.tex:388	tex/chapters/chapter-03/section-01.tex:386	resolved
reference	从 $0$ 到 $s$, $0<s<T$, 积分 \eqref{eq:ch3-linear-galerkin-energy-inequality}, 特别得到	equation	eq:ch3-linear-galerkin-energy-inequality	eqref	tex/chapters/chapter-03/section-01.tex:400	tex/chapters/chapter-03/section-01.tex:398	resolved
reference	\eqref{eq:ch3-linear-galerkin-uniform-bound} 的右端有限且与 $m$ 无关; 因此	equation	eq:ch3-linear-galerkin-uniform-bound	eqref	tex/chapters/chapter-03/section-01.tex:415	tex/chapters/chapter-03/section-01.tex:413	resolved
reference	再从 $0$ 到 $T$ 积分 \eqref{eq:ch3-linear-galerkin-energy-inequality}, 得	equation	eq:ch3-linear-galerkin-energy-inequality	eqref	tex/chapters/chapter-03/section-01.tex:420	tex/chapters/chapter-03/section-01.tex:398	resolved
reference	先验估计 \eqref{eq:ch3-linear-galerkin-linfty-boundedness} 表明, 存在 $u\in L^\infty(0,T;H)$ 以及子序列 $m'\to\infty$, 使	equation	eq:ch3-linear-galerkin-linfty-boundedness	eqref	tex/chapters/chapter-03/section-01.tex:436	tex/chapters/chapter-03/section-01.tex:418	resolved
reference	\eqref{eq:ch3-linear-galerkin-weak-star-convergence} 意味着对每个 $v\in L^1(0,T;H)$,	equation	eq:ch3-linear-galerkin-weak-star-convergence	eqref	tex/chapters/chapter-03/section-01.tex:441	tex/chapters/chapter-03/section-01.tex:439	resolved
reference	由 \eqref{eq:ch3-linear-galerkin-l2-boundedness}, 子序列 $u_{m'}$ 属于 $L^2(0,T;V)$ 的一个有界集.	equation	eq:ch3-linear-galerkin-l2-boundedness	eqref	tex/chapters/chapter-03/section-01.tex:447	tex/chapters/chapter-03/section-01.tex:432	resolved
reference	收敛式 \eqref{eq:ch3-linear-galerkin-v-weak-convergence} 意味着	equation	eq:ch3-linear-galerkin-v-weak-convergence	eqref	tex/chapters/chapter-03/section-01.tex:454	tex/chapters/chapter-03/section-01.tex:452	resolved
reference	特别地, 由 \eqref{eq:ch3-linear-duality-inner-product},	equation	eq:ch3-linear-duality-inner-product	eqref	tex/chapters/chapter-03/section-01.tex:459	tex/chapters/chapter-03/section-01.tex:48	resolved
reference	对每个 $v\in L^2(0,T;H)$ 成立. 与 \eqref{eq:ch3-linear-galerkin-weak-star-definition} 比较可知	equation	eq:ch3-linear-galerkin-weak-star-definition	eqref	tex/chapters/chapter-03/section-01.tex:465	tex/chapters/chapter-03/section-01.tex:445	resolved
reference	为在方程 \eqref{eq:ch3-linear-galerkin-equations}, \eqref{eq:ch3-linear-galerkin-initial-condition} 中取极限, 考虑在 $[0,T]$ 上连续可微且满足	equation	eq:ch3-linear-galerkin-equations	eqref	tex/chapters/chapter-03/section-01.tex:475	tex/chapters/chapter-03/section-01.tex:332	resolved
reference	为在方程 \eqref{eq:ch3-linear-galerkin-equations}, \eqref{eq:ch3-linear-galerkin-initial-condition} 中取极限, 考虑在 $[0,T]$ 上连续可微且满足	equation	eq:ch3-linear-galerkin-initial-condition	eqref	tex/chapters/chapter-03/section-01.tex:475	tex/chapters/chapter-03/section-01.tex:336	resolved
reference	对这样的 $\psi$, 将 \eqref{eq:ch3-linear-galerkin-equations} 乘 $\psi(t)$, 关于 $t$ 积分并分部积分:	equation	eq:ch3-linear-galerkin-equations	eqref	tex/chapters/chapter-03/section-01.tex:483	tex/chapters/chapter-03/section-01.tex:332	resolved
reference	利用 \eqref{eq:ch3-linear-galerkin-weak-star-convergence}, \eqref{eq:ch3-linear-galerkin-h-pairing-limit}, \eqref{eq:ch3-linear-limit-solution-spaces}, 容易在左端各积分中令 $m=m'\to\infty$; 还注意到	equation	eq:ch3-linear-galerkin-weak-star-convergence	eqref	tex/chapters/chapter-03/section-01.tex:499	tex/chapters/chapter-03/section-01.tex:439	resolved
reference	利用 \eqref{eq:ch3-linear-galerkin-weak-star-convergence}, \eqref{eq:ch3-linear-galerkin-h-pairing-limit}, \eqref{eq:ch3-linear-limit-solution-spaces}, 容易在左端各积分中令 $m=m'\to\infty$; 还注意到	equation	eq:ch3-linear-galerkin-h-pairing-limit	eqref	tex/chapters/chapter-03/section-01.tex:499	tex/chapters/chapter-03/section-01.tex:463	resolved
reference	利用 \eqref{eq:ch3-linear-galerkin-weak-star-convergence}, \eqref{eq:ch3-linear-galerkin-h-pairing-limit}, \eqref{eq:ch3-linear-limit-solution-spaces}, 容易在左端各积分中令 $m=m'\to\infty$; 还注意到	equation	eq:ch3-linear-limit-solution-spaces	eqref	tex/chapters/chapter-03/section-01.tex:499	tex/chapters/chapter-03/section-01.tex:473	resolved
reference	对每个 $j$ 成立的 \eqref{eq:ch3-linear-limit-test-equation-basis}, 由线性可写成	equation	eq:ch3-linear-limit-test-equation-basis	eqref	tex/chapters/chapter-03/section-01.tex:514	tex/chapters/chapter-03/section-01.tex:512	resolved
reference	其中 $v$ 是 $w_j$ 的任意有限线性组合. \eqref{eq:ch3-linear-limit-test-equation} 的每一项关于 $v$ 在 $V$ 的范数下线性连续, 因而由连续性, 它对每个 $v\in V$ 仍成立.	equation	eq:ch3-linear-limit-test-equation	eqref	tex/chapters/chapter-03/section-01.tex:524	tex/chapters/chapter-03/section-01.tex:522	resolved
reference	特别在 \eqref{eq:ch3-linear-limit-test-equation} 中取 $\psi=\varphi\in\mathcal D((0,T))$, 得到在 $(0,T)$ 上按分布意义成立的等式	equation	eq:ch3-linear-limit-test-equation	eqref	tex/chapters/chapter-03/section-01.tex:526	tex/chapters/chapter-03/section-01.tex:522	resolved
reference	这正是 \eqref{eq:ch3-linear-weak-variational-equation}. 如定理 \ref{thm:ch3-linear-existence-uniqueness} 陈述之前所证, 该等式与 \eqref{eq:ch3-linear-limit-solution-spaces} 蕴含 $u'\in L^2(0,T;V')$, 且	equation	eq:ch3-linear-weak-variational-equation	eqref	tex/chapters/chapter-03/section-01.tex:532	tex/chapters/chapter-03/section-01.tex:261	resolved
reference	这正是 \eqref{eq:ch3-linear-weak-variational-equation}. 如定理 \ref{thm:ch3-linear-existence-uniqueness} 陈述之前所证, 该等式与 \eqref{eq:ch3-linear-limit-solution-spaces} 蕴含 $u'\in L^2(0,T;V')$, 且	theorem	thm:ch3-linear-existence-uniqueness	ref	tex/chapters/chapter-03/section-01.tex:532	tex/chapters/chapter-03/section-01.tex:312	resolved
reference	这正是 \eqref{eq:ch3-linear-weak-variational-equation}. 如定理 \ref{thm:ch3-linear-existence-uniqueness} 陈述之前所证, 该等式与 \eqref{eq:ch3-linear-limit-solution-spaces} 蕴含 $u'\in L^2(0,T;V')$, 且	equation	eq:ch3-linear-limit-solution-spaces	eqref	tex/chapters/chapter-03/section-01.tex:532	tex/chapters/chapter-03/section-01.tex:473	resolved
reference	最后还需验证 $u(0)=u_0$($u$ 的连续性在第 \ref{subsec:ch3-linear-continuity-uniqueness} 小节证明). 为此, 将 \eqref{eq:ch3-linear-limit-variational-equation} 乘以前述 $\psi(t)$, 关于 $t$ 积分并分部积分:	subsection	subsec:ch3-linear-continuity-uniqueness	ref	tex/chapters/chapter-03/section-01.tex:537	tex/chapters/chapter-03/section-01.tex:567	resolved
reference	最后还需验证 $u(0)=u_0$($u$ 的连续性在第 \ref{subsec:ch3-linear-continuity-uniqueness} 小节证明). 为此, 将 \eqref{eq:ch3-linear-limit-variational-equation} 乘以前述 $\psi(t)$, 关于 $t$ 积分并分部积分:	equation	eq:ch3-linear-limit-variational-equation	eqref	tex/chapters/chapter-03/section-01.tex:537	tex/chapters/chapter-03/section-01.tex:530	resolved
reference	与 \eqref{eq:ch3-linear-limit-test-equation} 比较可知	equation	eq:ch3-linear-limit-test-equation	eqref	tex/chapters/chapter-03/section-01.tex:555	tex/chapters/chapter-03/section-01.tex:522	resolved
reference	设 $V,H,V'$ 是三个 Hilbert 空间, 每个空间按 \eqref{eq:ch3-linear-gelfand-triple} 包含于后一个空间, 且 $V'$ 是 $V$ 的对偶空间. 若 $u\in L^2(0,T;V)$ 且其导数 $u'\in L^2(0,T;V')$, 则 $u$ 几乎处处等于从 $[0,T]$ 到 $H$ 的一个连续函数, 并且下式在 $(0,T)$ 上按标量分布意义成立:	equation	eq:ch3-linear-gelfand-triple	eqref	tex/chapters/chapter-03/section-01.tex:573	tex/chapters/chapter-03/section-01.tex:40	resolved
reference	等式 \eqref{eq:ch3-linear-energy-derivative-identity} 有意义, 因为函数	equation	eq:ch3-linear-energy-derivative-identity	eqref	tex/chapters/chapter-03/section-01.tex:580	tex/chapters/chapter-03/section-01.tex:576	resolved
reference	先假定该引理. 此时 \eqref{eq:ch3-linear-h-continuity} 显然, 只需验证唯一性. 设 $u,v$ 是 \eqref{eq:ch3-linear-abstract-solution-spaces}--\eqref{eq:ch3-linear-abstract-initial-data} 的两个解, 令 $w=u-v$. 则 $w$ 属于与 $u,v$ 相同的空间, 且	equation	eq:ch3-linear-h-continuity	eqref	tex/chapters/chapter-03/section-01.tex:588	tex/chapters/chapter-03/section-01.tex:316	resolved
reference	先假定该引理. 此时 \eqref{eq:ch3-linear-h-continuity} 显然, 只需验证唯一性. 设 $u,v$ 是 \eqref{eq:ch3-linear-abstract-solution-spaces}--\eqref{eq:ch3-linear-abstract-initial-data} 的两个解, 令 $w=u-v$. 则 $w$ 属于与 $u,v$ 相同的空间, 且	equation	eq:ch3-linear-abstract-solution-spaces	eqref	tex/chapters/chapter-03/section-01.tex:588	tex/chapters/chapter-03/section-01.tex:298	resolved
reference	先假定该引理. 此时 \eqref{eq:ch3-linear-h-continuity} 显然, 只需验证唯一性. 设 $u,v$ 是 \eqref{eq:ch3-linear-abstract-solution-spaces}--\eqref{eq:ch3-linear-abstract-initial-data} 的两个解, 令 $w=u-v$. 则 $w$ 属于与 $u,v$ 相同的空间, 且	equation	eq:ch3-linear-abstract-initial-data	eqref	tex/chapters/chapter-03/section-01.tex:588	tex/chapters/chapter-03/section-01.tex:306	resolved
reference	将 \eqref{eq:ch3-linear-uniqueness-difference-equation} 第一式与 $w(t)$ 作对偶积, 得	equation	eq:ch3-linear-uniqueness-difference-equation	eqref	tex/chapters/chapter-03/section-01.tex:594	tex/chapters/chapter-03/section-01.tex:592	resolved
reference	再把 \eqref{eq:ch3-linear-energy-derivative-identity} 用于 $w$, 得	equation	eq:ch3-linear-energy-derivative-identity	eqref	tex/chapters/chapter-03/section-01.tex:599	tex/chapters/chapter-03/section-01.tex:576	resolved
reference	\paragraph{引理 \ref{lem:ch3-linear-lions-magenes-continuity} 的证明.}	lemma	lem:ch3-linear-lions-magenes-continuity	ref	tex/chapters/chapter-03/section-01.tex:610	tex/chapters/chapter-03/section-01.tex:572	resolved
reference	在引理 \ref{lem:ch3-linear-lions-magenes-continuity} 的假设下, 等式 \eqref{eq:ch3-linear-energy-derivative-identity} 成立.	lemma	lem:ch3-linear-lions-magenes-continuity	ref	tex/chapters/chapter-03/section-01.tex:616	tex/chapters/chapter-03/section-01.tex:572	resolved
reference	在引理 \ref{lem:ch3-linear-lions-magenes-continuity} 的假设下, 等式 \eqref{eq:ch3-linear-energy-derivative-identity} 成立.	equation	eq:ch3-linear-energy-derivative-identity	eqref	tex/chapters/chapter-03/section-01.tex:616	tex/chapters/chapter-03/section-01.tex:576	resolved
reference	由 \eqref{eq:ch3-linear-duality-inner-product}, \eqref{eq:ch3-linear-regularized-sequence}, 对 $u_m$ 而言 \eqref{eq:ch3-linear-energy-derivative-identity} 显然:	equation	eq:ch3-linear-duality-inner-product	eqref	tex/chapters/chapter-03/section-01.tex:629	tex/chapters/chapter-03/section-01.tex:48	resolved
reference	由 \eqref{eq:ch3-linear-duality-inner-product}, \eqref{eq:ch3-linear-regularized-sequence}, 对 $u_m$ 而言 \eqref{eq:ch3-linear-energy-derivative-identity} 显然:	equation	eq:ch3-linear-regularized-sequence	eqref	tex/chapters/chapter-03/section-01.tex:629	tex/chapters/chapter-03/section-01.tex:627	resolved
reference	由 \eqref{eq:ch3-linear-duality-inner-product}, \eqref{eq:ch3-linear-regularized-sequence}, 对 $u_m$ 而言 \eqref{eq:ch3-linear-energy-derivative-identity} 显然:	equation	eq:ch3-linear-energy-derivative-identity	eqref	tex/chapters/chapter-03/section-01.tex:629	tex/chapters/chapter-03/section-01.tex:576	resolved
reference	当 $m\to\infty$ 时, 由 \eqref{eq:ch3-linear-regularized-sequence},	equation	eq:ch3-linear-regularized-sequence	eqref	tex/chapters/chapter-03/section-01.tex:637	tex/chapters/chapter-03/section-01.tex:627	resolved
reference	这些收敛也在分布意义下成立, 因而可在 \eqref{eq:ch3-linear-regularized-energy-identity} 中按分布意义取极限, 恰好得到 \eqref{eq:ch3-linear-energy-derivative-identity}.	equation	eq:ch3-linear-regularized-energy-identity	eqref	tex/chapters/chapter-03/section-01.tex:646	tex/chapters/chapter-03/section-01.tex:635	resolved
reference	这些收敛也在分布意义下成立, 因而可在 \eqref{eq:ch3-linear-regularized-energy-identity} 中按分布意义取极限, 恰好得到 \eqref{eq:ch3-linear-energy-derivative-identity}.	equation	eq:ch3-linear-energy-derivative-identity	eqref	tex/chapters/chapter-03/section-01.tex:646	tex/chapters/chapter-03/section-01.tex:576	resolved
reference	因为函数 $t\mapsto\langle u'(t),u(t)\rangle$ 在 $[0,T]$ 上可积, \eqref{eq:ch3-linear-energy-derivative-identity} 表明引理 \ref{lem:ch3-linear-energy-identity-distributional} 中的函数 $u$ 满足	equation	eq:ch3-linear-energy-derivative-identity	eqref	tex/chapters/chapter-03/section-01.tex:649	tex/chapters/chapter-03/section-01.tex:576	resolved
reference	因为函数 $t\mapsto\langle u'(t),u(t)\rangle$ 在 $[0,T]$ 上可积, \eqref{eq:ch3-linear-energy-derivative-identity} 表明引理 \ref{lem:ch3-linear-energy-identity-distributional} 中的函数 $u$ 满足	lemma	lem:ch3-linear-energy-identity-distributional	ref	tex/chapters/chapter-03/section-01.tex:649	tex/chapters/chapter-03/section-01.tex:615	resolved
reference	对于满足 \eqref{eq:ch3-linear-abstract-solution-spaces}--\eqref{eq:ch3-linear-abstract-initial-data} 的函数 $u$, 这一点已经在第 \ref{subsec:ch3-linear-existence-proof} 小节直接证明.	equation	eq:ch3-linear-abstract-solution-spaces	eqref	tex/chapters/chapter-03/section-01.tex:654	tex/chapters/chapter-03/section-01.tex:298	resolved
reference	对于满足 \eqref{eq:ch3-linear-abstract-solution-spaces}--\eqref{eq:ch3-linear-abstract-initial-data} 的函数 $u$, 这一点已经在第 \ref{subsec:ch3-linear-existence-proof} 小节直接证明.	equation	eq:ch3-linear-abstract-initial-data	eqref	tex/chapters/chapter-03/section-01.tex:654	tex/chapters/chapter-03/section-01.tex:306	resolved
reference	对于满足 \eqref{eq:ch3-linear-abstract-solution-spaces}--\eqref{eq:ch3-linear-abstract-initial-data} 的函数 $u$, 这一点已经在第 \ref{subsec:ch3-linear-existence-proof} 小节直接证明.	subsection	subsec:ch3-linear-existence-proof	ref	tex/chapters/chapter-03/section-01.tex:654	tex/chapters/chapter-03/section-01.tex:323	resolved
reference	由引理 \ref{lem:ch3-linear-banach-valued-derivative}, $u$ 是从 $[0,T]$ 到 $V'$ 的连续函数. 结合这一点与 \eqref{eq:ch3-linear-energy-linfty-consequence}, 下一个引理表明 $u$ 从 $[0,T]$ 到 $H$ 弱连续, 即	lemma	lem:ch3-linear-banach-valued-derivative	ref	tex/chapters/chapter-03/section-01.tex:656	tex/chapters/chapter-03/section-01.tex:102	resolved
reference	由引理 \ref{lem:ch3-linear-banach-valued-derivative}, $u$ 是从 $[0,T]$ 到 $V'$ 的连续函数. 结合这一点与 \eqref{eq:ch3-linear-energy-linfty-consequence}, 下一个引理表明 $u$ 从 $[0,T]$ 到 $H$ 弱连续, 即	equation	eq:ch3-linear-energy-linfty-consequence	eqref	tex/chapters/chapter-03/section-01.tex:656	tex/chapters/chapter-03/section-01.tex:652	resolved
reference	暂时承认这一点, 即可完成引理 \ref{lem:ch3-linear-lions-magenes-continuity} 的证明. 必须证明对每个 $t_0\in[0,T]$,	lemma	lem:ch3-linear-lions-magenes-continuity	ref	tex/chapters/chapter-03/section-01.tex:661	tex/chapters/chapter-03/section-01.tex:572	resolved
reference	当 $t\to t_0$ 时, $|u(t)|^2\to|u(t_0)|^2$, 因为由 \eqref{eq:ch3-linear-energy-derivative-identity},	equation	eq:ch3-linear-energy-derivative-identity	eqref	tex/chapters/chapter-03/section-01.tex:671	tex/chapters/chapter-03/section-01.tex:576	resolved
reference	而由 \eqref{eq:ch3-linear-h-weak-continuity},	equation	eq:ch3-linear-h-weak-continuity	eqref	tex/chapters/chapter-03/section-01.tex:677	tex/chapters/chapter-03/section-01.tex:659	resolved
reference	所以 \eqref{eq:ch3-linear-h-strong-continuity-goal} 得证.	equation	eq:ch3-linear-h-strong-continuity-goal	eqref	tex/chapters/chapter-03/section-01.tex:681	tex/chapters/chapter-03/section-01.tex:665	resolved
reference	证明下一个稍更一般的引理后, 引理 \ref{lem:ch3-linear-lions-magenes-continuity} 的证明即告完成.	lemma	lem:ch3-linear-lions-magenes-continuity	ref	tex/chapters/chapter-03/section-01.tex:683	tex/chapters/chapter-03/section-01.tex:572	resolved
reference	而需证明 \eqref{eq:ch3-linear-y-weak-continuity} 对每个 $\eta\in X'$ 也成立.	equation	eq:ch3-linear-y-weak-continuity	eqref	tex/chapters/chapter-03/section-01.tex:708	tex/chapters/chapter-03/section-01.tex:706	resolved
reference	该不等式表明 $\phi(t)\in X$, 且 \eqref{eq:ch3-linear-pointwise-x-bound} 成立.	equation	eq:ch3-linear-pointwise-x-bound	eqref	tex/chapters/chapter-03/section-01.tex:738	tex/chapters/chapter-03/section-01.tex:714	resolved
reference	最后证明 \eqref{eq:ch3-linear-y-weak-continuity} 对 $\eta\in X'$ 成立. 因为 $Y'$ 在 $X'$ 中稠密, 对每个 $\epsilon>0$, 存在 $\eta_\epsilon\in Y'$ 使	equation	eq:ch3-linear-y-weak-continuity	eqref	tex/chapters/chapter-03/section-01.tex:741	tex/chapters/chapter-03/section-01.tex:706	resolved
reference	由于 $\epsilon>0$ 可任意小, 上述上极限为零, \eqref{eq:ch3-linear-y-weak-continuity} 得证.	equation	eq:ch3-linear-y-weak-continuity	eqref	tex/chapters/chapter-03/section-01.tex:765	tex/chapters/chapter-03/section-01.tex:706	resolved
reference	本节给出定理 \ref{thm:ch3-linear-existence-uniqueness} 的若干说明和补充.	theorem	thm:ch3-linear-existence-uniqueness	ref	tex/chapters/chapter-03/section-01.tex:769	tex/chapters/chapter-03/section-01.tex:312	resolved
reference	\paragraph{定理 \ref{thm:ch3-linear-existence-uniqueness} 的一个推广.}	theorem	thm:ch3-linear-existence-uniqueness	ref	tex/chapters/chapter-03/section-01.tex:771	tex/chapters/chapter-03/section-01.tex:312	resolved
reference	定理 \ref{thm:ch3-linear-existence-uniqueness} 是涉及抽象空间 $V,H$ 和抽象算子 $A$ 的抽象定理的一个特殊情形; 见 \MBUnresolvedReference{citation}{Lions--Magenes [1]}.	theorem	thm:ch3-linear-existence-uniqueness	ref	tex/chapters/chapter-03/section-01.tex:772	tex/chapters/chapter-03/section-01.tex:312	resolved
reference	若不用 \eqref{eq:ch3-linear-force-assumption}, 而假设	equation	eq:ch3-linear-force-assumption	eqref	tex/chapters/chapter-03/section-01.tex:774	tex/chapters/chapter-03/section-01.tex:246	resolved
reference	则定理 \ref{thm:ch3-linear-existence-uniqueness} 的全部结论仍成立, 只需作一处修改:	theorem	thm:ch3-linear-existence-uniqueness	ref	tex/chapters/chapter-03/section-01.tex:781	tex/chapters/chapter-03/section-01.tex:312	resolved
reference	在存在性的证明中, 在 \eqref{eq:ch3-linear-galerkin-energy-identity} 之后写成	equation	eq:ch3-linear-galerkin-energy-identity	eqref	tex/chapters/chapter-03/section-01.tex:786	tex/chapters/chapter-03/section-01.tex:386	resolved
reference	从 $0$ 到 $s$, $s>0$, 积分该不等式, 得到类似 \eqref{eq:ch3-linear-galerkin-uniform-bound} 的控制, 从而推出 \eqref{eq:ch3-linear-galerkin-linfty-boundedness}. 再从 $0$ 到 $T$ 积分 \eqref{eq:ch3-linear-split-force-energy-bound}, 得到 \eqref{eq:ch3-linear-galerkin-l2-boundedness}. 此后完全按照第 \ref{subsec:ch3-linear-existence-proof} 小节证明存在性.	equation	eq:ch3-linear-galerkin-uniform-bound	eqref	tex/chapters/chapter-03/section-01.tex:818	tex/chapters/chapter-03/section-01.tex:413	resolved
reference	从 $0$ 到 $s$, $s>0$, 积分该不等式, 得到类似 \eqref{eq:ch3-linear-galerkin-uniform-bound} 的控制, 从而推出 \eqref{eq:ch3-linear-galerkin-linfty-boundedness}. 再从 $0$ 到 $T$ 积分 \eqref{eq:ch3-linear-split-force-energy-bound}, 得到 \eqref{eq:ch3-linear-galerkin-l2-boundedness}. 此后完全按照第 \ref{subsec:ch3-linear-existence-proof} 小节证明存在性.	equation	eq:ch3-linear-galerkin-linfty-boundedness	eqref	tex/chapters/chapter-03/section-01.tex:818	tex/chapters/chapter-03/section-01.tex:418	resolved
reference	从 $0$ 到 $s$, $s>0$, 积分该不等式, 得到类似 \eqref{eq:ch3-linear-galerkin-uniform-bound} 的控制, 从而推出 \eqref{eq:ch3-linear-galerkin-linfty-boundedness}. 再从 $0$ 到 $T$ 积分 \eqref{eq:ch3-linear-split-force-energy-bound}, 得到 \eqref{eq:ch3-linear-galerkin-l2-boundedness}. 此后完全按照第 \ref{subsec:ch3-linear-existence-proof} 小节证明存在性.	equation	eq:ch3-linear-split-force-energy-bound	eqref	tex/chapters/chapter-03/section-01.tex:818	tex/chapters/chapter-03/section-01.tex:796	resolved
reference	从 $0$ 到 $s$, $s>0$, 积分该不等式, 得到类似 \eqref{eq:ch3-linear-galerkin-uniform-bound} 的控制, 从而推出 \eqref{eq:ch3-linear-galerkin-linfty-boundedness}. 再从 $0$ 到 $T$ 积分 \eqref{eq:ch3-linear-split-force-energy-bound}, 得到 \eqref{eq:ch3-linear-galerkin-l2-boundedness}. 此后完全按照第 \ref{subsec:ch3-linear-existence-proof} 小节证明存在性.	equation	eq:ch3-linear-galerkin-l2-boundedness	eqref	tex/chapters/chapter-03/section-01.tex:818	tex/chapters/chapter-03/section-01.tex:432	resolved
reference	从 $0$ 到 $s$, $s>0$, 积分该不等式, 得到类似 \eqref{eq:ch3-linear-galerkin-uniform-bound} 的控制, 从而推出 \eqref{eq:ch3-linear-galerkin-linfty-boundedness}. 再从 $0$ 到 $T$ 积分 \eqref{eq:ch3-linear-split-force-energy-bound}, 得到 \eqref{eq:ch3-linear-galerkin-l2-boundedness}. 此后完全按照第 \ref{subsec:ch3-linear-existence-proof} 小节证明存在性.	subsection	subsec:ch3-linear-existence-proof	ref	tex/chapters/chapter-03/section-01.tex:818	tex/chapters/chapter-03/section-01.tex:323	resolved
reference	则引理 \ref{lem:ch3-linear-lions-magenes-continuity} 仍成立. 注意到这一点, 就可完全按照第 \ref{subsec:ch3-linear-continuity-uniqueness} 小节证明唯一性以及 $u\in C([0,T];H)$.	lemma	lem:ch3-linear-lions-magenes-continuity	ref	tex/chapters/chapter-03/section-01.tex:833	tex/chapters/chapter-03/section-01.tex:572	resolved
reference	则引理 \ref{lem:ch3-linear-lions-magenes-continuity} 仍成立. 注意到这一点, 就可完全按照第 \ref{subsec:ch3-linear-continuity-uniqueness} 小节证明唯一性以及 $u\in C([0,T];H)$.	subsection	subsec:ch3-linear-continuity-uniqueness	ref	tex/chapters/chapter-03/section-01.tex:833	tex/chapters/chapter-03/section-01.tex:567	resolved
reference	对演化问题, 当 $\Omega$ 无界时, 不再需要引入定常无界情形(第 \ref{subsec:ch1-stokes-unbounded-domain} 小节)所考虑的空间 $Y$. 若 $\Omega$ 无界且 $V$ 赋予范数 \eqref{eq:ch3-linear-unbounded-v-inner-product}, 则上述全部结果成立. 在最一般情形下, 假设 $f$ 满足 \eqref{eq:ch3-linear-split-force-assumption}. 若 $f$ 满足 \eqref{eq:ch3-linear-force-assumption}, 所得结果与定理 \ref{thm:ch3-linear-existence-uniqueness} 完全相同; 若 $f$ 满足 \eqref{eq:ch3-linear-split-force-assumption}, 所得结果与 \eqref{eq:ch3-linear-split-derivative-space} 完全相同. 唯一区别是必须把 \eqref{eq:ch3-linear-split-force-energy-bound} 换成	subsection	subsec:ch1-stokes-unbounded-domain	ref	tex/chapters/chapter-03/section-01.tex:837	tex/chapters/chapter-01/section-02.tex:361	resolved
reference	对演化问题, 当 $\Omega$ 无界时, 不再需要引入定常无界情形(第 \ref{subsec:ch1-stokes-unbounded-domain} 小节)所考虑的空间 $Y$. 若 $\Omega$ 无界且 $V$ 赋予范数 \eqref{eq:ch3-linear-unbounded-v-inner-product}, 则上述全部结果成立. 在最一般情形下, 假设 $f$ 满足 \eqref{eq:ch3-linear-split-force-assumption}. 若 $f$ 满足 \eqref{eq:ch3-linear-force-assumption}, 所得结果与定理 \ref{thm:ch3-linear-existence-uniqueness} 完全相同; 若 $f$ 满足 \eqref{eq:ch3-linear-split-force-assumption}, 所得结果与 \eqref{eq:ch3-linear-split-derivative-space} 完全相同. 唯一区别是必须把 \eqref{eq:ch3-linear-split-force-energy-bound} 换成	equation	eq:ch3-linear-unbounded-v-inner-product	eqref	tex/chapters/chapter-03/section-01.tex:837	tex/chapters/chapter-03/section-01.tex:66	resolved
reference	对演化问题, 当 $\Omega$ 无界时, 不再需要引入定常无界情形(第 \ref{subsec:ch1-stokes-unbounded-domain} 小节)所考虑的空间 $Y$. 若 $\Omega$ 无界且 $V$ 赋予范数 \eqref{eq:ch3-linear-unbounded-v-inner-product}, 则上述全部结果成立. 在最一般情形下, 假设 $f$ 满足 \eqref{eq:ch3-linear-split-force-assumption}. 若 $f$ 满足 \eqref{eq:ch3-linear-force-assumption}, 所得结果与定理 \ref{thm:ch3-linear-existence-uniqueness} 完全相同; 若 $f$ 满足 \eqref{eq:ch3-linear-split-force-assumption}, 所得结果与 \eqref{eq:ch3-linear-split-derivative-space} 完全相同. 唯一区别是必须把 \eqref{eq:ch3-linear-split-force-energy-bound} 换成	equation	eq:ch3-linear-split-force-assumption	eqref	tex/chapters/chapter-03/section-01.tex:837	tex/chapters/chapter-03/section-01.tex:779	resolved
reference	对演化问题, 当 $\Omega$ 无界时, 不再需要引入定常无界情形(第 \ref{subsec:ch1-stokes-unbounded-domain} 小节)所考虑的空间 $Y$. 若 $\Omega$ 无界且 $V$ 赋予范数 \eqref{eq:ch3-linear-unbounded-v-inner-product}, 则上述全部结果成立. 在最一般情形下, 假设 $f$ 满足 \eqref{eq:ch3-linear-split-force-assumption}. 若 $f$ 满足 \eqref{eq:ch3-linear-force-assumption}, 所得结果与定理 \ref{thm:ch3-linear-existence-uniqueness} 完全相同; 若 $f$ 满足 \eqref{eq:ch3-linear-split-force-assumption}, 所得结果与 \eqref{eq:ch3-linear-split-derivative-space} 完全相同. 唯一区别是必须把 \eqref{eq:ch3-linear-split-force-energy-bound} 换成	equation	eq:ch3-linear-force-assumption	eqref	tex/chapters/chapter-03/section-01.tex:837	tex/chapters/chapter-03/section-01.tex:246	resolved
reference	对演化问题, 当 $\Omega$ 无界时, 不再需要引入定常无界情形(第 \ref{subsec:ch1-stokes-unbounded-domain} 小节)所考虑的空间 $Y$. 若 $\Omega$ 无界且 $V$ 赋予范数 \eqref{eq:ch3-linear-unbounded-v-inner-product}, 则上述全部结果成立. 在最一般情形下, 假设 $f$ 满足 \eqref{eq:ch3-linear-split-force-assumption}. 若 $f$ 满足 \eqref{eq:ch3-linear-force-assumption}, 所得结果与定理 \ref{thm:ch3-linear-existence-uniqueness} 完全相同; 若 $f$ 满足 \eqref{eq:ch3-linear-split-force-assumption}, 所得结果与 \eqref{eq:ch3-linear-split-derivative-space} 完全相同. 唯一区别是必须把 \eqref{eq:ch3-linear-split-force-energy-bound} 换成	theorem	thm:ch3-linear-existence-uniqueness	ref	tex/chapters/chapter-03/section-01.tex:837	tex/chapters/chapter-03/section-01.tex:312	resolved
reference	对演化问题, 当 $\Omega$ 无界时, 不再需要引入定常无界情形(第 \ref{subsec:ch1-stokes-unbounded-domain} 小节)所考虑的空间 $Y$. 若 $\Omega$ 无界且 $V$ 赋予范数 \eqref{eq:ch3-linear-unbounded-v-inner-product}, 则上述全部结果成立. 在最一般情形下, 假设 $f$ 满足 \eqref{eq:ch3-linear-split-force-assumption}. 若 $f$ 满足 \eqref{eq:ch3-linear-force-assumption}, 所得结果与定理 \ref{thm:ch3-linear-existence-uniqueness} 完全相同; 若 $f$ 满足 \eqref{eq:ch3-linear-split-force-assumption}, 所得结果与 \eqref{eq:ch3-linear-split-derivative-space} 完全相同. 唯一区别是必须把 \eqref{eq:ch3-linear-split-force-energy-bound} 换成	equation	eq:ch3-linear-split-force-assumption	eqref	tex/chapters/chapter-03/section-01.tex:837	tex/chapters/chapter-03/section-01.tex:779	resolved
reference	对演化问题, 当 $\Omega$ 无界时, 不再需要引入定常无界情形(第 \ref{subsec:ch1-stokes-unbounded-domain} 小节)所考虑的空间 $Y$. 若 $\Omega$ 无界且 $V$ 赋予范数 \eqref{eq:ch3-linear-unbounded-v-inner-product}, 则上述全部结果成立. 在最一般情形下, 假设 $f$ 满足 \eqref{eq:ch3-linear-split-force-assumption}. 若 $f$ 满足 \eqref{eq:ch3-linear-force-assumption}, 所得结果与定理 \ref{thm:ch3-linear-existence-uniqueness} 完全相同; 若 $f$ 满足 \eqref{eq:ch3-linear-split-force-assumption}, 所得结果与 \eqref{eq:ch3-linear-split-derivative-space} 完全相同. 唯一区别是必须把 \eqref{eq:ch3-linear-split-force-energy-bound} 换成	equation	eq:ch3-linear-split-derivative-space	eqref	tex/chapters/chapter-03/section-01.tex:837	tex/chapters/chapter-03/section-01.tex:784	resolved
reference	对演化问题, 当 $\Omega$ 无界时, 不再需要引入定常无界情形(第 \ref{subsec:ch1-stokes-unbounded-domain} 小节)所考虑的空间 $Y$. 若 $\Omega$ 无界且 $V$ 赋予范数 \eqref{eq:ch3-linear-unbounded-v-inner-product}, 则上述全部结果成立. 在最一般情形下, 假设 $f$ 满足 \eqref{eq:ch3-linear-split-force-assumption}. 若 $f$ 满足 \eqref{eq:ch3-linear-force-assumption}, 所得结果与定理 \ref{thm:ch3-linear-existence-uniqueness} 完全相同; 若 $f$ 满足 \eqref{eq:ch3-linear-split-force-assumption}, 所得结果与 \eqref{eq:ch3-linear-split-derivative-space} 完全相同. 唯一区别是必须把 \eqref{eq:ch3-linear-split-force-energy-bound} 换成	equation	eq:ch3-linear-split-force-energy-bound	eqref	tex/chapters/chapter-03/section-01.tex:837	tex/chapters/chapter-03/section-01.tex:796	resolved
reference	然后完全像处理 \eqref{eq:ch3-linear-split-force-gronwall-inequality} 那样处理这个不等式, 得到 \eqref{eq:ch3-linear-galerkin-linfty-boundedness}. 此后从 $0$ 到 $T$ 积分 \eqref{eq:ch3-linear-unbounded-energy-bound}, 得	equation	eq:ch3-linear-split-force-gronwall-inequality	eqref	tex/chapters/chapter-03/section-01.tex:856	tex/chapters/chapter-03/section-01.tex:803	resolved
reference	然后完全像处理 \eqref{eq:ch3-linear-split-force-gronwall-inequality} 那样处理这个不等式, 得到 \eqref{eq:ch3-linear-galerkin-linfty-boundedness}. 此后从 $0$ 到 $T$ 积分 \eqref{eq:ch3-linear-unbounded-energy-bound}, 得	equation	eq:ch3-linear-galerkin-linfty-boundedness	eqref	tex/chapters/chapter-03/section-01.tex:856	tex/chapters/chapter-03/section-01.tex:418	resolved
reference	然后完全像处理 \eqref{eq:ch3-linear-split-force-gronwall-inequality} 那样处理这个不等式, 得到 \eqref{eq:ch3-linear-galerkin-linfty-boundedness}. 此后从 $0$ 到 $T$ 积分 \eqref{eq:ch3-linear-unbounded-energy-bound}, 得	equation	eq:ch3-linear-unbounded-energy-bound	eqref	tex/chapters/chapter-03/section-01.tex:856	tex/chapters/chapter-03/section-01.tex:847	resolved
reference	该估计与 \eqref{eq:ch3-linear-galerkin-linfty-boundedness} 一起给出 \eqref{eq:ch3-linear-galerkin-l2-boundedness}. 随后存在性, 唯一性和连续性的证明与前面完全相同.	equation	eq:ch3-linear-galerkin-linfty-boundedness	eqref	tex/chapters/chapter-03/section-01.tex:860	tex/chapters/chapter-03/section-01.tex:418	resolved
reference	该估计与 \eqref{eq:ch3-linear-galerkin-linfty-boundedness} 一起给出 \eqref{eq:ch3-linear-galerkin-l2-boundedness}. 随后存在性, 唯一性和连续性的证明与前面完全相同.	equation	eq:ch3-linear-galerkin-l2-boundedness	eqref	tex/chapters/chapter-03/section-01.tex:860	tex/chapters/chapter-03/section-01.tex:432	resolved
reference	现在确切说明定理 \ref{thm:ch3-linear-existence-uniqueness} 定义的函数 $u$ 在何种意义下是初值问题 \eqref{eq:ch3-linear-momentum}--\eqref{eq:ch3-linear-initial-condition} 的解.	theorem	thm:ch3-linear-existence-uniqueness	ref	tex/chapters/chapter-03/section-01.tex:863	tex/chapters/chapter-03/section-01.tex:312	resolved
reference	现在确切说明定理 \ref{thm:ch3-linear-existence-uniqueness} 定义的函数 $u$ 在何种意义下是初值问题 \eqref{eq:ch3-linear-momentum}--\eqref{eq:ch3-linear-initial-condition} 的解.	equation	eq:ch3-linear-momentum	eqref	tex/chapters/chapter-03/section-01.tex:863	tex/chapters/chapter-03/section-01.tex:218	resolved
reference	现在确切说明定理 \ref{thm:ch3-linear-existence-uniqueness} 定义的函数 $u$ 在何种意义下是初值问题 \eqref{eq:ch3-linear-momentum}--\eqref{eq:ch3-linear-initial-condition} 的解.	equation	eq:ch3-linear-initial-condition	eqref	tex/chapters/chapter-03/section-01.tex:863	tex/chapters/chapter-03/section-01.tex:230	resolved
reference	在定理 \ref{thm:ch3-linear-existence-uniqueness} 的假设下, 存在 $Q=\Omega\times(0,T)$ 上的分布 $p$, 使定理 \ref{thm:ch3-linear-existence-uniqueness} 定义的函数 $u$ 与 $p$ 在 $Q$ 中按分布意义满足 \eqref{eq:ch3-linear-momentum}; \eqref{eq:ch3-linear-incompressibility} 也按分布意义成立, 且 \eqref{eq:ch3-linear-initial-condition} 在下述意义下成立:	theorem	thm:ch3-linear-existence-uniqueness	ref	tex/chapters/chapter-03/section-01.tex:868	tex/chapters/chapter-03/section-01.tex:312	resolved
reference	在定理 \ref{thm:ch3-linear-existence-uniqueness} 的假设下, 存在 $Q=\Omega\times(0,T)$ 上的分布 $p$, 使定理 \ref{thm:ch3-linear-existence-uniqueness} 定义的函数 $u$ 与 $p$ 在 $Q$ 中按分布意义满足 \eqref{eq:ch3-linear-momentum}; \eqref{eq:ch3-linear-incompressibility} 也按分布意义成立, 且 \eqref{eq:ch3-linear-initial-condition} 在下述意义下成立:	theorem	thm:ch3-linear-existence-uniqueness	ref	tex/chapters/chapter-03/section-01.tex:868	tex/chapters/chapter-03/section-01.tex:312	resolved
reference	在定理 \ref{thm:ch3-linear-existence-uniqueness} 的假设下, 存在 $Q=\Omega\times(0,T)$ 上的分布 $p$, 使定理 \ref{thm:ch3-linear-existence-uniqueness} 定义的函数 $u$ 与 $p$ 在 $Q$ 中按分布意义满足 \eqref{eq:ch3-linear-momentum}; \eqref{eq:ch3-linear-incompressibility} 也按分布意义成立, 且 \eqref{eq:ch3-linear-initial-condition} 在下述意义下成立:	equation	eq:ch3-linear-momentum	eqref	tex/chapters/chapter-03/section-01.tex:868	tex/chapters/chapter-03/section-01.tex:218	resolved
reference	在定理 \ref{thm:ch3-linear-existence-uniqueness} 的假设下, 存在 $Q=\Omega\times(0,T)$ 上的分布 $p$, 使定理 \ref{thm:ch3-linear-existence-uniqueness} 定义的函数 $u$ 与 $p$ 在 $Q$ 中按分布意义满足 \eqref{eq:ch3-linear-momentum}; \eqref{eq:ch3-linear-incompressibility} 也按分布意义成立, 且 \eqref{eq:ch3-linear-initial-condition} 在下述意义下成立:	equation	eq:ch3-linear-incompressibility	eqref	tex/chapters/chapter-03/section-01.tex:868	tex/chapters/chapter-03/section-01.tex:222	resolved
reference	在定理 \ref{thm:ch3-linear-existence-uniqueness} 的假设下, 存在 $Q=\Omega\times(0,T)$ 上的分布 $p$, 使定理 \ref{thm:ch3-linear-existence-uniqueness} 定义的函数 $u$ 与 $p$ 在 $Q$ 中按分布意义满足 \eqref{eq:ch3-linear-momentum}; \eqref{eq:ch3-linear-incompressibility} 也按分布意义成立, 且 \eqref{eq:ch3-linear-initial-condition} 在下述意义下成立:	equation	eq:ch3-linear-initial-condition	eqref	tex/chapters/chapter-03/section-01.tex:868	tex/chapters/chapter-03/section-01.tex:230	resolved
reference	等式 \eqref{eq:ch3-linear-incompressibility} 是 $u\in L^2(0,T;V)$ 的直接推论; \eqref{eq:ch3-linear-initial-condition} 与 \eqref{eq:ch3-linear-force-assumption} 也直接由定理 \ref{thm:ch3-linear-existence-uniqueness} 得到; 由于 $u\in L^2(0,T;\mathbf H_0^1(\Omega))$, \eqref{eq:ch3-linear-boundary-condition} 在依赖于 $\Omega$ 上可用迹定理的意义下成立.	equation	eq:ch3-linear-incompressibility	eqref	tex/chapters/chapter-03/section-01.tex:877	tex/chapters/chapter-03/section-01.tex:222	resolved
reference	等式 \eqref{eq:ch3-linear-incompressibility} 是 $u\in L^2(0,T;V)$ 的直接推论; \eqref{eq:ch3-linear-initial-condition} 与 \eqref{eq:ch3-linear-force-assumption} 也直接由定理 \ref{thm:ch3-linear-existence-uniqueness} 得到; 由于 $u\in L^2(0,T;\mathbf H_0^1(\Omega))$, \eqref{eq:ch3-linear-boundary-condition} 在依赖于 $\Omega$ 上可用迹定理的意义下成立.	equation	eq:ch3-linear-initial-condition	eqref	tex/chapters/chapter-03/section-01.tex:877	tex/chapters/chapter-03/section-01.tex:230	resolved
reference	等式 \eqref{eq:ch3-linear-incompressibility} 是 $u\in L^2(0,T;V)$ 的直接推论; \eqref{eq:ch3-linear-initial-condition} 与 \eqref{eq:ch3-linear-force-assumption} 也直接由定理 \ref{thm:ch3-linear-existence-uniqueness} 得到; 由于 $u\in L^2(0,T;\mathbf H_0^1(\Omega))$, \eqref{eq:ch3-linear-boundary-condition} 在依赖于 $\Omega$ 上可用迹定理的意义下成立.	equation	eq:ch3-linear-force-assumption	eqref	tex/chapters/chapter-03/section-01.tex:877	tex/chapters/chapter-03/section-01.tex:246	resolved
reference	等式 \eqref{eq:ch3-linear-incompressibility} 是 $u\in L^2(0,T;V)$ 的直接推论; \eqref{eq:ch3-linear-initial-condition} 与 \eqref{eq:ch3-linear-force-assumption} 也直接由定理 \ref{thm:ch3-linear-existence-uniqueness} 得到; 由于 $u\in L^2(0,T;\mathbf H_0^1(\Omega))$, \eqref{eq:ch3-linear-boundary-condition} 在依赖于 $\Omega$ 上可用迹定理的意义下成立.	theorem	thm:ch3-linear-existence-uniqueness	ref	tex/chapters/chapter-03/section-01.tex:877	tex/chapters/chapter-03/section-01.tex:312	resolved
reference	等式 \eqref{eq:ch3-linear-incompressibility} 是 $u\in L^2(0,T;V)$ 的直接推论; \eqref{eq:ch3-linear-initial-condition} 与 \eqref{eq:ch3-linear-force-assumption} 也直接由定理 \ref{thm:ch3-linear-existence-uniqueness} 得到; 由于 $u\in L^2(0,T;\mathbf H_0^1(\Omega))$, \eqref{eq:ch3-linear-boundary-condition} 在依赖于 $\Omega$ 上可用迹定理的意义下成立.	equation	eq:ch3-linear-boundary-condition	eqref	tex/chapters/chapter-03/section-01.tex:877	tex/chapters/chapter-03/section-01.tex:226	resolved
reference	积分 \eqref{eq:ch3-linear-weak-variational-equation} 可知	equation	eq:ch3-linear-weak-variational-equation	eqref	tex/chapters/chapter-03/section-01.tex:891	tex/chapters/chapter-03/section-01.tex:261	resolved
reference	可知 $\operatorname{grad}P$ 与 \eqref{eq:ch3-linear-pressure-gradient} 的右端一样属于 $C([0,T];H^{-1}(\Omega))$; 因而	equation	eq:ch3-linear-pressure-gradient	eqref	tex/chapters/chapter-03/section-01.tex:915	tex/chapters/chapter-03/section-01.tex:913	resolved
reference	这使我们能够在 $Q=\Omega\times(0,T)$ 中按分布意义关于 $t$ 对 \eqref{eq:ch3-linear-integrated-pressure-equation} 求导. 令	equation	eq:ch3-linear-integrated-pressure-equation	eqref	tex/chapters/chapter-03/section-01.tex:920	tex/chapters/chapter-03/section-01.tex:908	resolved
reference	恰好得到 \eqref{eq:ch3-linear-momentum}.	equation	eq:ch3-linear-momentum	eqref	tex/chapters/chapter-03/section-01.tex:925	tex/chapters/chapter-03/section-01.tex:218	resolved
reference	一般不能得到比 \eqref{eq:ch3-linear-integrated-pressure-continuity}, \eqref{eq:ch3-linear-pressure-time-derivative} 更好的 $p$ 的信息. 下一命题通过对数据 $f,u_0$ 假设更高正则性, 得到 $p$ 的更高正则性.	equation	eq:ch3-linear-integrated-pressure-continuity	eqref	tex/chapters/chapter-03/section-01.tex:928	tex/chapters/chapter-03/section-01.tex:918	resolved
reference	一般不能得到比 \eqref{eq:ch3-linear-integrated-pressure-continuity}, \eqref{eq:ch3-linear-pressure-time-derivative} 更好的 $p$ 的信息. 下一命题通过对数据 $f,u_0$ 假设更高正则性, 得到 $p$ 的更高正则性.	equation	eq:ch3-linear-pressure-time-derivative	eqref	tex/chapters/chapter-03/section-01.tex:928	tex/chapters/chapter-03/section-01.tex:923	resolved
reference	第一步是得到 \eqref{eq:ch3-linear-time-l2-regularity}; 这通过为 Galerkin 方法构造的逼近解 $u_m$ 得到另一个先验估计来证明.	equation	eq:ch3-linear-time-l2-regularity	eqref	tex/chapters/chapter-03/section-01.tex:963	tex/chapters/chapter-03/section-01.tex:954	resolved
reference	沿用第 \ref{subsec:ch3-linear-existence-proof} 小节的记号, 将 \eqref{eq:ch3-linear-galerkin-equations} 乘 $g_{jm}'(t)$, 再对 $j=1,\ldots,m$ 相加, 得	subsection	subsec:ch3-linear-existence-proof	ref	tex/chapters/chapter-03/section-01.tex:965	tex/chapters/chapter-03/section-01.tex:323	resolved
reference	沿用第 \ref{subsec:ch3-linear-existence-proof} 小节的记号, 将 \eqref{eq:ch3-linear-galerkin-equations} 乘 $g_{jm}'(t)$, 再对 $j=1,\ldots,m$ 相加, 得	equation	eq:ch3-linear-galerkin-equations	eqref	tex/chapters/chapter-03/section-01.tex:965	tex/chapters/chapter-03/section-01.tex:332	resolved
reference	从 $0$ 到 $T$ 积分 \eqref{eq:ch3-linear-higher-energy-printed-relation}, 并使用 Schwarz 不等式, 得	equation	eq:ch3-linear-higher-energy-printed-relation	eqref	tex/chapters/chapter-03/section-01.tex:977	tex/chapters/chapter-03/section-01.tex:973	resolved
reference	在这些 $w_j,u_{0m}$ 的选择下, \eqref{eq:ch3-linear-time-derivative-apriori-bound} 表明	equation	eq:ch3-linear-time-derivative-apriori-bound	eqref	tex/chapters/chapter-03/section-01.tex:1007	tex/chapters/chapter-03/section-01.tex:989	resolved
reference	从而 \eqref{eq:ch3-linear-time-l2-regularity} 得证.	equation	eq:ch3-linear-time-l2-regularity	eqref	tex/chapters/chapter-03/section-01.tex:1012	tex/chapters/chapter-03/section-01.tex:954	resolved
reference	再回到等式 \eqref{eq:ch3-linear-momentum}--\eqref{eq:ch3-linear-boundary-condition}, 应用定常情形的正则性定理 \MBUnresolvedReference{theorem}{Theorem 1.2.4}. 对几乎每个 $t\in[0,T]$,	equation	eq:ch3-linear-momentum	eqref	tex/chapters/chapter-03/section-01.tex:1014	tex/chapters/chapter-03/section-01.tex:218	resolved
reference	再回到等式 \eqref{eq:ch3-linear-momentum}--\eqref{eq:ch3-linear-boundary-condition}, 应用定常情形的正则性定理 \MBUnresolvedReference{theorem}{Theorem 1.2.4}. 对几乎每个 $t\in[0,T]$,	equation	eq:ch3-linear-boundary-condition	eqref	tex/chapters/chapter-03/section-01.tex:1014	tex/chapters/chapter-03/section-01.tex:226	resolved
reference	由 \MBUnresolvedReference{equation}{Chapter 1, (2.40)} 可知是从 $\mathbf L^2(\Omega)$ 到 $\mathbf H^2(\Omega)\times H^1(\Omega)$ 的连续线性映射; 又因为 $f-u'\in L^2(0,T;\mathbf L^2(\Omega))$, 显然 \eqref{eq:ch3-linear-spatial-h2-regularity}, \eqref{eq:ch3-linear-pressure-h1-regularity} 成立.	equation	eq:ch3-linear-spatial-h2-regularity	eqref	tex/chapters/chapter-03/section-01.tex:1030	tex/chapters/chapter-03/section-01.tex:949	resolved
reference	由 \MBUnresolvedReference{equation}{Chapter 1, (2.40)} 可知是从 $\mathbf L^2(\Omega)$ 到 $\mathbf H^2(\Omega)\times H^1(\Omega)$ 的连续线性映射; 又因为 $f-u'\in L^2(0,T;\mathbf L^2(\Omega))$, 显然 \eqref{eq:ch3-linear-spatial-h2-regularity}, \eqref{eq:ch3-linear-pressure-h1-regularity} 成立.	equation	eq:ch3-linear-pressure-h1-regularity	eqref	tex/chapters/chapter-03/section-01.tex:1030	tex/chapters/chapter-03/section-01.tex:958	resolved
reference	第 \ref{chap:steady-state-navier-stokes} 章给出的紧性定理不足以处理非线性演化问题. 本节的目标是证明适用于本章其余部分中非线性问题的若干紧性定理.	chapter	chap:steady-state-navier-stokes	ref	tex/chapters/chapter-03/section-02.tex:4	tex/chapters/chapter-02.tex:5	resolved
reference	在第 \ref{subsec:ch3-compactness-preliminary} 小节给出一个预备结果之后, 我们在第 \ref{subsec:ch3-compactness-banach} 小节证明 Banach 空间框架下的一个紧性定理. 第 \ref{subsec:ch3-compactness-fractional} 小节证明 Hilbert 空间框架下的另外两个紧性定理; 其中一个涉及函数关于时间的分数阶导数.	subsection	subsec:ch3-compactness-preliminary	ref	tex/chapters/chapter-03/section-02.tex:6	tex/chapters/chapter-03/section-02.tex:12	resolved
reference	在第 \ref{subsec:ch3-compactness-preliminary} 小节给出一个预备结果之后, 我们在第 \ref{subsec:ch3-compactness-banach} 小节证明 Banach 空间框架下的一个紧性定理. 第 \ref{subsec:ch3-compactness-fractional} 小节证明 Hilbert 空间框架下的另外两个紧性定理; 其中一个涉及函数关于时间的分数阶导数.	subsection	subsec:ch3-compactness-banach	ref	tex/chapters/chapter-03/section-02.tex:6	tex/chapters/chapter-03/section-02.tex:71	resolved
reference	在第 \ref{subsec:ch3-compactness-preliminary} 小节给出一个预备结果之后, 我们在第 \ref{subsec:ch3-compactness-banach} 小节证明 Banach 空间框架下的一个紧性定理. 第 \ref{subsec:ch3-compactness-fractional} 小节证明 Hilbert 空间框架下的另外两个紧性定理; 其中一个涉及函数关于时间的分数阶导数.	subsection	subsec:ch3-compactness-fractional	ref	tex/chapters/chapter-03/section-02.tex:6	tex/chapters/chapter-03/section-02.tex:226	resolved
reference	采用反证法. 若 \eqref{eq:ch3-compactness-interpolation-inequality} 不成立, 则存在某个 $\eta>0$, 使对每个 $c\in\mathbb R$, 至少存在一个 $v$ 满足	equation	eq:ch3-compactness-interpolation-inequality	eqref	tex/chapters/chapter-03/section-02.tex:37	tex/chapters/chapter-03/section-02.tex:32	resolved
reference	由于 $\lVert w_m\rVert_{X_0}=1$, 序列 $w_m$ 在 $X$ 中有界, 而 \eqref{eq:ch3-compactness-normalized-inequality} 表明	equation	eq:ch3-compactness-normalized-inequality	eqref	tex/chapters/chapter-03/section-02.tex:56	tex/chapters/chapter-03/section-02.tex:54	resolved
reference	此外, 由 \eqref{eq:ch3-compactness-compact-injection}, 序列 $w_m$ 在 $X$ 中相对紧; 因而可从 $w_m$ 中抽取在 $X$ 中强收敛的子序列 $w_\mu$. 由 \eqref{eq:ch3-compactness-x1-zero}, $w_\mu$ 的极限必为 $0$, 但这与	equation	eq:ch3-compactness-compact-injection	eqref	tex/chapters/chapter-03/section-02.tex:62	tex/chapters/chapter-03/section-02.tex:26	resolved
reference	此外, 由 \eqref{eq:ch3-compactness-compact-injection}, 序列 $w_m$ 在 $X$ 中相对紧; 因而可从 $w_m$ 中抽取在 $X$ 中强收敛的子序列 $w_\mu$. 由 \eqref{eq:ch3-compactness-x1-zero}, $w_\mu$ 的极限必为 $0$, 但这与	equation	eq:ch3-compactness-x1-zero	eqref	tex/chapters/chapter-03/section-02.tex:62	tex/chapters/chapter-03/section-02.tex:60	resolved
reference	在假设 \eqref{eq:ch3-compactness-banach-chain}--\eqref{eq:ch3-compactness-y-space} 下, $Y$ 到 $L^{\alpha_0}(0,T;X)$ 的注入是紧的.	equation	eq:ch3-compactness-banach-chain	eqref	tex/chapters/chapter-03/section-02.tex:115	tex/chapters/chapter-03/section-02.tex:75	resolved
reference	在假设 \eqref{eq:ch3-compactness-banach-chain}--\eqref{eq:ch3-compactness-y-space} 下, $Y$ 到 $L^{\alpha_0}(0,T;X)$ 的注入是紧的.	equation	eq:ch3-compactness-y-space	eqref	tex/chapters/chapter-03/section-02.tex:115	tex/chapters/chapter-03/section-02.tex:91	resolved
reference	则定理得证. 事实上, 由引理 \ref{lem:ch3-compactness-interpolation},	lemma	lem:ch3-compactness-interpolation	ref	tex/chapters/chapter-03/section-02.tex:150	tex/chapters/chapter-03/section-02.tex:17	resolved
reference	在 \eqref{eq:ch3-compactness-banach-interpolation-bound} 中取极限, 由 \eqref{eq:ch3-compactness-banach-x1-strong-goal} 得	equation	eq:ch3-compactness-banach-interpolation-bound	eqref	tex/chapters/chapter-03/section-02.tex:162	tex/chapters/chapter-03/section-02.tex:160	resolved
reference	在 \eqref{eq:ch3-compactness-banach-interpolation-bound} 中取极限, 由 \eqref{eq:ch3-compactness-banach-x1-strong-goal} 得	equation	eq:ch3-compactness-banach-x1-strong-goal	eqref	tex/chapters/chapter-03/section-02.tex:162	tex/chapters/chapter-03/section-02.tex:148	resolved
reference	由于引理 \ref{lem:ch3-compactness-interpolation} 中的 $\eta>0$ 任意小, 此上极限为 $0$, 从而 \eqref{eq:ch3-compactness-banach-strong-goal} 得证.	lemma	lem:ch3-compactness-interpolation	ref	tex/chapters/chapter-03/section-02.tex:167	tex/chapters/chapter-03/section-02.tex:17	resolved
reference	由于引理 \ref{lem:ch3-compactness-interpolation} 中的 $\eta>0$ 任意小, 此上极限为 $0$, 从而 \eqref{eq:ch3-compactness-banach-strong-goal} 得证.	equation	eq:ch3-compactness-banach-strong-goal	eqref	tex/chapters/chapter-03/section-02.tex:167	tex/chapters/chapter-03/section-02.tex:141	resolved
reference	(iii) 为证明 \eqref{eq:ch3-compactness-banach-x1-strong-goal}, 注意到	equation	eq:ch3-compactness-banach-x1-strong-goal	eqref	tex/chapters/chapter-03/section-02.tex:169	tex/chapters/chapter-03/section-02.tex:148	resolved
reference	且注入连续; 包含关系 \eqref{eq:ch3-compactness-y-continuous-injection} 由引理 \ref{lem:ch3-linear-banach-valued-derivative} 得到, 注入的连续性也很容易验证.	equation	eq:ch3-compactness-y-continuous-injection	eqref	tex/chapters/chapter-03/section-02.tex:174	tex/chapters/chapter-03/section-02.tex:172	resolved
reference	且注入连续; 包含关系 \eqref{eq:ch3-compactness-y-continuous-injection} 由引理 \ref{lem:ch3-linear-banach-valued-derivative} 得到, 注入的连续性也很容易验证.	lemma	lem:ch3-linear-banach-valued-derivative	ref	tex/chapters/chapter-03/section-02.tex:174	tex/chapters/chapter-03/section-01.tex:102	resolved
reference	则 \eqref{eq:ch3-compactness-banach-x1-strong-goal} 得证.	equation	eq:ch3-compactness-banach-x1-strong-goal	eqref	tex/chapters/chapter-03/section-02.tex:188	tex/chapters/chapter-03/section-02.tex:148	resolved
reference	我们对 $t=0$ 证明 \eqref{eq:ch3-compactness-banach-pointwise-convergence}; 对任意其他 $t$ 的证明类似. 写成	equation	eq:ch3-compactness-banach-pointwise-convergence	eqref	tex/chapters/chapter-03/section-02.tex:191	tex/chapters/chapter-03/section-02.tex:186	resolved
reference	于是 $t=0$ 时的 \eqref{eq:ch3-compactness-banach-pointwise-convergence} 成立.	equation	eq:ch3-compactness-banach-pointwise-convergence	eqref	tex/chapters/chapter-03/section-02.tex:222	tex/chapters/chapter-03/section-02.tex:186	resolved
reference	\footnote{当 $\gamma$ 是整数时, 定义 \eqref{eq:ch3-compactness-fractional-derivative} 与通常定义一致.}	equation	eq:ch3-compactness-fractional-derivative	eqref	tex/chapters/chapter-03/section-02.tex:249	tex/chapters/chapter-03/section-02.tex:247	resolved
reference	设 $X_0,X,X_1$ 是满足 \eqref{eq:ch3-compactness-hilbert-chain} 和 \eqref{eq:ch3-compactness-hilbert-compact-injection} 的 Hilbert 空间. 则对任意有界集 $K$ 和任意 $\gamma>0$, $\mathcal H_K^\gamma(\mathbb R;X_0,X_1)$ 到 $L^2(\mathbb R;X)$ 的注入是紧的.	equation	eq:ch3-compactness-hilbert-chain	eqref	tex/chapters/chapter-03/section-02.tex:276	tex/chapters/chapter-03/section-02.tex:232	resolved
reference	设 $X_0,X,X_1$ 是满足 \eqref{eq:ch3-compactness-hilbert-chain} 和 \eqref{eq:ch3-compactness-hilbert-compact-injection} 的 Hilbert 空间. 则对任意有界集 $K$ 和任意 $\gamma>0$, $\mathcal H_K^\gamma(\mathbb R;X_0,X_1)$ 到 $L^2(\mathbb R;X)$ 的注入是紧的.	equation	eq:ch3-compactness-hilbert-compact-injection	eqref	tex/chapters/chapter-03/section-02.tex:276	tex/chapters/chapter-03/section-02.tex:237	resolved
reference	则 \eqref{eq:ch3-compactness-fractional-x-strong-goal} 得证. 由引理 \ref{lem:ch3-compactness-interpolation},	equation	eq:ch3-compactness-fractional-x-strong-goal	eqref	tex/chapters/chapter-03/section-02.tex:307	tex/chapters/chapter-03/section-02.tex:299	resolved
reference	则 \eqref{eq:ch3-compactness-fractional-x-strong-goal} 得证. 由引理 \ref{lem:ch3-compactness-interpolation},	lemma	lem:ch3-compactness-interpolation	ref	tex/chapters/chapter-03/section-02.tex:307	tex/chapters/chapter-03/section-02.tex:17	resolved
reference	若假设 \eqref{eq:ch3-compactness-hilbert-chain}, 则在 \eqref{eq:ch3-compactness-fractional-interpolation-bound} 中令 $\mu\to\infty$, 得	equation	eq:ch3-compactness-hilbert-chain	eqref	tex/chapters/chapter-03/section-02.tex:320	tex/chapters/chapter-03/section-02.tex:232	resolved
reference	若假设 \eqref{eq:ch3-compactness-hilbert-chain}, 则在 \eqref{eq:ch3-compactness-fractional-interpolation-bound} 中令 $\mu\to\infty$, 得	equation	eq:ch3-compactness-fractional-interpolation-bound	eqref	tex/chapters/chapter-03/section-02.tex:320	tex/chapters/chapter-03/section-02.tex:318	resolved
reference	由于引理 \ref{lem:ch3-compactness-interpolation} 中的 $\eta$ 任意小, 此上极限必为 $0$, 从而 \eqref{eq:ch3-compactness-fractional-x-strong-goal} 成立.	lemma	lem:ch3-compactness-interpolation	ref	tex/chapters/chapter-03/section-02.tex:324	tex/chapters/chapter-03/section-02.tex:17	resolved
reference	由于引理 \ref{lem:ch3-compactness-interpolation} 中的 $\eta$ 任意小, 此上极限必为 $0$, 从而 \eqref{eq:ch3-compactness-fractional-x-strong-goal} 成立.	equation	eq:ch3-compactness-fractional-x-strong-goal	eqref	tex/chapters/chapter-03/section-02.tex:324	tex/chapters/chapter-03/section-02.tex:299	resolved
reference	(iii) 最后证明 \eqref{eq:ch3-compactness-fractional-x1-strong-goal}. 根据 Parseval 定理,	equation	eq:ch3-compactness-fractional-x1-strong-goal	eqref	tex/chapters/chapter-03/section-02.tex:326	tex/chapters/chapter-03/section-02.tex:305	resolved
reference	则 \eqref{eq:ch3-compactness-parseval-goal} 得证.	equation	eq:ch3-compactness-parseval-goal	eqref	tex/chapters/chapter-03/section-02.tex:370	tex/chapters/chapter-03/section-02.tex:336	resolved
reference	由 \eqref{eq:ch3-compactness-fractional-x0-weak}, 当 $\mu\to\infty$ 时它趋于 $0$. 序列 $\widehat v_\mu(\tau)$ 在 $X_0$ 中弱收敛到 $0$, 因而在 $X$ 和 $X_1$ 中强收敛到 $0$.	equation	eq:ch3-compactness-fractional-x0-weak	eqref	tex/chapters/chapter-03/section-02.tex:393	tex/chapters/chapter-03/section-02.tex:289	resolved
reference	结合这一点与 \eqref{eq:ch3-compactness-fourier-pointwise-bound}, Lebesgue 定理推出 \eqref{eq:ch3-compactness-low-frequency-goal}.	equation	eq:ch3-compactness-fourier-pointwise-bound	eqref	tex/chapters/chapter-03/section-02.tex:395	tex/chapters/chapter-03/section-02.tex:385	resolved
reference	结合这一点与 \eqref{eq:ch3-compactness-fourier-pointwise-bound}, Lebesgue 定理推出 \eqref{eq:ch3-compactness-low-frequency-goal}.	equation	eq:ch3-compactness-low-frequency-goal	eqref	tex/chapters/chapter-03/section-02.tex:395	tex/chapters/chapter-03/section-02.tex:368	resolved
reference	利用上一条定理的方法, 可以证明另一个与定理 \ref{thm:ch3-compactness-aubin-lions-banach} 类似的紧性定理. 不过, 这个定理既不包含于定理 \ref{thm:ch3-compactness-fractional}, 也不包含该定理.	theorem	thm:ch3-compactness-aubin-lions-banach	ref	tex/chapters/chapter-03/section-02.tex:398	tex/chapters/chapter-03/section-02.tex:114	resolved
reference	利用上一条定理的方法, 可以证明另一个与定理 \ref{thm:ch3-compactness-aubin-lions-banach} 类似的紧性定理. 不过, 这个定理既不包含于定理 \ref{thm:ch3-compactness-fractional}, 也不包含该定理.	theorem	thm:ch3-compactness-fractional	ref	tex/chapters/chapter-03/section-02.tex:398	tex/chapters/chapter-03/section-02.tex:275	resolved
reference	在假设 \eqref{eq:ch3-compactness-hilbert-chain} 和 \eqref{eq:ch3-compactness-hilbert-compact-injection} 下, $Y(0,T;2,1;X_0,X_1)$\footnote{该空间的定义见 \eqref{eq:ch3-compactness-y-space}--\eqref{eq:ch3-compactness-y-definition}.} 到 $L^2(0,T;X)$ 的注入是紧的.	equation	eq:ch3-compactness-hilbert-chain	eqref	tex/chapters/chapter-03/section-02.tex:403	tex/chapters/chapter-03/section-02.tex:232	resolved
reference	在假设 \eqref{eq:ch3-compactness-hilbert-chain} 和 \eqref{eq:ch3-compactness-hilbert-compact-injection} 下, $Y(0,T;2,1;X_0,X_1)$\footnote{该空间的定义见 \eqref{eq:ch3-compactness-y-space}--\eqref{eq:ch3-compactness-y-definition}.} 到 $L^2(0,T;X)$ 的注入是紧的.	equation	eq:ch3-compactness-hilbert-compact-injection	eqref	tex/chapters/chapter-03/section-02.tex:403	tex/chapters/chapter-03/section-02.tex:237	resolved
reference	在假设 \eqref{eq:ch3-compactness-hilbert-chain} 和 \eqref{eq:ch3-compactness-hilbert-compact-injection} 下, $Y(0,T;2,1;X_0,X_1)$\footnote{该空间的定义见 \eqref{eq:ch3-compactness-y-space}--\eqref{eq:ch3-compactness-y-definition}.} 到 $L^2(0,T;X)$ 的注入是紧的.	equation	eq:ch3-compactness-y-space	eqref	tex/chapters/chapter-03/section-02.tex:403	tex/chapters/chapter-03/section-02.tex:91	resolved
reference	在假设 \eqref{eq:ch3-compactness-hilbert-chain} 和 \eqref{eq:ch3-compactness-hilbert-compact-injection} 下, $Y(0,T;2,1;X_0,X_1)$\footnote{该空间的定义见 \eqref{eq:ch3-compactness-y-space}--\eqref{eq:ch3-compactness-y-definition}.} 到 $L^2(0,T;X)$ 的注入是紧的.	equation	eq:ch3-compactness-y-definition	eqref	tex/chapters/chapter-03/section-02.tex:403	tex/chapters/chapter-03/section-02.tex:96	resolved
reference	设 $u_m$ 是空间 $Y$ 中的一个有界序列; 以 $\widetilde u_m$ 表示定义在整条直线 $\mathbb R$ 上的函数, 它在 $[0,T]$ 上等于 $u_m$, 在该区间外等于 $0$. 由定理 \ref{thm:ch3-compactness-fractional}, 若能证明序列 $\widetilde u_m$ 对某个 $\gamma>0$ 在空间 $\mathcal H^\gamma(\mathbb R;X_0,X_1)$ 中有界, 结论即得证.	theorem	thm:ch3-compactness-fractional	ref	tex/chapters/chapter-03/section-02.tex:407	tex/chapters/chapter-03/section-02.tex:275	resolved
reference	由引理 \ref{lem:ch3-linear-banach-valued-derivative}, 每个函数 $u_m$ 在一个零测集上修改后从 $[0,T]$ 到 $X_1$ 连续; 更确切地说, $Y$ 到 $C([0,T];X_1)$ 的注入连续.	lemma	lem:ch3-linear-banach-valued-derivative	ref	tex/chapters/chapter-03/section-02.tex:409	tex/chapters/chapter-03/section-01.tex:102	resolved
reference	对 \eqref{eq:ch3-compactness-zero-extension-derivative} 作 Fourier 变换得到	equation	eq:ch3-compactness-zero-extension-derivative	eqref	tex/chapters/chapter-03/section-02.tex:423	tex/chapters/chapter-03/section-02.tex:416	resolved
reference	而 \eqref{eq:ch3-compactness-extension-fourier-identity} 表明	equation	eq:ch3-compactness-extension-fourier-identity	eqref	tex/chapters/chapter-03/section-02.tex:443	tex/chapters/chapter-03/section-02.tex:427	resolved
reference	因此, 由 \eqref{eq:ch3-compactness-extension-fourier-decay},	equation	eq:ch3-compactness-extension-fourier-decay	eqref	tex/chapters/chapter-03/section-02.tex:455	tex/chapters/chapter-03/section-02.tex:447	resolved
reference	本节研究完整 Navier--Stokes 方程弱解的存在性与唯一性定理($n\leq4$). 第 \ref{subsec:ch3-existence-theorem} 小节依照 \MBUnresolvedReference{citation}{J. Leray [1, 2, 3]} 给出这些方程的变分表述, 并陈述 $n\leq4$ 时的存在性定理. 该定理由 J.L. Lions 给出的证明见第 \ref{subsec:ch3-existence-proof} 小节. 证明以 Galerkin 方法构造逼近解为基础, 随后利用逼近解关于时间的一个分数阶导数的先验估计和第 \ref{sec:ch3-compactness} 节的紧性定理取极限. 第 \ref{sec:ch3-semidiscrete-existence} 节将讨论一种基于时间半离散且适用于任意维数的另一证明.	subsection	subsec:ch3-existence-theorem	ref	tex/chapters/chapter-03/section-03.tex:4	tex/chapters/chapter-03/section-03.tex:9	resolved
reference	本节研究完整 Navier--Stokes 方程弱解的存在性与唯一性定理($n\leq4$). 第 \ref{subsec:ch3-existence-theorem} 小节依照 \MBUnresolvedReference{citation}{J. Leray [1, 2, 3]} 给出这些方程的变分表述, 并陈述 $n\leq4$ 时的存在性定理. 该定理由 J.L. Lions 给出的证明见第 \ref{subsec:ch3-existence-proof} 小节. 证明以 Galerkin 方法构造逼近解为基础, 随后利用逼近解关于时间的一个分数阶导数的先验估计和第 \ref{sec:ch3-compactness} 节的紧性定理取极限. 第 \ref{sec:ch3-semidiscrete-existence} 节将讨论一种基于时间半离散且适用于任意维数的另一证明.	subsection	subsec:ch3-existence-proof	ref	tex/chapters/chapter-03/section-03.tex:4	tex/chapters/chapter-03/section-03.tex:194	resolved
reference	本节研究完整 Navier--Stokes 方程弱解的存在性与唯一性定理($n\leq4$). 第 \ref{subsec:ch3-existence-theorem} 小节依照 \MBUnresolvedReference{citation}{J. Leray [1, 2, 3]} 给出这些方程的变分表述, 并陈述 $n\leq4$ 时的存在性定理. 该定理由 J.L. Lions 给出的证明见第 \ref{subsec:ch3-existence-proof} 小节. 证明以 Galerkin 方法构造逼近解为基础, 随后利用逼近解关于时间的一个分数阶导数的先验估计和第 \ref{sec:ch3-compactness} 节的紧性定理取极限. 第 \ref{sec:ch3-semidiscrete-existence} 节将讨论一种基于时间半离散且适用于任意维数的另一证明.	section	sec:ch3-compactness	ref	tex/chapters/chapter-03/section-03.tex:4	tex/chapters/chapter-03/section-02.tex:3	resolved
reference	本节研究完整 Navier--Stokes 方程弱解的存在性与唯一性定理($n\leq4$). 第 \ref{subsec:ch3-existence-theorem} 小节依照 \MBUnresolvedReference{citation}{J. Leray [1, 2, 3]} 给出这些方程的变分表述, 并陈述 $n\leq4$ 时的存在性定理. 该定理由 J.L. Lions 给出的证明见第 \ref{subsec:ch3-existence-proof} 小节. 证明以 Galerkin 方法构造逼近解为基础, 随后利用逼近解关于时间的一个分数阶导数的先验估计和第 \ref{sec:ch3-compactness} 节的紧性定理取极限. 第 \ref{sec:ch3-semidiscrete-existence} 节将讨论一种基于时间半离散且适用于任意维数的另一证明.	section	sec:ch3-semidiscrete-existence	ref	tex/chapters/chapter-03/section-03.tex:4	tex/chapters/chapter-03/section-04.tex:3	resolved
reference	第 \ref{subsec:ch3-regularity-uniqueness-2d} 小节给出弱解的唯一性定理($n=2$). 在三维情形, 已知存在性的函数类与能够证明唯一性的更小函数类之间存在间隙; 第 \ref{subsec:ch3-regularity-uniqueness-3d} 小节给出这类唯一性定理的一个例子($n=3$). 第 \ref{subsec:ch3-more-regular-solutions} 小节证明二维情形下, 若数据具有更高正则性, 则存在更正则的解; 三维情形有类似的局部解结果, 即解定义在某个较“小”的时间区间上, 并假设数据充分小.	subsection	subsec:ch3-regularity-uniqueness-2d	ref	tex/chapters/chapter-03/section-03.tex:6	tex/chapters/chapter-03/section-03.tex:567	resolved
reference	第 \ref{subsec:ch3-regularity-uniqueness-2d} 小节给出弱解的唯一性定理($n=2$). 在三维情形, 已知存在性的函数类与能够证明唯一性的更小函数类之间存在间隙; 第 \ref{subsec:ch3-regularity-uniqueness-3d} 小节给出这类唯一性定理的一个例子($n=3$). 第 \ref{subsec:ch3-more-regular-solutions} 小节证明二维情形下, 若数据具有更高正则性, 则存在更正则的解; 三维情形有类似的局部解结果, 即解定义在某个较“小”的时间区间上, 并假设数据充分小.	subsection	subsec:ch3-regularity-uniqueness-3d	ref	tex/chapters/chapter-03/section-03.tex:6	tex/chapters/chapter-03/section-03.tex:777	resolved
reference	第 \ref{subsec:ch3-regularity-uniqueness-2d} 小节给出弱解的唯一性定理($n=2$). 在三维情形, 已知存在性的函数类与能够证明唯一性的更小函数类之间存在间隙; 第 \ref{subsec:ch3-regularity-uniqueness-3d} 小节给出这类唯一性定理的一个例子($n=3$). 第 \ref{subsec:ch3-more-regular-solutions} 小节证明二维情形下, 若数据具有更高正则性, 则存在更正则的解; 三维情形有类似的局部解结果, 即解定义在某个较“小”的时间区间上, 并假设数据充分小.	subsection	subsec:ch3-more-regular-solutions	ref	tex/chapters/chapter-03/section-03.tex:6	tex/chapters/chapter-03/section-03.tex:974	resolved
reference	记号同上, 特别是第 \ref{subsec:ch3-linear-notation} 小节开头回顾的记号; $\Omega$ 是 Lipschitz 开集, 为简单起见假设其有界; 无界情形见注 \ref{rem:ch3-existence-unbounded-energy}.	subsection	subsec:ch3-linear-notation	ref	tex/chapters/chapter-03/section-03.tex:10	tex/chapters/chapter-03/section-01.tex:14	resolved
reference	记号同上, 特别是第 \ref{subsec:ch3-linear-notation} 小节开头回顾的记号; $\Omega$ 是 Lipschitz 开集, 为简单起见假设其有界; 无界情形见注 \ref{rem:ch3-existence-unbounded-energy}.	remark	rem:ch3-existence-unbounded-energy	ref	tex/chapters/chapter-03/section-03.tex:10	tex/chapters/chapter-03/section-03.tex:503	resolved
reference	回忆\footnote{参见第 \ref{chap:steady-state-navier-stokes} 章第 \ref{subsec:ch2-sobolev-compactness} 小节.} 因为维数不超过 $4$, 可以在 $\mathbf H_0^1(\Omega)$ 上, 特别是在 $V$ 上, 定义连续三线性形式 $b$:	chapter	chap:steady-state-navier-stokes	ref	tex/chapters/chapter-03/section-03.tex:12	tex/chapters/chapter-02.tex:5	resolved
reference	回忆\footnote{参见第 \ref{chap:steady-state-navier-stokes} 章第 \ref{subsec:ch2-sobolev-compactness} 小节.} 因为维数不超过 $4$, 可以在 $\mathbf H_0^1(\Omega)$ 上, 特别是在 $V$ 上, 定义连续三线性形式 $b$:	subsection	subsec:ch2-sobolev-compactness	ref	tex/chapters/chapter-03/section-03.tex:12	tex/chapters/chapter-02/section-01.tex:23	resolved
reference	假设 $u,p$ 是 \eqref{eq:ch3-existence-classical-momentum}--\eqref{eq:ch3-existence-classical-initial} 的经典解, 比如 $u\in C^2(Q)$, $p\in C^1(Q)$. 显然 $u\in L^2(0,T;V)$, 且对 $v\in\mathcal V$ 容易验证	equation	eq:ch3-existence-classical-momentum	eqref	tex/chapters/chapter-03/section-03.tex:58	tex/chapters/chapter-03/section-03.tex:42	resolved
reference	假设 $u,p$ 是 \eqref{eq:ch3-existence-classical-momentum}--\eqref{eq:ch3-existence-classical-initial} 的经典解, 比如 $u\in C^2(Q)$, $p\in C^1(Q)$. 显然 $u\in L^2(0,T;V)$, 且对 $v\in\mathcal V$ 容易验证	equation	eq:ch3-existence-classical-initial	eqref	tex/chapters/chapter-03/section-03.tex:58	tex/chapters/chapter-03/section-03.tex:54	resolved
reference	由连续性, \eqref{eq:ch3-existence-classical-variational} 对每个 $v\in V$ 成立.	equation	eq:ch3-existence-classical-variational	eqref	tex/chapters/chapter-03/section-03.tex:63	tex/chapters/chapter-03/section-03.tex:61	resolved
reference	这提示我们对问题 \eqref{eq:ch3-existence-classical-momentum}--\eqref{eq:ch3-existence-classical-variational} 作如下弱表述(参见 \MBUnresolvedReference{citation}{J. Leray [1, 2, 3]}).	equation	eq:ch3-existence-classical-momentum	eqref	tex/chapters/chapter-03/section-03.tex:65	tex/chapters/chapter-03/section-03.tex:42	resolved
reference	这提示我们对问题 \eqref{eq:ch3-existence-classical-momentum}--\eqref{eq:ch3-existence-classical-variational} 作如下弱表述(参见 \MBUnresolvedReference{citation}{J. Leray [1, 2, 3]}).	equation	eq:ch3-existence-classical-variational	eqref	tex/chapters/chapter-03/section-03.tex:65	tex/chapters/chapter-03/section-03.tex:61	resolved
reference	若 $u$ 仅属于 $L^2(0,T;V)$, 条件 \eqref{eq:ch3-existence-weak-initial-condition} 未必有意义. 但若 $u\in L^2(0,T;V)$ 且满足 \eqref{eq:ch3-existence-weak-variational-equation}, 则下面将像线性情形一样, 利用引理 \ref{lem:ch3-linear-banach-valued-derivative} 证明 $u$ 几乎处处等于某个连续函数, 因而 \eqref{eq:ch3-existence-weak-initial-condition} 有意义.	equation	eq:ch3-existence-weak-initial-condition	eqref	tex/chapters/chapter-03/section-03.tex:94	tex/chapters/chapter-03/section-03.tex:91	resolved
reference	若 $u$ 仅属于 $L^2(0,T;V)$, 条件 \eqref{eq:ch3-existence-weak-initial-condition} 未必有意义. 但若 $u\in L^2(0,T;V)$ 且满足 \eqref{eq:ch3-existence-weak-variational-equation}, 则下面将像线性情形一样, 利用引理 \ref{lem:ch3-linear-banach-valued-derivative} 证明 $u$ 几乎处处等于某个连续函数, 因而 \eqref{eq:ch3-existence-weak-initial-condition} 有意义.	equation	eq:ch3-existence-weak-variational-equation	eqref	tex/chapters/chapter-03/section-03.tex:94	tex/chapters/chapter-03/section-03.tex:87	resolved
reference	若 $u$ 仅属于 $L^2(0,T;V)$, 条件 \eqref{eq:ch3-existence-weak-initial-condition} 未必有意义. 但若 $u\in L^2(0,T;V)$ 且满足 \eqref{eq:ch3-existence-weak-variational-equation}, 则下面将像线性情形一样, 利用引理 \ref{lem:ch3-linear-banach-valued-derivative} 证明 $u$ 几乎处处等于某个连续函数, 因而 \eqref{eq:ch3-existence-weak-initial-condition} 有意义.	lemma	lem:ch3-linear-banach-valued-derivative	ref	tex/chapters/chapter-03/section-03.tex:94	tex/chapters/chapter-03/section-01.tex:102	resolved
reference	若 $u$ 仅属于 $L^2(0,T;V)$, 条件 \eqref{eq:ch3-existence-weak-initial-condition} 未必有意义. 但若 $u\in L^2(0,T;V)$ 且满足 \eqref{eq:ch3-existence-weak-variational-equation}, 则下面将像线性情形一样, 利用引理 \ref{lem:ch3-linear-banach-valued-derivative} 证明 $u$ 几乎处处等于某个连续函数, 因而 \eqref{eq:ch3-existence-weak-initial-condition} 有意义.	equation	eq:ch3-existence-weak-initial-condition	eqref	tex/chapters/chapter-03/section-03.tex:94	tex/chapters/chapter-03/section-03.tex:91	resolved
reference	在此之前提醒, 当前考虑 $n\leq4$ 的情形; 在更高维数将略微修改上述表述(见第 \ref{subsec:ch3-semidiscrete-formulation} 小节).	subsection	subsec:ch3-semidiscrete-formulation	ref	tex/chapters/chapter-03/section-03.tex:96	tex/chapters/chapter-03/section-04.tex:7	resolved
reference	若 $u$ 满足 \eqref{eq:ch3-existence-weak-solution-space}--\eqref{eq:ch3-existence-weak-variational-equation}, 则由 \eqref{eq:ch3-linear-operator-a}, \eqref{eq:ch3-linear-condensed-lp-notation} 和上述引理, 可将 \eqref{eq:ch3-existence-weak-variational-equation} 写成	equation	eq:ch3-existence-weak-solution-space	eqref	tex/chapters/chapter-03/section-03.tex:125	tex/chapters/chapter-03/section-03.tex:81	resolved
reference	若 $u$ 满足 \eqref{eq:ch3-existence-weak-solution-space}--\eqref{eq:ch3-existence-weak-variational-equation}, 则由 \eqref{eq:ch3-linear-operator-a}, \eqref{eq:ch3-linear-condensed-lp-notation} 和上述引理, 可将 \eqref{eq:ch3-existence-weak-variational-equation} 写成	equation	eq:ch3-existence-weak-variational-equation	eqref	tex/chapters/chapter-03/section-03.tex:125	tex/chapters/chapter-03/section-03.tex:87	resolved
reference	若 $u$ 满足 \eqref{eq:ch3-existence-weak-solution-space}--\eqref{eq:ch3-existence-weak-variational-equation}, 则由 \eqref{eq:ch3-linear-operator-a}, \eqref{eq:ch3-linear-condensed-lp-notation} 和上述引理, 可将 \eqref{eq:ch3-existence-weak-variational-equation} 写成	equation	eq:ch3-linear-operator-a	eqref	tex/chapters/chapter-03/section-03.tex:125	tex/chapters/chapter-03/section-01.tex:59	resolved
reference	若 $u$ 满足 \eqref{eq:ch3-existence-weak-solution-space}--\eqref{eq:ch3-existence-weak-variational-equation}, 则由 \eqref{eq:ch3-linear-operator-a}, \eqref{eq:ch3-linear-condensed-lp-notation} 和上述引理, 可将 \eqref{eq:ch3-existence-weak-variational-equation} 写成	equation	eq:ch3-linear-condensed-lp-notation	eqref	tex/chapters/chapter-03/section-03.tex:125	tex/chapters/chapter-03/section-01.tex:91	resolved
reference	若 $u$ 满足 \eqref{eq:ch3-existence-weak-solution-space}--\eqref{eq:ch3-existence-weak-variational-equation}, 则由 \eqref{eq:ch3-linear-operator-a}, \eqref{eq:ch3-linear-condensed-lp-notation} 和上述引理, 可将 \eqref{eq:ch3-existence-weak-variational-equation} 写成	equation	eq:ch3-existence-weak-variational-equation	eqref	tex/chapters/chapter-03/section-03.tex:125	tex/chapters/chapter-03/section-03.tex:87	resolved
reference	因为与线性情形一样 $Au\in L^2(0,T;V')$, 函数 $f-\nu Au-Bu\in L^1(0,T;V')$. 引理 \ref{lem:ch3-linear-banach-valued-derivative} 因而推出	lemma	lem:ch3-linear-banach-valued-derivative	ref	tex/chapters/chapter-03/section-03.tex:131	tex/chapters/chapter-03/section-01.tex:102	resolved
reference	且 $u$ 几乎处处等于从 $[0,T]$ 到 $V'$ 的连续函数. 因此 \eqref{eq:ch3-existence-weak-initial-condition} 有意义.	equation	eq:ch3-existence-weak-initial-condition	eqref	tex/chapters/chapter-03/section-03.tex:141	tex/chapters/chapter-03/section-03.tex:91	resolved
reference	问题 \ref{prob:ch3-weak-variational} 的另一种表述是:	unknown	prob:ch3-weak-variational	ref	tex/chapters/chapter-03/section-03.tex:143	tex/chapters/chapter-03/section-03.tex:68	resolved
reference	给定满足 \eqref{eq:ch3-existence-force-assumption}--\eqref{eq:ch3-existence-initial-assumption} 的 $f,u_0$, 求 $u$, 满足	equation	eq:ch3-existence-force-assumption	eqref	tex/chapters/chapter-03/section-03.tex:147	tex/chapters/chapter-03/section-03.tex:72	resolved
reference	给定满足 \eqref{eq:ch3-existence-force-assumption}--\eqref{eq:ch3-existence-initial-assumption} 的 $f,u_0$, 求 $u$, 满足	equation	eq:ch3-existence-initial-assumption	eqref	tex/chapters/chapter-03/section-03.tex:147	tex/chapters/chapter-03/section-03.tex:76	resolved
reference	我们已经证明问题 \ref{prob:ch3-weak-variational} 的任意解都是问题 \ref{prob:ch3-weak-operator} 的解; 反之很容易验证, 因而两个问题等价.	unknown	prob:ch3-weak-variational	ref	tex/chapters/chapter-03/section-03.tex:161	tex/chapters/chapter-03/section-03.tex:68	resolved
reference	我们已经证明问题 \ref{prob:ch3-weak-variational} 的任意解都是问题 \ref{prob:ch3-weak-operator} 的解; 反之很容易验证, 因而两个问题等价.	unknown	prob:ch3-weak-operator	ref	tex/chapters/chapter-03/section-03.tex:161	tex/chapters/chapter-03/section-03.tex:146	resolved
reference	设维数 $n\leq4$. 给定满足 \eqref{eq:ch3-existence-force-assumption}--\eqref{eq:ch3-existence-initial-assumption} 的 $f,u_0$. 则至少存在一个满足 \eqref{eq:ch3-existence-operator-solution-space}--\eqref{eq:ch3-existence-operator-initial} 的函数 $u$. 此外,	equation	eq:ch3-existence-force-assumption	eqref	tex/chapters/chapter-03/section-03.tex:168	tex/chapters/chapter-03/section-03.tex:72	resolved
reference	设维数 $n\leq4$. 给定满足 \eqref{eq:ch3-existence-force-assumption}--\eqref{eq:ch3-existence-initial-assumption} 的 $f,u_0$. 则至少存在一个满足 \eqref{eq:ch3-existence-operator-solution-space}--\eqref{eq:ch3-existence-operator-initial} 的函数 $u$. 此外,	equation	eq:ch3-existence-initial-assumption	eqref	tex/chapters/chapter-03/section-03.tex:168	tex/chapters/chapter-03/section-03.tex:76	resolved
reference	设维数 $n\leq4$. 给定满足 \eqref{eq:ch3-existence-force-assumption}--\eqref{eq:ch3-existence-initial-assumption} 的 $f,u_0$. 则至少存在一个满足 \eqref{eq:ch3-existence-operator-solution-space}--\eqref{eq:ch3-existence-operator-initial} 的函数 $u$. 此外,	equation	eq:ch3-existence-operator-solution-space	eqref	tex/chapters/chapter-03/section-03.tex:168	tex/chapters/chapter-03/section-03.tex:151	resolved
reference	设维数 $n\leq4$. 给定满足 \eqref{eq:ch3-existence-force-assumption}--\eqref{eq:ch3-existence-initial-assumption} 的 $f,u_0$. 则至少存在一个满足 \eqref{eq:ch3-existence-operator-solution-space}--\eqref{eq:ch3-existence-operator-initial} 的函数 $u$. 此外,	equation	eq:ch3-existence-operator-initial	eqref	tex/chapters/chapter-03/section-03.tex:168	tex/chapters/chapter-03/section-03.tex:159	resolved
reference	满足 \eqref{eq:ch3-existence-linfty-h} 的 $u$ 的存在性证明见第 \ref{subsec:ch3-existence-proof} 小节; 连续性结论直接来自 \eqref{eq:ch3-existence-linfty-h}, $u$ 在 $V'$ 中的连续性和引理 \ref{lem:ch3-linear-weak-continuity-transfer}.	equation	eq:ch3-existence-linfty-h	eqref	tex/chapters/chapter-03/section-03.tex:176	tex/chapters/chapter-03/section-03.tex:171	resolved
reference	满足 \eqref{eq:ch3-existence-linfty-h} 的 $u$ 的存在性证明见第 \ref{subsec:ch3-existence-proof} 小节; 连续性结论直接来自 \eqref{eq:ch3-existence-linfty-h}, $u$ 在 $V'$ 中的连续性和引理 \ref{lem:ch3-linear-weak-continuity-transfer}.	subsection	subsec:ch3-existence-proof	ref	tex/chapters/chapter-03/section-03.tex:176	tex/chapters/chapter-03/section-03.tex:194	resolved
reference	满足 \eqref{eq:ch3-existence-linfty-h} 的 $u$ 的存在性证明见第 \ref{subsec:ch3-existence-proof} 小节; 连续性结论直接来自 \eqref{eq:ch3-existence-linfty-h}, $u$ 在 $V'$ 中的连续性和引理 \ref{lem:ch3-linear-weak-continuity-transfer}.	equation	eq:ch3-existence-linfty-h	eqref	tex/chapters/chapter-03/section-03.tex:176	tex/chapters/chapter-03/section-03.tex:171	resolved
reference	满足 \eqref{eq:ch3-existence-linfty-h} 的 $u$ 的存在性证明见第 \ref{subsec:ch3-existence-proof} 小节; 连续性结论直接来自 \eqref{eq:ch3-existence-linfty-h}, $u$ 在 $V'$ 中的连续性和引理 \ref{lem:ch3-linear-weak-continuity-transfer}.	lemma	lem:ch3-linear-weak-continuity-transfer	ref	tex/chapters/chapter-03/section-03.tex:176	tex/chapters/chapter-03/section-01.tex:687	resolved
reference	定理 \ref{thm:ch3-existence-weak-solution} 仍成立. 证明所需的相应修改参见第 \ref{subsec:ch3-linear-miscellaneous} 小节.	theorem	thm:ch3-existence-weak-solution	ref	tex/chapters/chapter-03/section-03.tex:188	tex/chapters/chapter-03/section-03.tex:167	resolved
reference	定理 \ref{thm:ch3-existence-weak-solution} 仍成立. 证明所需的相应修改参见第 \ref{subsec:ch3-linear-miscellaneous} 小节.	subsection	subsec:ch3-linear-miscellaneous	ref	tex/chapters/chapter-03/section-03.tex:188	tex/chapters/chapter-03/section-01.tex:768	resolved
reference	(ii) 若 $\Omega$ 无界, 定理 \ref{thm:ch3-existence-weak-solution} 也成立; 细节见注 \ref{rem:ch3-existence-unbounded-energy}.	theorem	thm:ch3-existence-weak-solution	ref	tex/chapters/chapter-03/section-03.tex:190	tex/chapters/chapter-03/section-03.tex:167	resolved
reference	(ii) 若 $\Omega$ 无界, 定理 \ref{thm:ch3-existence-weak-solution} 也成立; 细节见注 \ref{rem:ch3-existence-unbounded-energy}.	remark	rem:ch3-existence-unbounded-energy	ref	tex/chapters/chapter-03/section-03.tex:190	tex/chapters/chapter-03/section-03.tex:503	resolved
reference	\subsection{定理 \ref{thm:ch3-existence-weak-solution} 的证明}	theorem	thm:ch3-existence-weak-solution	ref	tex/chapters/chapter-03/section-03.tex:193	tex/chapters/chapter-03/section-03.tex:167	resolved
reference	(i) 像线性情形一样应用 Galerkin 方法. 因为 $V$ 可分且 $\mathcal V$ 在 $V$ 中稠密, 存在 $\mathcal V$ 中元素的序列 $w_1,\ldots,w_m,\ldots$, 它线性无关且在 $V$ 中完备.\footnote{为简单起见取 $w_j\in\mathcal V$. 作一些技术修改后也可取 $w_j\in V$.} 对每个 $m$, 如下定义 \eqref{eq:ch3-existence-weak-variational-equation} 的逼近解 $u_m$:	equation	eq:ch3-existence-weak-variational-equation	eqref	tex/chapters/chapter-03/section-03.tex:195	tex/chapters/chapter-03/section-03.tex:87	resolved
reference	方程 \eqref{eq:ch3-existence-galerkin-equations} 构成关于函数 $g_{1m},\ldots,g_{mm}$ 的非线性微分方程组:	equation	eq:ch3-existence-galerkin-equations	eqref	tex/chapters/chapter-03/section-03.tex:213	tex/chapters/chapter-03/section-03.tex:205	resolved
reference	条件 \eqref{eq:ch3-existence-galerkin-initial} 等价于 $m$ 个标量初始条件	equation	eq:ch3-existence-galerkin-initial	eqref	tex/chapters/chapter-03/section-03.tex:232	tex/chapters/chapter-03/section-03.tex:209	resolved
reference	带初始条件 \eqref{eq:ch3-existence-galerkin-coordinate-initial} 的非线性微分方程组 \eqref{eq:ch3-existence-galerkin-normal-system} 在某个区间 $[0,t_m]$ 上有极大解. 若 $t_m<T$, 则当 $t\to t_m$ 时 $|u_m(t)|$ 必趋于 $+\infty$; 后面证明的先验估计表明这不会发生, 因而 $t_m=T$.	equation	eq:ch3-existence-galerkin-coordinate-initial	eqref	tex/chapters/chapter-03/section-03.tex:237	tex/chapters/chapter-03/section-03.tex:235	resolved
reference	带初始条件 \eqref{eq:ch3-existence-galerkin-coordinate-initial} 的非线性微分方程组 \eqref{eq:ch3-existence-galerkin-normal-system} 在某个区间 $[0,t_m]$ 上有极大解. 若 $t_m<T$, 则当 $t\to t_m$ 时 $|u_m(t)|$ 必趋于 $+\infty$; 后面证明的先验估计表明这不会发生, 因而 $t_m=T$.	equation	eq:ch3-existence-galerkin-normal-system	eqref	tex/chapters/chapter-03/section-03.tex:237	tex/chapters/chapter-03/section-03.tex:228	resolved
reference	(ii) 第一组先验估计与线性情形相同. 将 \eqref{eq:ch3-existence-galerkin-equations} 乘 $g_{jm}(t)$, 再对 $j=1,\ldots,m$ 相加. 利用 \eqref{eq:ch3-existence-skew-cancellation}, 得	equation	eq:ch3-existence-galerkin-equations	eqref	tex/chapters/chapter-03/section-03.tex:240	tex/chapters/chapter-03/section-03.tex:205	resolved
reference	(ii) 第一组先验估计与线性情形相同. 将 \eqref{eq:ch3-existence-galerkin-equations} 乘 $g_{jm}(t)$, 再对 $j=1,\ldots,m$ 相加. 利用 \eqref{eq:ch3-existence-skew-cancellation}, 得	equation	eq:ch3-existence-skew-cancellation	eqref	tex/chapters/chapter-03/section-03.tex:240	tex/chapters/chapter-03/section-03.tex:21	resolved
reference	将 \eqref{eq:ch3-existence-galerkin-energy-inequality} 从 $0$ 积分到 $s$, 特别得到	equation	eq:ch3-existence-galerkin-energy-inequality	eqref	tex/chapters/chapter-03/section-03.tex:261	tex/chapters/chapter-03/section-03.tex:259	resolved
reference	再将 \eqref{eq:ch3-existence-galerkin-energy-inequality} 从 $0$ 积分到 $T$, 得	equation	eq:ch3-existence-galerkin-energy-inequality	eqref	tex/chapters/chapter-03/section-03.tex:280	tex/chapters/chapter-03/section-03.tex:259	resolved
reference	它与 \eqref{eq:ch3-existence-galerkin-l2-boundedness} 一起表明	equation	eq:ch3-existence-galerkin-l2-boundedness	eqref	tex/chapters/chapter-03/section-03.tex:302	tex/chapters/chapter-03/section-03.tex:291	resolved
reference	从而可以应用定理 \ref{thm:ch3-compactness-fractional} 的紧性结论.	theorem	thm:ch3-compactness-fractional	ref	tex/chapters/chapter-03/section-03.tex:307	tex/chapters/chapter-03/section-02.tex:275	resolved
reference	为证明 \eqref{eq:ch3-existence-fractional-fourier-bound}, 注意 \eqref{eq:ch3-existence-galerkin-equations} 可写成\footnote{与定理 \ref{thm:ch3-compactness-y-hilbert} 的证明比较.}	equation	eq:ch3-existence-fractional-fourier-bound	eqref	tex/chapters/chapter-03/section-03.tex:310	tex/chapters/chapter-03/section-03.tex:300	resolved
reference	为证明 \eqref{eq:ch3-existence-fractional-fourier-bound}, 注意 \eqref{eq:ch3-existence-galerkin-equations} 可写成\footnote{与定理 \ref{thm:ch3-compactness-y-hilbert} 的证明比较.}	equation	eq:ch3-existence-galerkin-equations	eqref	tex/chapters/chapter-03/section-03.tex:310	tex/chapters/chapter-03/section-03.tex:205	resolved
reference	为证明 \eqref{eq:ch3-existence-fractional-fourier-bound}, 注意 \eqref{eq:ch3-existence-galerkin-equations} 可写成\footnote{与定理 \ref{thm:ch3-compactness-y-hilbert} 的证明比较.}	theorem	thm:ch3-compactness-y-hilbert	ref	tex/chapters/chapter-03/section-03.tex:310	tex/chapters/chapter-03/section-02.tex:402	resolved
reference	对 \eqref{eq:ch3-existence-extension-distribution-equation} 作 Fourier 变换得到	equation	eq:ch3-existence-extension-distribution-equation	eqref	tex/chapters/chapter-03/section-03.tex:328	tex/chapters/chapter-03/section-03.tex:316	resolved
reference	将 \eqref{eq:ch3-existence-fourier-galerkin-equation} 乘 $\widehat g_{jm}(\tau)$(即 $\widetilde g_{jm}$ 的 Fourier 变换), 再对 $j=1,\ldots,m$ 相加, 得	equation	eq:ch3-existence-fourier-galerkin-equation	eqref	tex/chapters/chapter-03/section-03.tex:337	tex/chapters/chapter-03/section-03.tex:333	resolved
reference	由 \eqref{eq:ch3-existence-bu-pointwise-bound},	equation	eq:ch3-existence-bu-pointwise-bound	eqref	tex/chapters/chapter-03/section-03.tex:347	tex/chapters/chapter-03/section-03.tex:115	resolved
reference	根据 \eqref{eq:ch3-existence-galerkin-l2-boundedness}, 右端保持有界. 因而	equation	eq:ch3-existence-galerkin-l2-boundedness	eqref	tex/chapters/chapter-03/section-03.tex:353	tex/chapters/chapter-03/section-03.tex:291	resolved
reference	由 \eqref{eq:ch3-existence-galerkin-linfty-bound},	equation	eq:ch3-existence-galerkin-linfty-bound	eqref	tex/chapters/chapter-03/section-03.tex:358	tex/chapters/chapter-03/section-03.tex:273	resolved
reference	从 \eqref{eq:ch3-existence-fourier-energy-identity} 推出	equation	eq:ch3-existence-fourier-energy-identity	eqref	tex/chapters/chapter-03/section-03.tex:363	tex/chapters/chapter-03/section-03.tex:345	resolved
reference	因此由 \eqref{eq:ch3-existence-fourier-pointwise-estimate},	equation	eq:ch3-existence-fourier-pointwise-estimate	eqref	tex/chapters/chapter-03/section-03.tex:379	tex/chapters/chapter-03/section-03.tex:372	resolved
reference	由 Parseval 等式和 \eqref{eq:ch3-existence-galerkin-l2-boundedness}, 最后一个积分随 $m\to\infty$ 保持有界; 所以若证明	equation	eq:ch3-existence-galerkin-l2-boundedness	eqref	tex/chapters/chapter-03/section-03.tex:390	tex/chapters/chapter-03/section-03.tex:291	resolved
reference	则 \eqref{eq:ch3-existence-fractional-fourier-bound} 得证.	equation	eq:ch3-existence-fractional-fourier-bound	eqref	tex/chapters/chapter-03/section-03.tex:397	tex/chapters/chapter-03/section-03.tex:300	resolved
reference	控制. 因为 $\gamma<1/4$, 该量有限, 且由 \eqref{eq:ch3-existence-galerkin-l2-boundedness}, 当 $m\to\infty$ 时保持有界. 因而 \eqref{eq:ch3-existence-fractional-fourier-bound} 和 \eqref{eq:ch3-existence-fractional-space-boundedness} 的证明完成.	equation	eq:ch3-existence-galerkin-l2-boundedness	eqref	tex/chapters/chapter-03/section-03.tex:406	tex/chapters/chapter-03/section-03.tex:291	resolved
reference	控制. 因为 $\gamma<1/4$, 该量有限, 且由 \eqref{eq:ch3-existence-galerkin-l2-boundedness}, 当 $m\to\infty$ 时保持有界. 因而 \eqref{eq:ch3-existence-fractional-fourier-bound} 和 \eqref{eq:ch3-existence-fractional-space-boundedness} 的证明完成.	equation	eq:ch3-existence-fractional-fourier-bound	eqref	tex/chapters/chapter-03/section-03.tex:406	tex/chapters/chapter-03/section-03.tex:300	resolved
reference	控制. 因为 $\gamma<1/4$, 该量有限, 且由 \eqref{eq:ch3-existence-galerkin-l2-boundedness}, 当 $m\to\infty$ 时保持有界. 因而 \eqref{eq:ch3-existence-fractional-fourier-bound} 和 \eqref{eq:ch3-existence-fractional-space-boundedness} 的证明完成.	equation	eq:ch3-existence-fractional-space-boundedness	eqref	tex/chapters/chapter-03/section-03.tex:406	tex/chapters/chapter-03/section-03.tex:305	resolved
reference	(iv) 估计 \eqref{eq:ch3-existence-galerkin-linfty-boundedness} 和 \eqref{eq:ch3-existence-galerkin-l2-boundedness} 表明, 存在元素 $u\in L^2(0,T;V)\cap L^\infty(0,T;H)$ 及子序列 $u_{m'}$, 使	equation	eq:ch3-existence-galerkin-linfty-boundedness	eqref	tex/chapters/chapter-03/section-03.tex:408	tex/chapters/chapter-03/section-03.tex:278	resolved
reference	(iv) 估计 \eqref{eq:ch3-existence-galerkin-linfty-boundedness} 和 \eqref{eq:ch3-existence-galerkin-l2-boundedness} 表明, 存在元素 $u\in L^2(0,T;V)\cap L^\infty(0,T;H)$ 及子序列 $u_{m'}$, 使	equation	eq:ch3-existence-galerkin-l2-boundedness	eqref	tex/chapters/chapter-03/section-03.tex:408	tex/chapters/chapter-03/section-03.tex:291	resolved
reference	由 \eqref{eq:ch3-existence-fractional-space-boundedness} 和定理 \ref{thm:ch3-compactness-fractional}, 还有	equation	eq:ch3-existence-fractional-space-boundedness	eqref	tex/chapters/chapter-03/section-03.tex:415	tex/chapters/chapter-03/section-03.tex:305	resolved
reference	由 \eqref{eq:ch3-existence-fractional-space-boundedness} 和定理 \ref{thm:ch3-compactness-fractional}, 还有	theorem	thm:ch3-compactness-fractional	ref	tex/chapters/chapter-03/section-03.tex:415	tex/chapters/chapter-03/section-02.tex:275	resolved
reference	收敛结果 \eqref{eq:ch3-existence-galerkin-weak-convergence} 使我们能够取极限. 基本过程与线性情形相同.	equation	eq:ch3-existence-galerkin-weak-convergence	eqref	tex/chapters/chapter-03/section-03.tex:421	tex/chapters/chapter-03/section-03.tex:413	resolved
reference	设 $\psi$ 是 $[0,T]$ 上连续可微且满足 $\psi(T)=0$ 的函数. 将 \eqref{eq:ch3-existence-galerkin-equations} 乘 $\psi(t)$, 再分部积分, 得	equation	eq:ch3-existence-galerkin-equations	eqref	tex/chapters/chapter-03/section-03.tex:423	tex/chapters/chapter-03/section-03.tex:205	resolved
reference	沿子序列 $m'$ 取极限时, 线性项容易处理; 对非线性项应用下面的引理 \ref{lem:ch3-existence-nonlinear-limit}. 极限方程为	lemma	lem:ch3-existence-nonlinear-limit	ref	tex/chapters/chapter-03/section-03.tex:433	tex/chapters/chapter-03/section-03.tex:473	resolved
reference	特别在 \eqref{eq:ch3-existence-limit-integrated-equation} 中取 $\psi=\varphi\in\mathcal D((0,T))$, 可知 $u$ 按分布意义满足 \eqref{eq:ch3-existence-weak-variational-equation}.	equation	eq:ch3-existence-limit-integrated-equation	eqref	tex/chapters/chapter-03/section-03.tex:445	tex/chapters/chapter-03/section-03.tex:441	resolved
reference	特别在 \eqref{eq:ch3-existence-limit-integrated-equation} 中取 $\psi=\varphi\in\mathcal D((0,T))$, 可知 $u$ 按分布意义满足 \eqref{eq:ch3-existence-weak-variational-equation}.	equation	eq:ch3-existence-weak-variational-equation	eqref	tex/chapters/chapter-03/section-03.tex:445	tex/chapters/chapter-03/section-03.tex:87	resolved
reference	最后还须证明 $u$ 满足 \eqref{eq:ch3-existence-weak-initial-condition}. 为此将 \eqref{eq:ch3-existence-weak-variational-equation} 乘 $\psi$ 并积分. 对第一项分部积分, 得	equation	eq:ch3-existence-weak-initial-condition	eqref	tex/chapters/chapter-03/section-03.tex:447	tex/chapters/chapter-03/section-03.tex:91	resolved
reference	最后还须证明 $u$ 满足 \eqref{eq:ch3-existence-weak-initial-condition}. 为此将 \eqref{eq:ch3-existence-weak-variational-equation} 乘 $\psi$ 并积分. 对第一项分部积分, 得	equation	eq:ch3-existence-weak-variational-equation	eqref	tex/chapters/chapter-03/section-03.tex:447	tex/chapters/chapter-03/section-03.tex:87	resolved
reference	与 \eqref{eq:ch3-existence-limit-integrated-equation} 比较,	equation	eq:ch3-existence-limit-integrated-equation	eqref	tex/chapters/chapter-03/section-03.tex:457	tex/chapters/chapter-03/section-03.tex:441	resolved
reference	于是 \eqref{eq:ch3-existence-weak-initial-condition} 成立.	equation	eq:ch3-existence-weak-initial-condition	eqref	tex/chapters/chapter-03/section-03.tex:466	tex/chapters/chapter-03/section-03.tex:91	resolved
reference	为完成定理 \ref{thm:ch3-existence-weak-solution} 的证明, 只需证明下列引理.	theorem	thm:ch3-existence-weak-solution	ref	tex/chapters/chapter-03/section-03.tex:469	tex/chapters/chapter-03/section-03.tex:167	resolved
reference	当 $\Omega$ 无界时, 像线性情形第 \ref{subsec:ch3-linear-miscellaneous} 小节那样证明 \eqref{eq:ch3-existence-galerkin-linfty-boundedness} 和 \eqref{eq:ch3-existence-galerkin-l2-boundedness}. 随后 \eqref{eq:ch3-existence-fractional-fourier-bound} 和 \eqref{eq:ch3-existence-fractional-space-boundedness} 与前面相同. 主要差别在于 $V$ 到 $H$ 的注入不再紧.	subsection	subsec:ch3-linear-miscellaneous	ref	tex/chapters/chapter-03/section-03.tex:506	tex/chapters/chapter-03/section-01.tex:768	resolved
reference	当 $\Omega$ 无界时, 像线性情形第 \ref{subsec:ch3-linear-miscellaneous} 小节那样证明 \eqref{eq:ch3-existence-galerkin-linfty-boundedness} 和 \eqref{eq:ch3-existence-galerkin-l2-boundedness}. 随后 \eqref{eq:ch3-existence-fractional-fourier-bound} 和 \eqref{eq:ch3-existence-fractional-space-boundedness} 与前面相同. 主要差别在于 $V$ 到 $H$ 的注入不再紧.	equation	eq:ch3-existence-galerkin-linfty-boundedness	eqref	tex/chapters/chapter-03/section-03.tex:506	tex/chapters/chapter-03/section-03.tex:278	resolved
reference	当 $\Omega$ 无界时, 像线性情形第 \ref{subsec:ch3-linear-miscellaneous} 小节那样证明 \eqref{eq:ch3-existence-galerkin-linfty-boundedness} 和 \eqref{eq:ch3-existence-galerkin-l2-boundedness}. 随后 \eqref{eq:ch3-existence-fractional-fourier-bound} 和 \eqref{eq:ch3-existence-fractional-space-boundedness} 与前面相同. 主要差别在于 $V$ 到 $H$ 的注入不再紧.	equation	eq:ch3-existence-galerkin-l2-boundedness	eqref	tex/chapters/chapter-03/section-03.tex:506	tex/chapters/chapter-03/section-03.tex:291	resolved
reference	当 $\Omega$ 无界时, 像线性情形第 \ref{subsec:ch3-linear-miscellaneous} 小节那样证明 \eqref{eq:ch3-existence-galerkin-linfty-boundedness} 和 \eqref{eq:ch3-existence-galerkin-l2-boundedness}. 随后 \eqref{eq:ch3-existence-fractional-fourier-bound} 和 \eqref{eq:ch3-existence-fractional-space-boundedness} 与前面相同. 主要差别在于 $V$ 到 $H$ 的注入不再紧.	equation	eq:ch3-existence-fractional-fourier-bound	eqref	tex/chapters/chapter-03/section-03.tex:506	tex/chapters/chapter-03/section-03.tex:300	resolved
reference	当 $\Omega$ 无界时, 像线性情形第 \ref{subsec:ch3-linear-miscellaneous} 小节那样证明 \eqref{eq:ch3-existence-galerkin-linfty-boundedness} 和 \eqref{eq:ch3-existence-galerkin-l2-boundedness}. 随后 \eqref{eq:ch3-existence-fractional-fourier-bound} 和 \eqref{eq:ch3-existence-fractional-space-boundedness} 与前面相同. 主要差别在于 $V$ 到 $H$ 的注入不再紧.	equation	eq:ch3-existence-fractional-space-boundedness	eqref	tex/chapters/chapter-03/section-03.tex:506	tex/chapters/chapter-03/section-03.tex:305	resolved
reference	不过仍可抽取满足 \eqref{eq:ch3-existence-galerkin-weak-convergence} 的子序列 $u_{m'}$. 对任意包含于 $\Omega$ 的球 $O$, $H^1(O)$ 到 $L^2(O)$ 的注入是紧的, 而 \eqref{eq:ch3-existence-fractional-space-boundedness} 表明	equation	eq:ch3-existence-galerkin-weak-convergence	eqref	tex/chapters/chapter-03/section-03.tex:508	tex/chapters/chapter-03/section-03.tex:413	resolved
reference	不过仍可抽取满足 \eqref{eq:ch3-existence-galerkin-weak-convergence} 的子序列 $u_{m'}$. 对任意包含于 $\Omega$ 的球 $O$, $H^1(O)$ 到 $L^2(O)$ 的注入是紧的, 而 \eqref{eq:ch3-existence-fractional-space-boundedness} 表明	equation	eq:ch3-existence-fractional-space-boundedness	eqref	tex/chapters/chapter-03/section-03.tex:508	tex/chapters/chapter-03/section-03.tex:305	resolved
reference	定理 \ref{thm:ch3-compactness-fractional} 因而推出	theorem	thm:ch3-compactness-fractional	ref	tex/chapters/chapter-03/section-03.tex:514	tex/chapters/chapter-03/section-02.tex:275	resolved
reference	其中 $\Omega'$ 表示 $w_j$ 的支集; 这足以在 \eqref{eq:ch3-existence-galerkin-integrated-equation} 中取极限.	equation	eq:ch3-existence-galerkin-integrated-equation	eqref	tex/chapters/chapter-03/section-03.tex:530	tex/chapters/chapter-03/section-03.tex:431	resolved
reference	积分 \eqref{eq:ch3-existence-galerkin-energy-identity} 得	equation	eq:ch3-existence-galerkin-energy-identity	eqref	tex/chapters/chapter-03/section-03.tex:534	tex/chapters/chapter-03/section-03.tex:244	resolved
reference	利用 \eqref{eq:ch3-existence-galerkin-weak-convergence} 对此关系取下极限, 得对所有 $\phi\in\mathcal D((0,T))$, $\phi\geq0$,	equation	eq:ch3-existence-galerkin-weak-convergence	eqref	tex/chapters/chapter-03/section-03.tex:548	tex/chapters/chapter-03/section-03.tex:413	resolved
reference	这是定理 \ref{thm:ch3-existence-weak-solution} 给出的函数 $u$ 所满足的能量不等式. 后面将证明, 若 $n=2$, 相应等式成立(见定理 \ref{thm:ch3-uniqueness-2d} 和 \MBUnresolvedReference{lemma}{Lemma 2.1}). 一般情形下是否满足相应等式尚不清楚(参见定理 \ref{thm:ch3-weak-strong-uniqueness}).	theorem	thm:ch3-existence-weak-solution	ref	tex/chapters/chapter-03/section-03.tex:563	tex/chapters/chapter-03/section-03.tex:167	resolved
reference	这是定理 \ref{thm:ch3-existence-weak-solution} 给出的函数 $u$ 所满足的能量不等式. 后面将证明, 若 $n=2$, 相应等式成立(见定理 \ref{thm:ch3-uniqueness-2d} 和 \MBUnresolvedReference{lemma}{Lemma 2.1}). 一般情形下是否满足相应等式尚不清楚(参见定理 \ref{thm:ch3-weak-strong-uniqueness}).	theorem	thm:ch3-uniqueness-2d	ref	tex/chapters/chapter-03/section-03.tex:563	tex/chapters/chapter-03/section-03.tex:693	resolved
reference	这是定理 \ref{thm:ch3-existence-weak-solution} 给出的函数 $u$ 所满足的能量不等式. 后面将证明, 若 $n=2$, 相应等式成立(见定理 \ref{thm:ch3-uniqueness-2d} 和 \MBUnresolvedReference{lemma}{Lemma 2.1}). 一般情形下是否满足相应等式尚不清楚(参见定理 \ref{thm:ch3-weak-strong-uniqueness}).	theorem	thm:ch3-weak-strong-uniqueness	ref	tex/chapters/chapter-03/section-03.tex:563	tex/chapters/chapter-03/section-03.tex:1527	resolved
reference	当空间维数 $n=2$ 时, \MBUnresolvedReference{theorem}{Theorem 4.1} 保证存在的 \eqref{eq:ch3-existence-operator-solution-space}--\eqref{eq:ch3-existence-operator-initial} 的解具有进一步的正则性, 且实际上唯一. 证明基于以下引理.	equation	eq:ch3-existence-operator-solution-space	eqref	tex/chapters/chapter-03/section-03.tex:568	tex/chapters/chapter-03/section-03.tex:151	resolved
reference	当空间维数 $n=2$ 时, \MBUnresolvedReference{theorem}{Theorem 4.1} 保证存在的 \eqref{eq:ch3-existence-operator-solution-space}--\eqref{eq:ch3-existence-operator-initial} 的解具有进一步的正则性, 且实际上唯一. 证明基于以下引理.	equation	eq:ch3-existence-operator-initial	eqref	tex/chapters/chapter-03/section-03.tex:568	tex/chapters/chapter-03/section-03.tex:159	resolved
reference	只需对 $v\in\mathcal D(\Omega)$ 证明 \eqref{eq:ch3-uniqueness-2d-l4-inequality}. 对这样的 $v$ 写成	equation	eq:ch3-uniqueness-2d-l4-inequality	eqref	tex/chapters/chapter-03/section-03.tex:584	tex/chapters/chapter-03/section-03.tex:579	resolved
reference	由 \eqref{eq:ch3-uniqueness-2d-l4-inequality},	equation	eq:ch3-uniqueness-2d-l4-inequality	eqref	tex/chapters/chapter-03/section-03.tex:655	tex/chapters/chapter-03/section-03.tex:579	resolved
reference	对 $w$ 有类似不等式, 从而得到 \eqref{eq:ch3-uniqueness-2d-trilinear-bound}.	equation	eq:ch3-uniqueness-2d-trilinear-bound	eqref	tex/chapters/chapter-03/section-03.tex:660	tex/chapters/chapter-03/section-03.tex:635	resolved
reference	表明 $Bu\in L^2(0,T;V')$, 并推出 \eqref{eq:ch3-uniqueness-2d-bu-l2-bound}.	equation	eq:ch3-uniqueness-2d-bu-l2-bound	eqref	tex/chapters/chapter-03/section-03.tex:686	tex/chapters/chapter-03/section-03.tex:641	resolved
reference	在二维情形, 定理 \ref{thm:ch3-existence-weak-solution} 给出的问题 \ref{prob:ch3-weak-variational}--\ref{prob:ch3-weak-operator} 的解 $u$ 是唯一的. 此外, $u$ 几乎处处等于从 $[0,T]$ 到 $H$ 的连续函数, 且	theorem	thm:ch3-existence-weak-solution	ref	tex/chapters/chapter-03/section-03.tex:694	tex/chapters/chapter-03/section-03.tex:167	resolved
reference	在二维情形, 定理 \ref{thm:ch3-existence-weak-solution} 给出的问题 \ref{prob:ch3-weak-variational}--\ref{prob:ch3-weak-operator} 的解 $u$ 是唯一的. 此外, $u$ 几乎处处等于从 $[0,T]$ 到 $H$ 的连续函数, 且	unknown	prob:ch3-weak-variational	ref	tex/chapters/chapter-03/section-03.tex:694	tex/chapters/chapter-03/section-03.tex:68	resolved
reference	在二维情形, 定理 \ref{thm:ch3-existence-weak-solution} 给出的问题 \ref{prob:ch3-weak-variational}--\ref{prob:ch3-weak-operator} 的解 $u$ 是唯一的. 此外, $u$ 几乎处处等于从 $[0,T]$ 到 $H$ 的连续函数, 且	unknown	prob:ch3-weak-operator	ref	tex/chapters/chapter-03/section-03.tex:694	tex/chapters/chapter-03/section-03.tex:146	resolved
reference	(i) 先证明正则性. 由 \eqref{eq:ch3-existence-operator-equation} 和引理 \ref{lem:ch3-trilinear-2d},	equation	eq:ch3-existence-operator-equation	eqref	tex/chapters/chapter-03/section-03.tex:704	tex/chapters/chapter-03/section-03.tex:155	resolved
reference	(i) 先证明正则性. 由 \eqref{eq:ch3-existence-operator-equation} 和引理 \ref{lem:ch3-trilinear-2d},	lemma	lem:ch3-trilinear-2d	ref	tex/chapters/chapter-03/section-03.tex:704	tex/chapters/chapter-03/section-03.tex:629	resolved
reference	这一改进使我们能够应用引理 \ref{lem:ch3-linear-lions-magenes-continuity}, 它恰好说明 $u$ 几乎处处等于从 $[0,T]$ 到 $H$ 的连续函数. 因此	lemma	lem:ch3-linear-lions-magenes-continuity	ref	tex/chapters/chapter-03/section-03.tex:713	tex/chapters/chapter-03/section-01.tex:572	resolved
reference	而 \eqref{eq:ch3-uniqueness-2d-initial-continuity} 容易得到.	equation	eq:ch3-uniqueness-2d-initial-continuity	eqref	tex/chapters/chapter-03/section-03.tex:718	tex/chapters/chapter-03/section-03.tex:698	resolved
reference	还回忆引理 \ref{lem:ch3-linear-lions-magenes-continuity} 断言, 对任意 $u\in L^2(0,T;V)$ 且满足 \eqref{eq:ch3-uniqueness-2d-time-regularity} 的函数,	lemma	lem:ch3-linear-lions-magenes-continuity	ref	tex/chapters/chapter-03/section-03.tex:720	tex/chapters/chapter-03/section-01.tex:572	resolved
reference	还回忆引理 \ref{lem:ch3-linear-lions-magenes-continuity} 断言, 对任意 $u\in L^2(0,T;V)$ 且满足 \eqref{eq:ch3-uniqueness-2d-time-regularity} 的函数,	equation	eq:ch3-uniqueness-2d-time-regularity	eqref	tex/chapters/chapter-03/section-03.tex:720	tex/chapters/chapter-03/section-03.tex:711	resolved
reference	(ii) 设 $u_1,u_2$ 是 \eqref{eq:ch3-existence-operator-solution-space}--\eqref{eq:ch3-existence-operator-initial} 的两个解, 令 $u=u_1-u_2$. 如上所示, $u_1,u_2$ 以及 $u$ 均满足 \eqref{eq:ch3-uniqueness-2d-time-regularity}. 差 $u$ 满足	equation	eq:ch3-existence-operator-solution-space	eqref	tex/chapters/chapter-03/section-03.tex:726	tex/chapters/chapter-03/section-03.tex:151	resolved
reference	(ii) 设 $u_1,u_2$ 是 \eqref{eq:ch3-existence-operator-solution-space}--\eqref{eq:ch3-existence-operator-initial} 的两个解, 令 $u=u_1-u_2$. 如上所示, $u_1,u_2$ 以及 $u$ 均满足 \eqref{eq:ch3-uniqueness-2d-time-regularity}. 差 $u$ 满足	equation	eq:ch3-existence-operator-initial	eqref	tex/chapters/chapter-03/section-03.tex:726	tex/chapters/chapter-03/section-03.tex:159	resolved
reference	(ii) 设 $u_1,u_2$ 是 \eqref{eq:ch3-existence-operator-solution-space}--\eqref{eq:ch3-existence-operator-initial} 的两个解, 令 $u=u_1-u_2$. 如上所示, $u_1,u_2$ 以及 $u$ 均满足 \eqref{eq:ch3-uniqueness-2d-time-regularity}. 差 $u$ 满足	equation	eq:ch3-uniqueness-2d-time-regularity	eqref	tex/chapters/chapter-03/section-03.tex:726	tex/chapters/chapter-03/section-03.tex:711	resolved
reference	在 $V,V'$ 对偶关系下, 对几乎每个 $t$ 将 \eqref{eq:ch3-uniqueness-2d-difference-equation} 与 $u(t)$ 作标量积. 利用 \eqref{eq:ch3-uniqueness-2d-energy-derivative} 得	equation	eq:ch3-uniqueness-2d-difference-equation	eqref	tex/chapters/chapter-03/section-03.tex:735	tex/chapters/chapter-03/section-03.tex:729	resolved
reference	在 $V,V'$ 对偶关系下, 对几乎每个 $t$ 将 \eqref{eq:ch3-uniqueness-2d-difference-equation} 与 $u(t)$ 作标量积. 利用 \eqref{eq:ch3-uniqueness-2d-energy-derivative} 得	equation	eq:ch3-uniqueness-2d-energy-derivative	eqref	tex/chapters/chapter-03/section-03.tex:735	tex/chapters/chapter-03/section-03.tex:723	resolved
reference	由 \eqref{eq:ch3-existence-skew-cancellation}, 右端等于 $-2b(u(t),u_2(t),u(t))$. 利用 \eqref{eq:ch3-uniqueness-2d-trilinear-bound}, 可由	equation	eq:ch3-existence-skew-cancellation	eqref	tex/chapters/chapter-03/section-03.tex:741	tex/chapters/chapter-03/section-03.tex:21	resolved
reference	由 \eqref{eq:ch3-existence-skew-cancellation}, 右端等于 $-2b(u(t),u_2(t),u(t))$. 利用 \eqref{eq:ch3-uniqueness-2d-trilinear-bound}, 可由	equation	eq:ch3-uniqueness-2d-trilinear-bound	eqref	tex/chapters/chapter-03/section-03.tex:741	tex/chapters/chapter-03/section-03.tex:635	resolved
reference	控制. 代入 \eqref{eq:ch3-uniqueness-2d-difference-energy} 得	equation	eq:ch3-uniqueness-2d-difference-energy	eqref	tex/chapters/chapter-03/section-03.tex:746	tex/chapters/chapter-03/section-03.tex:739	resolved
reference	积分并利用 \eqref{eq:ch3-uniqueness-2d-difference-initial}, 得 $|u(t)|^2\leq0$, $t\in[0,T]$. 因而 $u_1=u_2$, 解唯一.	equation	eq:ch3-uniqueness-2d-difference-initial	eqref	tex/chapters/chapter-03/section-03.tex:756	tex/chapters/chapter-03/section-03.tex:733	resolved
reference	由 \eqref{eq:ch3-uniqueness-2d-l4-inequality}, Navier--Stokes 方程的唯一解满足	equation	eq:ch3-uniqueness-2d-l4-inequality	eqref	tex/chapters/chapter-03/section-03.tex:763	tex/chapters/chapter-03/section-03.tex:579	resolved
reference	定理 \ref{thm:ch3-uniqueness-2d} 同时涵盖有界和无界情形; 两种证明没有差别.	theorem	thm:ch3-uniqueness-2d	ref	tex/chapters/chapter-03/section-03.tex:773	tex/chapters/chapter-03/section-03.tex:693	resolved
reference	由于缺少定理 \ref{thm:ch3-existence-weak-solution} 给出的弱解正则性信息, 第 \ref{subsec:ch3-regularity-uniqueness-2d} 小节的结果不能推广到更高维数.	theorem	thm:ch3-existence-weak-solution	ref	tex/chapters/chapter-03/section-03.tex:778	tex/chapters/chapter-03/section-03.tex:167	resolved
reference	由于缺少定理 \ref{thm:ch3-existence-weak-solution} 给出的弱解正则性信息, 第 \ref{subsec:ch3-regularity-uniqueness-2d} 小节的结果不能推广到更高维数.	subsection	subsec:ch3-regularity-uniqueness-2d	ref	tex/chapters/chapter-03/section-03.tex:778	tex/chapters/chapter-03/section-03.tex:567	resolved
reference	与引理 \ref{lem:ch3-ladyzhenskaya-2d} 对应的结果如下.	lemma	lem:ch3-ladyzhenskaya-2d	ref	tex/chapters/chapter-03/section-03.tex:782	tex/chapters/chapter-03/section-03.tex:572	resolved
reference	只需对 $v\in\mathcal D(\Omega)$ 证明 \eqref{eq:ch3-uniqueness-3d-l4-inequality}. 对这样的 $v$, 应用 \eqref{eq:ch3-uniqueness-2d-l4-inequality} 写成	equation	eq:ch3-uniqueness-3d-l4-inequality	eqref	tex/chapters/chapter-03/section-03.tex:798	tex/chapters/chapter-03/section-03.tex:793	resolved
reference	只需对 $v\in\mathcal D(\Omega)$ 证明 \eqref{eq:ch3-uniqueness-3d-l4-inequality}. 对这样的 $v$, 应用 \eqref{eq:ch3-uniqueness-2d-l4-inequality} 写成	equation	eq:ch3-uniqueness-2d-l4-inequality	eqref	tex/chapters/chapter-03/section-03.tex:798	tex/chapters/chapter-03/section-03.tex:579	resolved
reference	由此从 \eqref{eq:ch3-uniqueness-3d-slice-bound} 推出	equation	eq:ch3-uniqueness-3d-slice-bound	eqref	tex/chapters/chapter-03/section-03.tex:821	tex/chapters/chapter-03/section-03.tex:808	resolved
reference	从而得到 \eqref{eq:ch3-uniqueness-3d-l4-inequality}.	equation	eq:ch3-uniqueness-3d-l4-inequality	eqref	tex/chapters/chapter-03/section-03.tex:831	tex/chapters/chapter-03/section-03.tex:793	resolved
reference	若 $n=3$, 则定理 \ref{thm:ch3-existence-weak-solution} 给出的 \eqref{eq:ch3-existence-operator-solution-space}--\eqref{eq:ch3-existence-operator-initial} 的解 $u$ 满足	theorem	thm:ch3-existence-weak-solution	ref	tex/chapters/chapter-03/section-03.tex:838	tex/chapters/chapter-03/section-03.tex:167	resolved
reference	若 $n=3$, 则定理 \ref{thm:ch3-existence-weak-solution} 给出的 \eqref{eq:ch3-existence-operator-solution-space}--\eqref{eq:ch3-existence-operator-initial} 的解 $u$ 满足	equation	eq:ch3-existence-operator-solution-space	eqref	tex/chapters/chapter-03/section-03.tex:838	tex/chapters/chapter-03/section-03.tex:151	resolved
reference	若 $n=3$, 则定理 \ref{thm:ch3-existence-weak-solution} 给出的 \eqref{eq:ch3-existence-operator-solution-space}--\eqref{eq:ch3-existence-operator-initial} 的解 $u$ 满足	equation	eq:ch3-existence-operator-initial	eqref	tex/chapters/chapter-03/section-03.tex:838	tex/chapters/chapter-03/section-03.tex:159	resolved
reference	由 \eqref{eq:ch3-uniqueness-3d-l4-inequality}, 对几乎每个 $t$,	equation	eq:ch3-uniqueness-3d-l4-inequality	eqref	tex/chapters/chapter-03/section-03.tex:850	tex/chapters/chapter-03/section-03.tex:793	resolved
reference	利用 Hölder 不等式, 第 \ref{chap:steady-state-navier-stokes} 章已导出\footnote{该不等式在任意空间维数均成立, 其中 $c$ 依赖于 $n$.}	chapter	chap:steady-state-navier-stokes	ref	tex/chapters/chapter-03/section-03.tex:858	tex/chapters/chapter-02.tex:5	resolved
reference	结合 \eqref{eq:ch3-existence-operator-equation}, 得到 \eqref{eq:ch3-regularity-3d-l83-l4}--\eqref{eq:ch3-regularity-3d-time-derivative}.	equation	eq:ch3-existence-operator-equation	eqref	tex/chapters/chapter-03/section-03.tex:875	tex/chapters/chapter-03/section-03.tex:155	resolved
reference	结合 \eqref{eq:ch3-existence-operator-equation}, 得到 \eqref{eq:ch3-regularity-3d-l83-l4}--\eqref{eq:ch3-regularity-3d-time-derivative}.	equation	eq:ch3-regularity-3d-l83-l4	eqref	tex/chapters/chapter-03/section-03.tex:875	tex/chapters/chapter-03/section-03.tex:841	resolved
reference	结合 \eqref{eq:ch3-existence-operator-equation}, 得到 \eqref{eq:ch3-regularity-3d-l83-l4}--\eqref{eq:ch3-regularity-3d-time-derivative}.	equation	eq:ch3-regularity-3d-time-derivative	eqref	tex/chapters/chapter-03/section-03.tex:875	tex/chapters/chapter-03/section-03.tex:845	resolved
reference	二维情形下, 已证明 \eqref{eq:ch3-existence-operator-solution-space}--\eqref{eq:ch3-existence-operator-initial} 的任意解满足 \eqref{eq:ch3-uniqueness-2d-time-regularity} 和 \eqref{eq:ch3-uniqueness-2d-l4q}, 这正是证明唯一性的关键性质. 当 $n=3$ 时, 它们由较弱的 \eqref{eq:ch3-regularity-3d-l83-l4}--\eqref{eq:ch3-regularity-3d-time-derivative} 取代.	equation	eq:ch3-existence-operator-solution-space	eqref	tex/chapters/chapter-03/section-03.tex:878	tex/chapters/chapter-03/section-03.tex:151	resolved
reference	二维情形下, 已证明 \eqref{eq:ch3-existence-operator-solution-space}--\eqref{eq:ch3-existence-operator-initial} 的任意解满足 \eqref{eq:ch3-uniqueness-2d-time-regularity} 和 \eqref{eq:ch3-uniqueness-2d-l4q}, 这正是证明唯一性的关键性质. 当 $n=3$ 时, 它们由较弱的 \eqref{eq:ch3-regularity-3d-l83-l4}--\eqref{eq:ch3-regularity-3d-time-derivative} 取代.	equation	eq:ch3-existence-operator-initial	eqref	tex/chapters/chapter-03/section-03.tex:878	tex/chapters/chapter-03/section-03.tex:159	resolved
reference	二维情形下, 已证明 \eqref{eq:ch3-existence-operator-solution-space}--\eqref{eq:ch3-existence-operator-initial} 的任意解满足 \eqref{eq:ch3-uniqueness-2d-time-regularity} 和 \eqref{eq:ch3-uniqueness-2d-l4q}, 这正是证明唯一性的关键性质. 当 $n=3$ 时, 它们由较弱的 \eqref{eq:ch3-regularity-3d-l83-l4}--\eqref{eq:ch3-regularity-3d-time-derivative} 取代.	equation	eq:ch3-uniqueness-2d-time-regularity	eqref	tex/chapters/chapter-03/section-03.tex:878	tex/chapters/chapter-03/section-03.tex:711	resolved
reference	二维情形下, 已证明 \eqref{eq:ch3-existence-operator-solution-space}--\eqref{eq:ch3-existence-operator-initial} 的任意解满足 \eqref{eq:ch3-uniqueness-2d-time-regularity} 和 \eqref{eq:ch3-uniqueness-2d-l4q}, 这正是证明唯一性的关键性质. 当 $n=3$ 时, 它们由较弱的 \eqref{eq:ch3-regularity-3d-l83-l4}--\eqref{eq:ch3-regularity-3d-time-derivative} 取代.	equation	eq:ch3-uniqueness-2d-l4q	eqref	tex/chapters/chapter-03/section-03.tex:878	tex/chapters/chapter-03/section-03.tex:766	resolved
reference	二维情形下, 已证明 \eqref{eq:ch3-existence-operator-solution-space}--\eqref{eq:ch3-existence-operator-initial} 的任意解满足 \eqref{eq:ch3-uniqueness-2d-time-regularity} 和 \eqref{eq:ch3-uniqueness-2d-l4q}, 这正是证明唯一性的关键性质. 当 $n=3$ 时, 它们由较弱的 \eqref{eq:ch3-regularity-3d-l83-l4}--\eqref{eq:ch3-regularity-3d-time-derivative} 取代.	equation	eq:ch3-regularity-3d-l83-l4	eqref	tex/chapters/chapter-03/section-03.tex:878	tex/chapters/chapter-03/section-03.tex:841	resolved
reference	二维情形下, 已证明 \eqref{eq:ch3-existence-operator-solution-space}--\eqref{eq:ch3-existence-operator-initial} 的任意解满足 \eqref{eq:ch3-uniqueness-2d-time-regularity} 和 \eqref{eq:ch3-uniqueness-2d-l4q}, 这正是证明唯一性的关键性质. 当 $n=3$ 时, 它们由较弱的 \eqref{eq:ch3-regularity-3d-l83-l4}--\eqref{eq:ch3-regularity-3d-time-derivative} 取代.	equation	eq:ch3-regularity-3d-time-derivative	eqref	tex/chapters/chapter-03/section-03.tex:878	tex/chapters/chapter-03/section-03.tex:845	resolved
reference	若 $n=3$, 则问题 \ref{prob:ch3-weak-operator} 中满足	unknown	prob:ch3-weak-operator	ref	tex/chapters/chapter-03/section-03.tex:885	tex/chapters/chapter-03/section-03.tex:146	resolved
reference	(i) 不等式 \eqref{eq:ch3-regularity-3d-bu-l4-bound}--\eqref{eq:ch3-regularity-3d-bu-l4} 表明, 若 $u$ 满足 \eqref{eq:ch3-uniqueness-3d-serrin-class}, 则	equation	eq:ch3-regularity-3d-bu-l4-bound	eqref	tex/chapters/chapter-03/section-03.tex:898	tex/chapters/chapter-03/section-03.tex:863	resolved
reference	(i) 不等式 \eqref{eq:ch3-regularity-3d-bu-l4-bound}--\eqref{eq:ch3-regularity-3d-bu-l4} 表明, 若 $u$ 满足 \eqref{eq:ch3-uniqueness-3d-serrin-class}, 则	equation	eq:ch3-regularity-3d-bu-l4	eqref	tex/chapters/chapter-03/section-03.tex:898	tex/chapters/chapter-03/section-03.tex:868	resolved
reference	(i) 不等式 \eqref{eq:ch3-regularity-3d-bu-l4-bound}--\eqref{eq:ch3-regularity-3d-bu-l4} 表明, 若 $u$ 满足 \eqref{eq:ch3-uniqueness-3d-serrin-class}, 则	equation	eq:ch3-uniqueness-3d-serrin-class	eqref	tex/chapters/chapter-03/section-03.tex:898	tex/chapters/chapter-03/section-03.tex:892	resolved
reference	因而若 $u$ 满足 \eqref{eq:ch3-uniqueness-3d-energy-class}--\eqref{eq:ch3-uniqueness-3d-serrin-class} 和 \eqref{eq:ch3-existence-operator-equation}, 则	equation	eq:ch3-uniqueness-3d-energy-class	eqref	tex/chapters/chapter-03/section-03.tex:903	tex/chapters/chapter-03/section-03.tex:888	resolved
reference	因而若 $u$ 满足 \eqref{eq:ch3-uniqueness-3d-energy-class}--\eqref{eq:ch3-uniqueness-3d-serrin-class} 和 \eqref{eq:ch3-existence-operator-equation}, 则	equation	eq:ch3-uniqueness-3d-serrin-class	eqref	tex/chapters/chapter-03/section-03.tex:903	tex/chapters/chapter-03/section-03.tex:892	resolved
reference	因而若 $u$ 满足 \eqref{eq:ch3-uniqueness-3d-energy-class}--\eqref{eq:ch3-uniqueness-3d-serrin-class} 和 \eqref{eq:ch3-existence-operator-equation}, 则	equation	eq:ch3-existence-operator-equation	eqref	tex/chapters/chapter-03/section-03.tex:903	tex/chapters/chapter-03/section-03.tex:155	resolved
reference	由引理 \ref{lem:ch3-linear-lions-magenes-continuity}, $u$ 几乎处处等于从 $[0,T]$ 到 $H$ 的连续函数.	lemma	lem:ch3-linear-lions-magenes-continuity	ref	tex/chapters/chapter-03/section-03.tex:908	tex/chapters/chapter-03/section-01.tex:572	resolved
reference	(ii) 由 Hölder 不等式和 \eqref{eq:ch3-uniqueness-3d-l4-inequality},	equation	eq:ch3-uniqueness-3d-l4-inequality	eqref	tex/chapters/chapter-03/section-03.tex:910	tex/chapters/chapter-03/section-03.tex:793	resolved
reference	(iii) 设 $u_1,u_2$ 是满足 \eqref{eq:ch3-uniqueness-3d-energy-class}--\eqref{eq:ch3-uniqueness-3d-serrin-class} 的两个解, 令 $u=u_1-u_2$.	equation	eq:ch3-uniqueness-3d-energy-class	eqref	tex/chapters/chapter-03/section-03.tex:921	tex/chapters/chapter-03/section-03.tex:888	resolved
reference	(iii) 设 $u_1,u_2$ 是满足 \eqref{eq:ch3-uniqueness-3d-energy-class}--\eqref{eq:ch3-uniqueness-3d-serrin-class} 的两个解, 令 $u=u_1-u_2$.	equation	eq:ch3-uniqueness-3d-serrin-class	eqref	tex/chapters/chapter-03/section-03.tex:921	tex/chapters/chapter-03/section-03.tex:892	resolved
reference	与定理 \ref{thm:ch3-uniqueness-2d} 的证明相同可得	theorem	thm:ch3-uniqueness-2d	ref	tex/chapters/chapter-03/section-03.tex:924	tex/chapters/chapter-03/section-03.tex:693	resolved
reference	由 \eqref{eq:ch3-uniqueness-3d-nonlinear-bound}, 右端可由	equation	eq:ch3-uniqueness-3d-nonlinear-bound	eqref	tex/chapters/chapter-03/section-03.tex:930	tex/chapters/chapter-03/section-03.tex:918	resolved
reference	由于 $t\mapsto\lVert u_2(t)\rVert_{\mathbf L^4(\Omega)}^8$ 可积, 可以像定理 \ref{thm:ch3-uniqueness-2d} 那样完成证明.	theorem	thm:ch3-uniqueness-2d	ref	tex/chapters/chapter-03/section-03.tex:942	tex/chapters/chapter-03/section-03.tex:693	resolved
reference	取代 \eqref{eq:ch3-uniqueness-3d-serrin-class}, 且	equation	eq:ch3-uniqueness-3d-serrin-class	eqref	tex/chapters/chapter-03/section-03.tex:959	tex/chapters/chapter-03/section-03.tex:892	resolved
reference	则由定理 \ref{thm:ch3-existence-weak-solution} 和 \ref{thm:ch3-uniqueness-2d} 给出的问题 \ref{prob:ch3-weak-operator} 的唯一解满足	theorem	thm:ch3-existence-weak-solution	ref	tex/chapters/chapter-03/section-03.tex:993	tex/chapters/chapter-03/section-03.tex:167	resolved
reference	则由定理 \ref{thm:ch3-existence-weak-solution} 和 \ref{thm:ch3-uniqueness-2d} 给出的问题 \ref{prob:ch3-weak-operator} 的唯一解满足	theorem	thm:ch3-uniqueness-2d	ref	tex/chapters/chapter-03/section-03.tex:993	tex/chapters/chapter-03/section-03.tex:693	resolved
reference	则由定理 \ref{thm:ch3-existence-weak-solution} 和 \ref{thm:ch3-uniqueness-2d} 给出的问题 \ref{prob:ch3-weak-operator} 的唯一解满足	unknown	prob:ch3-weak-operator	ref	tex/chapters/chapter-03/section-03.tex:993	tex/chapters/chapter-03/section-03.tex:146	resolved
reference	(i) 回到定理 \ref{thm:ch3-existence-weak-solution} 证明中使用的 Galerkin 逼近. 只需证明该逼近解还满足两个先验估计:	theorem	thm:ch3-existence-weak-solution	ref	tex/chapters/chapter-03/section-03.tex:1001	tex/chapters/chapter-03/section-03.tex:167	resolved
reference	在极限中, \eqref{eq:ch3-regular-2d-galerkin-derivative-boundedness} 推出 \eqref{eq:ch3-regular-2d-time-regularity}.	equation	eq:ch3-regular-2d-galerkin-derivative-boundedness	eqref	tex/chapters/chapter-03/section-03.tex:1006	tex/chapters/chapter-03/section-03.tex:1004	resolved
reference	在极限中, \eqref{eq:ch3-regular-2d-galerkin-derivative-boundedness} 推出 \eqref{eq:ch3-regular-2d-time-regularity}.	equation	eq:ch3-regular-2d-time-regularity	eqref	tex/chapters/chapter-03/section-03.tex:1006	tex/chapters/chapter-03/section-03.tex:996	resolved
reference	(ii) 将 \eqref{eq:ch3-existence-galerkin-equations} 乘 $g_{jm}'(t)$, 再对 $j=1,\ldots,m$ 相加, 得	equation	eq:ch3-existence-galerkin-equations	eqref	tex/chapters/chapter-03/section-03.tex:1020	tex/chapters/chapter-03/section-03.tex:205	resolved
reference	由 \eqref{eq:ch3-regular-2d-initial-projection}, 显然	equation	eq:ch3-regular-2d-initial-projection	eqref	tex/chapters/chapter-03/section-03.tex:1036	tex/chapters/chapter-03/section-03.tex:1016	resolved
reference	\quad\text{(由 \eqref{eq:ch3-uniqueness-2d-l4-inequality} 和 Sobolev 不等式)},	equation	eq:ch3-uniqueness-2d-l4-inequality	eqref	tex/chapters/chapter-03/section-03.tex:1049	tex/chapters/chapter-03/section-03.tex:579	resolved
reference	最后, \eqref{eq:ch3-regular-2d-laplacian-bound} 与上述估计表明	equation	eq:ch3-regular-2d-laplacian-bound	eqref	tex/chapters/chapter-03/section-03.tex:1058	tex/chapters/chapter-03/section-03.tex:1040	resolved
reference	(iii) 可以关于 $t$ 对 \eqref{eq:ch3-existence-galerkin-equations} 求导; 因为 $f$ 满足 \eqref{eq:ch3-regular-2d-force-assumptions}, 得	equation	eq:ch3-existence-galerkin-equations	eqref	tex/chapters/chapter-03/section-03.tex:1064	tex/chapters/chapter-03/section-03.tex:205	resolved
reference	(iii) 可以关于 $t$ 对 \eqref{eq:ch3-existence-galerkin-equations} 求导; 因为 $f$ 满足 \eqref{eq:ch3-regular-2d-force-assumptions}, 得	equation	eq:ch3-regular-2d-force-assumptions	eqref	tex/chapters/chapter-03/section-03.tex:1064	tex/chapters/chapter-03/section-03.tex:987	resolved
reference	将 \eqref{eq:ch3-regular-2d-differentiated-galerkin} 乘 $g_{jm}'(t)$, 再对 $j=1,\ldots,m$ 相加, 利用 \eqref{eq:ch3-existence-skew-cancellation}, 得	equation	eq:ch3-regular-2d-differentiated-galerkin	eqref	tex/chapters/chapter-03/section-03.tex:1071	tex/chapters/chapter-03/section-03.tex:1069	resolved
reference	将 \eqref{eq:ch3-regular-2d-differentiated-galerkin} 乘 $g_{jm}'(t)$, 再对 $j=1,\ldots,m$ 相加, 利用 \eqref{eq:ch3-existence-skew-cancellation}, 得	equation	eq:ch3-existence-skew-cancellation	eqref	tex/chapters/chapter-03/section-03.tex:1071	tex/chapters/chapter-03/section-03.tex:21	resolved
reference	由引理 \ref{lem:ch3-trilinear-2d},	lemma	lem:ch3-trilinear-2d	ref	tex/chapters/chapter-03/section-03.tex:1078	tex/chapters/chapter-03/section-03.tex:629	resolved
reference	因此由 \eqref{eq:ch3-regular-2d-derivative-energy-printed} 得	equation	eq:ch3-regular-2d-derivative-energy-printed	eqref	tex/chapters/chapter-03/section-03.tex:1087	tex/chapters/chapter-03/section-03.tex:1076	resolved
reference	因为 $u_m$ 保持在 $L^2(0,T;V)$ 的一个有界集中(见 \eqref{eq:ch3-existence-galerkin-l2-boundedness}), 且由 \eqref{eq:ch3-regular-2d-initial-derivative-boundedness}, \eqref{eq:ch3-regular-2d-derivative-gronwall-bound} 的右端对 $t\in[0,T]$ 和 $m$ 一致有界:	equation	eq:ch3-existence-galerkin-l2-boundedness	eqref	tex/chapters/chapter-03/section-03.tex:1113	tex/chapters/chapter-03/section-03.tex:291	resolved
reference	因为 $u_m$ 保持在 $L^2(0,T;V)$ 的一个有界集中(见 \eqref{eq:ch3-existence-galerkin-l2-boundedness}), 且由 \eqref{eq:ch3-regular-2d-initial-derivative-boundedness}, \eqref{eq:ch3-regular-2d-derivative-gronwall-bound} 的右端对 $t\in[0,T]$ 和 $m$ 一致有界:	equation	eq:ch3-regular-2d-initial-derivative-boundedness	eqref	tex/chapters/chapter-03/section-03.tex:1113	tex/chapters/chapter-03/section-03.tex:1061	resolved
reference	因为 $u_m$ 保持在 $L^2(0,T;V)$ 的一个有界集中(见 \eqref{eq:ch3-existence-galerkin-l2-boundedness}), 且由 \eqref{eq:ch3-regular-2d-initial-derivative-boundedness}, \eqref{eq:ch3-regular-2d-derivative-gronwall-bound} 的右端对 $t\in[0,T]$ 和 $m$ 一致有界:	equation	eq:ch3-regular-2d-derivative-gronwall-bound	eqref	tex/chapters/chapter-03/section-03.tex:1113	tex/chapters/chapter-03/section-03.tex:1109	resolved
reference	由 \eqref{eq:ch3-regular-2d-derivative-linfty-boundedness} 容易从 \eqref{eq:ch3-regular-2d-derivative-gronwall-inequality} 推出 $u_m'$ 保持在 $L^2(0,T;V)$ 的一个有界集中. 证明完成.	equation	eq:ch3-regular-2d-derivative-linfty-boundedness	eqref	tex/chapters/chapter-03/section-03.tex:1118	tex/chapters/chapter-03/section-03.tex:1116	resolved
reference	由 \eqref{eq:ch3-regular-2d-derivative-linfty-boundedness} 容易从 \eqref{eq:ch3-regular-2d-derivative-gronwall-inequality} 推出 $u_m'$ 保持在 $L^2(0,T;V)$ 的一个有界集中. 证明完成.	equation	eq:ch3-regular-2d-derivative-gronwall-inequality	eqref	tex/chapters/chapter-03/section-03.tex:1118	tex/chapters/chapter-03/section-03.tex:1092	resolved
reference	假设同定理 \ref{thm:ch3-more-regular-2d}, 并进一步假设 $\Omega$ 是有界 $C^2$ 集, 且	theorem	thm:ch3-more-regular-2d	ref	tex/chapters/chapter-03/section-03.tex:1124	tex/chapters/chapter-03/section-03.tex:982	resolved
reference	(i) 将 \eqref{eq:ch3-existence-operator-equation} 写成	equation	eq:ch3-existence-operator-equation	eqref	tex/chapters/chapter-03/section-03.tex:1137	tex/chapters/chapter-03/section-03.tex:155	resolved
reference	(iii) 现在可改进 \eqref{eq:ch3-regular-2d-g-l43}. 以不等式	equation	eq:ch3-regular-2d-g-l43	eqref	tex/chapters/chapter-03/section-03.tex:1171	tex/chapters/chapter-03/section-03.tex:1163	resolved
reference	取代 \eqref{eq:ch3-regular-2d-bu-l43-bound}, 可知 $Bu\in L^\infty(0,T;H)$. 因而 $g\in L^\infty(0,T;H)$, 再次应用 \MBUnresolvedReference{proposition}{Proposition 1.2.2} 得到 \eqref{eq:ch3-regular-2d-h2-linfty}.	equation	eq:ch3-regular-2d-bu-l43-bound	eqref	tex/chapters/chapter-03/section-03.tex:1175	tex/chapters/chapter-03/section-03.tex:1158	resolved
reference	取代 \eqref{eq:ch3-regular-2d-bu-l43-bound}, 可知 $Bu\in L^\infty(0,T;H)$. 因而 $g\in L^\infty(0,T;H)$, 再次应用 \MBUnresolvedReference{proposition}{Proposition 1.2.2} 得到 \eqref{eq:ch3-regular-2d-h2-linfty}.	equation	eq:ch3-regular-2d-h2-linfty	eqref	tex/chapters/chapter-03/section-03.tex:1175	tex/chapters/chapter-03/section-03.tex:1132	resolved
reference	并满足证明过程中给出的另一条件; 若 $\nu$ 充分大, 或 $f,u_0$ “充分小”, 该条件成立.\footnote{见 \eqref{eq:ch3-regular-3d-smallness-condition}.} 则问题 \ref{prob:ch3-weak-operator} 存在唯一解, 且	equation	eq:ch3-regular-3d-smallness-condition	eqref	tex/chapters/chapter-03/section-03.tex:1209	tex/chapters/chapter-03/section-03.tex:1272	resolved
reference	并满足证明过程中给出的另一条件; 若 $\nu$ 充分大, 或 $f,u_0$ “充分小”, 该条件成立.\footnote{见 \eqref{eq:ch3-regular-3d-smallness-condition}.} 则问题 \ref{prob:ch3-weak-operator} 存在唯一解, 且	unknown	prob:ch3-weak-operator	ref	tex/chapters/chapter-03/section-03.tex:1209	tex/chapters/chapter-03/section-03.tex:146	resolved
reference	(i) 首先注意, 唯一性只是定理 \ref{thm:ch3-uniqueness-3d} 的推论, 因为这样的解将满足	theorem	thm:ch3-uniqueness-3d	ref	tex/chapters/chapter-03/section-03.tex:1217	tex/chapters/chapter-03/section-03.tex:884	resolved
reference	而 $V\subset\mathbf L^4(\Omega)$ 因而推出(见 \eqref{eq:ch3-uniqueness-3d-serrin-class})	equation	eq:ch3-uniqueness-3d-serrin-class	eqref	tex/chapters/chapter-03/section-03.tex:1222	tex/chapters/chapter-03/section-03.tex:892	resolved
reference	(ii) 存在性证明的一些步骤与定理 \ref{thm:ch3-uniqueness-3d} 相同: 使用定理 \ref{thm:ch3-existence-weak-solution} 的 Galerkin 方法, 并选择基和 $u_{0m}$ 使 \eqref{eq:ch3-regular-2d-initial-projection} 成立. 估计 \eqref{eq:ch3-regular-2d-laplacian-bound}, 从而 \eqref{eq:ch3-regular-2d-initial-derivative-boundedness} 仍成立:	theorem	thm:ch3-uniqueness-3d	ref	tex/chapters/chapter-03/section-03.tex:1228	tex/chapters/chapter-03/section-03.tex:884	resolved
reference	(ii) 存在性证明的一些步骤与定理 \ref{thm:ch3-uniqueness-3d} 相同: 使用定理 \ref{thm:ch3-existence-weak-solution} 的 Galerkin 方法, 并选择基和 $u_{0m}$ 使 \eqref{eq:ch3-regular-2d-initial-projection} 成立. 估计 \eqref{eq:ch3-regular-2d-laplacian-bound}, 从而 \eqref{eq:ch3-regular-2d-initial-derivative-boundedness} 仍成立:	theorem	thm:ch3-existence-weak-solution	ref	tex/chapters/chapter-03/section-03.tex:1228	tex/chapters/chapter-03/section-03.tex:167	resolved
reference	(ii) 存在性证明的一些步骤与定理 \ref{thm:ch3-uniqueness-3d} 相同: 使用定理 \ref{thm:ch3-existence-weak-solution} 的 Galerkin 方法, 并选择基和 $u_{0m}$ 使 \eqref{eq:ch3-regular-2d-initial-projection} 成立. 估计 \eqref{eq:ch3-regular-2d-laplacian-bound}, 从而 \eqref{eq:ch3-regular-2d-initial-derivative-boundedness} 仍成立:	equation	eq:ch3-regular-2d-initial-projection	eqref	tex/chapters/chapter-03/section-03.tex:1228	tex/chapters/chapter-03/section-03.tex:1016	resolved
reference	(ii) 存在性证明的一些步骤与定理 \ref{thm:ch3-uniqueness-3d} 相同: 使用定理 \ref{thm:ch3-existence-weak-solution} 的 Galerkin 方法, 并选择基和 $u_{0m}$ 使 \eqref{eq:ch3-regular-2d-initial-projection} 成立. 估计 \eqref{eq:ch3-regular-2d-laplacian-bound}, 从而 \eqref{eq:ch3-regular-2d-initial-derivative-boundedness} 仍成立:	equation	eq:ch3-regular-2d-laplacian-bound	eqref	tex/chapters/chapter-03/section-03.tex:1228	tex/chapters/chapter-03/section-03.tex:1040	resolved
reference	(ii) 存在性证明的一些步骤与定理 \ref{thm:ch3-uniqueness-3d} 相同: 使用定理 \ref{thm:ch3-existence-weak-solution} 的 Galerkin 方法, 并选择基和 $u_{0m}$ 使 \eqref{eq:ch3-regular-2d-initial-projection} 成立. 估计 \eqref{eq:ch3-regular-2d-laplacian-bound}, 从而 \eqref{eq:ch3-regular-2d-initial-derivative-boundedness} 仍成立:	equation	eq:ch3-regular-2d-initial-derivative-boundedness	eqref	tex/chapters/chapter-03/section-03.tex:1228	tex/chapters/chapter-03/section-03.tex:1061	resolved
reference	以同样方式导出 \eqref{eq:ch3-regular-2d-derivative-energy-printed}, 再利用 \eqref{eq:ch3-regular-3d-trilinear-v-bound} 得	equation	eq:ch3-regular-2d-derivative-energy-printed	eqref	tex/chapters/chapter-03/section-03.tex:1235	tex/chapters/chapter-03/section-03.tex:1076	resolved
reference	以同样方式导出 \eqref{eq:ch3-regular-2d-derivative-energy-printed}, 再利用 \eqref{eq:ch3-regular-3d-trilinear-v-bound} 得	equation	eq:ch3-regular-3d-trilinear-v-bound	eqref	tex/chapters/chapter-03/section-03.tex:1235	tex/chapters/chapter-03/section-03.tex:1193	resolved
reference	(iii) 由 \eqref{eq:ch3-existence-galerkin-energy-inequality} 和 \eqref{eq:ch3-existence-galerkin-linfty-bound},	equation	eq:ch3-existence-galerkin-energy-inequality	eqref	tex/chapters/chapter-03/section-03.tex:1244	tex/chapters/chapter-03/section-03.tex:259	resolved
reference	(iii) 由 \eqref{eq:ch3-existence-galerkin-energy-inequality} 和 \eqref{eq:ch3-existence-galerkin-linfty-bound},	equation	eq:ch3-existence-galerkin-linfty-bound	eqref	tex/chapters/chapter-03/section-03.tex:1244	tex/chapters/chapter-03/section-03.tex:273	resolved
reference	利用 \eqref{eq:ch3-regular-3d-initial-derivative-bound}, 从 \eqref{eq:ch3-regular-3d-v-bound} 在 $t=0$ 时推出	equation	eq:ch3-regular-3d-initial-derivative-bound	eqref	tex/chapters/chapter-03/section-03.tex:1260	tex/chapters/chapter-03/section-03.tex:1233	resolved
reference	利用 \eqref{eq:ch3-regular-3d-initial-derivative-bound}, 从 \eqref{eq:ch3-regular-3d-v-bound} 在 $t=0$ 时推出	equation	eq:ch3-regular-3d-v-bound	eqref	tex/chapters/chapter-03/section-03.tex:1260	tex/chapters/chapter-03/section-03.tex:1253	resolved
reference	因为 $d_3\leq d_4$, 由 \eqref{eq:ch3-regular-3d-initial-v-bound}--\eqref{eq:ch3-regular-3d-smallness-condition} 得	equation	eq:ch3-regular-3d-initial-v-bound	eqref	tex/chapters/chapter-03/section-03.tex:1274	tex/chapters/chapter-03/section-03.tex:1265	resolved
reference	因为 $d_3\leq d_4$, 由 \eqref{eq:ch3-regular-3d-initial-v-bound}--\eqref{eq:ch3-regular-3d-smallness-condition} 得	equation	eq:ch3-regular-3d-smallness-condition	eqref	tex/chapters/chapter-03/section-03.tex:1274	tex/chapters/chapter-03/section-03.tex:1272	resolved
reference	(iv) 利用 \eqref{eq:ch3-regular-3d-coercivity-nonnegative}, 从 \eqref{eq:ch3-regular-3d-derivative-energy} 得	equation	eq:ch3-regular-3d-coercivity-nonnegative	eqref	tex/chapters/chapter-03/section-03.tex:1287	tex/chapters/chapter-03/section-03.tex:1284	resolved
reference	(iv) 利用 \eqref{eq:ch3-regular-3d-coercivity-nonnegative}, 从 \eqref{eq:ch3-regular-3d-derivative-energy} 得	equation	eq:ch3-regular-3d-derivative-energy	eqref	tex/chapters/chapter-03/section-03.tex:1287	tex/chapters/chapter-03/section-03.tex:1240	resolved
reference	而由 \eqref{eq:ch3-regular-3d-initial-derivative-bound},	equation	eq:ch3-regular-3d-initial-derivative-bound	eqref	tex/chapters/chapter-03/section-03.tex:1304	tex/chapters/chapter-03/section-03.tex:1233	resolved
reference	由 \eqref{eq:ch3-regular-3d-v-bound}, \eqref{eq:ch3-regular-3d-smallness-condition} 和 \eqref{eq:ch3-regular-3d-derivative-linfty-bound},	equation	eq:ch3-regular-3d-v-bound	eqref	tex/chapters/chapter-03/section-03.tex:1313	tex/chapters/chapter-03/section-03.tex:1253	resolved
reference	由 \eqref{eq:ch3-regular-3d-v-bound}, \eqref{eq:ch3-regular-3d-smallness-condition} 和 \eqref{eq:ch3-regular-3d-derivative-linfty-bound},	equation	eq:ch3-regular-3d-smallness-condition	eqref	tex/chapters/chapter-03/section-03.tex:1313	tex/chapters/chapter-03/section-03.tex:1272	resolved
reference	由 \eqref{eq:ch3-regular-3d-v-bound}, \eqref{eq:ch3-regular-3d-smallness-condition} 和 \eqref{eq:ch3-regular-3d-derivative-linfty-bound},	equation	eq:ch3-regular-3d-derivative-linfty-bound	eqref	tex/chapters/chapter-03/section-03.tex:1313	tex/chapters/chapter-03/section-03.tex:1309	resolved
reference	所以 $T_m=T$, 而 \eqref{eq:ch3-regular-3d-derivative-energy} 给出	equation	eq:ch3-regular-3d-derivative-energy	eqref	tex/chapters/chapter-03/section-03.tex:1324	tex/chapters/chapter-03/section-03.tex:1240	resolved
reference	在定理 \ref{thm:ch3-more-regular-3d} 的假设下, 若进一步假设 $\Omega$ 为 $C^2$ 类, 则函数 $u$ 满足	theorem	thm:ch3-more-regular-3d	ref	tex/chapters/chapter-03/section-03.tex:1343	tex/chapters/chapter-03/section-03.tex:1198	resolved
reference	将 \eqref{eq:ch3-existence-operator-equation} 写成	equation	eq:ch3-existence-operator-equation	eqref	tex/chapters/chapter-03/section-03.tex:1351	tex/chapters/chapter-03/section-03.tex:155	resolved
reference	则由 \MBUnresolvedReference{proposition}{Proposition 1.2.2} 得到 \eqref{eq:ch3-regular-3d-h2-linfty}.	equation	eq:ch3-regular-3d-h2-linfty	eqref	tex/chapters/chapter-03/section-03.tex:1362	tex/chapters/chapter-03/section-03.tex:1346	resolved
reference	由 \eqref{eq:ch3-regular-3d-bu-l32-bound} 及 $u\in L^\infty(0,T;V)$ 得	equation	eq:ch3-regular-3d-bu-l32-bound	eqref	tex/chapters/chapter-03/section-03.tex:1374	tex/chapters/chapter-03/section-03.tex:1372	resolved
reference	由 \eqref{eq:ch3-regular-3d-w285} 和 $u\in L^\infty(0,T;V)$, 容易证明 \eqref{eq:ch3-regular-3d-bu-h-linfty-goal}, 从而定理 \ref{thm:ch3-regular-3d-h2} 得证.	equation	eq:ch3-regular-3d-w285	eqref	tex/chapters/chapter-03/section-03.tex:1404	tex/chapters/chapter-03/section-03.tex:1402	resolved
reference	由 \eqref{eq:ch3-regular-3d-w285} 和 $u\in L^\infty(0,T;V)$, 容易证明 \eqref{eq:ch3-regular-3d-bu-h-linfty-goal}, 从而定理 \ref{thm:ch3-regular-3d-h2} 得证.	equation	eq:ch3-regular-3d-bu-h-linfty-goal	eqref	tex/chapters/chapter-03/section-03.tex:1404	tex/chapters/chapter-03/section-03.tex:1360	resolved
reference	由 \eqref{eq:ch3-regular-3d-w285} 和 $u\in L^\infty(0,T;V)$, 容易证明 \eqref{eq:ch3-regular-3d-bu-h-linfty-goal}, 从而定理 \ref{thm:ch3-regular-3d-h2} 得证.	theorem	thm:ch3-regular-3d-h2	ref	tex/chapters/chapter-03/section-03.tex:1404	tex/chapters/chapter-03/section-03.tex:1342	resolved
reference	关于正则性的结论与注 \ref{rem:ch3-regular-compatibility} 相同.	remark	rem:ch3-regular-compatibility	ref	tex/chapters/chapter-03/section-03.tex:1410	tex/chapters/chapter-03/section-03.tex:1181	resolved
reference	若 $u$ 是 \eqref{eq:ch3-existence-operator-solution-space}--\eqref{eq:ch3-existence-operator-initial} 的解, 则对任意 $n\leq4$,	equation	eq:ch3-existence-operator-solution-space	eqref	tex/chapters/chapter-03/section-03.tex:1421	tex/chapters/chapter-03/section-03.tex:151	resolved
reference	若 $u$ 是 \eqref{eq:ch3-existence-operator-solution-space}--\eqref{eq:ch3-existence-operator-initial} 的解, 则对任意 $n\leq4$,	equation	eq:ch3-existence-operator-initial	eqref	tex/chapters/chapter-03/section-03.tex:1421	tex/chapters/chapter-03/section-03.tex:159	resolved
reference	积分 \eqref{eq:ch3-existence-operator-equation} 得	equation	eq:ch3-existence-operator-equation	eqref	tex/chapters/chapter-03/section-03.tex:1426	tex/chapters/chapter-03/section-03.tex:155	resolved
reference	这使我们能够在 $Q=\Omega\times(0,T)$ 中按分布意义对 \eqref{eq:ch3-pressure-integrated-momentum} 求导; 令	equation	eq:ch3-pressure-integrated-momentum	eqref	tex/chapters/chapter-03/section-03.tex:1455	tex/chapters/chapter-03/section-03.tex:1444	resolved
reference	一般而言, 压力是由 \eqref{eq:ch3-pressure-p-continuity}--\eqref{eq:ch3-pressure-definition} 定义的 $Q$ 上分布. 在定理 \ref{thm:ch3-regular-2d-h2}($n=2$)或定理 \ref{thm:ch3-regular-3d-h2}($n=3$)的假设下, 应用 \MBUnresolvedReference{proposition}{Proposition 1.2.2} 还可得到	equation	eq:ch3-pressure-p-continuity	eqref	tex/chapters/chapter-03/section-03.tex:1467	tex/chapters/chapter-03/section-03.tex:1453	resolved
reference	一般而言, 压力是由 \eqref{eq:ch3-pressure-p-continuity}--\eqref{eq:ch3-pressure-definition} 定义的 $Q$ 上分布. 在定理 \ref{thm:ch3-regular-2d-h2}($n=2$)或定理 \ref{thm:ch3-regular-3d-h2}($n=3$)的假设下, 应用 \MBUnresolvedReference{proposition}{Proposition 1.2.2} 还可得到	equation	eq:ch3-pressure-definition	eqref	tex/chapters/chapter-03/section-03.tex:1467	tex/chapters/chapter-03/section-03.tex:1458	resolved
reference	一般而言, 压力是由 \eqref{eq:ch3-pressure-p-continuity}--\eqref{eq:ch3-pressure-definition} 定义的 $Q$ 上分布. 在定理 \ref{thm:ch3-regular-2d-h2}($n=2$)或定理 \ref{thm:ch3-regular-3d-h2}($n=3$)的假设下, 应用 \MBUnresolvedReference{proposition}{Proposition 1.2.2} 还可得到	theorem	thm:ch3-regular-2d-h2	ref	tex/chapters/chapter-03/section-03.tex:1467	tex/chapters/chapter-03/section-03.tex:1123	resolved
reference	一般而言, 压力是由 \eqref{eq:ch3-pressure-p-continuity}--\eqref{eq:ch3-pressure-definition} 定义的 $Q$ 上分布. 在定理 \ref{thm:ch3-regular-2d-h2}($n=2$)或定理 \ref{thm:ch3-regular-3d-h2}($n=3$)的假设下, 应用 \MBUnresolvedReference{proposition}{Proposition 1.2.2} 还可得到	theorem	thm:ch3-regular-3d-h2	ref	tex/chapters/chapter-03/section-03.tex:1467	tex/chapters/chapter-03/section-03.tex:1342	resolved
reference	\item “极弱解”的唯一性, 即定理 \ref{thm:ch3-existence-weak-solution} 保证存在的解的唯一性;	theorem	thm:ch3-existence-weak-solution	ref	tex/chapters/chapter-03/section-03.tex:1479	tex/chapters/chapter-03/section-03.tex:167	resolved
reference	\item 对任意数据在整体时间上的“更正则解”存在性, 例如定理 \ref{thm:ch3-uniqueness-3d} 保证唯一性的解, 或定理 \ref{thm:ch3-more-regular-3d} 在限制条件下证明存在的解.	theorem	thm:ch3-uniqueness-3d	ref	tex/chapters/chapter-03/section-03.tex:1480	tex/chapters/chapter-03/section-03.tex:884	resolved
reference	\item 对任意数据在整体时间上的“更正则解”存在性, 例如定理 \ref{thm:ch3-uniqueness-3d} 保证唯一性的解, 或定理 \ref{thm:ch3-more-regular-3d} 在限制条件下证明存在的解.	theorem	thm:ch3-more-regular-3d	ref	tex/chapters/chapter-03/section-03.tex:1480	tex/chapters/chapter-03/section-03.tex:1198	resolved
reference	\item 满足 \eqref{eq:ch3-existence-weak-variational-equation}, \eqref{eq:ch3-existence-weak-initial-condition} 且	equation	eq:ch3-existence-weak-variational-equation	eqref	tex/chapters/chapter-03/section-03.tex:1486	tex/chapters/chapter-03/section-03.tex:87	resolved
reference	\item 满足 \eqref{eq:ch3-existence-weak-variational-equation}, \eqref{eq:ch3-existence-weak-initial-condition} 且	equation	eq:ch3-existence-weak-initial-condition	eqref	tex/chapters/chapter-03/section-03.tex:1486	tex/chapters/chapter-03/section-03.tex:91	resolved
reference	并因而(定理 \ref{thm:ch3-uniqueness-2d})满足	theorem	thm:ch3-uniqueness-2d	ref	tex/chapters/chapter-03/section-03.tex:1491	tex/chapters/chapter-03/section-03.tex:693	resolved
reference	\item 满足 \eqref{eq:ch3-existence-weak-variational-equation}, \eqref{eq:ch3-existence-weak-initial-condition}, \eqref{eq:ch3-relations-weak-energy-class}, \eqref{eq:ch3-relations-weak-regularity}, 且还满足	equation	eq:ch3-existence-weak-variational-equation	eqref	tex/chapters/chapter-03/section-03.tex:1498	tex/chapters/chapter-03/section-03.tex:87	resolved
reference	\item 满足 \eqref{eq:ch3-existence-weak-variational-equation}, \eqref{eq:ch3-existence-weak-initial-condition}, \eqref{eq:ch3-relations-weak-energy-class}, \eqref{eq:ch3-relations-weak-regularity}, 且还满足	equation	eq:ch3-existence-weak-initial-condition	eqref	tex/chapters/chapter-03/section-03.tex:1498	tex/chapters/chapter-03/section-03.tex:91	resolved
reference	\item 满足 \eqref{eq:ch3-existence-weak-variational-equation}, \eqref{eq:ch3-existence-weak-initial-condition}, \eqref{eq:ch3-relations-weak-energy-class}, \eqref{eq:ch3-relations-weak-regularity}, 且还满足	equation	eq:ch3-relations-weak-energy-class	eqref	tex/chapters/chapter-03/section-03.tex:1498	tex/chapters/chapter-03/section-03.tex:1489	resolved
reference	\item 满足 \eqref{eq:ch3-existence-weak-variational-equation}, \eqref{eq:ch3-existence-weak-initial-condition}, \eqref{eq:ch3-relations-weak-energy-class}, \eqref{eq:ch3-relations-weak-regularity}, 且还满足	equation	eq:ch3-relations-weak-regularity	eqref	tex/chapters/chapter-03/section-03.tex:1498	tex/chapters/chapter-03/section-03.tex:1495	resolved
reference	由定理 \ref{thm:ch3-existence-weak-solution}, \ref{thm:ch3-uniqueness-2d}, \ref{thm:ch3-uniqueness-3d} 和 \ref{thm:ch3-more-regular-3d}, 已知弱解存在但未必唯一, 强解唯一但未必存在(除了一些限制很强的情形).	theorem	thm:ch3-existence-weak-solution	ref	tex/chapters/chapter-03/section-03.tex:1506	tex/chapters/chapter-03/section-03.tex:167	resolved
reference	由定理 \ref{thm:ch3-existence-weak-solution}, \ref{thm:ch3-uniqueness-2d}, \ref{thm:ch3-uniqueness-3d} 和 \ref{thm:ch3-more-regular-3d}, 已知弱解存在但未必唯一, 强解唯一但未必存在(除了一些限制很强的情形).	theorem	thm:ch3-uniqueness-2d	ref	tex/chapters/chapter-03/section-03.tex:1506	tex/chapters/chapter-03/section-03.tex:693	resolved
reference	由定理 \ref{thm:ch3-existence-weak-solution}, \ref{thm:ch3-uniqueness-2d}, \ref{thm:ch3-uniqueness-3d} 和 \ref{thm:ch3-more-regular-3d}, 已知弱解存在但未必唯一, 强解唯一但未必存在(除了一些限制很强的情形).	theorem	thm:ch3-uniqueness-3d	ref	tex/chapters/chapter-03/section-03.tex:1506	tex/chapters/chapter-03/section-03.tex:884	resolved
reference	由定理 \ref{thm:ch3-existence-weak-solution}, \ref{thm:ch3-uniqueness-2d}, \ref{thm:ch3-uniqueness-3d} 和 \ref{thm:ch3-more-regular-3d}, 已知弱解存在但未必唯一, 强解唯一但未必存在(除了一些限制很强的情形).	theorem	thm:ch3-more-regular-3d	ref	tex/chapters/chapter-03/section-03.tex:1506	tex/chapters/chapter-03/section-03.tex:1198	resolved
reference	注意定理 \ref{thm:ch3-existence-weak-solution} 给出的弱解满足能量不等式 \eqref{eq:ch3-existence-energy-inequality}(见注 \ref{rem:ch3-existence-unbounded-energy}):	theorem	thm:ch3-existence-weak-solution	ref	tex/chapters/chapter-03/section-03.tex:1508	tex/chapters/chapter-03/section-03.tex:167	resolved
reference	注意定理 \ref{thm:ch3-existence-weak-solution} 给出的弱解满足能量不等式 \eqref{eq:ch3-existence-energy-inequality}(见注 \ref{rem:ch3-existence-unbounded-energy}):	equation	eq:ch3-existence-energy-inequality	eqref	tex/chapters/chapter-03/section-03.tex:1508	tex/chapters/chapter-03/section-03.tex:559	resolved
reference	注意定理 \ref{thm:ch3-existence-weak-solution} 给出的弱解满足能量不等式 \eqref{eq:ch3-existence-energy-inequality}(见注 \ref{rem:ch3-existence-unbounded-energy}):	remark	rem:ch3-existence-unbounded-energy	ref	tex/chapters/chapter-03/section-03.tex:1508	tex/chapters/chapter-03/section-03.tex:503	resolved
reference	由定理 \ref{thm:ch3-uniqueness-3d}, \eqref{eq:ch3-uniqueness-3d-time-regularity} 和引理 \ref{lem:ch3-linear-lions-magenes-continuity}, 强解(若存在)满足能量等式而不是 \eqref{eq:ch3-relations-weak-energy-inequality}:	theorem	thm:ch3-uniqueness-3d	ref	tex/chapters/chapter-03/section-03.tex:1515	tex/chapters/chapter-03/section-03.tex:884	resolved
reference	由定理 \ref{thm:ch3-uniqueness-3d}, \eqref{eq:ch3-uniqueness-3d-time-regularity} 和引理 \ref{lem:ch3-linear-lions-magenes-continuity}, 强解(若存在)满足能量等式而不是 \eqref{eq:ch3-relations-weak-energy-inequality}:	equation	eq:ch3-uniqueness-3d-time-regularity	eqref	tex/chapters/chapter-03/section-03.tex:1515	tex/chapters/chapter-03/section-03.tex:906	resolved
reference	由定理 \ref{thm:ch3-uniqueness-3d}, \eqref{eq:ch3-uniqueness-3d-time-regularity} 和引理 \ref{lem:ch3-linear-lions-magenes-continuity}, 强解(若存在)满足能量等式而不是 \eqref{eq:ch3-relations-weak-energy-inequality}:	lemma	lem:ch3-linear-lions-magenes-continuity	ref	tex/chapters/chapter-03/section-03.tex:1515	tex/chapters/chapter-03/section-01.tex:572	resolved
reference	由定理 \ref{thm:ch3-uniqueness-3d}, \eqref{eq:ch3-uniqueness-3d-time-regularity} 和引理 \ref{lem:ch3-linear-lions-magenes-continuity}, 强解(若存在)满足能量等式而不是 \eqref{eq:ch3-relations-weak-energy-inequality}:	equation	eq:ch3-relations-weak-energy-inequality	eqref	tex/chapters/chapter-03/section-03.tex:1515	tex/chapters/chapter-03/section-03.tex:1513	resolved
reference	若存在满足 \eqref{eq:ch3-existence-weak-variational-equation}, \eqref{eq:ch3-existence-weak-initial-condition}, \eqref{eq:ch3-relations-weak-energy-class}, \eqref{eq:ch3-relations-strong-energy-equality} 的解 $v$(即强解), 则不存在另一个满足 \eqref{eq:ch3-existence-weak-variational-equation}, \eqref{eq:ch3-existence-weak-initial-condition}, \eqref{eq:ch3-relations-weak-energy-class}, \eqref{eq:ch3-relations-weak-regularity}, \eqref{eq:ch3-relations-weak-energy-inequality} 的解 $u$(即满足能量不等式的弱解).	equation	eq:ch3-existence-weak-variational-equation	eqref	tex/chapters/chapter-03/section-03.tex:1534	tex/chapters/chapter-03/section-03.tex:87	resolved
reference	若存在满足 \eqref{eq:ch3-existence-weak-variational-equation}, \eqref{eq:ch3-existence-weak-initial-condition}, \eqref{eq:ch3-relations-weak-energy-class}, \eqref{eq:ch3-relations-strong-energy-equality} 的解 $v$(即强解), 则不存在另一个满足 \eqref{eq:ch3-existence-weak-variational-equation}, \eqref{eq:ch3-existence-weak-initial-condition}, \eqref{eq:ch3-relations-weak-energy-class}, \eqref{eq:ch3-relations-weak-regularity}, \eqref{eq:ch3-relations-weak-energy-inequality} 的解 $u$(即满足能量不等式的弱解).	equation	eq:ch3-existence-weak-initial-condition	eqref	tex/chapters/chapter-03/section-03.tex:1534	tex/chapters/chapter-03/section-03.tex:91	resolved
reference	若存在满足 \eqref{eq:ch3-existence-weak-variational-equation}, \eqref{eq:ch3-existence-weak-initial-condition}, \eqref{eq:ch3-relations-weak-energy-class}, \eqref{eq:ch3-relations-strong-energy-equality} 的解 $v$(即强解), 则不存在另一个满足 \eqref{eq:ch3-existence-weak-variational-equation}, \eqref{eq:ch3-existence-weak-initial-condition}, \eqref{eq:ch3-relations-weak-energy-class}, \eqref{eq:ch3-relations-weak-regularity}, \eqref{eq:ch3-relations-weak-energy-inequality} 的解 $u$(即满足能量不等式的弱解).	equation	eq:ch3-relations-weak-energy-class	eqref	tex/chapters/chapter-03/section-03.tex:1534	tex/chapters/chapter-03/section-03.tex:1489	resolved
reference	若存在满足 \eqref{eq:ch3-existence-weak-variational-equation}, \eqref{eq:ch3-existence-weak-initial-condition}, \eqref{eq:ch3-relations-weak-energy-class}, \eqref{eq:ch3-relations-strong-energy-equality} 的解 $v$(即强解), 则不存在另一个满足 \eqref{eq:ch3-existence-weak-variational-equation}, \eqref{eq:ch3-existence-weak-initial-condition}, \eqref{eq:ch3-relations-weak-energy-class}, \eqref{eq:ch3-relations-weak-regularity}, \eqref{eq:ch3-relations-weak-energy-inequality} 的解 $u$(即满足能量不等式的弱解).	equation	eq:ch3-relations-strong-energy-equality	eqref	tex/chapters/chapter-03/section-03.tex:1534	tex/chapters/chapter-03/section-03.tex:1520	resolved
reference	若存在满足 \eqref{eq:ch3-existence-weak-variational-equation}, \eqref{eq:ch3-existence-weak-initial-condition}, \eqref{eq:ch3-relations-weak-energy-class}, \eqref{eq:ch3-relations-strong-energy-equality} 的解 $v$(即强解), 则不存在另一个满足 \eqref{eq:ch3-existence-weak-variational-equation}, \eqref{eq:ch3-existence-weak-initial-condition}, \eqref{eq:ch3-relations-weak-energy-class}, \eqref{eq:ch3-relations-weak-regularity}, \eqref{eq:ch3-relations-weak-energy-inequality} 的解 $u$(即满足能量不等式的弱解).	equation	eq:ch3-existence-weak-variational-equation	eqref	tex/chapters/chapter-03/section-03.tex:1534	tex/chapters/chapter-03/section-03.tex:87	resolved
reference	若存在满足 \eqref{eq:ch3-existence-weak-variational-equation}, \eqref{eq:ch3-existence-weak-initial-condition}, \eqref{eq:ch3-relations-weak-energy-class}, \eqref{eq:ch3-relations-strong-energy-equality} 的解 $v$(即强解), 则不存在另一个满足 \eqref{eq:ch3-existence-weak-variational-equation}, \eqref{eq:ch3-existence-weak-initial-condition}, \eqref{eq:ch3-relations-weak-energy-class}, \eqref{eq:ch3-relations-weak-regularity}, \eqref{eq:ch3-relations-weak-energy-inequality} 的解 $u$(即满足能量不等式的弱解).	equation	eq:ch3-existence-weak-initial-condition	eqref	tex/chapters/chapter-03/section-03.tex:1534	tex/chapters/chapter-03/section-03.tex:91	resolved
reference	若存在满足 \eqref{eq:ch3-existence-weak-variational-equation}, \eqref{eq:ch3-existence-weak-initial-condition}, \eqref{eq:ch3-relations-weak-energy-class}, \eqref{eq:ch3-relations-strong-energy-equality} 的解 $v$(即强解), 则不存在另一个满足 \eqref{eq:ch3-existence-weak-variational-equation}, \eqref{eq:ch3-existence-weak-initial-condition}, \eqref{eq:ch3-relations-weak-energy-class}, \eqref{eq:ch3-relations-weak-regularity}, \eqref{eq:ch3-relations-weak-energy-inequality} 的解 $u$(即满足能量不等式的弱解).	equation	eq:ch3-relations-weak-energy-class	eqref	tex/chapters/chapter-03/section-03.tex:1534	tex/chapters/chapter-03/section-03.tex:1489	resolved
reference	若存在满足 \eqref{eq:ch3-existence-weak-variational-equation}, \eqref{eq:ch3-existence-weak-initial-condition}, \eqref{eq:ch3-relations-weak-energy-class}, \eqref{eq:ch3-relations-strong-energy-equality} 的解 $v$(即强解), 则不存在另一个满足 \eqref{eq:ch3-existence-weak-variational-equation}, \eqref{eq:ch3-existence-weak-initial-condition}, \eqref{eq:ch3-relations-weak-energy-class}, \eqref{eq:ch3-relations-weak-regularity}, \eqref{eq:ch3-relations-weak-energy-inequality} 的解 $u$(即满足能量不等式的弱解).	equation	eq:ch3-relations-weak-regularity	eqref	tex/chapters/chapter-03/section-03.tex:1534	tex/chapters/chapter-03/section-03.tex:1495	resolved
reference	若存在满足 \eqref{eq:ch3-existence-weak-variational-equation}, \eqref{eq:ch3-existence-weak-initial-condition}, \eqref{eq:ch3-relations-weak-energy-class}, \eqref{eq:ch3-relations-strong-energy-equality} 的解 $v$(即强解), 则不存在另一个满足 \eqref{eq:ch3-existence-weak-variational-equation}, \eqref{eq:ch3-existence-weak-initial-condition}, \eqref{eq:ch3-relations-weak-energy-class}, \eqref{eq:ch3-relations-weak-regularity}, \eqref{eq:ch3-relations-weak-energy-inequality} 的解 $u$(即满足能量不等式的弱解).	equation	eq:ch3-relations-weak-energy-inequality	eqref	tex/chapters/chapter-03/section-03.tex:1534	tex/chapters/chapter-03/section-03.tex:1513	resolved
reference	设 $u,v$ 是定理 \ref{thm:ch3-weak-strong-uniqueness} 中的两个解; $u$ 满足 \eqref{eq:ch3-relations-weak-energy-inequality}, $v$ 满足 \eqref{eq:ch3-relations-strong-energy-equality}. 下一引理将证明	theorem	thm:ch3-weak-strong-uniqueness	ref	tex/chapters/chapter-03/section-03.tex:1541	tex/chapters/chapter-03/section-03.tex:1527	resolved
reference	设 $u,v$ 是定理 \ref{thm:ch3-weak-strong-uniqueness} 中的两个解; $u$ 满足 \eqref{eq:ch3-relations-weak-energy-inequality}, $v$ 满足 \eqref{eq:ch3-relations-strong-energy-equality}. 下一引理将证明	equation	eq:ch3-relations-weak-energy-inequality	eqref	tex/chapters/chapter-03/section-03.tex:1541	tex/chapters/chapter-03/section-03.tex:1513	resolved
reference	设 $u,v$ 是定理 \ref{thm:ch3-weak-strong-uniqueness} 中的两个解; $u$ 满足 \eqref{eq:ch3-relations-weak-energy-inequality}, $v$ 满足 \eqref{eq:ch3-relations-strong-energy-equality}. 下一引理将证明	equation	eq:ch3-relations-strong-energy-equality	eqref	tex/chapters/chapter-03/section-03.tex:1541	tex/chapters/chapter-03/section-03.tex:1520	resolved
reference	将 \eqref{eq:ch3-relations-weak-energy-inequality} 与 \eqref{eq:ch3-relations-strong-energy-equality} 相加, 再从相应不等式中减去两倍 \eqref{eq:ch3-relations-cross-energy}. 展开后得到	equation	eq:ch3-relations-weak-energy-inequality	eqref	tex/chapters/chapter-03/section-03.tex:1552	tex/chapters/chapter-03/section-03.tex:1513	resolved
reference	将 \eqref{eq:ch3-relations-weak-energy-inequality} 与 \eqref{eq:ch3-relations-strong-energy-equality} 相加, 再从相应不等式中减去两倍 \eqref{eq:ch3-relations-cross-energy}. 展开后得到	equation	eq:ch3-relations-strong-energy-equality	eqref	tex/chapters/chapter-03/section-03.tex:1552	tex/chapters/chapter-03/section-03.tex:1520	resolved
reference	将 \eqref{eq:ch3-relations-weak-energy-inequality} 与 \eqref{eq:ch3-relations-strong-energy-equality} 相加, 再从相应不等式中减去两倍 \eqref{eq:ch3-relations-cross-energy}. 展开后得到	equation	eq:ch3-relations-cross-energy	eqref	tex/chapters/chapter-03/section-03.tex:1552	tex/chapters/chapter-03/section-03.tex:1548	resolved
reference	利用 Hölder 不等式, 第 \ref{chap:steady-state-navier-stokes} 章导出估计	chapter	chap:steady-state-navier-stokes	ref	tex/chapters/chapter-03/section-03.tex:1558	tex/chapters/chapter-02.tex:5	resolved
reference	由引理 \ref{lem:ch3-ladyzhenskaya-3d}, 该式可由	lemma	lem:ch3-ladyzhenskaya-3d	ref	tex/chapters/chapter-03/section-03.tex:1564	tex/chapters/chapter-03/section-03.tex:786	resolved
reference	控制. 代入 \eqref{eq:ch3-relations-difference-energy} 得	equation	eq:ch3-relations-difference-energy	eqref	tex/chapters/chapter-03/section-03.tex:1571	tex/chapters/chapter-03/section-03.tex:1556	resolved
reference	由于 $t\mapsto\sigma(t)=2c_3\lVert v(t)\rVert_{\mathbf L^4(\Omega)}^8$ 可积($v$ 满足 \eqref{eq:ch3-relations-strong-class}), Gronwall 不等式给出	equation	eq:ch3-relations-strong-class	eqref	tex/chapters/chapter-03/section-03.tex:1576	tex/chapters/chapter-03/section-03.tex:1501	resolved
reference	还需证明 \eqref{eq:ch3-relations-cross-energy}.	equation	eq:ch3-relations-cross-energy	eqref	tex/chapters/chapter-03/section-03.tex:1583	tex/chapters/chapter-03/section-03.tex:1548	resolved
reference	对定理 \ref{thm:ch3-weak-strong-uniqueness} 中的 $u,v$, 关系 \eqref{eq:ch3-relations-cross-energy} 成立.	theorem	thm:ch3-weak-strong-uniqueness	ref	tex/chapters/chapter-03/section-03.tex:1588	tex/chapters/chapter-03/section-03.tex:1527	resolved
reference	对定理 \ref{thm:ch3-weak-strong-uniqueness} 中的 $u,v$, 关系 \eqref{eq:ch3-relations-cross-energy} 成立.	equation	eq:ch3-relations-cross-energy	eqref	tex/chapters/chapter-03/section-03.tex:1588	tex/chapters/chapter-03/section-03.tex:1548	resolved
reference	由 \eqref{eq:ch3-existence-operator-equation},	equation	eq:ch3-existence-operator-equation	eqref	tex/chapters/chapter-03/section-03.tex:1600	tex/chapters/chapter-03/section-03.tex:155	resolved
reference	对 \eqref{eq:ch3-relations-u-equation} 正则化得到	equation	eq:ch3-relations-u-equation	eqref	tex/chapters/chapter-03/section-03.tex:1609	tex/chapters/chapter-03/section-03.tex:1603	resolved
reference	由 \eqref{eq:ch3-relations-v-equation} 和 \eqref{eq:ch3-relations-regularized-u-equation}, 在 $(\epsilon,T-\epsilon)$ 上有	equation	eq:ch3-relations-v-equation	eqref	tex/chapters/chapter-03/section-03.tex:1619	tex/chapters/chapter-03/section-03.tex:1607	resolved
reference	由 \eqref{eq:ch3-relations-v-equation} 和 \eqref{eq:ch3-relations-regularized-u-equation}, 在 $(\epsilon,T-\epsilon)$ 上有	equation	eq:ch3-relations-regularized-u-equation	eqref	tex/chapters/chapter-03/section-03.tex:1619	tex/chapters/chapter-03/section-03.tex:1615	resolved
reference	将 \eqref{eq:ch3-relations-regularized-cross-derivative} 从 $s$ 积分到 $t$, $\epsilon<s<t<T-\epsilon$, 得	equation	eq:ch3-relations-regularized-cross-derivative	eqref	tex/chapters/chapter-03/section-03.tex:1638	tex/chapters/chapter-03/section-03.tex:1634	resolved
reference	由 \eqref{eq:ch3-relations-weak-energy-class}, \eqref{eq:ch3-relations-weak-regularity} 和 \eqref{eq:ch3-relations-strong-class},	equation	eq:ch3-relations-weak-energy-class	eqref	tex/chapters/chapter-03/section-03.tex:1650	tex/chapters/chapter-03/section-03.tex:1489	resolved
reference	由 \eqref{eq:ch3-relations-weak-energy-class}, \eqref{eq:ch3-relations-weak-regularity} 和 \eqref{eq:ch3-relations-strong-class},	equation	eq:ch3-relations-weak-regularity	eqref	tex/chapters/chapter-03/section-03.tex:1650	tex/chapters/chapter-03/section-03.tex:1495	resolved
reference	由 \eqref{eq:ch3-relations-weak-energy-class}, \eqref{eq:ch3-relations-weak-regularity} 和 \eqref{eq:ch3-relations-strong-class},	equation	eq:ch3-relations-strong-class	eqref	tex/chapters/chapter-03/section-03.tex:1650	tex/chapters/chapter-03/section-03.tex:1501	resolved
reference	因此可在 \eqref{eq:ch3-relations-regularized-cross-integral} 中取极限; 对几乎所有 $s,t$, $0<s<t<T$,	equation	eq:ch3-relations-regularized-cross-integral	eqref	tex/chapters/chapter-03/section-03.tex:1662	tex/chapters/chapter-03/section-03.tex:1648	resolved
reference	因为 $u$ 在 $H$ 中弱连续(定理 \ref{thm:ch3-existence-weak-solution}), $v$ 在 $H$ 中强连续(定理 \ref{thm:ch3-uniqueness-3d}), 函数 $t\mapsto(u(t),v(t))$ 连续, 所以 \eqref{eq:ch3-relations-cross-identity-general} 对所有 $0\leq s<t\leq T$ 成立. 令 $s=0$, 并注意	theorem	thm:ch3-existence-weak-solution	ref	tex/chapters/chapter-03/section-03.tex:1673	tex/chapters/chapter-03/section-03.tex:167	resolved
reference	因为 $u$ 在 $H$ 中弱连续(定理 \ref{thm:ch3-existence-weak-solution}), $v$ 在 $H$ 中强连续(定理 \ref{thm:ch3-uniqueness-3d}), 函数 $t\mapsto(u(t),v(t))$ 连续, 所以 \eqref{eq:ch3-relations-cross-identity-general} 对所有 $0\leq s<t\leq T$ 成立. 令 $s=0$, 并注意	theorem	thm:ch3-uniqueness-3d	ref	tex/chapters/chapter-03/section-03.tex:1673	tex/chapters/chapter-03/section-03.tex:884	resolved
reference	因为 $u$ 在 $H$ 中弱连续(定理 \ref{thm:ch3-existence-weak-solution}), $v$ 在 $H$ 中强连续(定理 \ref{thm:ch3-uniqueness-3d}), 函数 $t\mapsto(u(t),v(t))$ 连续, 所以 \eqref{eq:ch3-relations-cross-identity-general} 对所有 $0\leq s<t\leq T$ 成立. 令 $s=0$, 并注意	equation	eq:ch3-relations-cross-identity-general	eqref	tex/chapters/chapter-03/section-03.tex:1673	tex/chapters/chapter-03/section-03.tex:1671	resolved
reference	恰好得到 \eqref{eq:ch3-relations-cross-energy}.	equation	eq:ch3-relations-cross-energy	eqref	tex/chapters/chapter-03/section-03.tex:1677	tex/chapters/chapter-03/section-03.tex:1548	resolved
reference	若 $\Omega$ 是 $\mathbb R^n$($n=2,3$) 中的有界 Lipschitz 开集, 可在 Galerkin 方法(第 \ref{subsec:ch3-existence-proof} 小节)中采用第 \ref{subsec:ch1-stokes-eigenfunctions} 小节引入的特征函数基 $w_i$. 这将给出关于解的进一步先验估计, 以及与第 \ref{subsec:ch3-more-regular-solutions} 小节略有不同的正则解存在性结果.	subsection	subsec:ch3-existence-proof	ref	tex/chapters/chapter-03/section-03.tex:1683	tex/chapters/chapter-03/section-03.tex:194	resolved
reference	若 $\Omega$ 是 $\mathbb R^n$($n=2,3$) 中的有界 Lipschitz 开集, 可在 Galerkin 方法(第 \ref{subsec:ch3-existence-proof} 小节)中采用第 \ref{subsec:ch1-stokes-eigenfunctions} 小节引入的特征函数基 $w_i$. 这将给出关于解的进一步先验估计, 以及与第 \ref{subsec:ch3-more-regular-solutions} 小节略有不同的正则解存在性结果.	subsection	subsec:ch1-stokes-eigenfunctions	ref	tex/chapters/chapter-03/section-03.tex:1683	tex/chapters/chapter-01/section-02.tex:830	resolved
reference	若 $\Omega$ 是 $\mathbb R^n$($n=2,3$) 中的有界 Lipschitz 开集, 可在 Galerkin 方法(第 \ref{subsec:ch3-existence-proof} 小节)中采用第 \ref{subsec:ch1-stokes-eigenfunctions} 小节引入的特征函数基 $w_i$. 这将给出关于解的进一步先验估计, 以及与第 \ref{subsec:ch3-more-regular-solutions} 小节略有不同的正则解存在性结果.	subsection	subsec:ch3-more-regular-solutions	ref	tex/chapters/chapter-03/section-03.tex:1683	tex/chapters/chapter-03/section-03.tex:974	resolved
reference	把 \eqref{eq:ch3-special-basis-stokes-variational} 解释为线性 Stokes 问题, 再应用 \MBUnresolvedReference{proposition}{Proposition 1.2.2}, 得	equation	eq:ch3-special-basis-stokes-variational	eqref	tex/chapters/chapter-03/section-03.tex:1703	tex/chapters/chapter-03/section-03.tex:1701	resolved
reference	由 \eqref{eq:ch3-uniqueness-2d-l4-inequality},\footnote{关系 \eqref{eq:ch3-uniqueness-2d-l4-inequality} 对 $v\in H_0^1(\Omega)$ 建立; 对 $v\in H^1(\Omega)$ 也成立, 但系数 $2^{1/4}$ 换成依赖于 $\Omega$ 的常数. 见 Lions--Magenes [1].} 右端由	equation	eq:ch3-uniqueness-2d-l4-inequality	eqref	tex/chapters/chapter-03/section-03.tex:1732	tex/chapters/chapter-03/section-03.tex:579	resolved
reference	由 \eqref{eq:ch3-uniqueness-2d-l4-inequality},\footnote{关系 \eqref{eq:ch3-uniqueness-2d-l4-inequality} 对 $v\in H_0^1(\Omega)$ 建立; 对 $v\in H^1(\Omega)$ 也成立, 但系数 $2^{1/4}$ 换成依赖于 $\Omega$ 的常数. 见 Lions--Magenes [1].} 右端由	equation	eq:ch3-uniqueness-2d-l4-inequality	eqref	tex/chapters/chapter-03/section-03.tex:1732	tex/chapters/chapter-03/section-03.tex:579	resolved
reference	应用引理 \ref{lem:ch3-special-basis-a-norm} 得 \eqref{eq:ch3-special-basis-bu-2d}.	lemma	lem:ch3-special-basis-a-norm	ref	tex/chapters/chapter-03/section-03.tex:1742	tex/chapters/chapter-03/section-03.tex:1692	resolved
reference	应用引理 \ref{lem:ch3-special-basis-a-norm} 得 \eqref{eq:ch3-special-basis-bu-2d}.	equation	eq:ch3-special-basis-bu-2d	eqref	tex/chapters/chapter-03/section-03.tex:1742	tex/chapters/chapter-03/section-03.tex:1717	resolved
reference	于是 \eqref{eq:ch3-special-basis-bu-3d} 得证.	equation	eq:ch3-special-basis-bu-3d	eqref	tex/chapters/chapter-03/section-03.tex:1762	tex/chapters/chapter-03/section-03.tex:1722	resolved
reference	则问题 \ref{prob:ch3-weak-operator} 存在唯一解, 且还满足	unknown	prob:ch3-weak-operator	ref	tex/chapters/chapter-03/section-03.tex:1781	tex/chapters/chapter-03/section-03.tex:146	resolved
reference	先考虑 $u_0\in V$ 的情形. 再次考虑定理 \ref{thm:ch3-existence-weak-solution} 证明中使用的 Galerkin 逼近. 这次取第 \ref{subsec:ch1-stokes-eigenfunctions} 小节给出的 $w_j$, 并假设 $u_{0m}\in\operatorname{Sp}[w_1,\ldots,w_m]$ 满足	theorem	thm:ch3-existence-weak-solution	ref	tex/chapters/chapter-03/section-03.tex:1796	tex/chapters/chapter-03/section-03.tex:167	resolved
reference	先考虑 $u_0\in V$ 的情形. 再次考虑定理 \ref{thm:ch3-existence-weak-solution} 证明中使用的 Galerkin 逼近. 这次取第 \ref{subsec:ch1-stokes-eigenfunctions} 小节给出的 $w_j$, 并假设 $u_{0m}\in\operatorname{Sp}[w_1,\ldots,w_m]$ 满足	subsection	subsec:ch1-stokes-eigenfunctions	ref	tex/chapters/chapter-03/section-03.tex:1796	tex/chapters/chapter-01/section-02.tex:830	resolved
reference	关系 \eqref{eq:ch3-existence-galerkin-equations} 可写成	equation	eq:ch3-existence-galerkin-equations	eqref	tex/chapters/chapter-03/section-03.tex:1801	tex/chapters/chapter-03/section-03.tex:205	resolved
reference	因此乘以 $\lambda_j$ 后, 可将 \eqref{eq:ch3-special-basis-galerkin-equation} 写成	equation	eq:ch3-special-basis-galerkin-equation	eqref	tex/chapters/chapter-03/section-03.tex:1813	tex/chapters/chapter-03/section-03.tex:1805	resolved
reference	再乘 $g_j$(见 \eqref{eq:ch3-existence-galerkin-expansion})并对 $j=1,\ldots,m$ 相加, 得	equation	eq:ch3-existence-galerkin-expansion	eqref	tex/chapters/chapter-03/section-03.tex:1817	tex/chapters/chapter-03/section-03.tex:198	resolved
reference	由引理 \ref{lem:ch3-special-basis-bu-estimates},	lemma	lem:ch3-special-basis-bu-estimates	ref	tex/chapters/chapter-03/section-03.tex:1823	tex/chapters/chapter-03/section-03.tex:1712	resolved
reference	由估计 \eqref{eq:ch3-existence-galerkin-linfty-boundedness}, \eqref{eq:ch3-existence-galerkin-l2-boundedness},	equation	eq:ch3-existence-galerkin-linfty-boundedness	eqref	tex/chapters/chapter-03/section-03.tex:1843	tex/chapters/chapter-03/section-03.tex:278	resolved
reference	由估计 \eqref{eq:ch3-existence-galerkin-linfty-boundedness}, \eqref{eq:ch3-existence-galerkin-l2-boundedness},	equation	eq:ch3-existence-galerkin-l2-boundedness	eqref	tex/chapters/chapter-03/section-03.tex:1843	tex/chapters/chapter-03/section-03.tex:291	resolved
reference	再由 Gronwall 方法和 \eqref{eq:ch3-special-basis-galerkin-equation}, 得	equation	eq:ch3-special-basis-galerkin-equation	eqref	tex/chapters/chapter-03/section-03.tex:1847	tex/chapters/chapter-03/section-03.tex:1805	resolved
reference	回到 \eqref{eq:ch3-special-basis-2d-higher-energy-inequality}, 得	equation	eq:ch3-special-basis-2d-higher-energy-inequality	eqref	tex/chapters/chapter-03/section-03.tex:1854	tex/chapters/chapter-03/section-03.tex:1836	resolved
reference	由 \eqref{eq:ch3-special-basis-2d-v-linfty-boundedness} 和引理 \ref{lem:ch3-special-basis-a-norm},	equation	eq:ch3-special-basis-2d-v-linfty-boundedness	eqref	tex/chapters/chapter-03/section-03.tex:1862	tex/chapters/chapter-03/section-03.tex:1850	resolved
reference	由 \eqref{eq:ch3-special-basis-2d-v-linfty-boundedness} 和引理 \ref{lem:ch3-special-basis-a-norm},	lemma	lem:ch3-special-basis-a-norm	ref	tex/chapters/chapter-03/section-03.tex:1862	tex/chapters/chapter-03/section-03.tex:1692	resolved
reference	容易得出 $u_m$ 收敛到 $u$, 且 $u\in L^\infty(0,T;V)\cap L^2(0,T;\mathbf H^2(\Omega))$. 引理 \ref{lem:ch3-special-basis-bu-estimates} 推出 $Bu\in L^4(0,T;H)$; 另一方面 $Au\in L^2(0,T;H)$, 由 \eqref{eq:ch3-existence-operator-equation}, $u'=f-Bu-\nu Au\in L^2(0,T;H)$. 因此 $u_0\in V$ 时定理得证.	lemma	lem:ch3-special-basis-bu-estimates	ref	tex/chapters/chapter-03/section-03.tex:1867	tex/chapters/chapter-03/section-03.tex:1712	resolved
reference	容易得出 $u_m$ 收敛到 $u$, 且 $u\in L^\infty(0,T;V)\cap L^2(0,T;\mathbf H^2(\Omega))$. 引理 \ref{lem:ch3-special-basis-bu-estimates} 推出 $Bu\in L^4(0,T;H)$; 另一方面 $Au\in L^2(0,T;H)$, 由 \eqref{eq:ch3-existence-operator-equation}, $u'=f-Bu-\nu Au\in L^2(0,T;H)$. 因此 $u_0\in V$ 时定理得证.	equation	eq:ch3-existence-operator-equation	eqref	tex/chapters/chapter-03/section-03.tex:1867	tex/chapters/chapter-03/section-03.tex:155	resolved
reference	若 $u_0\in H$, 将 \eqref{eq:ch3-special-basis-2d-higher-energy-inequality} 乘 $t$, 得	equation	eq:ch3-special-basis-2d-higher-energy-inequality	eqref	tex/chapters/chapter-03/section-03.tex:1869	tex/chapters/chapter-03/section-03.tex:1836	resolved
reference	从而 $\sqrt t,u_m$ 保持在 $L^\infty(0,T;V)$ 和 $L^2(0,T;\mathbf H^2(\Omega))$ 中有界. 令 $m\to\infty$ 得到 \eqref{eq:ch3-special-basis-2d-weighted-regularity} 的第一部分; $\sqrt t,u'\in L^2(0,T;H)$ 用与前面类似的证明得到: 由 \eqref{eq:ch3-special-basis-bu-2d},	equation	eq:ch3-special-basis-2d-weighted-regularity	eqref	tex/chapters/chapter-03/section-03.tex:1874	tex/chapters/chapter-03/section-03.tex:1785	resolved
reference	从而 $\sqrt t,u_m$ 保持在 $L^\infty(0,T;V)$ 和 $L^2(0,T;\mathbf H^2(\Omega))$ 中有界. 令 $m\to\infty$ 得到 \eqref{eq:ch3-special-basis-2d-weighted-regularity} 的第一部分; $\sqrt t,u'\in L^2(0,T;H)$ 用与前面类似的证明得到: 由 \eqref{eq:ch3-special-basis-bu-2d},	equation	eq:ch3-special-basis-bu-2d	eqref	tex/chapters/chapter-03/section-03.tex:1874	tex/chapters/chapter-03/section-03.tex:1717	resolved
reference	使问题 \ref{prob:ch3-weak-operator} 在 $(0,T_*)$ 上存在唯一解 $u$, 且	unknown	prob:ch3-weak-operator	ref	tex/chapters/chapter-03/section-03.tex:1904	tex/chapters/chapter-03/section-03.tex:146	resolved
reference	像定理 \ref{thm:ch3-special-basis-2d} 一样进行, 直到等式 \eqref{eq:ch3-special-basis-higher-energy-identity}. 随后引理 \ref{lem:ch3-special-basis-bu-estimates} 给出	theorem	thm:ch3-special-basis-2d	ref	tex/chapters/chapter-03/section-03.tex:1916	tex/chapters/chapter-03/section-03.tex:1771	resolved
reference	像定理 \ref{thm:ch3-special-basis-2d} 一样进行, 直到等式 \eqref{eq:ch3-special-basis-higher-energy-identity}. 随后引理 \ref{lem:ch3-special-basis-bu-estimates} 给出	equation	eq:ch3-special-basis-higher-energy-identity	eqref	tex/chapters/chapter-03/section-03.tex:1916	tex/chapters/chapter-03/section-03.tex:1821	resolved
reference	像定理 \ref{thm:ch3-special-basis-2d} 一样进行, 直到等式 \eqref{eq:ch3-special-basis-higher-energy-identity}. 随后引理 \ref{lem:ch3-special-basis-bu-estimates} 给出	lemma	lem:ch3-special-basis-bu-estimates	ref	tex/chapters/chapter-03/section-03.tex:1916	tex/chapters/chapter-03/section-03.tex:1712	resolved
reference	由引理 \ref{lem:ch3-special-basis-bu-estimates}, $|Av|\leq c_{10}\lVert v\rVert$, 因而	lemma	lem:ch3-special-basis-bu-estimates	ref	tex/chapters/chapter-03/section-03.tex:1933	tex/chapters/chapter-03/section-03.tex:1712	resolved
reference	因此 $u_m$ 序列在 $L^\infty(0,T_*;V)$ 中有界, 进而像前面一样在 $L^2(0,T_*;\mathbf H^2(\Omega))$ 中有界. $u_m'$ 也在 $L^2(0,T_*;H)$ 中有界. 极限 $u$ 是问题 \ref{prob:ch3-weak-operator} 在 $[0,T_*]$ 上的唯一解, 结论得证.	unknown	prob:ch3-weak-operator	ref	tex/chapters/chapter-03/section-03.tex:1964	tex/chapters/chapter-03/section-03.tex:146	resolved
reference	直接地或在 \eqref{eq:ch3-special-basis-2d-higher-energy-inequality}, \eqref{eq:ch3-special-basis-3d-higher-energy-inequality} 中取下极限可知, $u$ 满足	equation	eq:ch3-special-basis-2d-higher-energy-inequality	eqref	tex/chapters/chapter-03/section-03.tex:1970	tex/chapters/chapter-03/section-03.tex:1836	resolved
reference	直接地或在 \eqref{eq:ch3-special-basis-2d-higher-energy-inequality}, \eqref{eq:ch3-special-basis-3d-higher-energy-inequality} 中取下极限可知, $u$ 满足	equation	eq:ch3-special-basis-3d-higher-energy-inequality	eqref	tex/chapters/chapter-03/section-03.tex:1970	tex/chapters/chapter-03/section-03.tex:1929	resolved
reference	设 $u$ 是定理 \ref{thm:ch3-existence-weak-solution} 给出的问题 \ref{prob:ch3-weak-operator} 的某个解(当 $n=2$ 时为唯一解). 由 \eqref{eq:ch3-existence-energy-inequality},	theorem	thm:ch3-existence-weak-solution	ref	tex/chapters/chapter-03/section-03.tex:2005	tex/chapters/chapter-03/section-03.tex:167	resolved
reference	设 $u$ 是定理 \ref{thm:ch3-existence-weak-solution} 给出的问题 \ref{prob:ch3-weak-operator} 的某个解(当 $n=2$ 时为唯一解). 由 \eqref{eq:ch3-existence-energy-inequality},	unknown	prob:ch3-weak-operator	ref	tex/chapters/chapter-03/section-03.tex:2005	tex/chapters/chapter-03/section-03.tex:146	resolved
reference	设 $u$ 是定理 \ref{thm:ch3-existence-weak-solution} 给出的问题 \ref{prob:ch3-weak-operator} 的某个解(当 $n=2$ 时为唯一解). 由 \eqref{eq:ch3-existence-energy-inequality},	equation	eq:ch3-existence-energy-inequality	eqref	tex/chapters/chapter-03/section-03.tex:2005	tex/chapters/chapter-03/section-03.tex:559	resolved
reference	而 \eqref{eq:ch3-special-basis-limit-2d}, \eqref{eq:ch3-special-basis-limit-3d} 给出	equation	eq:ch3-special-basis-limit-2d	eqref	tex/chapters/chapter-03/section-03.tex:2014	tex/chapters/chapter-03/section-03.tex:1975	resolved
reference	而 \eqref{eq:ch3-special-basis-limit-2d}, \eqref{eq:ch3-special-basis-limit-3d} 给出	equation	eq:ch3-special-basis-limit-3d	eqref	tex/chapters/chapter-03/section-03.tex:2014	tex/chapters/chapter-03/section-03.tex:1981	resolved
reference	因此 $\lVert u(t)\rVert$ 在 $t_1$ 后衰减; 更确切地说, \eqref{eq:ch3-zero-force-smallness-at-t1} 对任意 $t\geq t_1$ 保持成立, $u\in L^\infty(t_1,\infty;V)$, 且当 $t\to+\infty$ 时 $\lVert u(t)\rVert$ 指数趋于 $0$.	equation	eq:ch3-zero-force-smallness-at-t1	eqref	tex/chapters/chapter-03/section-03.tex:2036	tex/chapters/chapter-03/section-03.tex:2025	resolved
reference	\eqref{eq:ch3-zero-force-energy} 保证存在满足 \eqref{eq:ch3-zero-force-smallness-at-t1} 的 $t_1$. 否则对所有 $t_1>0$ 都必须有	equation	eq:ch3-zero-force-energy	eqref	tex/chapters/chapter-03/section-03.tex:2038	tex/chapters/chapter-03/section-03.tex:2010	resolved
reference	\eqref{eq:ch3-zero-force-energy} 保证存在满足 \eqref{eq:ch3-zero-force-smallness-at-t1} 的 $t_1$. 否则对所有 $t_1>0$ 都必须有	equation	eq:ch3-zero-force-smallness-at-t1	eqref	tex/chapters/chapter-03/section-03.tex:2038	tex/chapters/chapter-03/section-03.tex:2025	resolved
reference	若 $n=3$, 可取定理 \ref{thm:ch3-special-basis-3d} 给出的 $T_2=T_1$. 或者更直接地, 由	theorem	thm:ch3-special-basis-3d	ref	tex/chapters/chapter-03/section-03.tex:2045	tex/chapters/chapter-03/section-03.tex:1886	resolved
reference	本节给出 Navier--Stokes 方程弱解的另一种存在性证明, 它适用于任意空间维数. 通过关于 $t$ 的半离散构造逼近解, 再利用紧性论证取极限. 第 \ref{subsec:ch3-semidiscrete-formulation} 小节以适用于任意维数的方式重新表述问题并陈述存在性结果; 第 \ref{subsec:ch3-semidiscrete-approximation} 小节构造逼近解; 第 \ref{subsec:ch3-semidiscrete-estimates} 和 \ref{subsec:ch3-semidiscrete-limit} 小节分别处理先验估计与极限过程.	subsection	subsec:ch3-semidiscrete-formulation	ref	tex/chapters/chapter-03/section-04.tex:4	tex/chapters/chapter-03/section-04.tex:7	resolved
reference	本节给出 Navier--Stokes 方程弱解的另一种存在性证明, 它适用于任意空间维数. 通过关于 $t$ 的半离散构造逼近解, 再利用紧性论证取极限. 第 \ref{subsec:ch3-semidiscrete-formulation} 小节以适用于任意维数的方式重新表述问题并陈述存在性结果; 第 \ref{subsec:ch3-semidiscrete-approximation} 小节构造逼近解; 第 \ref{subsec:ch3-semidiscrete-estimates} 和 \ref{subsec:ch3-semidiscrete-limit} 小节分别处理先验估计与极限过程.	subsection	subsec:ch3-semidiscrete-approximation	ref	tex/chapters/chapter-03/section-04.tex:4	tex/chapters/chapter-03/section-04.tex:168	resolved
reference	本节给出 Navier--Stokes 方程弱解的另一种存在性证明, 它适用于任意空间维数. 通过关于 $t$ 的半离散构造逼近解, 再利用紧性论证取极限. 第 \ref{subsec:ch3-semidiscrete-formulation} 小节以适用于任意维数的方式重新表述问题并陈述存在性结果; 第 \ref{subsec:ch3-semidiscrete-approximation} 小节构造逼近解; 第 \ref{subsec:ch3-semidiscrete-estimates} 和 \ref{subsec:ch3-semidiscrete-limit} 小节分别处理先验估计与极限过程.	subsection	subsec:ch3-semidiscrete-estimates	ref	tex/chapters/chapter-03/section-04.tex:4	tex/chapters/chapter-03/section-04.tex:279	resolved
reference	本节给出 Navier--Stokes 方程弱解的另一种存在性证明, 它适用于任意空间维数. 通过关于 $t$ 的半离散构造逼近解, 再利用紧性论证取极限. 第 \ref{subsec:ch3-semidiscrete-formulation} 小节以适用于任意维数的方式重新表述问题并陈述存在性结果; 第 \ref{subsec:ch3-semidiscrete-approximation} 小节构造逼近解; 第 \ref{subsec:ch3-semidiscrete-estimates} 和 \ref{subsec:ch3-semidiscrete-limit} 小节分别处理先验估计与极限过程.	subsection	subsec:ch3-semidiscrete-limit	ref	tex/chapters/chapter-03/section-04.tex:4	tex/chapters/chapter-03/section-04.tex:442	resolved
reference	在更高维数中陈述存在性定理之前, 必须重新表述弱解问题. 与定常情形一样, 当 $n>4$ 时, $b$ 在 $V$ 上不是连续三线性型, 因而像 \eqref{eq:ch3-existence-force-assumption}--\eqref{eq:ch3-existence-weak-initial-condition} 那样的陈述没有意义, 因为其中的 $b(u(t),u(t),v)$ 项可能没有定义.	equation	eq:ch3-existence-force-assumption	eqref	tex/chapters/chapter-03/section-04.tex:8	tex/chapters/chapter-03/section-03.tex:72	resolved
reference	在更高维数中陈述存在性定理之前, 必须重新表述弱解问题. 与定常情形一样, 当 $n>4$ 时, $b$ 在 $V$ 上不是连续三线性型, 因而像 \eqref{eq:ch3-existence-force-assumption}--\eqref{eq:ch3-existence-weak-initial-condition} 那样的陈述没有意义, 因为其中的 $b(u(t),u(t),v)$ 项可能没有定义.	equation	eq:ch3-existence-weak-initial-condition	eqref	tex/chapters/chapter-03/section-04.tex:8	tex/chapters/chapter-03/section-03.tex:91	resolved
reference	为此再次引入(见第 \ref{chap:steady-state-navier-stokes} 章第 \ref{subsec:ch2-sobolev-compactness} 小节)空间 $V_s$:	chapter	chap:steady-state-navier-stokes	ref	tex/chapters/chapter-03/section-04.tex:10	tex/chapters/chapter-02.tex:5	resolved
reference	为此再次引入(见第 \ref{chap:steady-state-navier-stokes} 章第 \ref{subsec:ch2-sobolev-compactness} 小节)空间 $V_s$:	subsection	subsec:ch2-sobolev-compactness	ref	tex/chapters/chapter-03/section-04.tex:10	tex/chapters/chapter-02/section-01.tex:23	resolved
reference	由 $B$ 的定义和 \eqref{eq:ch3-semidiscrete-trilinear-estimate},	equation	eq:ch3-semidiscrete-trilinear-estimate	eqref	tex/chapters/chapter-03/section-04.tex:79	tex/chapters/chapter-03/section-04.tex:38	resolved
reference	若 $u$ 满足 \eqref{eq:ch3-semidiscrete-solution-space} 和 \eqref{eq:ch3-semidiscrete-variational-equation}, 则	equation	eq:ch3-semidiscrete-solution-space	eqref	tex/chapters/chapter-03/section-04.tex:120	tex/chapters/chapter-03/section-04.tex:109	resolved
reference	若 $u$ 满足 \eqref{eq:ch3-semidiscrete-solution-space} 和 \eqref{eq:ch3-semidiscrete-variational-equation}, 则	equation	eq:ch3-semidiscrete-variational-equation	eqref	tex/chapters/chapter-03/section-04.tex:120	tex/chapters/chapter-03/section-04.tex:114	resolved
reference	其中 $g=f-Bu-\nu Au$. 由引理 \ref{lem:ch3-semidiscrete-bu-vs-dual}, $Bu\in L^2(0,T;V_s')$, 而 $f-\nu Au\in L^2(0,T;V')$, 故	lemma	lem:ch3-semidiscrete-bu-vs-dual	ref	tex/chapters/chapter-03/section-04.tex:125	tex/chapters/chapter-03/section-04.tex:74	resolved
reference	引理 \ref{lem:ch3-linear-banach-valued-derivative} 因而推出	lemma	lem:ch3-linear-banach-valued-derivative	ref	tex/chapters/chapter-03/section-04.tex:130	tex/chapters/chapter-03/section-01.tex:102	resolved
reference	于是 $u$ 几乎处处等于从 $[0,T]$ 到 $V_s'$ 的连续函数, \eqref{eq:ch3-semidiscrete-initial-condition} 有意义.	equation	eq:ch3-semidiscrete-initial-condition	eqref	tex/chapters/chapter-03/section-04.tex:136	tex/chapters/chapter-03/section-04.tex:118	resolved
reference	问题 \ref{prob:ch3-semidiscrete-variational} 的另一表述如下.	unknown	prob:ch3-semidiscrete-variational	ref	tex/chapters/chapter-03/section-04.tex:138	tex/chapters/chapter-03/section-04.tex:96	resolved
reference	给定满足 \eqref{eq:ch3-semidiscrete-force}--\eqref{eq:ch3-semidiscrete-initial-data} 的 $f,u_0$, 求 $u$ 满足	equation	eq:ch3-semidiscrete-force	eqref	tex/chapters/chapter-03/section-04.tex:142	tex/chapters/chapter-03/section-04.tex:100	resolved
reference	给定满足 \eqref{eq:ch3-semidiscrete-force}--\eqref{eq:ch3-semidiscrete-initial-data} 的 $f,u_0$, 求 $u$ 满足	equation	eq:ch3-semidiscrete-initial-data	eqref	tex/chapters/chapter-03/section-04.tex:142	tex/chapters/chapter-03/section-04.tex:104	resolved
reference	两种表述等价. 下列定理给出解的存在性, 并蕴含定理 \ref{thm:ch3-existence-weak-solution}.	theorem	thm:ch3-existence-weak-solution	ref	tex/chapters/chapter-03/section-04.tex:156	tex/chapters/chapter-03/section-03.tex:167	resolved
reference	给定满足 \eqref{eq:ch3-semidiscrete-force}--\eqref{eq:ch3-semidiscrete-initial-data} 的 $f,u_0$. 则问题 \ref{prob:ch3-semidiscrete-operator} 至少存在一个解 $u$. 此外, $u$ 从 $[0,T]$ 到 $H$ 弱连续.	equation	eq:ch3-semidiscrete-force	eqref	tex/chapters/chapter-03/section-04.tex:161	tex/chapters/chapter-03/section-04.tex:100	resolved
reference	给定满足 \eqref{eq:ch3-semidiscrete-force}--\eqref{eq:ch3-semidiscrete-initial-data} 的 $f,u_0$. 则问题 \ref{prob:ch3-semidiscrete-operator} 至少存在一个解 $u$. 此外, $u$ 从 $[0,T]$ 到 $H$ 弱连续.	equation	eq:ch3-semidiscrete-initial-data	eqref	tex/chapters/chapter-03/section-04.tex:161	tex/chapters/chapter-03/section-04.tex:104	resolved
reference	给定满足 \eqref{eq:ch3-semidiscrete-force}--\eqref{eq:ch3-semidiscrete-initial-data} 的 $f,u_0$. 则问题 \ref{prob:ch3-semidiscrete-operator} 至少存在一个解 $u$. 此外, $u$ 从 $[0,T]$ 到 $H$ 弱连续.	unknown	prob:ch3-semidiscrete-operator	ref	tex/chapters/chapter-03/section-04.tex:161	tex/chapters/chapter-03/section-04.tex:141	resolved
reference	该定理在第 \ref{subsec:ch3-semidiscrete-approximation} 和 \ref{subsec:ch3-semidiscrete-estimates} 小节证明; $H$ 中的弱连续性直接来自 \eqref{eq:ch3-semidiscrete-operator-space} 和引理 \ref{lem:ch3-linear-weak-continuity-transfer}.	subsection	subsec:ch3-semidiscrete-approximation	ref	tex/chapters/chapter-03/section-04.tex:164	tex/chapters/chapter-03/section-04.tex:168	resolved
reference	该定理在第 \ref{subsec:ch3-semidiscrete-approximation} 和 \ref{subsec:ch3-semidiscrete-estimates} 小节证明; $H$ 中的弱连续性直接来自 \eqref{eq:ch3-semidiscrete-operator-space} 和引理 \ref{lem:ch3-linear-weak-continuity-transfer}.	subsection	subsec:ch3-semidiscrete-estimates	ref	tex/chapters/chapter-03/section-04.tex:164	tex/chapters/chapter-03/section-04.tex:279	resolved
reference	该定理在第 \ref{subsec:ch3-semidiscrete-approximation} 和 \ref{subsec:ch3-semidiscrete-estimates} 小节证明; $H$ 中的弱连续性直接来自 \eqref{eq:ch3-semidiscrete-operator-space} 和引理 \ref{lem:ch3-linear-weak-continuity-transfer}.	equation	eq:ch3-semidiscrete-operator-space	eqref	tex/chapters/chapter-03/section-04.tex:164	tex/chapters/chapter-03/section-04.tex:146	resolved
reference	该定理在第 \ref{subsec:ch3-semidiscrete-approximation} 和 \ref{subsec:ch3-semidiscrete-estimates} 小节证明; $H$ 中的弱连续性直接来自 \eqref{eq:ch3-semidiscrete-operator-space} 和引理 \ref{lem:ch3-linear-weak-continuity-transfer}.	lemma	lem:ch3-linear-weak-continuity-transfer	ref	tex/chapters/chapter-03/section-04.tex:164	tex/chapters/chapter-03/section-01.tex:687	resolved
reference	的 $V$ 中元素. $u^m$ 依赖于 $k$, 但简记为 $u^m$ 而不写 $u_k^m$. 其存在性由引理 \ref{lem:ch3-semidiscrete-step-existence} 保证.	lemma	lem:ch3-semidiscrete-step-existence	ref	tex/chapters/chapter-03/section-04.tex:192	tex/chapters/chapter-03/section-04.tex:196	resolved
reference	对每个固定的 $k$ 和每个 $m\geq1$, 至少存在一个满足 \eqref{eq:ch3-semidiscrete-recursion} 的 $u^m$, 且	equation	eq:ch3-semidiscrete-recursion	eqref	tex/chapters/chapter-03/section-04.tex:197	tex/chapters/chapter-03/section-04.tex:190	resolved
reference	第 \ref{subsec:ch3-semidiscrete-estimates} 小节给出这些函数的先验估计; 然后令 $k\to0$ 取极限(源文写作 \MBUnresolvedReference{section}{Section 4.3}).	subsection	subsec:ch3-semidiscrete-estimates	ref	tex/chapters/chapter-03/section-04.tex:217	tex/chapters/chapter-03/section-04.tex:279	resolved
reference	\begin{Proof}[引理 \ref{lem:ch3-semidiscrete-step-existence} 的证明]	lemma	lem:ch3-semidiscrete-step-existence	ref	tex/chapters/chapter-03/section-04.tex:219	tex/chapters/chapter-03/section-04.tex:196	resolved
reference	等式 \eqref{eq:ch3-semidiscrete-recursion} 必须在比 $V'$ 更大的空间中理解, 例如 $V_s'$ 中, $s\geq n/2$. 它等价于	equation	eq:ch3-semidiscrete-recursion	eqref	tex/chapters/chapter-03/section-04.tex:220	tex/chapters/chapter-03/section-04.tex:190	resolved
reference	还需取得与 $r$ 无关的先验估计并令 $r\to\infty$(此证明中 $k,m$ 固定). 在 \eqref{eq:ch3-semidiscrete-galerkin-equation} 中取 $v=\varphi_r$ 得	equation	eq:ch3-semidiscrete-galerkin-equation	eqref	tex/chapters/chapter-03/section-04.tex:241	tex/chapters/chapter-03/section-04.tex:237	resolved
reference	用标准论证在 \eqref{eq:ch3-semidiscrete-galerkin-equation} 中取极限, 证明 $\varphi=u^m$ 满足 \eqref{eq:ch3-semidiscrete-step-variational}. 最后在 \eqref{eq:ch3-semidiscrete-galerkin-energy-bound} 中取下极限, 利用弱拓扑下范数的下半连续性, 得到 \eqref{eq:ch3-semidiscrete-step-energy}.	equation	eq:ch3-semidiscrete-galerkin-equation	eqref	tex/chapters/chapter-03/section-04.tex:275	tex/chapters/chapter-03/section-04.tex:237	resolved
reference	用标准论证在 \eqref{eq:ch3-semidiscrete-galerkin-equation} 中取极限, 证明 $\varphi=u^m$ 满足 \eqref{eq:ch3-semidiscrete-step-variational}. 最后在 \eqref{eq:ch3-semidiscrete-galerkin-energy-bound} 中取下极限, 利用弱拓扑下范数的下半连续性, 得到 \eqref{eq:ch3-semidiscrete-step-energy}.	equation	eq:ch3-semidiscrete-step-variational	eqref	tex/chapters/chapter-03/section-04.tex:275	tex/chapters/chapter-03/section-04.tex:225	resolved
reference	用标准论证在 \eqref{eq:ch3-semidiscrete-galerkin-equation} 中取极限, 证明 $\varphi=u^m$ 满足 \eqref{eq:ch3-semidiscrete-step-variational}. 最后在 \eqref{eq:ch3-semidiscrete-galerkin-energy-bound} 中取下极限, 利用弱拓扑下范数的下半连续性, 得到 \eqref{eq:ch3-semidiscrete-step-energy}.	equation	eq:ch3-semidiscrete-galerkin-energy-bound	eqref	tex/chapters/chapter-03/section-04.tex:275	tex/chapters/chapter-03/section-04.tex:261	resolved
reference	用标准论证在 \eqref{eq:ch3-semidiscrete-galerkin-equation} 中取极限, 证明 $\varphi=u^m$ 满足 \eqref{eq:ch3-semidiscrete-step-variational}. 最后在 \eqref{eq:ch3-semidiscrete-galerkin-energy-bound} 中取下极限, 利用弱拓扑下范数的下半连续性, 得到 \eqref{eq:ch3-semidiscrete-step-energy}.	equation	eq:ch3-semidiscrete-step-energy	eqref	tex/chapters/chapter-03/section-04.tex:275	tex/chapters/chapter-03/section-04.tex:201	resolved
reference	如引理 \ref{lem:ch3-semidiscrete-step-existence} 的证明所述, 至少当 $n>4$ 时不能在 \eqref{eq:ch3-semidiscrete-recursion} 中与 $u^m$ 作内积, 因为 $Bu^m$ 一般不属于 $V'$. 但 \eqref{eq:ch3-semidiscrete-step-energy} 起到同样作用.	lemma	lem:ch3-semidiscrete-step-existence	ref	tex/chapters/chapter-03/section-04.tex:305	tex/chapters/chapter-03/section-04.tex:196	resolved
reference	如引理 \ref{lem:ch3-semidiscrete-step-existence} 的证明所述, 至少当 $n>4$ 时不能在 \eqref{eq:ch3-semidiscrete-recursion} 中与 $u^m$ 作内积, 因为 $Bu^m$ 一般不属于 $V'$. 但 \eqref{eq:ch3-semidiscrete-step-energy} 起到同样作用.	equation	eq:ch3-semidiscrete-recursion	eqref	tex/chapters/chapter-03/section-04.tex:305	tex/chapters/chapter-03/section-04.tex:190	resolved
reference	如引理 \ref{lem:ch3-semidiscrete-step-existence} 的证明所述, 至少当 $n>4$ 时不能在 \eqref{eq:ch3-semidiscrete-recursion} 中与 $u^m$ 作内积, 因为 $Bu^m$ 一般不属于 $V'$. 但 \eqref{eq:ch3-semidiscrete-step-energy} 起到同样作用.	equation	eq:ch3-semidiscrete-step-energy	eqref	tex/chapters/chapter-03/section-04.tex:305	tex/chapters/chapter-03/section-04.tex:201	resolved
reference	若 $f^m$ 由 \eqref{eq:ch3-semidiscrete-force-average} 定义, 则	equation	eq:ch3-semidiscrete-force-average	eqref	tex/chapters/chapter-03/section-04.tex:339	tex/chapters/chapter-03/section-04.tex:180	resolved
reference	对 $m=1,\ldots,N$ 求和即得 \eqref{eq:ch3-semidiscrete-force-average-estimate}.	equation	eq:ch3-semidiscrete-force-average-estimate	eqref	tex/chapters/chapter-03/section-04.tex:354	tex/chapters/chapter-03/section-04.tex:343	resolved
reference	在 \eqref{eq:ch3-semidiscrete-recursion} 中取 $V_s'$ 范数, 得	equation	eq:ch3-semidiscrete-recursion	eqref	tex/chapters/chapter-03/section-04.tex:369	tex/chapters/chapter-03/section-04.tex:190	resolved
reference	由 \eqref{eq:ch3-semidiscrete-trilinear-estimate} 和 \eqref{eq:ch3-semidiscrete-um-bound},	equation	eq:ch3-semidiscrete-trilinear-estimate	eqref	tex/chapters/chapter-03/section-04.tex:384	tex/chapters/chapter-03/section-04.tex:38	resolved
reference	由 \eqref{eq:ch3-semidiscrete-trilinear-estimate} 和 \eqref{eq:ch3-semidiscrete-um-bound},	equation	eq:ch3-semidiscrete-um-bound	eqref	tex/chapters/chapter-03/section-04.tex:384	tex/chapters/chapter-03/section-04.tex:287	resolved
reference	结合 \eqref{eq:ch3-semidiscrete-v-sum-bound} 和引理 \ref{lem:ch3-semidiscrete-force-average-bound} 即得证.	equation	eq:ch3-semidiscrete-v-sum-bound	eqref	tex/chapters/chapter-03/section-04.tex:397	tex/chapters/chapter-03/section-04.tex:291	resolved
reference	结合 \eqref{eq:ch3-semidiscrete-v-sum-bound} 和引理 \ref{lem:ch3-semidiscrete-force-average-bound} 即得证.	lemma	lem:ch3-semidiscrete-force-average-bound	ref	tex/chapters/chapter-03/section-04.tex:397	tex/chapters/chapter-03/section-04.tex:338	resolved
reference	关于 $u_k,w_k,w_k'$ 的估计分别是 \eqref{eq:ch3-semidiscrete-um-bound}--\eqref{eq:ch3-semidiscrete-v-sum-bound} 与引理 \ref{lem:ch3-semidiscrete-time-difference-bound} 的解释; \eqref{eq:ch3-semidiscrete-uk-wk-convergence} 由 \eqref{eq:ch3-semidiscrete-increment-bound} 和下一引理推出.	equation	eq:ch3-semidiscrete-um-bound	eqref	tex/chapters/chapter-03/section-04.tex:414	tex/chapters/chapter-03/section-04.tex:287	resolved
reference	关于 $u_k,w_k,w_k'$ 的估计分别是 \eqref{eq:ch3-semidiscrete-um-bound}--\eqref{eq:ch3-semidiscrete-v-sum-bound} 与引理 \ref{lem:ch3-semidiscrete-time-difference-bound} 的解释; \eqref{eq:ch3-semidiscrete-uk-wk-convergence} 由 \eqref{eq:ch3-semidiscrete-increment-bound} 和下一引理推出.	equation	eq:ch3-semidiscrete-v-sum-bound	eqref	tex/chapters/chapter-03/section-04.tex:414	tex/chapters/chapter-03/section-04.tex:291	resolved
reference	关于 $u_k,w_k,w_k'$ 的估计分别是 \eqref{eq:ch3-semidiscrete-um-bound}--\eqref{eq:ch3-semidiscrete-v-sum-bound} 与引理 \ref{lem:ch3-semidiscrete-time-difference-bound} 的解释; \eqref{eq:ch3-semidiscrete-uk-wk-convergence} 由 \eqref{eq:ch3-semidiscrete-increment-bound} 和下一引理推出.	lemma	lem:ch3-semidiscrete-time-difference-bound	ref	tex/chapters/chapter-03/section-04.tex:414	tex/chapters/chapter-03/section-04.tex:359	resolved
reference	关于 $u_k,w_k,w_k'$ 的估计分别是 \eqref{eq:ch3-semidiscrete-um-bound}--\eqref{eq:ch3-semidiscrete-v-sum-bound} 与引理 \ref{lem:ch3-semidiscrete-time-difference-bound} 的解释; \eqref{eq:ch3-semidiscrete-uk-wk-convergence} 由 \eqref{eq:ch3-semidiscrete-increment-bound} 和下一引理推出.	equation	eq:ch3-semidiscrete-uk-wk-convergence	eqref	tex/chapters/chapter-03/section-04.tex:414	tex/chapters/chapter-03/section-04.tex:409	resolved
reference	关于 $u_k,w_k,w_k'$ 的估计分别是 \eqref{eq:ch3-semidiscrete-um-bound}--\eqref{eq:ch3-semidiscrete-v-sum-bound} 与引理 \ref{lem:ch3-semidiscrete-time-difference-bound} 的解释; \eqref{eq:ch3-semidiscrete-uk-wk-convergence} 由 \eqref{eq:ch3-semidiscrete-increment-bound} 和下一引理推出.	equation	eq:ch3-semidiscrete-increment-bound	eqref	tex/chapters/chapter-03/section-04.tex:414	tex/chapters/chapter-03/section-04.tex:295	resolved
reference	求和即得 \eqref{eq:ch3-semidiscrete-interpolation-distance-formula}.	equation	eq:ch3-semidiscrete-interpolation-distance-formula	eqref	tex/chapters/chapter-03/section-04.tex:438	tex/chapters/chapter-03/section-04.tex:424	resolved
reference	由引理 \ref{lem:ch3-semidiscrete-function-bounds}, 可从 $u_k$ 抽取子序列 $u_{k'}$, 使	lemma	lem:ch3-semidiscrete-function-bounds	ref	tex/chapters/chapter-03/section-04.tex:443	tex/chapters/chapter-03/section-04.tex:404	resolved
reference	为在 \eqref{eq:ch3-semidiscrete-recursion} 中取极限, 需要 $u_k$ 的强收敛; $w_k$ 将发挥辅助作用. 可选取子序列使	equation	eq:ch3-semidiscrete-recursion	eqref	tex/chapters/chapter-03/section-04.tex:450	tex/chapters/chapter-03/section-04.tex:190	resolved
reference	由 \eqref{eq:ch3-semidiscrete-uk-wk-convergence}, $u_*=u$. 定理 \ref{thm:ch3-compactness-aubin-lions-banach} 给出	equation	eq:ch3-semidiscrete-uk-wk-convergence	eqref	tex/chapters/chapter-03/section-04.tex:462	tex/chapters/chapter-03/section-04.tex:409	resolved
reference	由 \eqref{eq:ch3-semidiscrete-uk-wk-convergence}, $u_*=u$. 定理 \ref{thm:ch3-compactness-aubin-lions-banach} 给出	theorem	thm:ch3-compactness-aubin-lions-banach	ref	tex/chapters/chapter-03/section-04.tex:462	tex/chapters/chapter-03/section-02.tex:114	resolved
reference	再由 \eqref{eq:ch3-semidiscrete-uk-wk-convergence},	equation	eq:ch3-semidiscrete-uk-wk-convergence	eqref	tex/chapters/chapter-03/section-04.tex:467	tex/chapters/chapter-03/section-04.tex:409	resolved
reference	方程 \eqref{eq:ch3-semidiscrete-recursion} 可解释为	equation	eq:ch3-semidiscrete-recursion	eqref	tex/chapters/chapter-03/section-04.tex:474	tex/chapters/chapter-03/section-04.tex:190	resolved
reference	由 \eqref{eq:ch3-semidiscrete-uk-weak-limits}, \eqref{eq:ch3-semidiscrete-uk-strong-limit} 及引理 \ref{lem:ch3-existence-bu-integrability}, \ref{lem:ch3-semidiscrete-bu-vs-dual},	equation	eq:ch3-semidiscrete-uk-weak-limits	eqref	tex/chapters/chapter-03/section-04.tex:484	tex/chapters/chapter-03/section-04.tex:448	resolved
reference	由 \eqref{eq:ch3-semidiscrete-uk-weak-limits}, \eqref{eq:ch3-semidiscrete-uk-strong-limit} 及引理 \ref{lem:ch3-existence-bu-integrability}, \ref{lem:ch3-semidiscrete-bu-vs-dual},	equation	eq:ch3-semidiscrete-uk-strong-limit	eqref	tex/chapters/chapter-03/section-04.tex:484	tex/chapters/chapter-03/section-04.tex:470	resolved
reference	由 \eqref{eq:ch3-semidiscrete-uk-weak-limits}, \eqref{eq:ch3-semidiscrete-uk-strong-limit} 及引理 \ref{lem:ch3-existence-bu-integrability}, \ref{lem:ch3-semidiscrete-bu-vs-dual},	lemma	lem:ch3-existence-bu-integrability	ref	tex/chapters/chapter-03/section-04.tex:484	tex/chapters/chapter-03/section-03.tex:100	resolved
reference	由 \eqref{eq:ch3-semidiscrete-uk-weak-limits}, \eqref{eq:ch3-semidiscrete-uk-strong-limit} 及引理 \ref{lem:ch3-existence-bu-integrability}, \ref{lem:ch3-semidiscrete-bu-vs-dual},	lemma	lem:ch3-semidiscrete-bu-vs-dual	ref	tex/chapters/chapter-03/section-04.tex:484	tex/chapters/chapter-03/section-04.tex:74	resolved
reference	由下面的引理 \ref{lem:ch3-semidiscrete-force-convergence},	lemma	lem:ch3-semidiscrete-force-convergence	ref	tex/chapters/chapter-03/section-04.tex:488	tex/chapters/chapter-03/section-04.tex:505	resolved
reference	因此可在 \eqref{eq:ch3-semidiscrete-functional-equation} 中取极限, 得	equation	eq:ch3-semidiscrete-functional-equation	eqref	tex/chapters/chapter-03/section-04.tex:492	tex/chapters/chapter-03/section-04.tex:477	resolved
reference	由 \eqref{eq:ch3-semidiscrete-wk-weak-limits}, \eqref{eq:ch3-semidiscrete-wk-derivative-limit} 和引理 \ref{lem:ch3-semidiscrete-trilinear-continuity},	equation	eq:ch3-semidiscrete-wk-weak-limits	eqref	tex/chapters/chapter-03/section-04.tex:496	tex/chapters/chapter-03/section-04.tex:455	resolved
reference	由 \eqref{eq:ch3-semidiscrete-wk-weak-limits}, \eqref{eq:ch3-semidiscrete-wk-derivative-limit} 和引理 \ref{lem:ch3-semidiscrete-trilinear-continuity},	equation	eq:ch3-semidiscrete-wk-derivative-limit	eqref	tex/chapters/chapter-03/section-04.tex:496	tex/chapters/chapter-03/section-04.tex:460	resolved
reference	由 \eqref{eq:ch3-semidiscrete-wk-weak-limits}, \eqref{eq:ch3-semidiscrete-wk-derivative-limit} 和引理 \ref{lem:ch3-semidiscrete-trilinear-continuity},	lemma	lem:ch3-semidiscrete-trilinear-continuity	ref	tex/chapters/chapter-03/section-04.tex:496	tex/chapters/chapter-03/section-04.tex:34	resolved
reference	因 $w_{k'}(0)=u_0$, 得 $u(0)=u_0$. 这证明 $u$ 满足 \eqref{eq:ch3-semidiscrete-operator-space}--\eqref{eq:ch3-semidiscrete-operator-initial}; 证明下列引理后定理 \ref{thm:ch3-semidiscrete-existence} 即证完.	equation	eq:ch3-semidiscrete-operator-space	eqref	tex/chapters/chapter-03/section-04.tex:501	tex/chapters/chapter-03/section-04.tex:146	resolved
reference	因 $w_{k'}(0)=u_0$, 得 $u(0)=u_0$. 这证明 $u$ 满足 \eqref{eq:ch3-semidiscrete-operator-space}--\eqref{eq:ch3-semidiscrete-operator-initial}; 证明下列引理后定理 \ref{thm:ch3-semidiscrete-existence} 即证完.	equation	eq:ch3-semidiscrete-operator-initial	eqref	tex/chapters/chapter-03/section-04.tex:501	tex/chapters/chapter-03/section-04.tex:154	resolved
reference	因 $w_{k'}(0)=u_0$, 得 $u(0)=u_0$. 这证明 $u$ 满足 \eqref{eq:ch3-semidiscrete-operator-space}--\eqref{eq:ch3-semidiscrete-operator-initial}; 证明下列引理后定理 \ref{thm:ch3-semidiscrete-existence} 即证完.	theorem	thm:ch3-semidiscrete-existence	ref	tex/chapters/chapter-03/section-04.tex:501	tex/chapters/chapter-03/section-04.tex:160	resolved
reference	变换 $f\mapsto f_k$ 是 $L^2(0,T;V')$ 中的线性平均映射; 由引理 \ref{lem:ch3-semidiscrete-force-average-bound}, 它连续且	lemma	lem:ch3-semidiscrete-force-average-bound	ref	tex/chapters/chapter-03/section-04.tex:514	tex/chapters/chapter-03/section-04.tex:338	resolved
reference	因此只需在 $L^2(0,T;V')$ 的稠密子空间中证明 \eqref{eq:ch3-semidiscrete-force-convergence}; 对 $f\in C([0,T];V')$, 结论显然, 略去证明.	equation	eq:ch3-semidiscrete-force-convergence	eqref	tex/chapters/chapter-03/section-04.tex:520	tex/chapters/chapter-03/section-04.tex:509	resolved
reference	将 \eqref{eq:ch3-semidiscrete-step-energy} 对 $m=1,\ldots,r$ 求和并舍去 $|u^m-u^{m-1}|^2$ 项, 得	equation	eq:ch3-semidiscrete-step-energy	eqref	tex/chapters/chapter-03/section-04.tex:526	tex/chapters/chapter-03/section-04.tex:201	resolved
unresolved	Section 3	section		MBUnresolvedReference	tex/chapters/chapter-03/section-01.tex:5		needs-review
unresolved	J. Leray [1, 2, 3]	citation		MBUnresolvedReference	tex/chapters/chapter-03/section-01.tex:5		needs-review
unresolved	E. Höpf [2]	citation		MBUnresolvedReference	tex/chapters/chapter-03/section-01.tex:5		needs-review
unresolved	Section 4	section		MBUnresolvedReference	tex/chapters/chapter-03/section-01.tex:5		needs-review
unresolved	Lions--Magenes [1]	citation		MBUnresolvedReference	tex/chapters/chapter-03/section-01.tex:568		needs-review
unresolved	Lions--Magenes [1]	citation		MBUnresolvedReference	tex/chapters/chapter-03/section-01.tex:586		needs-review
unresolved	Lions--Magenes [1]	citation		MBUnresolvedReference	tex/chapters/chapter-03/section-01.tex:772		needs-review
unresolved	Propositions 1.1.1 and 1.1.2	propositions		MBUnresolvedReference	tex/chapters/chapter-03/section-01.tex:905		needs-review
unresolved	Remark 1.1.4(ii)	remark		MBUnresolvedReference	tex/chapters/chapter-03/section-01.tex:910		needs-review
unresolved	Theorem 1.2.4	theorem		MBUnresolvedReference	tex/chapters/chapter-03/section-01.tex:1014		needs-review
unresolved	Chapter 1, (2.40)	equation		MBUnresolvedReference	tex/chapters/chapter-03/section-01.tex:1030		needs-review
unresolved	J. Leray [1, 2, 3]	citation		MBUnresolvedReference	tex/chapters/chapter-03/section-03.tex:4		needs-review
unresolved	J. Leray [1, 2, 3]	citation		MBUnresolvedReference	tex/chapters/chapter-03/section-03.tex:65		needs-review
unresolved	Lemma 2.1	lemma		MBUnresolvedReference	tex/chapters/chapter-03/section-03.tex:563		needs-review
unresolved	Theorem 4.1	theorem		MBUnresolvedReference	tex/chapters/chapter-03/section-03.tex:568		needs-review
unresolved	J.L. Lions and G. Prodi [1]	citation		MBUnresolvedReference	tex/chapters/chapter-03/section-03.tex:689		needs-review
unresolved	Lions [2, p. 84]	citation		MBUnresolvedReference	tex/chapters/chapter-03/section-03.tex:954		needs-review
unresolved	Proposition 1.2.2	proposition		MBUnresolvedReference	tex/chapters/chapter-03/section-03.tex:1148		needs-review
unresolved	Proposition 1.2.2	proposition		MBUnresolvedReference	tex/chapters/chapter-03/section-03.tex:1165		needs-review
unresolved	Proposition 1.2.2	proposition		MBUnresolvedReference	tex/chapters/chapter-03/section-03.tex:1175		needs-review
unresolved	Proposition 1.2.2	proposition		MBUnresolvedReference	tex/chapters/chapter-03/section-03.tex:1182		needs-review
unresolved	Proposition 2.1.1	proposition		MBUnresolvedReference	tex/chapters/chapter-03/section-03.tex:1182		needs-review
unresolved	Proposition 1.2.2	proposition		MBUnresolvedReference	tex/chapters/chapter-03/section-03.tex:1362		needs-review
unresolved	Proposition 1.2.2	proposition		MBUnresolvedReference	tex/chapters/chapter-03/section-03.tex:1364		needs-review
unresolved	Proposition 1.2.2	proposition		MBUnresolvedReference	tex/chapters/chapter-03/section-03.tex:1379		needs-review
unresolved	Proposition 1.2.2	proposition		MBUnresolvedReference	tex/chapters/chapter-03/section-03.tex:1397		needs-review
unresolved	Proposition 1.1.1	proposition		MBUnresolvedReference	tex/chapters/chapter-03/section-03.tex:1437		needs-review
unresolved	Proposition 1.1.2	proposition		MBUnresolvedReference	tex/chapters/chapter-03/section-03.tex:1437		needs-review
unresolved	Remark 1.1.4	remark		MBUnresolvedReference	tex/chapters/chapter-03/section-03.tex:1446		needs-review
unresolved	Proposition 1.2.2	proposition		MBUnresolvedReference	tex/chapters/chapter-03/section-03.tex:1467		needs-review
unresolved	Serrin [3]	citation		MBUnresolvedReference	tex/chapters/chapter-03/section-03.tex:1536		needs-review
unresolved	Proposition 1.2.2	proposition		MBUnresolvedReference	tex/chapters/chapter-03/section-03.tex:1703		needs-review
unresolved	Chapter 1, (2.64)	equation		MBUnresolvedReference	tex/chapters/chapter-03/section-03.tex:1807		needs-review
unresolved	Section 4.3	section		MBUnresolvedReference	tex/chapters/chapter-03/section-04.tex:217		needs-review
unresolved	Theorem 2.1.2	theorem		MBUnresolvedReference	tex/chapters/chapter-03/section-04.tex:227		needs-review
unresolved	Lemma 1.4	lemma		MBUnresolvedReference	tex/chapters/chapter-03/section-04.tex:227		needs-review
