Record Type	Original Reference	Target Object	LaTeX Label	Command	Translation Location	Target Location	Status
target		chapter	chap:steady-state-stokes	label	tex/chapters/chapter-01.tex:4	tex/chapters/chapter-01.tex:4	defined
target		section	sec:ch1-function-spaces	label	tex/chapters/chapter-01/section-01.tex:2	tex/chapters/chapter-01/section-01.tex:2	defined
target		subsection	subsec:ch1-notation	label	tex/chapters/chapter-01/section-01.tex:15	tex/chapters/chapter-01/section-01.tex:15	defined
target		equation	eq:ch1-multi-index-derivative	label	tex/chapters/chapter-01/section-01.tex:31	tex/chapters/chapter-01/section-01.tex:31	defined
target		equation	eq:ch1-multi-index-order	label	tex/chapters/chapter-01/section-01.tex:36	tex/chapters/chapter-01/section-01.tex:36	defined
target		equation	eq:ch1-domain-cr-condition	label	tex/chapters/chapter-01/section-01.tex:46	tex/chapters/chapter-01/section-01.tex:46	defined
target		equation	eq:ch1-domain-lipschitz-condition	label	tex/chapters/chapter-01/section-01.tex:53	tex/chapters/chapter-01/section-01.tex:53	defined
target		figure	fig:ch1-domain-example	label	tex/chapters/chapter-01/section-01.tex:65	tex/chapters/chapter-01/section-01.tex:65	defined
target		equation	eq:ch1-lp-norm	label	tex/chapters/chapter-01/section-01.tex:73	tex/chapters/chapter-01/section-01.tex:73	defined
target		equation	eq:ch1-l2-inner-product	label	tex/chapters/chapter-01/section-01.tex:82	tex/chapters/chapter-01/section-01.tex:82	defined
target		equation	eq:ch1-sobolev-norm	label	tex/chapters/chapter-01/section-01.tex:89	tex/chapters/chapter-01/section-01.tex:89	defined
target		equation	eq:ch1-sobolev-inner-product	label	tex/chapters/chapter-01/section-01.tex:94	tex/chapters/chapter-01/section-01.tex:94	defined
target		equation	eq:ch1-poincare-inequality	label	tex/chapters/chapter-01/section-01.tex:118	tex/chapters/chapter-01/section-01.tex:118	defined
target		equation	eq:ch1-h01-gradient-norm	label	tex/chapters/chapter-01/section-01.tex:123	tex/chapters/chapter-01/section-01.tex:123	defined
target		equation	eq:ch1-h01-gradient-inner-product	label	tex/chapters/chapter-01/section-01.tex:128	tex/chapters/chapter-01/section-01.tex:128	defined
target		equation	eq:ch1-test-divergence-free-space	label	tex/chapters/chapter-01/section-01.tex:135	tex/chapters/chapter-01/section-01.tex:135	defined
target		subsection	subsec:ch1-density-theorem	label	tex/chapters/chapter-01/section-01.tex:140	tex/chapters/chapter-01/section-01.tex:140	defined
target		equation	eq:ch1-e-space-inner-product	label	tex/chapters/chapter-01/section-01.tex:149	tex/chapters/chapter-01/section-01.tex:149	defined
target		theorem	thm:ch1-density-in-e	label	tex/chapters/chapter-01/section-01.tex:161	tex/chapters/chapter-01/section-01.tex:161	defined
target		equation	eq:ch1-mollifier-l2-convergence	label	tex/chapters/chapter-01/section-01.tex:178	tex/chapters/chapter-01/section-01.tex:178	defined
target		equation	eq:ch1-partition-of-unity	label	tex/chapters/chapter-01/section-01.tex:199	tex/chapters/chapter-01/section-01.tex:199	defined
target		lemma	lem:ch1-dilation-distribution	label	tex/chapters/chapter-01/section-01.tex:222	tex/chapters/chapter-01/section-01.tex:222	defined
target		equation	eq:ch1-dilated-distribution-definition	label	tex/chapters/chapter-01/section-01.tex:230	tex/chapters/chapter-01/section-01.tex:230	defined
target		equation	eq:ch1-dilated-distribution-derivative	label	tex/chapters/chapter-01/section-01.tex:236	tex/chapters/chapter-01/section-01.tex:236	defined
target		subsection	subsec:ch1-trace-theorem	label	tex/chapters/chapter-01/section-01.tex:267	tex/chapters/chapter-01/section-01.tex:267	defined
target		theorem	thm:ch1-normal-trace	label	tex/chapters/chapter-01/section-01.tex:275	tex/chapters/chapter-01/section-01.tex:275	defined
target		equation	eq:ch1-normal-trace-smooth	label	tex/chapters/chapter-01/section-01.tex:280	tex/chapters/chapter-01/section-01.tex:280	defined
target		equation	eq:ch1-generalized-stokes-formula	label	tex/chapters/chapter-01/section-01.tex:286	tex/chapters/chapter-01/section-01.tex:286	defined
target		lemma	lem:ch1-trace-functional-independent	label	tex/chapters/chapter-01/section-01.tex:299	tex/chapters/chapter-01/section-01.tex:299	defined
target		equation	eq:ch1-trace-functional-zero	label	tex/chapters/chapter-01/section-01.tex:307	tex/chapters/chapter-01/section-01.tex:307	defined
target		equation	eq:ch1-trace-functional-bound	label	tex/chapters/chapter-01/section-01.tex:324	tex/chapters/chapter-01/section-01.tex:324	defined
target		equation	eq:ch1-normal-trace-duality-definition	label	tex/chapters/chapter-01/section-01.tex:329	tex/chapters/chapter-01/section-01.tex:329	defined
target		equation	eq:ch1-normal-trace-bound	label	tex/chapters/chapter-01/section-01.tex:335	tex/chapters/chapter-01/section-01.tex:335	defined
target		lemma	lem:ch1-normal-trace-smooth	label	tex/chapters/chapter-01/section-01.tex:341	tex/chapters/chapter-01/section-01.tex:341	defined
target		remark	rem:ch1-normal-trace-uniqueness	label	tex/chapters/chapter-01/section-01.tex:359	tex/chapters/chapter-01/section-01.tex:359	defined
target		remark	rem:ch1-normal-trace-surjective	label	tex/chapters/chapter-01/section-01.tex:365	tex/chapters/chapter-01/section-01.tex:365	defined
target		equation	eq:ch1-neumann-lifting-problem	label	tex/chapters/chapter-01/section-01.tex:372	tex/chapters/chapter-01/section-01.tex:372	defined
target		equation	eq:ch1-normal-trace-mean-splitting	label	tex/chapters/chapter-01/section-01.tex:379	tex/chapters/chapter-01/section-01.tex:379	defined
target		equation	eq:ch1-normal-trace-lifting	label	tex/chapters/chapter-01/section-01.tex:385	tex/chapters/chapter-01/section-01.tex:385	defined
target		theorem	thm:ch1-kernel-normal-trace	label	tex/chapters/chapter-01/section-01.tex:394	tex/chapters/chapter-01/section-01.tex:394	defined
target		equation	eq:ch1-zero-extension-divergence	label	tex/chapters/chapter-01/section-01.tex:421	tex/chapters/chapter-01/section-01.tex:421	defined
target		remark	rem:ch1-nonsmooth-trace	label	tex/chapters/chapter-01/section-01.tex:430	tex/chapters/chapter-01/section-01.tex:430	defined
target		subsection	subsec:ch1-characterization-h-v	label	tex/chapters/chapter-01/section-01.tex:445	tex/chapters/chapter-01/section-01.tex:445	defined
target		equation	eq:ch1-gradient-annihilates-v	label	tex/chapters/chapter-01/section-01.tex:464	tex/chapters/chapter-01/section-01.tex:464	defined
target		proposition	prop:ch1-de-rham-gradient	label	tex/chapters/chapter-01/section-01.tex:470	tex/chapters/chapter-01/section-01.tex:470	defined
target		equation	eq:ch1-distribution-gradient	label	tex/chapters/chapter-01/section-01.tex:474	tex/chapters/chapter-01/section-01.tex:474	defined
target		equation	eq:ch1-distribution-gradient-condition	label	tex/chapters/chapter-01/section-01.tex:480	tex/chapters/chapter-01/section-01.tex:480	defined
target		proposition	prop:ch1-gradient-regularity	label	tex/chapters/chapter-01/section-01.tex:488	tex/chapters/chapter-01/section-01.tex:488	defined
target		equation	eq:ch1-gradient-l2-quotient-bound	label	tex/chapters/chapter-01/section-01.tex:495	tex/chapters/chapter-01/section-01.tex:495	defined
target		equation	eq:ch1-gradient-hminus1-bound	label	tex/chapters/chapter-01/section-01.tex:502	tex/chapters/chapter-01/section-01.tex:502	defined
target		remark	rem:ch1-gradient-operator-range	label	tex/chapters/chapter-01/section-01.tex:517	tex/chapters/chapter-01/section-01.tex:517	defined
target		theorem	thm:ch1-characterization-h	label	tex/chapters/chapter-01/section-01.tex:533	tex/chapters/chapter-01/section-01.tex:533	defined
target		equation	eq:ch1-h-orthogonal-characterization	label	tex/chapters/chapter-01/section-01.tex:537	tex/chapters/chapter-01/section-01.tex:537	defined
target		equation	eq:ch1-h-characterization	label	tex/chapters/chapter-01/section-01.tex:541	tex/chapters/chapter-01/section-01.tex:541	defined
target		equation	eq:ch1-gradient-orthogonal-v	label	tex/chapters/chapter-01/section-01.tex:549	tex/chapters/chapter-01/section-01.tex:549	defined
target		equation	eq:ch1-e-l2-norm-on-divfree	label	tex/chapters/chapter-01/section-01.tex:558	tex/chapters/chapter-01/section-01.tex:558	defined
target		equation	eq:ch1-harmonic-neumann-zero	label	tex/chapters/chapter-01/section-01.tex:566	tex/chapters/chapter-01/section-01.tex:566	defined
target		remark	rem:ch1-h-unbounded-domain	label	tex/chapters/chapter-01/section-01.tex:573	tex/chapters/chapter-01/section-01.tex:573	defined
target		equation	eq:ch1-h-orthogonal-arbitrary-domain	label	tex/chapters/chapter-01/section-01.tex:577	tex/chapters/chapter-01/section-01.tex:577	defined
target		equation	eq:ch1-h-orthogonal-unbounded-lipschitz	label	tex/chapters/chapter-01/section-01.tex:582	tex/chapters/chapter-01/section-01.tex:582	defined
target		theorem	thm:ch1-helmholtz-decomposition	label	tex/chapters/chapter-01/section-01.tex:588	tex/chapters/chapter-01/section-01.tex:588	defined
target		equation	eq:ch1-l2-orthogonal-decomposition	label	tex/chapters/chapter-01/section-01.tex:592	tex/chapters/chapter-01/section-01.tex:592	defined
target		equation	eq:ch1-h1-harmonic-gradient-space	label	tex/chapters/chapter-01/section-01.tex:597	tex/chapters/chapter-01/section-01.tex:597	defined
target		equation	eq:ch1-h2-dirichlet-gradient-space	label	tex/chapters/chapter-01/section-01.tex:601	tex/chapters/chapter-01/section-01.tex:601	defined
target		equation	eq:ch1-decomposition-u2	label	tex/chapters/chapter-01/section-01.tex:621	tex/chapters/chapter-01/section-01.tex:621	defined
target		equation	eq:ch1-decomposition-neumann-q	label	tex/chapters/chapter-01/section-01.tex:628	tex/chapters/chapter-01/section-01.tex:628	defined
target		equation	eq:ch1-decomposition-u1	label	tex/chapters/chapter-01/section-01.tex:638	tex/chapters/chapter-01/section-01.tex:638	defined
target		equation	eq:ch1-decomposition-u0	label	tex/chapters/chapter-01/section-01.tex:642	tex/chapters/chapter-01/section-01.tex:642	defined
target		remark	rem:ch1-summary-results	label	tex/chapters/chapter-01/section-01.tex:658	tex/chapters/chapter-01/section-01.tex:658	defined
target		equation	eq:ch1-helmholtz-projection-h1-bound	label	tex/chapters/chapter-01/section-01.tex:668	tex/chapters/chapter-01/section-01.tex:668	defined
target		equation	eq:ch1-helmholtz-projection-hr-bound	label	tex/chapters/chapter-01/section-01.tex:675	tex/chapters/chapter-01/section-01.tex:675	defined
target		theorem	thm:ch1-characterization-v	label	tex/chapters/chapter-01/section-01.tex:685	tex/chapters/chapter-01/section-01.tex:685	defined
target		equation	eq:ch1-v-characterization	label	tex/chapters/chapter-01/section-01.tex:689	tex/chapters/chapter-01/section-01.tex:689	defined
target		equation	eq:ch1-v-functional-representation	label	tex/chapters/chapter-01/section-01.tex:700	tex/chapters/chapter-01/section-01.tex:700	defined
target		remark	rem:ch1-v-star-shaped	label	tex/chapters/chapter-01/section-01.tex:719	tex/chapters/chapter-01/section-01.tex:719	defined
target		remark	rem:ch1-frequently-used-results	label	tex/chapters/chapter-01/section-01.tex:729	tex/chapters/chapter-01/section-01.tex:729	defined
target		remark	rem:ch1-alternate-gradient-proof	label	tex/chapters/chapter-01/section-01.tex:735	tex/chapters/chapter-01/section-01.tex:735	defined
target		equation	eq:ch1-tartar-bounded-gradient-result	label	tex/chapters/chapter-01/section-01.tex:741	tex/chapters/chapter-01/section-01.tex:741	defined
target		equation	eq:ch1-tartar-arbitrary-gradient-result	label	tex/chapters/chapter-01/section-01.tex:747	tex/chapters/chapter-01/section-01.tex:747	defined
target		section	sec:ch1-stokes-existence-uniqueness	label	tex/chapters/chapter-01/section-02.tex:3	tex/chapters/chapter-01/section-02.tex:3	defined
target		subsection	subsec:ch1-stokes-variational-formulation	label	tex/chapters/chapter-01/section-02.tex:8	tex/chapters/chapter-01/section-02.tex:8	defined
target		equation	eq:ch1-stokes-momentum	label	tex/chapters/chapter-01/section-02.tex:13	tex/chapters/chapter-01/section-02.tex:13	defined
target		equation	eq:ch1-stokes-incompressibility	label	tex/chapters/chapter-01/section-02.tex:17	tex/chapters/chapter-01/section-02.tex:17	defined
target		equation	eq:ch1-stokes-homogeneous-boundary	label	tex/chapters/chapter-01/section-02.tex:21	tex/chapters/chapter-01/section-02.tex:21	defined
target		equation	eq:ch1-stokes-gradient-form	label	tex/chapters/chapter-01/section-02.tex:31	tex/chapters/chapter-01/section-02.tex:31	defined
target		equation	eq:ch1-stokes-variational-smooth	label	tex/chapters/chapter-01/section-02.tex:40	tex/chapters/chapter-01/section-02.tex:40	defined
target		equation	eq:ch1-stokes-variational-problem	label	tex/chapters/chapter-01/section-02.tex:45	tex/chapters/chapter-01/section-02.tex:45	defined
target		lemma	lem:ch1-stokes-variational-equivalence	label	tex/chapters/chapter-01/section-02.tex:60	tex/chapters/chapter-01/section-02.tex:60	defined
target		equation	eq:ch1-stokes-weak-momentum	label	tex/chapters/chapter-01/section-02.tex:69	tex/chapters/chapter-01/section-02.tex:69	defined
target		equation	eq:ch1-stokes-weak-incompressibility	label	tex/chapters/chapter-01/section-02.tex:73	tex/chapters/chapter-01/section-02.tex:73	defined
target		equation	eq:ch1-stokes-weak-boundary	label	tex/chapters/chapter-01/section-02.tex:77	tex/chapters/chapter-01/section-02.tex:77	defined
target		definition	def:ch1-stokes-variational-formulation	label	tex/chapters/chapter-01/section-02.tex:83	tex/chapters/chapter-01/section-02.tex:83	defined
target		remark	rem:ch1-stokes-variational-observations	label	tex/chapters/chapter-01/section-02.tex:89	tex/chapters/chapter-01/section-02.tex:89	defined
target		subsection	subsec:ch1-projection-theorem	label	tex/chapters/chapter-01/section-02.tex:108	tex/chapters/chapter-01/section-02.tex:108	defined
target		equation	eq:ch1-domain-bounded-one-direction	label	tex/chapters/chapter-01/section-02.tex:113	tex/chapters/chapter-01/section-02.tex:113	defined
target		theorem	thm:ch1-stokes-existence-uniqueness	label	tex/chapters/chapter-01/section-02.tex:119	tex/chapters/chapter-01/section-02.tex:119	defined
target		theorem	thm:ch1-abstract-projection	label	tex/chapters/chapter-01/section-02.tex:131	tex/chapters/chapter-01/section-02.tex:131	defined
target		equation	eq:ch1-coercivity	label	tex/chapters/chapter-01/section-02.tex:135	tex/chapters/chapter-01/section-02.tex:135	defined
target		equation	eq:ch1-abstract-variational-problem	label	tex/chapters/chapter-01/section-02.tex:140	tex/chapters/chapter-01/section-02.tex:140	defined
target		equation	eq:ch1-galerkin-approximation	label	tex/chapters/chapter-01/section-02.tex:163	tex/chapters/chapter-01/section-02.tex:163	defined
target		equation	eq:ch1-galerkin-equations	label	tex/chapters/chapter-01/section-02.tex:168	tex/chapters/chapter-01/section-02.tex:168	defined
target		equation	eq:ch1-galerkin-basis-equations	label	tex/chapters/chapter-01/section-02.tex:173	tex/chapters/chapter-01/section-02.tex:173	defined
target		equation	eq:ch1-galerkin-linear-system	label	tex/chapters/chapter-01/section-02.tex:179	tex/chapters/chapter-01/section-02.tex:179	defined
target		equation	eq:ch1-galerkin-homogeneous-system	label	tex/chapters/chapter-01/section-02.tex:184	tex/chapters/chapter-01/section-02.tex:184	defined
target		equation	eq:ch1-galerkin-energy-identity	label	tex/chapters/chapter-01/section-02.tex:203	tex/chapters/chapter-01/section-02.tex:203	defined
target		equation	eq:ch1-galerkin-uniform-bound	label	tex/chapters/chapter-01/section-02.tex:214	tex/chapters/chapter-01/section-02.tex:214	defined
target		equation	eq:ch1-galerkin-weak-convergence	label	tex/chapters/chapter-01/section-02.tex:219	tex/chapters/chapter-01/section-02.tex:219	defined
target		equation	eq:ch1-galerkin-limit-equation	label	tex/chapters/chapter-01/section-02.tex:228	tex/chapters/chapter-01/section-02.tex:228	defined
target		lemma	lem:ch1-bilinear-weak-strong-limits	label	tex/chapters/chapter-01/section-02.tex:235	tex/chapters/chapter-01/section-02.tex:235	defined
target		equation	eq:ch1-bilinear-strong-weak-limit	label	tex/chapters/chapter-01/section-02.tex:239	tex/chapters/chapter-01/section-02.tex:239	defined
target		equation	eq:ch1-bilinear-weak-strong-limit	label	tex/chapters/chapter-01/section-02.tex:243	tex/chapters/chapter-01/section-02.tex:243	defined
target		equation	eq:ch1-bilinear-associated-operator	label	tex/chapters/chapter-01/section-02.tex:264	tex/chapters/chapter-01/section-02.tex:264	defined
target		remark	rem:ch1-projection-theorem-comments	label	tex/chapters/chapter-01/section-02.tex:279	tex/chapters/chapter-01/section-02.tex:279	defined
target		equation	eq:ch1-operator-equation	label	tex/chapters/chapter-01/section-02.tex:291	tex/chapters/chapter-01/section-02.tex:291	defined
target		proposition	prop:ch1-stokes-energy-minimizer	label	tex/chapters/chapter-01/section-02.tex:300	tex/chapters/chapter-01/section-02.tex:300	defined
target		equation	eq:ch1-stokes-energy-minimum	label	tex/chapters/chapter-01/section-02.tex:304	tex/chapters/chapter-01/section-02.tex:304	defined
target		equation	eq:ch1-stokes-energy-functional	label	tex/chapters/chapter-01/section-02.tex:309	tex/chapters/chapter-01/section-02.tex:309	defined
target		equation	eq:ch1-stokes-energy-expansion	label	tex/chapters/chapter-01/section-02.tex:321	tex/chapters/chapter-01/section-02.tex:321	defined
target		equation	eq:ch1-stokes-energy-quadratic	label	tex/chapters/chapter-01/section-02.tex:341	tex/chapters/chapter-01/section-02.tex:341	defined
target		remark	rem:ch1-stokes-vbullet-problem	label	tex/chapters/chapter-01/section-02.tex:352	tex/chapters/chapter-01/section-02.tex:352	defined
target		equation	eq:ch1-stokes-vbullet-variational	label	tex/chapters/chapter-01/section-02.tex:356	tex/chapters/chapter-01/section-02.tex:356	defined
target		subsection	subsec:ch1-stokes-unbounded-domain	label	tex/chapters/chapter-01/section-02.tex:361	tex/chapters/chapter-01/section-02.tex:361	defined
target		equation	eq:ch1-y-space-definition	label	tex/chapters/chapter-01/section-02.tex:372	tex/chapters/chapter-01/section-02.tex:372	defined
target		equation	eq:ch1-v-in-y	label	tex/chapters/chapter-01/section-02.tex:377	tex/chapters/chapter-01/section-02.tex:377	defined
target		lemma	lem:ch1-y-space-embeddings	label	tex/chapters/chapter-01/section-02.tex:382	tex/chapters/chapter-01/section-02.tex:382	defined
target		equation	eq:ch1-y-embedding-high-dimensional	label	tex/chapters/chapter-01/section-02.tex:386	tex/chapters/chapter-01/section-02.tex:386	defined
target		equation	eq:ch1-y-embedding-two-dimensional	label	tex/chapters/chapter-01/section-02.tex:392	tex/chapters/chapter-01/section-02.tex:392	defined
target		equation	eq:ch1-sobolev-inequality-unbounded	label	tex/chapters/chapter-01/section-02.tex:403	tex/chapters/chapter-01/section-02.tex:403	defined
target		equation	eq:ch1-y-cauchy-estimate	label	tex/chapters/chapter-01/section-02.tex:414	tex/chapters/chapter-01/section-02.tex:414	defined
target		theorem	thm:ch1-stokes-unbounded-existence	label	tex/chapters/chapter-01/section-02.tex:431	tex/chapters/chapter-01/section-02.tex:431	defined
target		equation	eq:ch1-stokes-unbounded-variational	label	tex/chapters/chapter-01/section-02.tex:436	tex/chapters/chapter-01/section-02.tex:436	defined
target		remark	rem:ch1-stokes-unbounded-data	label	tex/chapters/chapter-01/section-02.tex:451	tex/chapters/chapter-01/section-02.tex:451	defined
target		equation	eq:ch1-y-dual-integral	label	tex/chapters/chapter-01/section-02.tex:455	tex/chapters/chapter-01/section-02.tex:455	defined
target		subsection	subsec:ch1-nonhomogeneous-stokes	label	tex/chapters/chapter-01/section-02.tex:461	tex/chapters/chapter-01/section-02.tex:461	defined
target		theorem	thm:ch1-nonhomogeneous-stokes	label	tex/chapters/chapter-01/section-02.tex:467	tex/chapters/chapter-01/section-02.tex:467	defined
target		equation	eq:ch1-nonhomogeneous-compatibility	label	tex/chapters/chapter-01/section-02.tex:476	tex/chapters/chapter-01/section-02.tex:476	defined
target		equation	eq:ch1-nonhomogeneous-momentum	label	tex/chapters/chapter-01/section-02.tex:485	tex/chapters/chapter-01/section-02.tex:485	defined
target		equation	eq:ch1-nonhomogeneous-divergence	label	tex/chapters/chapter-01/section-02.tex:489	tex/chapters/chapter-01/section-02.tex:489	defined
target		equation	eq:ch1-nonhomogeneous-boundary	label	tex/chapters/chapter-01/section-02.tex:493	tex/chapters/chapter-01/section-02.tex:493	defined
target		lemma	lem:ch1-divergence-surjective	label	tex/chapters/chapter-01/section-02.tex:522	tex/chapters/chapter-01/section-02.tex:522	defined
target		equation	eq:ch1-zero-mean-l2-space	label	tex/chapters/chapter-01/section-02.tex:526	tex/chapters/chapter-01/section-02.tex:526	defined
target		remark	rem:ch1-nonhomogeneous-lipschitz-extension	label	tex/chapters/chapter-01/section-02.tex:540	tex/chapters/chapter-01/section-02.tex:540	defined
target		equation	eq:ch1-nonhomogeneous-compatibility-prime	label	tex/chapters/chapter-01/section-02.tex:545	tex/chapters/chapter-01/section-02.tex:545	defined
target		equation	eq:ch1-nonhomogeneous-boundary-prime	label	tex/chapters/chapter-01/section-02.tex:550	tex/chapters/chapter-01/section-02.tex:550	defined
target		subsection	subsec:ch1-stokes-regularity	label	tex/chapters/chapter-01/section-02.tex:556	tex/chapters/chapter-01/section-02.tex:556	defined
target		proposition	prop:ch1-stokes-regularity-apriori	label	tex/chapters/chapter-01/section-02.tex:564	tex/chapters/chapter-01/section-02.tex:564	defined
target		equation	eq:ch1-stokes-regularity-assumption	label	tex/chapters/chapter-01/section-02.tex:569	tex/chapters/chapter-01/section-02.tex:569	defined
target		equation	eq:ch1-stokes-regularity-conclusion	label	tex/chapters/chapter-01/section-02.tex:581	tex/chapters/chapter-01/section-02.tex:581	defined
target		equation	eq:ch1-stokes-regularity-estimate	label	tex/chapters/chapter-01/section-02.tex:594	tex/chapters/chapter-01/section-02.tex:594	defined
target		equation	eq:ch1-adn-system	label	tex/chapters/chapter-01/section-02.tex:617	tex/chapters/chapter-01/section-02.tex:617	defined
target		equation	eq:ch1-adn-symbol-matrix	label	tex/chapters/chapter-01/section-02.tex:629	tex/chapters/chapter-01/section-02.tex:629	defined
target		remark	rem:ch1-stokes-fractional-regularity	label	tex/chapters/chapter-01/section-02.tex:672	tex/chapters/chapter-01/section-02.tex:672	defined
target		remark	rem:ch1-stokes-ghidaglia-regularity	label	tex/chapters/chapter-01/section-02.tex:678	tex/chapters/chapter-01/section-02.tex:678	defined
target		proposition	prop:ch1-stokes-full-regularity	label	tex/chapters/chapter-01/section-02.tex:686	tex/chapters/chapter-01/section-02.tex:686	defined
target		equation	eq:ch1-stokes-full-compatibility	label	tex/chapters/chapter-01/section-02.tex:696	tex/chapters/chapter-01/section-02.tex:696	defined
target		equation	eq:ch1-regularity-lifting-divergence	label	tex/chapters/chapter-01/section-02.tex:705	tex/chapters/chapter-01/section-02.tex:705	defined
target		equation	eq:ch1-regularity-lifting-boundary	label	tex/chapters/chapter-01/section-02.tex:709	tex/chapters/chapter-01/section-02.tex:709	defined
target		equation	eq:ch1-regularity-lifting-vector	label	tex/chapters/chapter-01/section-02.tex:716	tex/chapters/chapter-01/section-02.tex:716	defined
target		equation	eq:ch1-regularity-neumann-interior	label	tex/chapters/chapter-01/section-02.tex:721	tex/chapters/chapter-01/section-02.tex:721	defined
target		equation	eq:ch1-regularity-neumann-boundary	label	tex/chapters/chapter-01/section-02.tex:726	tex/chapters/chapter-01/section-02.tex:726	defined
target		equation	eq:ch1-reduced-stokes-momentum	label	tex/chapters/chapter-01/section-02.tex:748	tex/chapters/chapter-01/section-02.tex:748	defined
target		equation	eq:ch1-reduced-stokes-divergence	label	tex/chapters/chapter-01/section-02.tex:752	tex/chapters/chapter-01/section-02.tex:752	defined
target		equation	eq:ch1-reduced-stokes-boundary	label	tex/chapters/chapter-01/section-02.tex:756	tex/chapters/chapter-01/section-02.tex:756	defined
target		figure	fig:ch1-multiply-connected-domain	label	tex/chapters/chapter-01/section-02.tex:763	tex/chapters/chapter-01/section-02.tex:763	defined
target		equation	eq:ch1-stream-function-representation	label	tex/chapters/chapter-01/section-02.tex:769	tex/chapters/chapter-01/section-02.tex:769	defined
target		equation	eq:ch1-biharmonic-equation	label	tex/chapters/chapter-01/section-02.tex:779	tex/chapters/chapter-01/section-02.tex:779	defined
target		equation	eq:ch1-biharmonic-boundary	label	tex/chapters/chapter-01/section-02.tex:784	tex/chapters/chapter-01/section-02.tex:784	defined
target		equation	eq:ch1-stream-function-component-values	label	tex/chapters/chapter-01/section-02.tex:793	tex/chapters/chapter-01/section-02.tex:793	defined
target		equation	eq:ch1-stream-function-normal-boundary	label	tex/chapters/chapter-01/section-02.tex:797	tex/chapters/chapter-01/section-02.tex:797	defined
target		lemma	lem:ch1-stream-function-single-valued	label	tex/chapters/chapter-01/section-02.tex:806	tex/chapters/chapter-01/section-02.tex:806	defined
target		equation	eq:ch1-stream-function-lemma-representation	label	tex/chapters/chapter-01/section-02.tex:810	tex/chapters/chapter-01/section-02.tex:810	defined
target		subsection	subsec:ch1-stokes-eigenfunctions	label	tex/chapters/chapter-01/section-02.tex:830	tex/chapters/chapter-01/section-02.tex:830	defined
target		equation	eq:ch1-stokes-eigenproblem	label	tex/chapters/chapter-01/section-02.tex:851	tex/chapters/chapter-01/section-02.tex:851	defined
target		equation	eq:ch1-stokes-eigenfunction-orthogonality	label	tex/chapters/chapter-01/section-02.tex:859	tex/chapters/chapter-01/section-02.tex:859	defined
target		equation	eq:ch1-stokes-eigenfunction-finite-regularity	label	tex/chapters/chapter-01/section-02.tex:875	tex/chapters/chapter-01/section-02.tex:875	defined
target		equation	eq:ch1-stokes-eigenfunction-smoothness	label	tex/chapters/chapter-01/section-02.tex:881	tex/chapters/chapter-01/section-02.tex:881	defined
target		equation	eq:ch1-stokes-eigenvalue-asymptotic	label	tex/chapters/chapter-01/section-02.tex:886	tex/chapters/chapter-01/section-02.tex:886	defined
target		section	sec:ch1-stokes-discretization-i	label	tex/chapters/chapter-01/section-03.tex:3	tex/chapters/chapter-01/section-03.tex:3	defined
target		subsection	subsec:ch1-normed-space-approximation	label	tex/chapters/chapter-01/section-03.tex:12	tex/chapters/chapter-01/section-03.tex:12	defined
target		definition	def:ch1-internal-approximation	label	tex/chapters/chapter-01/section-03.tex:18	tex/chapters/chapter-01/section-03.tex:18	defined
target		figure	fig:ch1-external-approximation-diagram	label	tex/chapters/chapter-01/section-03.tex:40	tex/chapters/chapter-01/section-03.tex:40	defined
target		definition	def:ch1-external-approximation	label	tex/chapters/chapter-01/section-03.tex:45	tex/chapters/chapter-01/section-03.tex:45	defined
target		definition	def:ch1-approximation-errors	label	tex/chapters/chapter-01/section-03.tex:67	tex/chapters/chapter-01/section-03.tex:67	defined
target		definition	def:ch1-stable-approximation	label	tex/chapters/chapter-01/section-03.tex:81	tex/chapters/chapter-01/section-03.tex:81	defined
target		definition	def:ch1-strong-weak-discrete-convergence	label	tex/chapters/chapter-01/section-03.tex:95	tex/chapters/chapter-01/section-03.tex:95	defined
target		definition	def:ch1-convergent-external-approximation	label	tex/chapters/chapter-01/section-03.tex:107	tex/chapters/chapter-01/section-03.tex:107	defined
target		remark	rem:ch1-convergence-condition-c2	label	tex/chapters/chapter-01/section-03.tex:121	tex/chapters/chapter-01/section-03.tex:121	defined
target		proposition	prop:ch1-extend-restriction-operators	label	tex/chapters/chapter-01/section-03.tex:129	tex/chapters/chapter-01/section-03.tex:129	defined
target		equation	eq:ch1-approximation-omega-bound	label	tex/chapters/chapter-01/section-03.tex:141	tex/chapters/chapter-01/section-03.tex:141	defined
target		remark	rem:ch1-modify-restriction-operators	label	tex/chapters/chapter-01/section-03.tex:175	tex/chapters/chapter-01/section-03.tex:175	defined
target		subsection	subsec:ch1-general-convergence-theorem	label	tex/chapters/chapter-01/section-03.tex:186	tex/chapters/chapter-01/section-03.tex:186	defined
target		equation	eq:ch1-general-coercivity	label	tex/chapters/chapter-01/section-03.tex:191	tex/chapters/chapter-01/section-03.tex:191	defined
target		equation	eq:ch1-general-variational-problem	label	tex/chapters/chapter-01/section-03.tex:198	tex/chapters/chapter-01/section-03.tex:198	defined
target		equation	eq:ch1-discrete-coercivity	label	tex/chapters/chapter-01/section-03.tex:207	tex/chapters/chapter-01/section-03.tex:207	defined
target		equation	eq:ch1-discrete-functional-bound	label	tex/chapters/chapter-01/section-03.tex:214	tex/chapters/chapter-01/section-03.tex:214	defined
target		equation	eq:ch1-discrete-variational-problem	label	tex/chapters/chapter-01/section-03.tex:221	tex/chapters/chapter-01/section-03.tex:221	defined
target		equation	eq:ch1-bilinear-consistency	label	tex/chapters/chapter-01/section-03.tex:232	tex/chapters/chapter-01/section-03.tex:232	defined
target		equation	eq:ch1-functional-consistency	label	tex/chapters/chapter-01/section-03.tex:239	tex/chapters/chapter-01/section-03.tex:239	defined
target		theorem	thm:ch1-general-approximation-convergence	label	tex/chapters/chapter-01/section-03.tex:244	tex/chapters/chapter-01/section-03.tex:244	defined
target		equation	eq:ch1-discrete-energy-identity	label	tex/chapters/chapter-01/section-03.tex:253	tex/chapters/chapter-01/section-03.tex:253	defined
target		equation	eq:ch1-discrete-solution-bound	label	tex/chapters/chapter-01/section-03.tex:258	tex/chapters/chapter-01/section-03.tex:258	defined
target		equation	eq:ch1-prolongation-uniform-bound	label	tex/chapters/chapter-01/section-03.tex:263	tex/chapters/chapter-01/section-03.tex:263	defined
target		equation	eq:ch1-prolongated-solution-bound	label	tex/chapters/chapter-01/section-03.tex:268	tex/chapters/chapter-01/section-03.tex:268	defined
target		equation	eq:ch1-weak-subsequence-limit	label	tex/chapters/chapter-01/section-03.tex:279	tex/chapters/chapter-01/section-03.tex:279	defined
target		equation	eq:ch1-strong-convergence-x-limit	label	tex/chapters/chapter-01/section-03.tex:320	tex/chapters/chapter-01/section-03.tex:320	defined
target		remark	rem:ch1-general-theorem-galerkin	label	tex/chapters/chapter-01/section-03.tex:339	tex/chapters/chapter-01/section-03.tex:339	defined
target		remark	rem:ch1-discrete-linear-system	label	tex/chapters/chapter-01/section-03.tex:350	tex/chapters/chapter-01/section-03.tex:350	defined
target		equation	eq:ch1-discrete-coordinate-system	label	tex/chapters/chapter-01/section-03.tex:359	tex/chapters/chapter-01/section-03.tex:359	defined
target		subsection	subsec:ch1-finite-difference-approximation	label	tex/chapters/chapter-01/section-03.tex:367	tex/chapters/chapter-01/section-03.tex:367	defined
target		unknown	subsubsec:ch1-finite-difference-notation	label	tex/chapters/chapter-01/section-03.tex:372	tex/chapters/chapter-01/section-03.tex:372	defined
target		equation	eq:ch1-mesh-parameter-set	label	tex/chapters/chapter-01/section-03.tex:381	tex/chapters/chapter-01/section-03.tex:381	defined
target		equation	eq:ch1-centered-difference	label	tex/chapters/chapter-01/section-03.tex:410	tex/chapters/chapter-01/section-03.tex:410	defined
target		equation	eq:ch1-multiindex-difference	label	tex/chapters/chapter-01/section-03.tex:415	tex/chapters/chapter-01/section-03.tex:415	defined
target		equation	eq:ch1-interior-mesh-points	label	tex/chapters/chapter-01/section-03.tex:421	tex/chapters/chapter-01/section-03.tex:421	defined
target		equation	eq:ch1-covering-mesh-points	label	tex/chapters/chapter-01/section-03.tex:425	tex/chapters/chapter-01/section-03.tex:425	defined
target		equation	eq:ch1-forward-difference	label	tex/chapters/chapter-01/section-03.tex:431	tex/chapters/chapter-01/section-03.tex:431	defined
target		equation	eq:ch1-backward-difference	label	tex/chapters/chapter-01/section-03.tex:435	tex/chapters/chapter-01/section-03.tex:435	defined
target		figure	fig:ch1-block-neighborhood-examples	label	tex/chapters/chapter-01/section-03.tex:442	tex/chapters/chapter-01/section-03.tex:442	defined
target		unknown	subsubsec:ch1-h01-external-approximation	label	tex/chapters/chapter-01/section-03.tex:446	tex/chapters/chapter-01/section-03.tex:446	defined
target		equation	eq:ch1-h01-embedding-map	label	tex/chapters/chapter-01/section-03.tex:451	tex/chapters/chapter-01/section-03.tex:451	defined
target		equation	eq:ch1-step-function-space	label	tex/chapters/chapter-01/section-03.tex:463	tex/chapters/chapter-01/section-03.tex:463	defined
target		equation	eq:ch1-discrete-h01-inner-product	label	tex/chapters/chapter-01/section-03.tex:470	tex/chapters/chapter-01/section-03.tex:470	defined
target		equation	eq:ch1-h01-prolongation	label	tex/chapters/chapter-01/section-03.tex:480	tex/chapters/chapter-01/section-03.tex:480	defined
target		equation	eq:ch1-h01-restriction	label	tex/chapters/chapter-01/section-03.tex:492	tex/chapters/chapter-01/section-03.tex:492	defined
target		proposition	prop:ch1-h01-external-approximation	label	tex/chapters/chapter-01/section-03.tex:498	tex/chapters/chapter-01/section-03.tex:498	defined
target		lemma	lem:ch1-h01-condition-c1	label	tex/chapters/chapter-01/section-03.tex:508	tex/chapters/chapter-01/section-03.tex:508	defined
target		equation	eq:ch1-restriction-l2-convergence	label	tex/chapters/chapter-01/section-03.tex:512	tex/chapters/chapter-01/section-03.tex:512	defined
target		equation	eq:ch1-difference-derivative-convergence	label	tex/chapters/chapter-01/section-03.tex:516	tex/chapters/chapter-01/section-03.tex:516	defined
target		equation	eq:ch1-mesh-covered-domain	label	tex/chapters/chapter-01/section-03.tex:524	tex/chapters/chapter-01/section-03.tex:524	defined
target		equation	eq:ch1-first-derivative-constant	label	tex/chapters/chapter-01/section-03.tex:534	tex/chapters/chapter-01/section-03.tex:534	defined
target		equation	eq:ch1-vector-mesh-norm	label	tex/chapters/chapter-01/section-03.tex:538	tex/chapters/chapter-01/section-03.tex:538	defined
target		equation	eq:ch1-uniform-error-interior	label	tex/chapters/chapter-01/section-03.tex:544	tex/chapters/chapter-01/section-03.tex:544	defined
target		equation	eq:ch1-uniform-error-boundary-layer	label	tex/chapters/chapter-01/section-03.tex:552	tex/chapters/chapter-01/section-03.tex:552	defined
target		equation	eq:ch1-uniform-error-global	label	tex/chapters/chapter-01/section-03.tex:558	tex/chapters/chapter-01/section-03.tex:558	defined
target		equation	eq:ch1-difference-taylor-error	label	tex/chapters/chapter-01/section-03.tex:568	tex/chapters/chapter-01/section-03.tex:568	defined
target		equation	eq:ch1-difference-error-global	label	tex/chapters/chapter-01/section-03.tex:578	tex/chapters/chapter-01/section-03.tex:578	defined
target		lemma	lem:ch1-h01-condition-c2	label	tex/chapters/chapter-01/section-03.tex:585	tex/chapters/chapter-01/section-03.tex:585	defined
target		equation	eq:ch1-h01-weak-component-limits	label	tex/chapters/chapter-01/section-03.tex:596	tex/chapters/chapter-01/section-03.tex:596	defined
target		equation	eq:ch1-extended-weak-component-limits	label	tex/chapters/chapter-01/section-03.tex:604	tex/chapters/chapter-01/section-03.tex:604	defined
target		equation	eq:ch1-discrete-integration-by-parts-centered	label	tex/chapters/chapter-01/section-03.tex:612	tex/chapters/chapter-01/section-03.tex:612	defined
target		equation	eq:ch1-weak-limit-derivatives	label	tex/chapters/chapter-01/section-03.tex:633	tex/chapters/chapter-01/section-03.tex:633	defined
target		equation	eq:ch1-h01-limit-in-embedding	label	tex/chapters/chapter-01/section-03.tex:638	tex/chapters/chapter-01/section-03.tex:638	defined
target		unknown	subsubsec:ch1-discrete-poincare	label	tex/chapters/chapter-01/section-03.tex:643	tex/chapters/chapter-01/section-03.tex:643	defined
target		proposition	prop:ch1-discrete-poincare	label	tex/chapters/chapter-01/section-03.tex:649	tex/chapters/chapter-01/section-03.tex:649	defined
target		equation	eq:ch1-discrete-poincare-inequality	label	tex/chapters/chapter-01/section-03.tex:653	tex/chapters/chapter-01/section-03.tex:653	defined
target		equation	eq:ch1-discrete-poincare-telescope	label	tex/chapters/chapter-01/section-03.tex:679	tex/chapters/chapter-01/section-03.tex:679	defined
target		equation	eq:ch1-discrete-poincare-line-sum	label	tex/chapters/chapter-01/section-03.tex:685	tex/chapters/chapter-01/section-03.tex:685	defined
target		proposition	prop:ch1-h01-gradient-inner-product	label	tex/chapters/chapter-01/section-03.tex:720	tex/chapters/chapter-01/section-03.tex:720	defined
target		equation	eq:ch1-discrete-gradient-inner-product	label	tex/chapters/chapter-01/section-03.tex:725	tex/chapters/chapter-01/section-03.tex:725	defined
target		remark	rem:ch1-alternative-difference-operators	label	tex/chapters/chapter-01/section-03.tex:736	tex/chapters/chapter-01/section-03.tex:736	defined
target		remark	rem:ch1-unbounded-h01-approximation	label	tex/chapters/chapter-01/section-03.tex:744	tex/chapters/chapter-01/section-03.tex:744	defined
target		unknown	subsubsec:ch1-space-v-apx1	label	tex/chapters/chapter-01/section-03.tex:757	tex/chapters/chapter-01/section-03.tex:757	defined
target		equation	eq:ch1-apx1-step-functions	label	tex/chapters/chapter-01/section-03.tex:777	tex/chapters/chapter-01/section-03.tex:777	defined
target		equation	eq:ch1-apx1-discrete-divergence-points	label	tex/chapters/chapter-01/section-03.tex:783	tex/chapters/chapter-01/section-03.tex:783	defined
target		equation	eq:ch1-apx1-discrete-divergence-domain	label	tex/chapters/chapter-01/section-03.tex:789	tex/chapters/chapter-01/section-03.tex:789	defined
target		equation	eq:ch1-apx1-gradient-inner-product	label	tex/chapters/chapter-01/section-03.tex:798	tex/chapters/chapter-01/section-03.tex:798	defined
target		equation	eq:ch1-apx1-h01-inner-product	label	tex/chapters/chapter-01/section-03.tex:803	tex/chapters/chapter-01/section-03.tex:803	defined
target		equation	eq:ch1-apx1-prolongation	label	tex/chapters/chapter-01/section-03.tex:810	tex/chapters/chapter-01/section-03.tex:810	defined
target		equation	eq:ch1-apx1-prolongation-stability	label	tex/chapters/chapter-01/section-03.tex:816	tex/chapters/chapter-01/section-03.tex:816	defined
target		equation	eq:ch1-apx1-restriction-face-average	label	tex/chapters/chapter-01/section-03.tex:830	tex/chapters/chapter-01/section-03.tex:830	defined
target		lemma	lem:ch1-apx1-restriction-in-vh	label	tex/chapters/chapter-01/section-03.tex:836	tex/chapters/chapter-01/section-03.tex:836	defined
target		proposition	prop:ch1-apx1-stable-convergent	label	tex/chapters/chapter-01/section-03.tex:870	tex/chapters/chapter-01/section-03.tex:870	defined
target		equation	eq:ch1-apx1-uniform-restriction-error	label	tex/chapters/chapter-01/section-03.tex:889	tex/chapters/chapter-01/section-03.tex:889	defined
target		equation	eq:ch1-apx1-divergence-test	label	tex/chapters/chapter-01/section-03.tex:905	tex/chapters/chapter-01/section-03.tex:905	defined
target		equation	eq:ch1-forward-backward-integration-by-parts	label	tex/chapters/chapter-01/section-03.tex:911	tex/chapters/chapter-01/section-03.tex:911	defined
target		equation	eq:ch1-apx1-divergence-after-parts	label	tex/chapters/chapter-01/section-03.tex:917	tex/chapters/chapter-01/section-03.tex:917	defined
target		equation	eq:ch1-backward-difference-test-limit	label	tex/chapters/chapter-01/section-03.tex:922	tex/chapters/chapter-01/section-03.tex:922	defined
target		equation	eq:ch1-limit-divergence-test	label	tex/chapters/chapter-01/section-03.tex:927	tex/chapters/chapter-01/section-03.tex:927	defined
target		remark	rem:ch1-apx1-difference-operator-restriction	label	tex/chapters/chapter-01/section-03.tex:934	tex/chapters/chapter-01/section-03.tex:934	defined
target		equation	eq:ch1-centered-discrete-divergence	label	tex/chapters/chapter-01/section-03.tex:938	tex/chapters/chapter-01/section-03.tex:938	defined
target		remark	rem:ch1-apx1-unbounded-domain	label	tex/chapters/chapter-01/section-03.tex:945	tex/chapters/chapter-01/section-03.tex:945	defined
target		unknown	subsubsec:ch1-stokes-finite-difference-scheme	label	tex/chapters/chapter-01/section-03.tex:950	tex/chapters/chapter-01/section-03.tex:950	defined
target		equation	eq:ch1-stokes-discrete-bilinear-form	label	tex/chapters/chapter-01/section-03.tex:955	tex/chapters/chapter-01/section-03.tex:955	defined
target		equation	eq:ch1-stokes-discrete-linear-form	label	tex/chapters/chapter-01/section-03.tex:959	tex/chapters/chapter-01/section-03.tex:959	defined
target		equation	eq:ch1-stokes-finite-difference-problem	label	tex/chapters/chapter-01/section-03.tex:967	tex/chapters/chapter-01/section-03.tex:967	defined
target		proposition	prop:ch1-stokes-finite-difference-convergence	label	tex/chapters/chapter-01/section-03.tex:972	tex/chapters/chapter-01/section-03.tex:972	defined
target		equation	eq:ch1-stokes-discrete-velocity-convergence	label	tex/chapters/chapter-01/section-03.tex:976	tex/chapters/chapter-01/section-03.tex:976	defined
target		equation	eq:ch1-stokes-discrete-derivative-convergence	label	tex/chapters/chapter-01/section-03.tex:980	tex/chapters/chapter-01/section-03.tex:980	defined
target		equation	eq:ch1-stokes-discrete-functional-bound	label	tex/chapters/chapter-01/section-03.tex:996	tex/chapters/chapter-01/section-03.tex:996	defined
target		equation	eq:ch1-lagrange-multiplier-pressure	label	tex/chapters/chapter-01/section-03.tex:1043	tex/chapters/chapter-01/section-03.tex:1043	defined
target		equation	eq:ch1-discrete-divergence-operator	label	tex/chapters/chapter-01/section-03.tex:1050	tex/chapters/chapter-01/section-03.tex:1050	defined
target		equation	eq:ch1-discrete-divergence-adjoint	label	tex/chapters/chapter-01/section-03.tex:1056	tex/chapters/chapter-01/section-03.tex:1056	defined
target		equation	eq:ch1-discrete-pressure-definition	label	tex/chapters/chapter-01/section-03.tex:1063	tex/chapters/chapter-01/section-03.tex:1063	defined
target		equation	eq:ch1-discrete-momentum-weak	label	tex/chapters/chapter-01/section-03.tex:1073	tex/chapters/chapter-01/section-03.tex:1073	defined
target		equation	eq:ch1-discrete-momentum-pointwise	label	tex/chapters/chapter-01/section-03.tex:1081	tex/chapters/chapter-01/section-03.tex:1081	defined
target		equation	eq:ch1-cell-average-force	label	tex/chapters/chapter-01/section-03.tex:1090	tex/chapters/chapter-01/section-03.tex:1090	defined
target		equation	eq:ch1-discrete-incompressibility-pointwise	label	tex/chapters/chapter-01/section-03.tex:1097	tex/chapters/chapter-01/section-03.tex:1097	defined
target		remark	rem:ch1-discrete-stokes-solver	label	tex/chapters/chapter-01/section-03.tex:1103	tex/chapters/chapter-01/section-03.tex:1103	defined
target		equation	eq:ch1-discrete-consistency-residual	label	tex/chapters/chapter-01/section-03.tex:1121	tex/chapters/chapter-01/section-03.tex:1121	defined
target		equation	eq:ch1-discrete-residual-bound	label	tex/chapters/chapter-01/section-03.tex:1126	tex/chapters/chapter-01/section-03.tex:1126	defined
target		equation	eq:ch1-consistency-weak-all-wh	label	tex/chapters/chapter-01/section-03.tex:1136	tex/chapters/chapter-01/section-03.tex:1136	defined
target		equation	eq:ch1-consistency-weak-vh	label	tex/chapters/chapter-01/section-03.tex:1141	tex/chapters/chapter-01/section-03.tex:1141	defined
target		equation	eq:ch1-discrete-error-equation	label	tex/chapters/chapter-01/section-03.tex:1148	tex/chapters/chapter-01/section-03.tex:1148	defined
target		equation	eq:ch1-discrete-error-h1-estimate	label	tex/chapters/chapter-01/section-03.tex:1159	tex/chapters/chapter-01/section-03.tex:1159	defined
target		equation	eq:ch1-discrete-error-l2-estimate	label	tex/chapters/chapter-01/section-03.tex:1163	tex/chapters/chapter-01/section-03.tex:1163	defined
target		section	sec:ch1-stokes-discretization-ii	label	tex/chapters/chapter-01/section-04.tex:3	tex/chapters/chapter-01/section-04.tex:3	defined
target		subsection	subsec:ch1-finite-element-preliminaries	label	tex/chapters/chapter-01/section-04.tex:8	tex/chapters/chapter-01/section-04.tex:8	defined
target		equation	eq:ch1-simplex-coordinate-matrix	label	tex/chapters/chapter-01/section-04.tex:24	tex/chapters/chapter-01/section-04.tex:24	defined
target		equation	eq:ch1-barycentric-position	label	tex/chapters/chapter-01/section-04.tex:31	tex/chapters/chapter-01/section-04.tex:31	defined
target		equation	eq:ch1-barycentric-sum	label	tex/chapters/chapter-01/section-04.tex:35	tex/chapters/chapter-01/section-04.tex:35	defined
target		equation	eq:ch1-barycentric-linear-system	label	tex/chapters/chapter-01/section-04.tex:49	tex/chapters/chapter-01/section-04.tex:49	defined
target		equation	eq:ch1-barycentric-affine-functions	label	tex/chapters/chapter-01/section-04.tex:57	tex/chapters/chapter-01/section-04.tex:57	defined
target		equation	eq:ch1-barycentric-vector-identity	label	tex/chapters/chapter-01/section-04.tex:62	tex/chapters/chapter-01/section-04.tex:62	defined
target		equation	eq:ch1-simplex-barycentric-bounds	label	tex/chapters/chapter-01/section-04.tex:68	tex/chapters/chapter-01/section-04.tex:68	defined
target		proposition	prop:ch1-linear-barycentric-interpolation	label	tex/chapters/chapter-01/section-04.tex:76	tex/chapters/chapter-01/section-04.tex:76	defined
target		equation	eq:ch1-linear-barycentric-interpolation	label	tex/chapters/chapter-01/section-04.tex:81	tex/chapters/chapter-01/section-04.tex:81	defined
target		remark	rem:ch1-higher-order-barycentric-interpolation	label	tex/chapters/chapter-01/section-04.tex:96	tex/chapters/chapter-01/section-04.tex:96	defined
target		lemma	lem:ch1-barycentric-differential-identities	label	tex/chapters/chapter-01/section-04.tex:106	tex/chapters/chapter-01/section-04.tex:106	defined
target		equation	eq:ch1-barycentric-gradient-sum	label	tex/chapters/chapter-01/section-04.tex:109	tex/chapters/chapter-01/section-04.tex:109	defined
target		equation	eq:ch1-barycentric-gradient-vector	label	tex/chapters/chapter-01/section-04.tex:114	tex/chapters/chapter-01/section-04.tex:114	defined
target		lemma	lem:ch1-barycentric-gradient-bound	label	tex/chapters/chapter-01/section-04.tex:137	tex/chapters/chapter-01/section-04.tex:137	defined
target		equation	eq:ch1-barycentric-gradient-bound	label	tex/chapters/chapter-01/section-04.tex:142	tex/chapters/chapter-01/section-04.tex:142	defined
target		equation	eq:ch1-barycentric-gradient-direction	label	tex/chapters/chapter-01/section-04.tex:150	tex/chapters/chapter-01/section-04.tex:150	defined
target		equation	eq:ch1-simplex-linear-map	label	tex/chapters/chapter-01/section-04.tex:173	tex/chapters/chapter-01/section-04.tex:173	defined
target		lemma	lem:ch1-simplex-linear-map-norms	label	tex/chapters/chapter-01/section-04.tex:179	tex/chapters/chapter-01/section-04.tex:179	defined
target		equation	eq:ch1-simplex-linear-map-norms	label	tex/chapters/chapter-01/section-04.tex:184	tex/chapters/chapter-01/section-04.tex:184	defined
target		lemma	lem:ch1-linear-map-preserves-divergence	label	tex/chapters/chapter-01/section-04.tex:202	tex/chapters/chapter-01/section-04.tex:202	defined
target		equation	eq:ch1-divergence-preserving-transform	label	tex/chapters/chapter-01/section-04.tex:207	tex/chapters/chapter-01/section-04.tex:207	defined
target		equation	eq:ch1-triangulation-covered-domain	label	tex/chapters/chapter-01/section-04.tex:233	tex/chapters/chapter-01/section-04.tex:233	defined
target		equation	eq:ch1-admissible-triangulation-intersections	label	tex/chapters/chapter-01/section-04.tex:241	tex/chapters/chapter-01/section-04.tex:241	defined
target		equation	eq:ch1-triangulation-max-diameter	label	tex/chapters/chapter-01/section-04.tex:247	tex/chapters/chapter-01/section-04.tex:247	defined
target		equation	eq:ch1-triangulation-max-inscribed-diameter	label	tex/chapters/chapter-01/section-04.tex:251	tex/chapters/chapter-01/section-04.tex:251	defined
target		equation	eq:ch1-triangulation-shape-ratio	label	tex/chapters/chapter-01/section-04.tex:255	tex/chapters/chapter-01/section-04.tex:255	defined
target		equation	eq:ch1-regular-triangulation-shape-bound	label	tex/chapters/chapter-01/section-04.tex:261	tex/chapters/chapter-01/section-04.tex:261	defined
target		equation	eq:ch1-triangulation-domain-exhaustion	label	tex/chapters/chapter-01/section-04.tex:269	tex/chapters/chapter-01/section-04.tex:269	defined
target		remark	rem:ch1-triangle-minimum-angle	label	tex/chapters/chapter-01/section-04.tex:275	tex/chapters/chapter-01/section-04.tex:275	defined
target		equation	eq:ch1-triangle-minimum-angle-bound	label	tex/chapters/chapter-01/section-04.tex:285	tex/chapters/chapter-01/section-04.tex:285	defined
target		subsection	subsec:ch1-degree-two-elements	label	tex/chapters/chapter-01/section-04.tex:292	tex/chapters/chapter-01/section-04.tex:292	defined
target		unknown	subsubsec:ch1-degree-two-h01	label	tex/chapters/chapter-01/section-04.tex:297	tex/chapters/chapter-01/section-04.tex:297	defined
target		equation	eq:ch1-degree-two-domain	label	tex/chapters/chapter-01/section-04.tex:304	tex/chapters/chapter-01/section-04.tex:304	defined
target		equation	eq:ch1-degree-two-h01-product	label	tex/chapters/chapter-01/section-04.tex:312	tex/chapters/chapter-01/section-04.tex:312	defined
target		lemma	lem:ch1-quadratic-simplex-interpolation	label	tex/chapters/chapter-01/section-04.tex:319	tex/chapters/chapter-01/section-04.tex:319	defined
target		equation	eq:ch1-quadratic-barycentric-interpolation	label	tex/chapters/chapter-01/section-04.tex:326	tex/chapters/chapter-01/section-04.tex:326	defined
target		equation	eq:ch1-general-quadratic-polynomial	label	tex/chapters/chapter-01/section-04.tex:343	tex/chapters/chapter-01/section-04.tex:343	defined
target		equation	eq:ch1-quadratic-interpolation-data	label	tex/chapters/chapter-01/section-04.tex:349	tex/chapters/chapter-01/section-04.tex:349	defined
target		lemma	lem:ch1-global-quadratic-interpolant	label	tex/chapters/chapter-01/section-04.tex:358	tex/chapters/chapter-01/section-04.tex:358	defined
target		equation	eq:ch1-quadratic-nodal-basis-function	label	tex/chapters/chapter-01/section-04.tex:372	tex/chapters/chapter-01/section-04.tex:372	defined
target		lemma	lem:ch1-quadratic-wh-basis	label	tex/chapters/chapter-01/section-04.tex:378	tex/chapters/chapter-01/section-04.tex:378	defined
target		equation	eq:ch1-quadratic-wh-expansion	label	tex/chapters/chapter-01/section-04.tex:390	tex/chapters/chapter-01/section-04.tex:390	defined
target		equation	eq:ch1-quadratic-prolongation	label	tex/chapters/chapter-01/section-04.tex:397	tex/chapters/chapter-01/section-04.tex:397	defined
target		equation	eq:ch1-quadratic-restriction	label	tex/chapters/chapter-01/section-04.tex:404	tex/chapters/chapter-01/section-04.tex:404	defined
target		proposition	prop:ch1-quadratic-h01-convergence	label	tex/chapters/chapter-01/section-04.tex:409	tex/chapters/chapter-01/section-04.tex:409	defined
target		equation	eq:ch1-quadratic-global-error	label	tex/chapters/chapter-01/section-04.tex:423	tex/chapters/chapter-01/section-04.tex:423	defined
target		lemma	lem:ch1-quadratic-interpolation-error	label	tex/chapters/chapter-01/section-04.tex:430	tex/chapters/chapter-01/section-04.tex:430	defined
target		equation	eq:ch1-quadratic-value-error	label	tex/chapters/chapter-01/section-04.tex:440	tex/chapters/chapter-01/section-04.tex:440	defined
target		equation	eq:ch1-quadratic-derivative-error	label	tex/chapters/chapter-01/section-04.tex:447	tex/chapters/chapter-01/section-04.tex:447	defined
target		equation	eq:ch1-k-unisolvent-data	label	tex/chapters/chapter-01/section-04.tex:457	tex/chapters/chapter-01/section-04.tex:457	defined
target		equation	eq:ch1-unisolvent-cardinal-polynomials	label	tex/chapters/chapter-01/section-04.tex:465	tex/chapters/chapter-01/section-04.tex:465	defined
target		equation	eq:ch1-unisolvent-interpolation-expansion	label	tex/chapters/chapter-01/section-04.tex:470	tex/chapters/chapter-01/section-04.tex:470	defined
target		equation	eq:ch1-general-interpolant-values	label	tex/chapters/chapter-01/section-04.tex:476	tex/chapters/chapter-01/section-04.tex:476	defined
target		equation	eq:ch1-general-interpolant-expansion	label	tex/chapters/chapter-01/section-04.tex:481	tex/chapters/chapter-01/section-04.tex:481	defined
target		equation	eq:ch1-general-interpolation-taylor	label	tex/chapters/chapter-01/section-04.tex:490	tex/chapters/chapter-01/section-04.tex:490	defined
target		equation	eq:ch1-general-simplex-interpolation-error	label	tex/chapters/chapter-01/section-04.tex:505	tex/chapters/chapter-01/section-04.tex:505	defined
target		equation	eq:ch1-cardinal-polynomial-derivative-bound	label	tex/chapters/chapter-01/section-04.tex:512	tex/chapters/chapter-01/section-04.tex:512	defined
target		unknown	subsubsec:ch1-v-apx2	label	tex/chapters/chapter-01/section-04.tex:521	tex/chapters/chapter-01/section-04.tex:521	defined
target		equation	eq:ch1-apx2-omega	label	tex/chapters/chapter-01/section-04.tex:528	tex/chapters/chapter-01/section-04.tex:528	defined
target		equation	eq:ch1-apx2-domain	label	tex/chapters/chapter-01/section-04.tex:535	tex/chapters/chapter-01/section-04.tex:535	defined
target		equation	eq:ch1-apx2-discrete-divergence	label	tex/chapters/chapter-01/section-04.tex:541	tex/chapters/chapter-01/section-04.tex:541	defined
target		equation	eq:ch1-apx2-inner-product	label	tex/chapters/chapter-01/section-04.tex:557	tex/chapters/chapter-01/section-04.tex:557	defined
target		equation	eq:ch1-apx2-restriction-split	label	tex/chapters/chapter-01/section-04.tex:565	tex/chapters/chapter-01/section-04.tex:565	defined
target		equation	eq:ch1-apx2-primary-interpolant	label	tex/chapters/chapter-01/section-04.tex:570	tex/chapters/chapter-01/section-04.tex:570	defined
target		equation	eq:ch1-apx2-corrector-nodal-values	label	tex/chapters/chapter-01/section-04.tex:582	tex/chapters/chapter-01/section-04.tex:582	defined
target		lemma	lem:ch1-apx2-restriction-in-vh	label	tex/chapters/chapter-01/section-04.tex:587	tex/chapters/chapter-01/section-04.tex:587	defined
target		equation	eq:ch1-apx2-edge-flux	label	tex/chapters/chapter-01/section-04.tex:596	tex/chapters/chapter-01/section-04.tex:596	defined
target		equation	eq:ch1-apx2-corrector-expansion	label	tex/chapters/chapter-01/section-04.tex:610	tex/chapters/chapter-01/section-04.tex:610	defined
target		equation	eq:ch1-midpoint-basis-edge	label	tex/chapters/chapter-01/section-04.tex:616	tex/chapters/chapter-01/section-04.tex:616	defined
target		equation	eq:ch1-vertex-basis-edge	label	tex/chapters/chapter-01/section-04.tex:624	tex/chapters/chapter-01/section-04.tex:624	defined
target		proposition	prop:ch1-apx2-stable-convergent	label	tex/chapters/chapter-01/section-04.tex:631	tex/chapters/chapter-01/section-04.tex:631	defined
target		equation	eq:ch1-apx2-limit-divergence	label	tex/chapters/chapter-01/section-04.tex:639	tex/chapters/chapter-01/section-04.tex:639	defined
target		equation	eq:ch1-apx2-test-step-function	label	tex/chapters/chapter-01/section-04.tex:644	tex/chapters/chapter-01/section-04.tex:644	defined
target		equation	eq:ch1-apx2-condition-c1	label	tex/chapters/chapter-01/section-04.tex:661	tex/chapters/chapter-01/section-04.tex:661	defined
target		equation	eq:ch1-apx2-restriction-convergence	label	tex/chapters/chapter-01/section-04.tex:666	tex/chapters/chapter-01/section-04.tex:666	defined
target		equation	eq:ch1-apx2-primary-error	label	tex/chapters/chapter-01/section-04.tex:675	tex/chapters/chapter-01/section-04.tex:675	defined
target		equation	eq:ch1-apx2-corrector-edge-average	label	tex/chapters/chapter-01/section-04.tex:684	tex/chapters/chapter-01/section-04.tex:684	defined
target		equation	eq:ch1-apx2-corrector-node-bound	label	tex/chapters/chapter-01/section-04.tex:690	tex/chapters/chapter-01/section-04.tex:690	defined
target		equation	eq:ch1-apx2-basis-bounds	label	tex/chapters/chapter-01/section-04.tex:698	tex/chapters/chapter-01/section-04.tex:698	defined
target		equation	eq:ch1-apx2-corrector-bounds	label	tex/chapters/chapter-01/section-04.tex:707	tex/chapters/chapter-01/section-04.tex:707	defined
target		equation	eq:ch1-apx2-global-bounds	label	tex/chapters/chapter-01/section-04.tex:718	tex/chapters/chapter-01/section-04.tex:718	defined
target		remark	rem:ch1-apx2-polygonal-domain	label	tex/chapters/chapter-01/section-04.tex:725	tex/chapters/chapter-01/section-04.tex:725	defined
target		equation	eq:ch1-apx2-polygonal-error	label	tex/chapters/chapter-01/section-04.tex:729	tex/chapters/chapter-01/section-04.tex:729	defined
target		unknown	subsubsec:ch1-apx2-stokes	label	tex/chapters/chapter-01/section-04.tex:734	tex/chapters/chapter-01/section-04.tex:734	defined
target		equation	eq:ch1-apx2-stokes-forms	label	tex/chapters/chapter-01/section-04.tex:742	tex/chapters/chapter-01/section-04.tex:742	defined
target		equation	eq:ch1-apx2-stokes-problem	label	tex/chapters/chapter-01/section-04.tex:748	tex/chapters/chapter-01/section-04.tex:748	defined
target		proposition	prop:ch1-apx2-stokes-convergence	label	tex/chapters/chapter-01/section-04.tex:753	tex/chapters/chapter-01/section-04.tex:753	defined
target		equation	eq:ch1-apx2-pressure-multipliers	label	tex/chapters/chapter-01/section-04.tex:770	tex/chapters/chapter-01/section-04.tex:770	defined
target		equation	eq:ch1-apx2-discrete-pressure	label	tex/chapters/chapter-01/section-04.tex:777	tex/chapters/chapter-01/section-04.tex:777	defined
target		equation	eq:ch1-apx2-discrete-momentum	label	tex/chapters/chapter-01/section-04.tex:783	tex/chapters/chapter-01/section-04.tex:783	defined
target		equation	eq:ch1-continuous-stokes-weak-pressure	label	tex/chapters/chapter-01/section-04.tex:789	tex/chapters/chapter-01/section-04.tex:789	defined
target		remark	rem:ch1-apx2-computation	label	tex/chapters/chapter-01/section-04.tex:795	tex/chapters/chapter-01/section-04.tex:795	defined
target		equation	eq:ch1-apx2-restriction-h1-error	label	tex/chapters/chapter-01/section-04.tex:802	tex/chapters/chapter-01/section-04.tex:802	defined
target		equation	eq:ch1-apx2-error-identity	label	tex/chapters/chapter-01/section-04.tex:808	tex/chapters/chapter-01/section-04.tex:808	defined
target		equation	eq:ch1-apx2-cell-average-pressure	label	tex/chapters/chapter-01/section-04.tex:815	tex/chapters/chapter-01/section-04.tex:815	defined
target		equation	eq:ch1-apx2-error-basic-bound	label	tex/chapters/chapter-01/section-04.tex:839	tex/chapters/chapter-01/section-04.tex:839	defined
target		equation	eq:ch1-apx2-h1-order-one	label	tex/chapters/chapter-01/section-04.tex:847	tex/chapters/chapter-01/section-04.tex:847	defined
target		equation	eq:ch1-apx2-final-order-one	label	tex/chapters/chapter-01/section-04.tex:852	tex/chapters/chapter-01/section-04.tex:852	defined
target		remark	rem:ch1-apx2-suboptimal-error	label	tex/chapters/chapter-01/section-04.tex:858	tex/chapters/chapter-01/section-04.tex:858	defined
target		unknown	subsubsec:ch1-bubble-functions	label	tex/chapters/chapter-01/section-04.tex:865	tex/chapters/chapter-01/section-04.tex:865	defined
target		equation	eq:ch1-bubble-space	label	tex/chapters/chapter-01/section-04.tex:879	tex/chapters/chapter-01/section-04.tex:879	defined
target		equation	eq:ch1-enriched-space-sum	label	tex/chapters/chapter-01/section-04.tex:884	tex/chapters/chapter-01/section-04.tex:884	defined
target		equation	eq:ch1-enriched-space-decomposition	label	tex/chapters/chapter-01/section-04.tex:890	tex/chapters/chapter-01/section-04.tex:890	defined
target		equation	eq:ch1-enriched-h01-product	label	tex/chapters/chapter-01/section-04.tex:897	tex/chapters/chapter-01/section-04.tex:897	defined
target		proposition	prop:ch1-enriched-h01-convergence	label	tex/chapters/chapter-01/section-04.tex:908	tex/chapters/chapter-01/section-04.tex:908	defined
target		equation	eq:ch1-apx2prime-discrete-divergence	label	tex/chapters/chapter-01/section-04.tex:918	tex/chapters/chapter-01/section-04.tex:918	defined
target		equation	eq:ch1-apx2prime-restriction	label	tex/chapters/chapter-01/section-04.tex:927	tex/chapters/chapter-01/section-04.tex:927	defined
target		equation	eq:ch1-apx2prime-primary-part	label	tex/chapters/chapter-01/section-04.tex:932	tex/chapters/chapter-01/section-04.tex:932	defined
target		equation	eq:ch1-apx2prime-bubble-corrector	label	tex/chapters/chapter-01/section-04.tex:937	tex/chapters/chapter-01/section-04.tex:937	defined
target		equation	eq:ch1-apx2prime-bubble-coefficients	label	tex/chapters/chapter-01/section-04.tex:945	tex/chapters/chapter-01/section-04.tex:945	defined
target		lemma	lem:ch1-apx2prime-restriction-in-vhplus	label	tex/chapters/chapter-01/section-04.tex:950	tex/chapters/chapter-01/section-04.tex:950	defined
target		equation	eq:ch1-apx2prime-linear-moment-condition	label	tex/chapters/chapter-01/section-04.tex:967	tex/chapters/chapter-01/section-04.tex:967	defined
target		lemma	lem:ch1-bubble-integral	label	tex/chapters/chapter-01/section-04.tex:979	tex/chapters/chapter-01/section-04.tex:979	defined
target		equation	eq:ch1-bubble-integral	label	tex/chapters/chapter-01/section-04.tex:983	tex/chapters/chapter-01/section-04.tex:983	defined
target		proposition	prop:ch1-apx2prime-stable-convergent	label	tex/chapters/chapter-01/section-04.tex:1009	tex/chapters/chapter-01/section-04.tex:1009	defined
target		equation	eq:ch1-apx2prime-bubble-vanishes	label	tex/chapters/chapter-01/section-04.tex:1019	tex/chapters/chapter-01/section-04.tex:1019	defined
target		equation	eq:ch1-apx2prime-coefficient-error-form	label	tex/chapters/chapter-01/section-04.tex:1034	tex/chapters/chapter-01/section-04.tex:1034	defined
target		equation	eq:ch1-apx2prime-primary-uniform-error	label	tex/chapters/chapter-01/section-04.tex:1041	tex/chapters/chapter-01/section-04.tex:1041	defined
target		equation	eq:ch1-apx2prime-coefficient-bound	label	tex/chapters/chapter-01/section-04.tex:1047	tex/chapters/chapter-01/section-04.tex:1047	defined
target		equation	eq:ch1-apx2prime-bubble-gradient-integral	label	tex/chapters/chapter-01/section-04.tex:1068	tex/chapters/chapter-01/section-04.tex:1068	defined
target		equation	eq:ch1-apx2prime-bubble-h1-bound	label	tex/chapters/chapter-01/section-04.tex:1074	tex/chapters/chapter-01/section-04.tex:1074	defined
target		remark	rem:ch1-apx2prime-interpolation-bounds	label	tex/chapters/chapter-01/section-04.tex:1081	tex/chapters/chapter-01/section-04.tex:1081	defined
target		equation	eq:ch1-apx2prime-uniform-bounds	label	tex/chapters/chapter-01/section-04.tex:1090	tex/chapters/chapter-01/section-04.tex:1090	defined
target		equation	eq:ch1-apx2prime-h1-interpolation-error	label	tex/chapters/chapter-01/section-04.tex:1099	tex/chapters/chapter-01/section-04.tex:1099	defined
target		equation	eq:ch1-apx2prime-stokes-bilinear	label	tex/chapters/chapter-01/section-04.tex:1107	tex/chapters/chapter-01/section-04.tex:1107	defined
target		equation	eq:ch1-apx2prime-stokes-linear	label	tex/chapters/chapter-01/section-04.tex:1112	tex/chapters/chapter-01/section-04.tex:1112	defined
target		equation	eq:ch1-apx2prime-stokes-problem	label	tex/chapters/chapter-01/section-04.tex:1119	tex/chapters/chapter-01/section-04.tex:1119	defined
target		proposition	prop:ch1-apx2prime-stokes-convergence	label	tex/chapters/chapter-01/section-04.tex:1125	tex/chapters/chapter-01/section-04.tex:1125	defined
target		equation	eq:ch1-apx2prime-discrete-momentum	label	tex/chapters/chapter-01/section-04.tex:1150	tex/chapters/chapter-01/section-04.tex:1150	defined
target		equation	eq:ch1-apx2prime-restriction-error	label	tex/chapters/chapter-01/section-04.tex:1158	tex/chapters/chapter-01/section-04.tex:1158	defined
target		equation	eq:ch1-apx2prime-error-identity	label	tex/chapters/chapter-01/section-04.tex:1167	tex/chapters/chapter-01/section-04.tex:1167	defined
target		equation	eq:ch1-apx2prime-pressure-interpolation	label	tex/chapters/chapter-01/section-04.tex:1177	tex/chapters/chapter-01/section-04.tex:1177	defined
target		equation	eq:ch1-apx2prime-optimal-error	label	tex/chapters/chapter-01/section-04.tex:1193	tex/chapters/chapter-01/section-04.tex:1193	defined
target		lemma	lem:ch1-vhplus-vh-isomorphism	label	tex/chapters/chapter-01/section-04.tex:1207	tex/chapters/chapter-01/section-04.tex:1207	defined
target		equation	eq:ch1-apx2prime-vh-scheme	label	tex/chapters/chapter-01/section-04.tex:1233	tex/chapters/chapter-01/section-04.tex:1233	defined
target		subsection	subsec:ch1-degree-three-elements	label	tex/chapters/chapter-01/section-04.tex:1239	tex/chapters/chapter-01/section-04.tex:1239	defined
target		equation	eq:ch1-degree-three-domain	label	tex/chapters/chapter-01/section-04.tex:1249	tex/chapters/chapter-01/section-04.tex:1249	defined
target		lemma	lem:ch1-cubic-tetrahedron-interpolation	label	tex/chapters/chapter-01/section-04.tex:1256	tex/chapters/chapter-01/section-04.tex:1256	defined
target		equation	eq:ch1-cubic-tetrahedron-formula	label	tex/chapters/chapter-01/section-04.tex:1271	tex/chapters/chapter-01/section-04.tex:1271	defined
target		equation	eq:ch1-cubic-value-basis	label	tex/chapters/chapter-01/section-04.tex:1290	tex/chapters/chapter-01/section-04.tex:1290	defined
target		equation	eq:ch1-cubic-derivative-basis	label	tex/chapters/chapter-01/section-04.tex:1299	tex/chapters/chapter-01/section-04.tex:1299	defined
target		equation	eq:ch1-cubic-wh-representation	label	tex/chapters/chapter-01/section-04.tex:1307	tex/chapters/chapter-01/section-04.tex:1307	defined
target		equation	eq:ch1-cubic-wh-product	label	tex/chapters/chapter-01/section-04.tex:1314	tex/chapters/chapter-01/section-04.tex:1314	defined
target		equation	eq:ch1-cubic-restriction	label	tex/chapters/chapter-01/section-04.tex:1326	tex/chapters/chapter-01/section-04.tex:1326	defined
target		proposition	prop:ch1-cubic-h01-convergence	label	tex/chapters/chapter-01/section-04.tex:1331	tex/chapters/chapter-01/section-04.tex:1331	defined
target		equation	eq:ch1-cubic-local-error	label	tex/chapters/chapter-01/section-04.tex:1345	tex/chapters/chapter-01/section-04.tex:1345	defined
target		equation	eq:ch1-cubic-global-error	label	tex/chapters/chapter-01/section-04.tex:1355	tex/chapters/chapter-01/section-04.tex:1355	defined
target		equation	eq:ch1-cubic-h1-error	label	tex/chapters/chapter-01/section-04.tex:1360	tex/chapters/chapter-01/section-04.tex:1360	defined
target		equation	eq:ch1-apx3-discrete-divergence	label	tex/chapters/chapter-01/section-04.tex:1373	tex/chapters/chapter-01/section-04.tex:1373	defined
target		equation	eq:ch1-apx3-restriction-split	label	tex/chapters/chapter-01/section-04.tex:1381	tex/chapters/chapter-01/section-04.tex:1381	defined
target		equation	eq:ch1-apx3-primary-interpolant	label	tex/chapters/chapter-01/section-04.tex:1389	tex/chapters/chapter-01/section-04.tex:1389	defined
target		equation	eq:ch1-apx3-corrector-vertices	label	tex/chapters/chapter-01/section-04.tex:1395	tex/chapters/chapter-01/section-04.tex:1395	defined
target		equation	eq:ch1-apx3-face-flux	label	tex/chapters/chapter-01/section-04.tex:1401	tex/chapters/chapter-01/section-04.tex:1401	defined
target		equation	eq:ch1-apx3-corrector-normal	label	tex/chapters/chapter-01/section-04.tex:1413	tex/chapters/chapter-01/section-04.tex:1413	defined
target		proposition	prop:ch1-apx3-stable-convergent	label	tex/chapters/chapter-01/section-04.tex:1425	tex/chapters/chapter-01/section-04.tex:1425	defined
target		subsection	subsec:ch1-internal-approximation-v	label	tex/chapters/chapter-01/section-04.tex:1432	tex/chapters/chapter-01/section-04.tex:1432	defined
target		equation	eq:ch1-apx4-divergence-free	label	tex/chapters/chapter-01/section-04.tex:1439	tex/chapters/chapter-01/section-04.tex:1439	defined
target		equation	eq:ch1-apx4-stream-function	label	tex/chapters/chapter-01/section-04.tex:1446	tex/chapters/chapter-01/section-04.tex:1446	defined
target		equation	eq:ch1-apx4-stream-isomorphism	label	tex/chapters/chapter-01/section-04.tex:1457	tex/chapters/chapter-01/section-04.tex:1457	defined
target		equation	eq:ch1-apx4-domain	label	tex/chapters/chapter-01/section-04.tex:1468	tex/chapters/chapter-01/section-04.tex:1468	defined
target		lemma	lem:ch1-quintic-triangle-unisolvence	label	tex/chapters/chapter-01/section-04.tex:1477	tex/chapters/chapter-01/section-04.tex:1477	defined
target		equation	eq:ch1-quintic-vertex-data	label	tex/chapters/chapter-01/section-04.tex:1483	tex/chapters/chapter-01/section-04.tex:1483	defined
target		equation	eq:ch1-quintic-midpoint-data	label	tex/chapters/chapter-01/section-04.tex:1489	tex/chapters/chapter-01/section-04.tex:1489	defined
target		equation	eq:ch1-apx4-node-sets	label	tex/chapters/chapter-01/section-04.tex:1505	tex/chapters/chapter-01/section-04.tex:1505	defined
target		equation	eq:ch1-apx4-midpoint-basis	label	tex/chapters/chapter-01/section-04.tex:1520	tex/chapters/chapter-01/section-04.tex:1520	defined
target		equation	eq:ch1-apx4-vertex-basis-value	label	tex/chapters/chapter-01/section-04.tex:1527	tex/chapters/chapter-01/section-04.tex:1527	defined
target		equation	eq:ch1-apx4-vertex-basis-first	label	tex/chapters/chapter-01/section-04.tex:1533	tex/chapters/chapter-01/section-04.tex:1533	defined
target		equation	eq:ch1-apx4-vertex-basis-second	label	tex/chapters/chapter-01/section-04.tex:1543	tex/chapters/chapter-01/section-04.tex:1543	defined
target		equation	eq:ch1-apx4-xh-expansion	label	tex/chapters/chapter-01/section-04.tex:1552	tex/chapters/chapter-01/section-04.tex:1552	defined
target		equation	eq:ch1-apx4-boundary-nodal-data	label	tex/chapters/chapter-01/section-04.tex:1563	tex/chapters/chapter-01/section-04.tex:1563	defined
target		equation	eq:ch1-apx4-xh-product	label	tex/chapters/chapter-01/section-04.tex:1569	tex/chapters/chapter-01/section-04.tex:1569	defined
target		equation	eq:ch1-apx4-restriction	label	tex/chapters/chapter-01/section-04.tex:1583	tex/chapters/chapter-01/section-04.tex:1583	defined
target		proposition	prop:ch1-apx4-h02-stable-convergent	label	tex/chapters/chapter-01/section-04.tex:1588	tex/chapters/chapter-01/section-04.tex:1588	defined
target		equation	eq:ch1-apx4-h02-convergence	label	tex/chapters/chapter-01/section-04.tex:1598	tex/chapters/chapter-01/section-04.tex:1598	defined
target		equation	eq:ch1-apx4-error-order-zero	label	tex/chapters/chapter-01/section-04.tex:1604	tex/chapters/chapter-01/section-04.tex:1604	defined
target		equation	eq:ch1-apx4-error-order-one	label	tex/chapters/chapter-01/section-04.tex:1610	tex/chapters/chapter-01/section-04.tex:1610	defined
target		equation	eq:ch1-apx4-error-order-two	label	tex/chapters/chapter-01/section-04.tex:1616	tex/chapters/chapter-01/section-04.tex:1616	defined
target		equation	eq:ch1-apx4-h02-domain-error	label	tex/chapters/chapter-01/section-04.tex:1622	tex/chapters/chapter-01/section-04.tex:1622	defined
target		equation	eq:ch1-apx4-h02-outside-error	label	tex/chapters/chapter-01/section-04.tex:1628	tex/chapters/chapter-01/section-04.tex:1628	defined
target		equation	eq:ch1-apx4-vh-stream-form	label	tex/chapters/chapter-01/section-04.tex:1642	tex/chapters/chapter-01/section-04.tex:1642	defined
target		equation	eq:ch1-apx4-vh-product	label	tex/chapters/chapter-01/section-04.tex:1647	tex/chapters/chapter-01/section-04.tex:1647	defined
target		equation	eq:ch1-apx4-stream-norm-bound	label	tex/chapters/chapter-01/section-04.tex:1654	tex/chapters/chapter-01/section-04.tex:1654	defined
target		equation	eq:ch1-apx4-restriction-v	label	tex/chapters/chapter-01/section-04.tex:1663	tex/chapters/chapter-01/section-04.tex:1663	defined
target		proposition	prop:ch1-apx4-v-stable-convergent	label	tex/chapters/chapter-01/section-04.tex:1668	tex/chapters/chapter-01/section-04.tex:1668	defined
target		equation	eq:ch1-apx4-v-convergence	label	tex/chapters/chapter-01/section-04.tex:1678	tex/chapters/chapter-01/section-04.tex:1678	defined
target		equation	eq:ch1-apx4-discrete-bilinear-form	label	tex/chapters/chapter-01/section-04.tex:1692	tex/chapters/chapter-01/section-04.tex:1692	defined
target		equation	eq:ch1-apx4-discrete-linear-form	label	tex/chapters/chapter-01/section-04.tex:1696	tex/chapters/chapter-01/section-04.tex:1696	defined
target		equation	eq:ch1-apx4-stokes-discrete-problem	label	tex/chapters/chapter-01/section-04.tex:1709	tex/chapters/chapter-01/section-04.tex:1709	defined
target		equation	eq:ch1-apx4-stokes-convergence	label	tex/chapters/chapter-01/section-04.tex:1715	tex/chapters/chapter-01/section-04.tex:1715	defined
target		equation	eq:ch1-apx4-interpolation-error	label	tex/chapters/chapter-01/section-04.tex:1721	tex/chapters/chapter-01/section-04.tex:1721	defined
target		equation	eq:ch1-apx4-stokes-error	label	tex/chapters/chapter-01/section-04.tex:1750	tex/chapters/chapter-01/section-04.tex:1750	defined
target		remark	rem:ch1-apx4-multiply-connected	label	tex/chapters/chapter-01/section-04.tex:1755	tex/chapters/chapter-01/section-04.tex:1755	defined
target		equation	eq:ch1-apx4-multiply-connected-space	label	tex/chapters/chapter-01/section-04.tex:1763	tex/chapters/chapter-01/section-04.tex:1763	defined
target		remark	rem:ch1-apx4-higher-degree	label	tex/chapters/chapter-01/section-04.tex:1770	tex/chapters/chapter-01/section-04.tex:1770	defined
target		subsection	subsec:ch1-nonconforming-elements	label	tex/chapters/chapter-01/section-04.tex:1777	tex/chapters/chapter-01/section-04.tex:1777	defined
target		unknown	subsubsec:ch1-nonconforming-h01	label	tex/chapters/chapter-01/section-04.tex:1782	tex/chapters/chapter-01/section-04.tex:1782	defined
target		equation	eq:ch1-nc-barycenter-vector	label	tex/chapters/chapter-01/section-04.tex:1792	tex/chapters/chapter-01/section-04.tex:1792	defined
target		equation	eq:ch1-nc-opposite-barycenter	label	tex/chapters/chapter-01/section-04.tex:1797	tex/chapters/chapter-01/section-04.tex:1797	defined
target		equation	eq:ch1-nc-face-barycenter-difference	label	tex/chapters/chapter-01/section-04.tex:1805	tex/chapters/chapter-01/section-04.tex:1805	defined
target		equation	eq:ch1-nc-face-barycenter-interpolation	label	tex/chapters/chapter-01/section-04.tex:1810	tex/chapters/chapter-01/section-04.tex:1810	defined
target		equation	eq:ch1-nc-scalar-basis-values	label	tex/chapters/chapter-01/section-04.tex:1824	tex/chapters/chapter-01/section-04.tex:1824	defined
target		figure	fig:ch1-two-adjacent-triangles	label	tex/chapters/chapter-01/section-04.tex:1832	tex/chapters/chapter-01/section-04.tex:1832	defined
target		lemma	lem:ch1-nc-wh-basis	label	tex/chapters/chapter-01/section-04.tex:1837	tex/chapters/chapter-01/section-04.tex:1837	defined
target		equation	eq:ch1-nc-wh-expansion	label	tex/chapters/chapter-01/section-04.tex:1845	tex/chapters/chapter-01/section-04.tex:1845	defined
target		equation	eq:ch1-nc-broken-derivative	label	tex/chapters/chapter-01/section-04.tex:1854	tex/chapters/chapter-01/section-04.tex:1854	defined
target		equation	eq:ch1-nc-wh-full-product	label	tex/chapters/chapter-01/section-04.tex:1861	tex/chapters/chapter-01/section-04.tex:1861	defined
target		equation	eq:ch1-nc-h01-full-product	label	tex/chapters/chapter-01/section-04.tex:1866	tex/chapters/chapter-01/section-04.tex:1866	defined
target		equation	eq:ch1-nc-h01-embedding	label	tex/chapters/chapter-01/section-04.tex:1873	tex/chapters/chapter-01/section-04.tex:1873	defined
target		equation	eq:ch1-nc-prolongation	label	tex/chapters/chapter-01/section-04.tex:1880	tex/chapters/chapter-01/section-04.tex:1880	defined
target		equation	eq:ch1-nc-point-restriction	label	tex/chapters/chapter-01/section-04.tex:1888	tex/chapters/chapter-01/section-04.tex:1888	defined
target		proposition	prop:ch1-nc-h01-stable-convergent	label	tex/chapters/chapter-01/section-04.tex:1894	tex/chapters/chapter-01/section-04.tex:1894	defined
target		equation	eq:ch1-nc-l2-convergence	label	tex/chapters/chapter-01/section-04.tex:1905	tex/chapters/chapter-01/section-04.tex:1905	defined
target		equation	eq:ch1-nc-derivative-convergence	label	tex/chapters/chapter-01/section-04.tex:1910	tex/chapters/chapter-01/section-04.tex:1910	defined
target		equation	eq:ch1-nc-local-interpolation-error	label	tex/chapters/chapter-01/section-04.tex:1919	tex/chapters/chapter-01/section-04.tex:1919	defined
target		equation	eq:ch1-nc-global-interpolation-error	label	tex/chapters/chapter-01/section-04.tex:1925	tex/chapters/chapter-01/section-04.tex:1925	defined
target		equation	eq:ch1-nc-weak-function	label	tex/chapters/chapter-01/section-04.tex:1933	tex/chapters/chapter-01/section-04.tex:1933	defined
target		equation	eq:ch1-nc-weak-derivatives	label	tex/chapters/chapter-01/section-04.tex:1939	tex/chapters/chapter-01/section-04.tex:1939	defined
target		equation	eq:ch1-nc-extended-weak-function	label	tex/chapters/chapter-01/section-04.tex:1945	tex/chapters/chapter-01/section-04.tex:1945	defined
target		equation	eq:ch1-nc-extended-weak-derivatives	label	tex/chapters/chapter-01/section-04.tex:1951	tex/chapters/chapter-01/section-04.tex:1951	defined
target		equation	eq:ch1-nc-identify-weak-derivative	label	tex/chapters/chapter-01/section-04.tex:1957	tex/chapters/chapter-01/section-04.tex:1957	defined
target		equation	eq:ch1-nc-jh-weak-estimate	label	tex/chapters/chapter-01/section-04.tex:1985	tex/chapters/chapter-01/section-04.tex:1985	defined
target		proposition	prop:ch1-nc-discrete-poincare	label	tex/chapters/chapter-01/section-04.tex:1994	tex/chapters/chapter-01/section-04.tex:1994	defined
target		equation	eq:ch1-nc-discrete-poincare-scalar	label	tex/chapters/chapter-01/section-04.tex:1999	tex/chapters/chapter-01/section-04.tex:1999	defined
target		equation	eq:ch1-nc-scalar-expansion-repeat	label	tex/chapters/chapter-01/section-04.tex:2004	tex/chapters/chapter-01/section-04.tex:2004	defined
target		equation	eq:ch1-nc-discrete-poincare-vector	label	tex/chapters/chapter-01/section-04.tex:2010	tex/chapters/chapter-01/section-04.tex:2010	defined
target		equation	eq:ch1-nc-broken-gradient-norm	label	tex/chapters/chapter-01/section-04.tex:2016	tex/chapters/chapter-01/section-04.tex:2016	defined
target		equation	eq:ch1-nc-poincare-duality-bound	label	tex/chapters/chapter-01/section-04.tex:2025	tex/chapters/chapter-01/section-04.tex:2025	defined
target		equation	eq:ch1-nc-dirichlet-h2-estimate	label	tex/chapters/chapter-01/section-04.tex:2037	tex/chapters/chapter-01/section-04.tex:2037	defined
target		equation	eq:ch1-nc-duality-green-bound	label	tex/chapters/chapter-01/section-04.tex:2060	tex/chapters/chapter-01/section-04.tex:2060	defined
target		equation	eq:ch1-nc-jh-component-sum	label	tex/chapters/chapter-01/section-04.tex:2070	tex/chapters/chapter-01/section-04.tex:2070	defined
target		equation	eq:ch1-nc-chi-component	label	tex/chapters/chapter-01/section-04.tex:2079	tex/chapters/chapter-01/section-04.tex:2079	defined
target		equation	eq:ch1-nc-jh-duality-estimate	label	tex/chapters/chapter-01/section-04.tex:2103	tex/chapters/chapter-01/section-04.tex:2103	defined
target		proposition	prop:ch1-nc-h01-gradient-product	label	tex/chapters/chapter-01/section-04.tex:2114	tex/chapters/chapter-01/section-04.tex:2114	defined
target		equation	eq:ch1-nc-wh-gradient-product	label	tex/chapters/chapter-01/section-04.tex:2118	tex/chapters/chapter-01/section-04.tex:2118	defined
target		equation	eq:ch1-nc-equivalent-discrete-norms	label	tex/chapters/chapter-01/section-04.tex:2128	tex/chapters/chapter-01/section-04.tex:2128	defined
target		unknown	subsubsec:ch1-apx5-v-approximation	label	tex/chapters/chapter-01/section-04.tex:2133	tex/chapters/chapter-01/section-04.tex:2133	defined
target		equation	eq:ch1-apx5-v-embedding	label	tex/chapters/chapter-01/section-04.tex:2140	tex/chapters/chapter-01/section-04.tex:2140	defined
target		equation	eq:ch1-apx5-vh-definition	label	tex/chapters/chapter-01/section-04.tex:2146	tex/chapters/chapter-01/section-04.tex:2146	defined
target		equation	eq:ch1-apx5-elementwise-divergence	label	tex/chapters/chapter-01/section-04.tex:2153	tex/chapters/chapter-01/section-04.tex:2153	defined
target		equation	eq:ch1-apx5-face-average-restriction	label	tex/chapters/chapter-01/section-04.tex:2167	tex/chapters/chapter-01/section-04.tex:2167	defined
target		proposition	prop:ch1-apx5-v-stable-convergent	label	tex/chapters/chapter-01/section-04.tex:2189	tex/chapters/chapter-01/section-04.tex:2189	defined
target		equation	eq:ch1-apx5-weak-limit	label	tex/chapters/chapter-01/section-04.tex:2198	tex/chapters/chapter-01/section-04.tex:2198	defined
target		equation	eq:ch1-apx5-limit-h01	label	tex/chapters/chapter-01/section-04.tex:2204	tex/chapters/chapter-01/section-04.tex:2204	defined
target		equation	eq:ch1-apx5-point-interpolant-error	label	tex/chapters/chapter-01/section-04.tex:2223	tex/chapters/chapter-01/section-04.tex:2223	defined
target		equation	eq:ch1-apx5-interpolants-difference	label	tex/chapters/chapter-01/section-04.tex:2228	tex/chapters/chapter-01/section-04.tex:2228	defined
target		equation	eq:ch1-apx5-taylor-face-barycenter	label	tex/chapters/chapter-01/section-04.tex:2235	tex/chapters/chapter-01/section-04.tex:2235	defined
target		equation	eq:ch1-apx5-taylor-remainder	label	tex/chapters/chapter-01/section-04.tex:2241	tex/chapters/chapter-01/section-04.tex:2241	defined
target		equation	eq:ch1-apx5-nodal-error	label	tex/chapters/chapter-01/section-04.tex:2252	tex/chapters/chapter-01/section-04.tex:2252	defined
target		equation	eq:ch1-apx5-nodal-error-bound	label	tex/chapters/chapter-01/section-04.tex:2257	tex/chapters/chapter-01/section-04.tex:2257	defined
target		equation	eq:ch1-apx5-broken-derivative-error	label	tex/chapters/chapter-01/section-04.tex:2277	tex/chapters/chapter-01/section-04.tex:2277	defined
target		equation	eq:ch1-apx5-broken-norm-error	label	tex/chapters/chapter-01/section-04.tex:2282	tex/chapters/chapter-01/section-04.tex:2282	defined
target		equation	eq:ch1-apx5-global-convergence-estimate	label	tex/chapters/chapter-01/section-04.tex:2288	tex/chapters/chapter-01/section-04.tex:2288	defined
target		unknown	subsubsec:ch1-apx5-stokes	label	tex/chapters/chapter-01/section-04.tex:2293	tex/chapters/chapter-01/section-04.tex:2293	defined
target		equation	eq:ch1-apx5-bilinear-form	label	tex/chapters/chapter-01/section-04.tex:2301	tex/chapters/chapter-01/section-04.tex:2301	defined
target		equation	eq:ch1-apx5-linear-form	label	tex/chapters/chapter-01/section-04.tex:2306	tex/chapters/chapter-01/section-04.tex:2306	defined
target		equation	eq:ch1-apx5-stokes-problem	label	tex/chapters/chapter-01/section-04.tex:2317	tex/chapters/chapter-01/section-04.tex:2317	defined
target		equation	eq:ch1-apx5-stokes-convergence	label	tex/chapters/chapter-01/section-04.tex:2328	tex/chapters/chapter-01/section-04.tex:2328	defined
target		equation	eq:ch1-apx5-discrete-pressure	label	tex/chapters/chapter-01/section-04.tex:2335	tex/chapters/chapter-01/section-04.tex:2335	defined
target		equation	eq:ch1-apx5-velocity-pressure-system	label	tex/chapters/chapter-01/section-04.tex:2342	tex/chapters/chapter-01/section-04.tex:2342	defined
target		equation	eq:ch1-apx5-discrete-divergence	label	tex/chapters/chapter-01/section-04.tex:2347	tex/chapters/chapter-01/section-04.tex:2347	defined
target		equation	eq:ch1-apx5-smooth-interpolation-error	label	tex/chapters/chapter-01/section-04.tex:2353	tex/chapters/chapter-01/section-04.tex:2353	defined
target		lemma	lem:ch1-apx5-consistency	label	tex/chapters/chapter-01/section-04.tex:2360	tex/chapters/chapter-01/section-04.tex:2360	defined
target		equation	eq:ch1-apx5-consistency-identity	label	tex/chapters/chapter-01/section-04.tex:2365	tex/chapters/chapter-01/section-04.tex:2365	defined
target		equation	eq:ch1-apx5-consistency-bound	label	tex/chapters/chapter-01/section-04.tex:2370	tex/chapters/chapter-01/section-04.tex:2370	defined
target		equation	eq:ch1-apx5-stokes-error	label	tex/chapters/chapter-01/section-04.tex:2391	tex/chapters/chapter-01/section-04.tex:2391	defined
target		equation	eq:ch1-apx5-strong-momentum	label	tex/chapters/chapter-01/section-04.tex:2399	tex/chapters/chapter-01/section-04.tex:2399	defined
target		equation	eq:ch1-apx5-elementwise-momentum	label	tex/chapters/chapter-01/section-04.tex:2405	tex/chapters/chapter-01/section-04.tex:2405	defined
target		remark	rem:ch1-apx5-basis-and-uses	label	tex/chapters/chapter-01/section-04.tex:2424	tex/chapters/chapter-01/section-04.tex:2424	defined
target		unknown	subsubsec:ch1-nc-auxiliary-estimates	label	tex/chapters/chapter-01/section-04.tex:2435	tex/chapters/chapter-01/section-04.tex:2435	defined
target		equation	eq:ch1-nc-auxiliary-jh	label	tex/chapters/chapter-01/section-04.tex:2440	tex/chapters/chapter-01/section-04.tex:2440	defined
target		proposition	prop:ch1-nc-jh-h1-estimate	label	tex/chapters/chapter-01/section-04.tex:2448	tex/chapters/chapter-01/section-04.tex:2448	defined
target		equation	eq:ch1-nc-jh-h1-estimate	label	tex/chapters/chapter-01/section-04.tex:2453	tex/chapters/chapter-01/section-04.tex:2453	defined
target		lemma	lem:ch1-nc-boundary-cancellation	label	tex/chapters/chapter-01/section-04.tex:2461	tex/chapters/chapter-01/section-04.tex:2461	defined
target		equation	eq:ch1-nc-jh-face-sum	label	tex/chapters/chapter-01/section-04.tex:2466	tex/chapters/chapter-01/section-04.tex:2466	defined
target		lemma	lem:ch1-nc-boundary-difference	label	tex/chapters/chapter-01/section-04.tex:2492	tex/chapters/chapter-01/section-04.tex:2492	defined
target		equation	eq:ch1-nc-jh-difference-form	label	tex/chapters/chapter-01/section-04.tex:2498	tex/chapters/chapter-01/section-04.tex:2498	defined
target		equation	eq:ch1-nc-jh-subtract-barycenter	label	tex/chapters/chapter-01/section-04.tex:2508	tex/chapters/chapter-01/section-04.tex:2508	defined
target		equation	eq:ch1-nc-jh-barycenter-cancellation	label	tex/chapters/chapter-01/section-04.tex:2514	tex/chapters/chapter-01/section-04.tex:2514	defined
target		equation	eq:ch1-nc-jh-average-cancellation	label	tex/chapters/chapter-01/section-04.tex:2522	tex/chapters/chapter-01/section-04.tex:2522	defined
target		equation	eq:ch1-nc-linear-face-average	label	tex/chapters/chapter-01/section-04.tex:2532	tex/chapters/chapter-01/section-04.tex:2532	defined
target		lemma	lem:ch1-nc-boundary-cauchy	label	tex/chapters/chapter-01/section-04.tex:2539	tex/chapters/chapter-01/section-04.tex:2539	defined
target		equation	eq:ch1-nc-jh-cauchy-bound	label	tex/chapters/chapter-01/section-04.tex:2545	tex/chapters/chapter-01/section-04.tex:2545	defined
target		equation	eq:ch1-nc-face-measure-bound	label	tex/chapters/chapter-01/section-04.tex:2583	tex/chapters/chapter-01/section-04.tex:2583	defined
target		equation	eq:ch1-nc-inradius-height-bound	label	tex/chapters/chapter-01/section-04.tex:2588	tex/chapters/chapter-01/section-04.tex:2588	defined
target		equation	eq:ch1-nc-jh-pre-cauchy	label	tex/chapters/chapter-01/section-04.tex:2605	tex/chapters/chapter-01/section-04.tex:2605	defined
target		lemma	lem:ch1-nc-uniform-trace	label	tex/chapters/chapter-01/section-04.tex:2612	tex/chapters/chapter-01/section-04.tex:2612	defined
target		equation	eq:ch1-nc-local-trace-poincare	label	tex/chapters/chapter-01/section-04.tex:2617	tex/chapters/chapter-01/section-04.tex:2617	defined
target		equation	eq:ch1-nc-global-trace-poincare	label	tex/chapters/chapter-01/section-04.tex:2623	tex/chapters/chapter-01/section-04.tex:2623	defined
target		equation	eq:ch1-nc-trace-sigma	label	tex/chapters/chapter-01/section-04.tex:2652	tex/chapters/chapter-01/section-04.tex:2652	defined
target		equation	eq:ch1-nc-trace-pullback	label	tex/chapters/chapter-01/section-04.tex:2658	tex/chapters/chapter-01/section-04.tex:2658	defined
target		equation	eq:ch1-nc-determinant-trace-bound	label	tex/chapters/chapter-01/section-04.tex:2699	tex/chapters/chapter-01/section-04.tex:2699	defined
target		proposition	prop:ch1-nc-jh-lp-estimate	label	tex/chapters/chapter-01/section-04.tex:2727	tex/chapters/chapter-01/section-04.tex:2727	defined
target		equation	eq:ch1-nc-jh-lp-estimate	label	tex/chapters/chapter-01/section-04.tex:2733	tex/chapters/chapter-01/section-04.tex:2733	defined
target		lemma	lem:ch1-nc-jh-holder-face	label	tex/chapters/chapter-01/section-04.tex:2741	tex/chapters/chapter-01/section-04.tex:2741	defined
target		equation	eq:ch1-nc-jh-holder-face	label	tex/chapters/chapter-01/section-04.tex:2748	tex/chapters/chapter-01/section-04.tex:2748	defined
target		equation	eq:ch1-nc-linear-face-pointwise	label	tex/chapters/chapter-01/section-04.tex:2762	tex/chapters/chapter-01/section-04.tex:2762	defined
target		lemma	lem:ch1-nc-trace-holder	label	tex/chapters/chapter-01/section-04.tex:2781	tex/chapters/chapter-01/section-04.tex:2781	defined
target		equation	eq:ch1-nc-trace-holder	label	tex/chapters/chapter-01/section-04.tex:2793	tex/chapters/chapter-01/section-04.tex:2793	defined
target		lemma	lem:ch1-nc-jh-lp-intermediate	label	tex/chapters/chapter-01/section-04.tex:2869	tex/chapters/chapter-01/section-04.tex:2869	defined
target		equation	eq:ch1-nc-jh-lp-intermediate	label	tex/chapters/chapter-01/section-04.tex:2875	tex/chapters/chapter-01/section-04.tex:2875	defined
target		equation	eq:ch1-nc-jh-measure-sum	label	tex/chapters/chapter-01/section-04.tex:2897	tex/chapters/chapter-01/section-04.tex:2897	defined
target		equation	eq:ch1-nc-jh-global-holder	label	tex/chapters/chapter-01/section-04.tex:2928	tex/chapters/chapter-01/section-04.tex:2928	defined
target		equation	eq:ch1-nc-discrete-lp-lq	label	tex/chapters/chapter-01/section-04.tex:2937	tex/chapters/chapter-01/section-04.tex:2937	defined
target		lemma	lem:ch1-finite-sequence-lp-lq	label	tex/chapters/chapter-01/section-04.tex:2954	tex/chapters/chapter-01/section-04.tex:2954	defined
target		equation	eq:ch1-finite-sequence-lp-lq	label	tex/chapters/chapter-01/section-04.tex:2959	tex/chapters/chapter-01/section-04.tex:2959	defined
target		equation	eq:ch1-finite-sequence-induction	label	tex/chapters/chapter-01/section-04.tex:2987	tex/chapters/chapter-01/section-04.tex:2987	defined
target		section	sec:ch1-numerical-algorithms	label	tex/chapters/chapter-01/section-05.tex:3	tex/chapters/chapter-01/section-05.tex:3	defined
target		subsection	subsec:ch1-uzawa-algorithm	label	tex/chapters/chapter-01/section-05.tex:13	tex/chapters/chapter-01/section-05.tex:13	defined
target		equation	eq:ch1-uzawa-initial-pressure	label	tex/chapters/chapter-01/section-05.tex:22	tex/chapters/chapter-01/section-05.tex:22	defined
target		equation	eq:ch1-uzawa-velocity-step	label	tex/chapters/chapter-01/section-05.tex:33	tex/chapters/chapter-01/section-05.tex:33	defined
target		equation	eq:ch1-uzawa-pressure-step	label	tex/chapters/chapter-01/section-05.tex:43	tex/chapters/chapter-01/section-05.tex:43	defined
target		equation	eq:ch1-uzawa-dirichlet-step	label	tex/chapters/chapter-01/section-05.tex:55	tex/chapters/chapter-01/section-05.tex:55	defined
target		equation	eq:ch1-uzawa-pressure-update	label	tex/chapters/chapter-01/section-05.tex:60	tex/chapters/chapter-01/section-05.tex:60	defined
target		theorem	thm:ch1-uzawa-convergence	label	tex/chapters/chapter-01/section-05.tex:67	tex/chapters/chapter-01/section-05.tex:67	defined
target		equation	eq:ch1-uzawa-step-condition	label	tex/chapters/chapter-01/section-05.tex:71	tex/chapters/chapter-01/section-05.tex:71	defined
target		equation	eq:ch1-uzawa-exact-variational-equation	label	tex/chapters/chapter-01/section-05.tex:81	tex/chapters/chapter-01/section-05.tex:81	defined
target		equation	eq:ch1-uzawa-error-identity	label	tex/chapters/chapter-01/section-05.tex:90	tex/chapters/chapter-01/section-05.tex:90	defined
target		equation	eq:ch1-uzawa-velocity-error	label	tex/chapters/chapter-01/section-05.tex:95	tex/chapters/chapter-01/section-05.tex:95	defined
target		equation	eq:ch1-uzawa-pressure-error	label	tex/chapters/chapter-01/section-05.tex:99	tex/chapters/chapter-01/section-05.tex:99	defined
target		equation	eq:ch1-uzawa-pressure-energy	label	tex/chapters/chapter-01/section-05.tex:110	tex/chapters/chapter-01/section-05.tex:110	defined
target		equation	eq:ch1-uzawa-combined-energy	label	tex/chapters/chapter-01/section-05.tex:120	tex/chapters/chapter-01/section-05.tex:120	defined
target		equation	eq:ch1-divergence-norm-bound	label	tex/chapters/chapter-01/section-05.tex:130	tex/chapters/chapter-01/section-05.tex:130	defined
target		equation	eq:ch1-uzawa-one-step-bound	label	tex/chapters/chapter-01/section-05.tex:151	tex/chapters/chapter-01/section-05.tex:151	defined
target		equation	eq:ch1-uzawa-summed-bound	label	tex/chapters/chapter-01/section-05.tex:160	tex/chapters/chapter-01/section-05.tex:160	defined
target		equation	eq:ch1-uzawa-error-convergence	label	tex/chapters/chapter-01/section-05.tex:180	tex/chapters/chapter-01/section-05.tex:180	defined
target		remark	rem:ch1-uzawa-zero-mean-pressure	label	tex/chapters/chapter-01/section-05.tex:202	tex/chapters/chapter-01/section-05.tex:202	defined
target		subsection	subsec:ch1-arrow-hurwicz-algorithm	label	tex/chapters/chapter-01/section-05.tex:220	tex/chapters/chapter-01/section-05.tex:220	defined
target		equation	eq:ch1-arrow-hurwicz-initial-data	label	tex/chapters/chapter-01/section-05.tex:228	tex/chapters/chapter-01/section-05.tex:228	defined
target		equation	eq:ch1-arrow-hurwicz-velocity-step	label	tex/chapters/chapter-01/section-05.tex:240	tex/chapters/chapter-01/section-05.tex:240	defined
target		equation	eq:ch1-arrow-hurwicz-pressure-step	label	tex/chapters/chapter-01/section-05.tex:250	tex/chapters/chapter-01/section-05.tex:250	defined
target		equation	eq:ch1-arrow-hurwicz-dirichlet-step	label	tex/chapters/chapter-01/section-05.tex:264	tex/chapters/chapter-01/section-05.tex:264	defined
target		equation	eq:ch1-arrow-hurwicz-pressure-update	label	tex/chapters/chapter-01/section-05.tex:270	tex/chapters/chapter-01/section-05.tex:270	defined
target		theorem	thm:ch1-arrow-hurwicz-convergence	label	tex/chapters/chapter-01/section-05.tex:277	tex/chapters/chapter-01/section-05.tex:277	defined
target		equation	eq:ch1-arrow-hurwicz-step-condition	label	tex/chapters/chapter-01/section-05.tex:281	tex/chapters/chapter-01/section-05.tex:281	defined
target		equation	eq:ch1-arrow-hurwicz-velocity-error	label	tex/chapters/chapter-01/section-05.tex:290	tex/chapters/chapter-01/section-05.tex:290	defined
target		equation	eq:ch1-arrow-hurwicz-pressure-error	label	tex/chapters/chapter-01/section-05.tex:294	tex/chapters/chapter-01/section-05.tex:294	defined
target		equation	eq:ch1-arrow-hurwicz-velocity-energy	label	tex/chapters/chapter-01/section-05.tex:314	tex/chapters/chapter-01/section-05.tex:314	defined
target		equation	eq:ch1-arrow-hurwicz-pressure-energy	label	tex/chapters/chapter-01/section-05.tex:341	tex/chapters/chapter-01/section-05.tex:341	defined
target		equation	eq:ch1-arrow-hurwicz-combined-energy	label	tex/chapters/chapter-01/section-05.tex:353	tex/chapters/chapter-01/section-05.tex:353	defined
target		equation	eq:ch1-arrow-hurwicz-positive-coefficient	label	tex/chapters/chapter-01/section-05.tex:367	tex/chapters/chapter-01/section-05.tex:367	defined
target		remark	rem:ch1-arrow-hurwicz-zero-mean-pressure	label	tex/chapters/chapter-01/section-05.tex:374	tex/chapters/chapter-01/section-05.tex:374	defined
target		subsection	subsec:ch1-discrete-algorithms	label	tex/chapters/chapter-01/section-05.tex:379	tex/chapters/chapter-01/section-05.tex:379	defined
target		equation	eq:ch1-discrete-algorithm-velocity-expansion	label	tex/chapters/chapter-01/section-05.tex:388	tex/chapters/chapter-01/section-05.tex:388	defined
target		equation	eq:ch1-discrete-algorithm-pressure-expansion	label	tex/chapters/chapter-01/section-05.tex:393	tex/chapters/chapter-01/section-05.tex:393	defined
target		equation	eq:ch1-discrete-uzawa-velocity-step	label	tex/chapters/chapter-01/section-05.tex:408	tex/chapters/chapter-01/section-05.tex:408	defined
target		equation	eq:ch1-discrete-uzawa-pressure-step	label	tex/chapters/chapter-01/section-05.tex:412	tex/chapters/chapter-01/section-05.tex:412	defined
target		equation	eq:ch1-discrete-uzawa-velocity-convergence	label	tex/chapters/chapter-01/section-05.tex:419	tex/chapters/chapter-01/section-05.tex:419	defined
target		equation	eq:ch1-discrete-uzawa-pressure-convergence	label	tex/chapters/chapter-01/section-05.tex:423	tex/chapters/chapter-01/section-05.tex:423	defined
target		equation	eq:ch1-discrete-arrow-hurwicz-velocity-step	label	tex/chapters/chapter-01/section-05.tex:440	tex/chapters/chapter-01/section-05.tex:440	defined
target		equation	eq:ch1-discrete-arrow-hurwicz-pressure-step	label	tex/chapters/chapter-01/section-05.tex:446	tex/chapters/chapter-01/section-05.tex:446	defined
target		equation	eq:ch1-explicit-discrete-arrow-hurwicz-step	label	tex/chapters/chapter-01/section-05.tex:465	tex/chapters/chapter-01/section-05.tex:465	defined
target		equation	eq:ch1-explicit-discrete-arrow-hurwicz-pointwise	label	tex/chapters/chapter-01/section-05.tex:476	tex/chapters/chapter-01/section-05.tex:476	defined
target		equation	eq:ch1-discrete-norm-equivalence	label	tex/chapters/chapter-01/section-05.tex:484	tex/chapters/chapter-01/section-05.tex:484	defined
target		equation	eq:ch1-explicit-discrete-arrow-hurwicz-step-condition	label	tex/chapters/chapter-01/section-05.tex:493	tex/chapters/chapter-01/section-05.tex:493	defined
target		equation	eq:ch1-explicit-discrete-arrow-hurwicz-velocity-energy	label	tex/chapters/chapter-01/section-05.tex:515	tex/chapters/chapter-01/section-05.tex:515	defined
target		equation	eq:ch1-explicit-discrete-arrow-hurwicz-combined-energy	label	tex/chapters/chapter-01/section-05.tex:527	tex/chapters/chapter-01/section-05.tex:527	defined
target		section	sec:ch1-penalty-method	label	tex/chapters/chapter-01/section-06.tex:3	tex/chapters/chapter-01/section-06.tex:3	defined
target		equation	eq:ch1-penalty-momentum	label	tex/chapters/chapter-01/section-06.tex:10	tex/chapters/chapter-01/section-06.tex:10	defined
target		equation	eq:ch1-penalty-boundary	label	tex/chapters/chapter-01/section-06.tex:14	tex/chapters/chapter-01/section-06.tex:14	defined
target		subsection	subsec:ch1-penalty-convergence	label	tex/chapters/chapter-01/section-06.tex:23	tex/chapters/chapter-01/section-06.tex:23	defined
target		theorem	thm:ch1-penalty-convergence	label	tex/chapters/chapter-01/section-06.tex:27	tex/chapters/chapter-01/section-06.tex:27	defined
target		equation	eq:ch1-penalty-velocity-convergence	label	tex/chapters/chapter-01/section-06.tex:32	tex/chapters/chapter-01/section-06.tex:32	defined
target		equation	eq:ch1-penalty-pressure-convergence	label	tex/chapters/chapter-01/section-06.tex:38	tex/chapters/chapter-01/section-06.tex:38	defined
target		equation	eq:ch1-penalty-pressure-zero-mean	label	tex/chapters/chapter-01/section-06.tex:43	tex/chapters/chapter-01/section-06.tex:43	defined
target		equation	eq:ch1-penalty-variational-problem	label	tex/chapters/chapter-01/section-06.tex:54	tex/chapters/chapter-01/section-06.tex:54	defined
target		equation	eq:ch1-penalty-error-equation	label	tex/chapters/chapter-01/section-06.tex:71	tex/chapters/chapter-01/section-06.tex:71	defined
target		equation	eq:ch1-penalty-error-variational	label	tex/chapters/chapter-01/section-06.tex:79	tex/chapters/chapter-01/section-06.tex:79	defined
target		equation	eq:ch1-penalty-basic-estimate	label	tex/chapters/chapter-01/section-06.tex:97	tex/chapters/chapter-01/section-06.tex:97	defined
target		equation	eq:ch1-penalty-pressure-derivative-convergence	label	tex/chapters/chapter-01/section-06.tex:106	tex/chapters/chapter-01/section-06.tex:106	defined
target		equation	eq:ch1-penalty-pressure-lemma-application	label	tex/chapters/chapter-01/section-06.tex:117	tex/chapters/chapter-01/section-06.tex:117	defined
target		lemma	lem:ch1-negative-norm-pressure-estimate	label	tex/chapters/chapter-01/section-06.tex:128	tex/chapters/chapter-01/section-06.tex:128	defined
target		equation	eq:ch1-negative-norm-pressure-estimate	label	tex/chapters/chapter-01/section-06.tex:137	tex/chapters/chapter-01/section-06.tex:137	defined
target		equation	eq:ch1-negative-norm-upper-bound	label	tex/chapters/chapter-01/section-06.tex:148	tex/chapters/chapter-01/section-06.tex:148	defined
target		equation	eq:ch1-negative-norm-integral-limit	label	tex/chapters/chapter-01/section-06.tex:156	tex/chapters/chapter-01/section-06.tex:156	defined
target		equation	eq:ch1-negative-norm-derivative-limit	label	tex/chapters/chapter-01/section-06.tex:162	tex/chapters/chapter-01/section-06.tex:162	defined
target		remark	rem:ch1-negative-norm-disconnected-domain	label	tex/chapters/chapter-01/section-06.tex:183	tex/chapters/chapter-01/section-06.tex:183	defined
target		equation	eq:ch1-penalty-component-pressure-zero-mean	label	tex/chapters/chapter-01/section-06.tex:192	tex/chapters/chapter-01/section-06.tex:192	defined
target		subsection	subsec:ch1-penalty-asymptotic-expansion	label	tex/chapters/chapter-01/section-06.tex:197	tex/chapters/chapter-01/section-06.tex:197	defined
target		equation	eq:ch1-penalty-asymptotic-series	label	tex/chapters/chapter-01/section-06.tex:203	tex/chapters/chapter-01/section-06.tex:203	defined
target		equation	eq:ch1-penalty-base-pair	label	tex/chapters/chapter-01/section-06.tex:210	tex/chapters/chapter-01/section-06.tex:210	defined
target		equation	eq:ch1-penalty-recursive-spaces	label	tex/chapters/chapter-01/section-06.tex:216	tex/chapters/chapter-01/section-06.tex:216	defined
target		equation	eq:ch1-penalty-recursive-momentum	label	tex/chapters/chapter-01/section-06.tex:220	tex/chapters/chapter-01/section-06.tex:220	defined
target		equation	eq:ch1-penalty-recursive-divergence	label	tex/chapters/chapter-01/section-06.tex:224	tex/chapters/chapter-01/section-06.tex:224	defined
target		equation	eq:ch1-penalty-recursive-pressure-zero-mean	label	tex/chapters/chapter-01/section-06.tex:228	tex/chapters/chapter-01/section-06.tex:228	defined
target		equation	eq:ch1-penalty-recursive-compatibility	label	tex/chapters/chapter-01/section-06.tex:235	tex/chapters/chapter-01/section-06.tex:235	defined
target		equation	eq:ch1-penalty-velocity-partial-sum	label	tex/chapters/chapter-01/section-06.tex:241	tex/chapters/chapter-01/section-06.tex:241	defined
target		equation	eq:ch1-penalty-pressure-partial-sum	label	tex/chapters/chapter-01/section-06.tex:245	tex/chapters/chapter-01/section-06.tex:245	defined
target		theorem	thm:ch1-penalty-asymptotic-expansion	label	tex/chapters/chapter-01/section-06.tex:250	tex/chapters/chapter-01/section-06.tex:250	defined
target		equation	eq:ch1-penalty-velocity-remainder	label	tex/chapters/chapter-01/section-06.tex:258	tex/chapters/chapter-01/section-06.tex:258	defined
target		equation	eq:ch1-penalty-pressure-remainder	label	tex/chapters/chapter-01/section-06.tex:266	tex/chapters/chapter-01/section-06.tex:266	defined
target		equation	eq:ch1-penalty-remainder-spaces	label	tex/chapters/chapter-01/section-06.tex:287	tex/chapters/chapter-01/section-06.tex:287	defined
target		equation	eq:ch1-penalty-remainder-equation	label	tex/chapters/chapter-01/section-06.tex:294	tex/chapters/chapter-01/section-06.tex:294	defined
target		equation	eq:ch1-penalty-remainder-variational	label	tex/chapters/chapter-01/section-06.tex:305	tex/chapters/chapter-01/section-06.tex:305	defined
target		equation	eq:ch1-penalty-remainder-estimate	label	tex/chapters/chapter-01/section-06.tex:327	tex/chapters/chapter-01/section-06.tex:327	defined
target		equation	eq:ch1-penalty-remainder-derivative-limit	label	tex/chapters/chapter-01/section-06.tex:337	tex/chapters/chapter-01/section-06.tex:337	defined
target		remark	rem:ch1-penalty-asymptotic-disconnected-domain	label	tex/chapters/chapter-01/section-06.tex:363	tex/chapters/chapter-01/section-06.tex:363	defined
target		equation	eq:ch1-penalty-recursive-component-zero-mean	label	tex/chapters/chapter-01/section-06.tex:367	tex/chapters/chapter-01/section-06.tex:367	defined
target		remark	rem:ch1-penalty-discrete-asymptotic-version	label	tex/chapters/chapter-01/section-06.tex:374	tex/chapters/chapter-01/section-06.tex:374	defined
target		subsection	subsec:ch1-penalty-numerical-algorithms	label	tex/chapters/chapter-01/section-06.tex:379	tex/chapters/chapter-01/section-06.tex:379	defined
target		equation	eq:ch1-penalty-algorithm-spaces	label	tex/chapters/chapter-01/section-06.tex:389	tex/chapters/chapter-01/section-06.tex:389	defined
target		equation	eq:ch1-penalty-algorithm-momentum	label	tex/chapters/chapter-01/section-06.tex:393	tex/chapters/chapter-01/section-06.tex:393	defined
target		equation	eq:ch1-penalty-algorithm-divergence	label	tex/chapters/chapter-01/section-06.tex:397	tex/chapters/chapter-01/section-06.tex:397	defined
target		equation	eq:ch1-penalty-algorithm-pressure-zero-mean	label	tex/chapters/chapter-01/section-06.tex:401	tex/chapters/chapter-01/section-06.tex:401	defined
target		equation	eq:ch1-penalty-algorithm-data-compatibility	label	tex/chapters/chapter-01/section-06.tex:406	tex/chapters/chapter-01/section-06.tex:406	defined
target		equation	eq:ch1-penalty-algorithm-initial-pressure	label	tex/chapters/chapter-01/section-06.tex:414	tex/chapters/chapter-01/section-06.tex:414	defined
target		equation	eq:ch1-penalty-uzawa-velocity-step	label	tex/chapters/chapter-01/section-06.tex:425	tex/chapters/chapter-01/section-06.tex:425	defined
target		equation	eq:ch1-penalty-uzawa-pressure-step	label	tex/chapters/chapter-01/section-06.tex:436	tex/chapters/chapter-01/section-06.tex:436	defined
target		equation	eq:ch1-penalty-uzawa-dirichlet-step	label	tex/chapters/chapter-01/section-06.tex:443	tex/chapters/chapter-01/section-06.tex:443	defined
target		equation	eq:ch1-penalty-uzawa-pressure-update	label	tex/chapters/chapter-01/section-06.tex:449	tex/chapters/chapter-01/section-06.tex:449	defined
target		equation	eq:ch1-penalty-uzawa-iterates-zero-mean	label	tex/chapters/chapter-01/section-06.tex:455	tex/chapters/chapter-01/section-06.tex:455	defined
target		theorem	thm:ch1-penalty-uzawa-convergence	label	tex/chapters/chapter-01/section-06.tex:462	tex/chapters/chapter-01/section-06.tex:462	defined
target		equation	eq:ch1-penalty-uzawa-step-condition	label	tex/chapters/chapter-01/section-06.tex:466	tex/chapters/chapter-01/section-06.tex:466	defined
reference	在第 \ref{sec:ch1-function-spaces} 节中, 我们考虑若干函数空间, 即分量属于 $L^2$ 的无散向量函数空间. 第 \ref{sec:ch1-stokes-existence-uniqueness} 节给出 Stokes 方程的变分表述, 并利用投影定理证明解的存在性与唯一性. 在第 \ref{sec:ch1-stokes-discretization-i} 节和第 \ref{sec:ch1-stokes-discretization-ii} 节中, 我们回顾赋范空间和变分线性方程逼近的若干定义与结果. 随后提出无散向量函数的一个基本空间 $V$ 的几类逼近, 其中包括有限差分逼近以及协调和非协调有限元逼近. 第 \ref{sec:ch1-numerical-algorithms} 节讨论 Stokes 方程的若干逼近算法及相应的离散方程. 这些算法旨在克服条件 $\operatorname{div}u=0$ 所造成的困难. 正如后文将表明的, 有时这一困难并不能仅靠离散化解决.	section	sec:ch1-function-spaces	ref	tex/chapters/chapter-01/section-01.tex:8	tex/chapters/chapter-01/section-01.tex:2	resolved
reference	在第 \ref{sec:ch1-function-spaces} 节中, 我们考虑若干函数空间, 即分量属于 $L^2$ 的无散向量函数空间. 第 \ref{sec:ch1-stokes-existence-uniqueness} 节给出 Stokes 方程的变分表述, 并利用投影定理证明解的存在性与唯一性. 在第 \ref{sec:ch1-stokes-discretization-i} 节和第 \ref{sec:ch1-stokes-discretization-ii} 节中, 我们回顾赋范空间和变分线性方程逼近的若干定义与结果. 随后提出无散向量函数的一个基本空间 $V$ 的几类逼近, 其中包括有限差分逼近以及协调和非协调有限元逼近. 第 \ref{sec:ch1-numerical-algorithms} 节讨论 Stokes 方程的若干逼近算法及相应的离散方程. 这些算法旨在克服条件 $\operatorname{div}u=0$ 所造成的困难. 正如后文将表明的, 有时这一困难并不能仅靠离散化解决.	section	sec:ch1-stokes-existence-uniqueness	ref	tex/chapters/chapter-01/section-01.tex:8	tex/chapters/chapter-01/section-02.tex:3	resolved
reference	在第 \ref{sec:ch1-function-spaces} 节中, 我们考虑若干函数空间, 即分量属于 $L^2$ 的无散向量函数空间. 第 \ref{sec:ch1-stokes-existence-uniqueness} 节给出 Stokes 方程的变分表述, 并利用投影定理证明解的存在性与唯一性. 在第 \ref{sec:ch1-stokes-discretization-i} 节和第 \ref{sec:ch1-stokes-discretization-ii} 节中, 我们回顾赋范空间和变分线性方程逼近的若干定义与结果. 随后提出无散向量函数的一个基本空间 $V$ 的几类逼近, 其中包括有限差分逼近以及协调和非协调有限元逼近. 第 \ref{sec:ch1-numerical-algorithms} 节讨论 Stokes 方程的若干逼近算法及相应的离散方程. 这些算法旨在克服条件 $\operatorname{div}u=0$ 所造成的困难. 正如后文将表明的, 有时这一困难并不能仅靠离散化解决.	section	sec:ch1-stokes-discretization-i	ref	tex/chapters/chapter-01/section-01.tex:8	tex/chapters/chapter-01/section-03.tex:3	resolved
reference	在第 \ref{sec:ch1-function-spaces} 节中, 我们考虑若干函数空间, 即分量属于 $L^2$ 的无散向量函数空间. 第 \ref{sec:ch1-stokes-existence-uniqueness} 节给出 Stokes 方程的变分表述, 并利用投影定理证明解的存在性与唯一性. 在第 \ref{sec:ch1-stokes-discretization-i} 节和第 \ref{sec:ch1-stokes-discretization-ii} 节中, 我们回顾赋范空间和变分线性方程逼近的若干定义与结果. 随后提出无散向量函数的一个基本空间 $V$ 的几类逼近, 其中包括有限差分逼近以及协调和非协调有限元逼近. 第 \ref{sec:ch1-numerical-algorithms} 节讨论 Stokes 方程的若干逼近算法及相应的离散方程. 这些算法旨在克服条件 $\operatorname{div}u=0$ 所造成的困难. 正如后文将表明的, 有时这一困难并不能仅靠离散化解决.	section	sec:ch1-stokes-discretization-ii	ref	tex/chapters/chapter-01/section-01.tex:8	tex/chapters/chapter-01/section-04.tex:3	resolved
reference	在第 \ref{sec:ch1-function-spaces} 节中, 我们考虑若干函数空间, 即分量属于 $L^2$ 的无散向量函数空间. 第 \ref{sec:ch1-stokes-existence-uniqueness} 节给出 Stokes 方程的变分表述, 并利用投影定理证明解的存在性与唯一性. 在第 \ref{sec:ch1-stokes-discretization-i} 节和第 \ref{sec:ch1-stokes-discretization-ii} 节中, 我们回顾赋范空间和变分线性方程逼近的若干定义与结果. 随后提出无散向量函数的一个基本空间 $V$ 的几类逼近, 其中包括有限差分逼近以及协调和非协调有限元逼近. 第 \ref{sec:ch1-numerical-algorithms} 节讨论 Stokes 方程的若干逼近算法及相应的离散方程. 这些算法旨在克服条件 $\operatorname{div}u=0$ 所造成的困难. 正如后文将表明的, 有时这一困难并不能仅靠离散化解决.	section	sec:ch1-numerical-algorithms	ref	tex/chapters/chapter-01/section-01.tex:8	tex/chapters/chapter-01/section-05.tex:3	resolved
reference	最后, 第 \ref{sec:ch1-penalty-method} 节研究微可压缩流体的线性化方程, 以及它们向不可压缩流体线性方程(即 Stokes 方程)的渐近收敛.	section	sec:ch1-penalty-method	ref	tex/chapters/chapter-01/section-01.tex:10	tex/chapters/chapter-01/section-06.tex:3	resolved
reference	本节引入并研究若干基本函数空间. 这些结果对后文十分重要, 但本节使用的方法不会再次出现, 因此读者可以略读证明, 只需保留第 \ref{subsec:ch1-notation} 小节所述的一般记号和注 \ref{rem:ch1-summary-results} 中汇总的结果.	subsection	subsec:ch1-notation	ref	tex/chapters/chapter-01/section-01.tex:12	tex/chapters/chapter-01/section-01.tex:15	resolved
reference	本节引入并研究若干基本函数空间. 这些结果对后文十分重要, 但本节使用的方法不会再次出现, 因此读者可以略读证明, 只需保留第 \ref{subsec:ch1-notation} 小节所述的一般记号和注 \ref{rem:ch1-summary-results} 中汇总的结果.	remark	rem:ch1-summary-results	ref	tex/chapters/chapter-01/section-01.tex:12	tex/chapters/chapter-01/section-01.tex:658	resolved
reference	称满足 \eqref{eq:ch1-domain-cr-condition} 的集合 $\Omega$ 为 $C^r$ 类集合. 然而, 对实际情形(例如正方形区域中的流动), 这一假设过强, 因此所有主要结果都将在较弱的条件下证明:	equation	eq:ch1-domain-cr-condition	eqref	tex/chapters/chapter-01/section-01.tex:48	tex/chapters/chapter-01/section-01.tex:46	resolved
reference	显然, 若 $\Omega$ 为 $C^1$ 类, 则 $\Omega$ 局部为 Lipschitz 的. 对本节后文, 需要注意满足 \eqref{eq:ch1-domain-lipschitz-condition} 的集合 $\Omega$ 是``局部星形的''. 这意味着对每个 $x_j\in\Gamma$, 都存在一个开邻域 $O_j$, 使 $O'_j=\Omega\cap O_j$ 关于其中某一点为星形. 根据 \eqref{eq:ch1-domain-lipschitz-condition}, 还可假设 $O'_j$ 的边界为 Lipschitz 的. 若 $\Gamma$ 有界, 则可由有限族这样的集合 $O_j$, $j\in J$, 覆盖; 若 $\Gamma$ 无界, 则族 $(O_j)_{j\in J}$ 可取为局部有限族.	equation	eq:ch1-domain-lipschitz-condition	eqref	tex/chapters/chapter-01/section-01.tex:57	tex/chapters/chapter-01/section-01.tex:53	resolved
reference	显然, 若 $\Omega$ 为 $C^1$ 类, 则 $\Omega$ 局部为 Lipschitz 的. 对本节后文, 需要注意满足 \eqref{eq:ch1-domain-lipschitz-condition} 的集合 $\Omega$ 是``局部星形的''. 这意味着对每个 $x_j\in\Gamma$, 都存在一个开邻域 $O_j$, 使 $O'_j=\Omega\cap O_j$ 关于其中某一点为星形. 根据 \eqref{eq:ch1-domain-lipschitz-condition}, 还可假设 $O'_j$ 的边界为 Lipschitz 的. 若 $\Gamma$ 有界, 则可由有限族这样的集合 $O_j$, $j\in J$, 覆盖; 若 $\Gamma$ 无界, 则族 $(O_j)_{j\in J}$ 可取为局部有限族.	equation	eq:ch1-domain-lipschitz-condition	eqref	tex/chapters/chapter-01/section-01.tex:57	tex/chapters/chapter-01/section-01.tex:53	resolved
reference	除非明确说明 $\Omega$ 是 $\mathbb{R}^n$ 中任意开集, 或要求其他光滑性, 否则始终假设 $\Omega$ 满足 \eqref{eq:ch1-domain-lipschitz-condition}.	equation	eq:ch1-domain-lipschitz-condition	eqref	tex/chapters/chapter-01/section-01.tex:59	tex/chapters/chapter-01/section-01.tex:53	resolved
reference	显然, \eqref{eq:ch1-e-space-inner-product} 是 $E(\Omega)$ 上的内积, 且容易看出 $E(\Omega)$ 关于相应范数	equation	eq:ch1-e-space-inner-product	eqref	tex/chapters/chapter-01/section-01.tex:151	tex/chapters/chapter-01/section-01.tex:149	resolved
reference	由于 $\rho_\varepsilon*u$ 有紧支集且各分量为 $C^\infty$ 函数, 它属于 $\mathbf{\mathcal D}(\mathbb R^n)$. 由 \eqref{eq:ch1-mollifier-l2-convergence}, 当 $\varepsilon\to0$ 时, $\rho_\varepsilon*u$ 在 $\mathbf L^2(\mathbb R^n)$ 中收敛到 $u$, 并且	equation	eq:ch1-mollifier-l2-convergence	eqref	tex/chapters/chapter-01/section-01.tex:186	tex/chapters/chapter-01/section-01.tex:178	resolved
reference	(iii) 对一般情形 $\Omega\neq\mathbb R^n$, 使用 \eqref{eq:ch1-domain-lipschitz-condition} 后的说明: $\Omega$ 局部为星形. 集合 $\Omega$ 与 $(O_j)_{j\in J}$ 构成 $\overline\Omega$ 的开覆盖. 取从属于该覆盖的单位分解	equation	eq:ch1-domain-lipschitz-condition	eqref	tex/chapters/chapter-01/section-01.tex:195	tex/chapters/chapter-01/section-01.tex:53	resolved
reference	以 $\sigma_\lambda\circ v$ 表示函数 $x\mapsto v(\sigma_\lambda(x))$. 由下述引理 \ref{lem:ch1-dilation-distribution}, 当 $\lambda>1$ 且 $\lambda\to1$ 时, $\sigma_\lambda\circ u_j$ 在 $O'_j$ 上的限制在 $E(O'_j)$(或 $E(\Omega)$)中收敛到 $u_j$. 若 $\psi_j\in\mathcal D(\sigma_\lambda(O'_j))$ 且在 $O'_j$ 上 $\psi_j=1$, 则函数 $\psi_j(\sigma_\lambda\circ u)$ 显然属于 $E(\mathbb R^n)$. 因而, 只需将 $u_j$ 替换为 $E(\Omega)$ 中某个函数 $v^j$, 它是 $E(\mathbb R^n)$ 中一个具有紧支集的函数 $w^j$ 在 $\Omega$ 上的限制; 可取 $w^j=\psi_j(\sigma_\lambda\circ u)$. 结论于是由 (ii) 得到.	lemma	lem:ch1-dilation-distribution	ref	tex/chapters/chapter-01/section-01.tex:215	tex/chapters/chapter-01/section-01.tex:222	resolved
reference	(i) 显然, 映射 $\phi\mapsto\lambda^{-n}\langle p,\sigma_{1/\lambda}\circ\phi\rangle$ 在 $\mathcal D(\sigma_\lambda O)$ 上线性连续, 因而定义了记为 $\sigma_\lambda\circ p$ 的分布. 公式 \eqref{eq:ch1-dilated-distribution-derivative} 由	equation	eq:ch1-dilated-distribution-derivative	eqref	tex/chapters/chapter-01/section-01.tex:244	tex/chapters/chapter-01/section-01.tex:236	resolved
reference	令 $m\to\infty$ 即得 \eqref{eq:ch1-trace-functional-zero}.	equation	eq:ch1-trace-functional-zero	eqref	tex/chapters/chapter-01/section-01.tex:313	tex/chapters/chapter-01/section-01.tex:307	resolved
reference	映射 $u\mapsto g(u)$ 显然线性, 且由 \eqref{eq:ch1-trace-functional-bound},	equation	eq:ch1-trace-functional-bound	eqref	tex/chapters/chapter-01/section-01.tex:331	tex/chapters/chapter-01/section-01.tex:324	resolved
reference	这证明映射 $u\mapsto g(u)=\gamma_\nu u$ 从 $E(\Omega)$ 到 $H^{-1/2}(\Gamma)$ 连续. 由 $\gamma_\nu u$ 的定义, \eqref{eq:ch1-generalized-stokes-formula} 直接成立, 最后只须证明 \eqref{eq:ch1-normal-trace-smooth}.	equation	eq:ch1-generalized-stokes-formula	eqref	tex/chapters/chapter-01/section-01.tex:337	tex/chapters/chapter-01/section-01.tex:286	resolved
reference	这证明映射 $u\mapsto g(u)=\gamma_\nu u$ 从 $E(\Omega)$ 到 $H^{-1/2}(\Gamma)$ 连续. 由 $\gamma_\nu u$ 的定义, \eqref{eq:ch1-generalized-stokes-formula} 直接成立, 最后只须证明 \eqref{eq:ch1-normal-trace-smooth}.	equation	eq:ch1-normal-trace-smooth	eqref	tex/chapters/chapter-01/section-01.tex:337	tex/chapters/chapter-01/section-01.tex:280	resolved
reference	对这些 $w$, 其迹 $\gamma_0w$ 在 $H^{1/2}(\Gamma)$ 中稠密, 故由连续性, 对每个 $\phi\in H^{1/2}(\Gamma)$ 都有 $X_u(\phi)=\langle u\cdot\nu,\phi\rangle$. 与 \eqref{eq:ch1-normal-trace-duality-definition} 比较, 得 $\gamma_\nu u=u\cdot\nu|_\Gamma$.	equation	eq:ch1-normal-trace-duality-definition	eqref	tex/chapters/chapter-01/section-01.tex:354	tex/chapters/chapter-01/section-01.tex:329	resolved
reference	定理 \ref{thm:ch1-density-in-e} 并未在定理 \ref{thm:ch1-normal-trace} 的证明中被显式使用, 但稠密性定理与引理 \ref{lem:ch1-normal-trace-smooth} 结合表明, 算子 $\gamma_\nu$ 是唯一的, 因为它在一个稠密子集上的值已经确定.	theorem	thm:ch1-density-in-e	ref	tex/chapters/chapter-01/section-01.tex:360	tex/chapters/chapter-01/section-01.tex:161	resolved
reference	定理 \ref{thm:ch1-density-in-e} 并未在定理 \ref{thm:ch1-normal-trace} 的证明中被显式使用, 但稠密性定理与引理 \ref{lem:ch1-normal-trace-smooth} 结合表明, 算子 $\gamma_\nu$ 是唯一的, 因为它在一个稠密子集上的值已经确定.	theorem	thm:ch1-normal-trace	ref	tex/chapters/chapter-01/section-01.tex:360	tex/chapters/chapter-01/section-01.tex:275	resolved
reference	定理 \ref{thm:ch1-density-in-e} 并未在定理 \ref{thm:ch1-normal-trace} 的证明中被显式使用, 但稠密性定理与引理 \ref{lem:ch1-normal-trace-smooth} 结合表明, 算子 $\gamma_\nu$ 是唯一的, 因为它在一个稠密子集上的值已经确定.	lemma	lem:ch1-normal-trace-smooth	ref	tex/chapters/chapter-01/section-01.tex:360	tex/chapters/chapter-01/section-01.tex:341	resolved
reference	若 $u\in E_0(\Omega)$, 则由该空间的定义, 存在 $u_m\in\mathbf{\mathcal D}(\Omega)$, 使当 $m\to\infty$ 时 $u_m$ 在 $E(\Omega)$ 中收敛到 $u$. 由定理 \ref{thm:ch1-normal-trace}, $\gamma_\nu u_m=0$, 因而	theorem	thm:ch1-normal-trace	ref	tex/chapters/chapter-01/section-01.tex:399	tex/chapters/chapter-01/section-01.tex:275	resolved
reference	完全按照定理 \ref{thm:ch1-density-in-e} 的证明步骤, 特别是 (i) 和 (ii), 可将一般情形约化到 $u$ 的支集包含于某个 $O_j\cap\overline\Omega$ 中的情形. 对这样的 $u$, 注意 $u^+\in E(\mathbb R^n)$; 当 $0<\lambda<1$ 时, $\sigma_\lambda\circ u^+$ 的支集紧含于 $O'_j$, 其中 $O'_j$ 假设关于 $0$ 为星形. 由引理 \ref{lem:ch1-dilation-distribution}, 当 $\lambda\to1$ 时, $\sigma_\lambda\circ u^+$ 在 $O'_j$(或 $\Omega$)上的限制在 $E(O'_j)$(或 $E(\Omega)$)中收敛到 $u$. 问题于是约化为以 $\mathcal D(\mathbb R^n)$ 中的元素逼近支集紧含于 $\Omega$ 的函数 $u$, 这可按定理 \ref{thm:ch1-density-in-e} 证明的 (ii) 通过正则化直接得到.	theorem	thm:ch1-density-in-e	ref	tex/chapters/chapter-01/section-01.tex:425	tex/chapters/chapter-01/section-01.tex:161	resolved
reference	完全按照定理 \ref{thm:ch1-density-in-e} 的证明步骤, 特别是 (i) 和 (ii), 可将一般情形约化到 $u$ 的支集包含于某个 $O_j\cap\overline\Omega$ 中的情形. 对这样的 $u$, 注意 $u^+\in E(\mathbb R^n)$; 当 $0<\lambda<1$ 时, $\sigma_\lambda\circ u^+$ 的支集紧含于 $O'_j$, 其中 $O'_j$ 假设关于 $0$ 为星形. 由引理 \ref{lem:ch1-dilation-distribution}, 当 $\lambda\to1$ 时, $\sigma_\lambda\circ u^+$ 在 $O'_j$(或 $\Omega$)上的限制在 $E(O'_j)$(或 $E(\Omega)$)中收敛到 $u$. 问题于是约化为以 $\mathcal D(\mathbb R^n)$ 中的元素逼近支集紧含于 $\Omega$ 的函数 $u$, 这可按定理 \ref{thm:ch1-density-in-e} 证明的 (ii) 通过正则化直接得到.	lemma	lem:ch1-dilation-distribution	ref	tex/chapters/chapter-01/section-01.tex:425	tex/chapters/chapter-01/section-01.tex:222	resolved
reference	完全按照定理 \ref{thm:ch1-density-in-e} 的证明步骤, 特别是 (i) 和 (ii), 可将一般情形约化到 $u$ 的支集包含于某个 $O_j\cap\overline\Omega$ 中的情形. 对这样的 $u$, 注意 $u^+\in E(\mathbb R^n)$; 当 $0<\lambda<1$ 时, $\sigma_\lambda\circ u^+$ 的支集紧含于 $O'_j$, 其中 $O'_j$ 假设关于 $0$ 为星形. 由引理 \ref{lem:ch1-dilation-distribution}, 当 $\lambda\to1$ 时, $\sigma_\lambda\circ u^+$ 在 $O'_j$(或 $\Omega$)上的限制在 $E(O'_j)$(或 $E(\Omega)$)中收敛到 $u$. 问题于是约化为以 $\mathcal D(\mathbb R^n)$ 中的元素逼近支集紧含于 $\Omega$ 的函数 $u$, 这可按定理 \ref{thm:ch1-density-in-e} 证明的 (ii) 通过正则化直接得到.	theorem	thm:ch1-density-in-e	ref	tex/chapters/chapter-01/section-01.tex:425	tex/chapters/chapter-01/section-01.tex:161	resolved
reference	若 $\Omega$ 无界或其边界不光滑, 某些部分结果仍然成立. 例如, 若 $u\in E(\Omega)$, 则可在 $\Gamma$ 的每个 $C^2$ 类有界部分 $\Gamma_0$ 上定义 $\gamma_\nu u$, 且 $\gamma_\nu u\in H^{-1/2}(\Gamma_0)$. 若 $\Omega$ 光滑但无界, 或其边界是有限个 $C^2$ 类有界 $(n-1)$ 维流形的并, 则可用这种方式在整个 $\Gamma$ 上定义 $\gamma_\nu u$. 然而, 广义 Stokes 公式 \eqref{eq:ch1-generalized-stokes-formula} 此时并不成立.	equation	eq:ch1-generalized-stokes-formula	eqref	tex/chapters/chapter-01/section-01.tex:431	tex/chapters/chapter-01/section-01.tex:286	resolved
reference	则前述所有结果均可推广到这一情形. 定理 \ref{thm:ch1-density-in-e} 和定理 \ref{thm:ch1-kernel-normal-trace} 成立. 定理 \ref{thm:ch1-normal-trace} 的证明把 $\gamma_\nu u$ 定义为 $\mathcal H^{-1/2}(\Gamma)$ 中的元素, 其中 $\mathcal H^{-1/2}(\Gamma)$ 是 $\mathcal H^{1/2}(\Gamma)$ 的对偶空间. 广义 Stokes 公式 \eqref{eq:ch1-generalized-stokes-formula} 有效.	theorem	thm:ch1-density-in-e	ref	tex/chapters/chapter-01/section-01.tex:441	tex/chapters/chapter-01/section-01.tex:161	resolved
reference	则前述所有结果均可推广到这一情形. 定理 \ref{thm:ch1-density-in-e} 和定理 \ref{thm:ch1-kernel-normal-trace} 成立. 定理 \ref{thm:ch1-normal-trace} 的证明把 $\gamma_\nu u$ 定义为 $\mathcal H^{-1/2}(\Gamma)$ 中的元素, 其中 $\mathcal H^{-1/2}(\Gamma)$ 是 $\mathcal H^{1/2}(\Gamma)$ 的对偶空间. 广义 Stokes 公式 \eqref{eq:ch1-generalized-stokes-formula} 有效.	theorem	thm:ch1-kernel-normal-trace	ref	tex/chapters/chapter-01/section-01.tex:441	tex/chapters/chapter-01/section-01.tex:394	resolved
reference	则前述所有结果均可推广到这一情形. 定理 \ref{thm:ch1-density-in-e} 和定理 \ref{thm:ch1-kernel-normal-trace} 成立. 定理 \ref{thm:ch1-normal-trace} 的证明把 $\gamma_\nu u$ 定义为 $\mathcal H^{-1/2}(\Gamma)$ 中的元素, 其中 $\mathcal H^{-1/2}(\Gamma)$ 是 $\mathcal H^{1/2}(\Gamma)$ 的对偶空间. 广义 Stokes 公式 \eqref{eq:ch1-generalized-stokes-formula} 有效.	theorem	thm:ch1-normal-trace	ref	tex/chapters/chapter-01/section-01.tex:441	tex/chapters/chapter-01/section-01.tex:275	resolved
reference	则前述所有结果均可推广到这一情形. 定理 \ref{thm:ch1-density-in-e} 和定理 \ref{thm:ch1-kernel-normal-trace} 成立. 定理 \ref{thm:ch1-normal-trace} 的证明把 $\gamma_\nu u$ 定义为 $\mathcal H^{-1/2}(\Gamma)$ 中的元素, 其中 $\mathcal H^{-1/2}(\Gamma)$ 是 $\mathcal H^{1/2}(\Gamma)$ 的对偶空间. 广义 Stokes 公式 \eqref{eq:ch1-generalized-stokes-formula} 有效.	equation	eq:ch1-generalized-stokes-formula	eqref	tex/chapters/chapter-01/section-01.tex:441	tex/chapters/chapter-01/section-01.tex:286	resolved
reference	回顾第 \ref{subsec:ch1-notation} 小节末尾的记号:	subsection	subsec:ch1-notation	ref	tex/chapters/chapter-01/section-01.tex:447	tex/chapters/chapter-01/section-01.tex:15	resolved
reference	该性质的逆命题也成立. 这一重要性质可利用 de Rham 的一个深刻结果证明\footnote{这里简述超出本书范围的证明. 考虑流 $f=\sum_{i=1}^n f_i\,dx_i$, $f_i\in\mathcal D'(\Omega)$, 以及具有紧支集的 $(n-1)$ 次 $C^\infty$ 形式 $\omega=\sum_{i=1}^n(-1)^iv^i\,dx_1\wedge\cdots\wedge\widehat{dx_i}\wedge\cdots\wedge dx_n$, $v^i\in\mathcal D(\Omega)$. 当且仅当 $v=(v^1,\ldots,v^n)\in\mathcal V$ 时 $d\omega=0$. de Rham [1] 第 114 页的定理 $17'$ 说明, 对 $f\in\mathcal D'(\Omega)$, 当且仅当对上述每个 $\omega$ 都有 $\langle f,\omega\rangle=0$ 时, 存在 $g\in\mathcal D'(\Omega)$ 使 $f=dg$, 即 $f_i=D_i g$. 这等价于命题 \ref{prop:ch1-de-rham-gradient}. 此证明由 J.L. Lions 私下告知. 注 \ref{rem:ch1-alternate-gradient-proof} 给出基于初等论证和命题 \ref{prop:ch1-gradient-regularity} 的另一证明; 另见补充评论. AMS Chelsea 版补注: 现已有不使用流理论或命题 \ref{prop:ch1-gradient-regularity} 的第三种简单自足证明, 见 X. Wang (1993).}.	proposition	prop:ch1-de-rham-gradient	ref	tex/chapters/chapter-01/section-01.tex:466	tex/chapters/chapter-01/section-01.tex:470	resolved
reference	该性质的逆命题也成立. 这一重要性质可利用 de Rham 的一个深刻结果证明\footnote{这里简述超出本书范围的证明. 考虑流 $f=\sum_{i=1}^n f_i\,dx_i$, $f_i\in\mathcal D'(\Omega)$, 以及具有紧支集的 $(n-1)$ 次 $C^\infty$ 形式 $\omega=\sum_{i=1}^n(-1)^iv^i\,dx_1\wedge\cdots\wedge\widehat{dx_i}\wedge\cdots\wedge dx_n$, $v^i\in\mathcal D(\Omega)$. 当且仅当 $v=(v^1,\ldots,v^n)\in\mathcal V$ 时 $d\omega=0$. de Rham [1] 第 114 页的定理 $17'$ 说明, 对 $f\in\mathcal D'(\Omega)$, 当且仅当对上述每个 $\omega$ 都有 $\langle f,\omega\rangle=0$ 时, 存在 $g\in\mathcal D'(\Omega)$ 使 $f=dg$, 即 $f_i=D_i g$. 这等价于命题 \ref{prop:ch1-de-rham-gradient}. 此证明由 J.L. Lions 私下告知. 注 \ref{rem:ch1-alternate-gradient-proof} 给出基于初等论证和命题 \ref{prop:ch1-gradient-regularity} 的另一证明; 另见补充评论. AMS Chelsea 版补注: 现已有不使用流理论或命题 \ref{prop:ch1-gradient-regularity} 的第三种简单自足证明, 见 X. Wang (1993).}.	remark	rem:ch1-alternate-gradient-proof	ref	tex/chapters/chapter-01/section-01.tex:466	tex/chapters/chapter-01/section-01.tex:735	resolved
reference	该性质的逆命题也成立. 这一重要性质可利用 de Rham 的一个深刻结果证明\footnote{这里简述超出本书范围的证明. 考虑流 $f=\sum_{i=1}^n f_i\,dx_i$, $f_i\in\mathcal D'(\Omega)$, 以及具有紧支集的 $(n-1)$ 次 $C^\infty$ 形式 $\omega=\sum_{i=1}^n(-1)^iv^i\,dx_1\wedge\cdots\wedge\widehat{dx_i}\wedge\cdots\wedge dx_n$, $v^i\in\mathcal D(\Omega)$. 当且仅当 $v=(v^1,\ldots,v^n)\in\mathcal V$ 时 $d\omega=0$. de Rham [1] 第 114 页的定理 $17'$ 说明, 对 $f\in\mathcal D'(\Omega)$, 当且仅当对上述每个 $\omega$ 都有 $\langle f,\omega\rangle=0$ 时, 存在 $g\in\mathcal D'(\Omega)$ 使 $f=dg$, 即 $f_i=D_i g$. 这等价于命题 \ref{prop:ch1-de-rham-gradient}. 此证明由 J.L. Lions 私下告知. 注 \ref{rem:ch1-alternate-gradient-proof} 给出基于初等论证和命题 \ref{prop:ch1-gradient-regularity} 的另一证明; 另见补充评论. AMS Chelsea 版补注: 现已有不使用流理论或命题 \ref{prop:ch1-gradient-regularity} 的第三种简单自足证明, 见 X. Wang (1993).}.	proposition	prop:ch1-gradient-regularity	ref	tex/chapters/chapter-01/section-01.tex:466	tex/chapters/chapter-01/section-01.tex:488	resolved
reference	该性质的逆命题也成立. 这一重要性质可利用 de Rham 的一个深刻结果证明\footnote{这里简述超出本书范围的证明. 考虑流 $f=\sum_{i=1}^n f_i\,dx_i$, $f_i\in\mathcal D'(\Omega)$, 以及具有紧支集的 $(n-1)$ 次 $C^\infty$ 形式 $\omega=\sum_{i=1}^n(-1)^iv^i\,dx_1\wedge\cdots\wedge\widehat{dx_i}\wedge\cdots\wedge dx_n$, $v^i\in\mathcal D(\Omega)$. 当且仅当 $v=(v^1,\ldots,v^n)\in\mathcal V$ 时 $d\omega=0$. de Rham [1] 第 114 页的定理 $17'$ 说明, 对 $f\in\mathcal D'(\Omega)$, 当且仅当对上述每个 $\omega$ 都有 $\langle f,\omega\rangle=0$ 时, 存在 $g\in\mathcal D'(\Omega)$ 使 $f=dg$, 即 $f_i=D_i g$. 这等价于命题 \ref{prop:ch1-de-rham-gradient}. 此证明由 J.L. Lions 私下告知. 注 \ref{rem:ch1-alternate-gradient-proof} 给出基于初等论证和命题 \ref{prop:ch1-gradient-regularity} 的另一证明; 另见补充评论. AMS Chelsea 版补注: 现已有不使用流理论或命题 \ref{prop:ch1-gradient-regularity} 的第三种简单自足证明, 见 X. Wang (1993).}.	proposition	prop:ch1-gradient-regularity	ref	tex/chapters/chapter-01/section-01.tex:466	tex/chapters/chapter-01/section-01.tex:488	resolved
reference	对有界星形开集 $\Omega$, (i) 和 \eqref{eq:ch1-gradient-l2-quotient-bound} 由 Deny--Lions [1] 证明. 在当前情形下, 由该结果, $p$ 在每个闭包包含于 $\Omega$ 的球以及 \eqref{eq:ch1-domain-lipschitz-condition} 后定义的所有集合 $O'_j$ 上属于 $L^2$. 有限个这样的球和集合 $O'_j$ 覆盖 $\Omega$, 故结论成立.	equation	eq:ch1-gradient-l2-quotient-bound	eqref	tex/chapters/chapter-01/section-01.tex:508	tex/chapters/chapter-01/section-01.tex:495	resolved
reference	对有界星形开集 $\Omega$, (i) 和 \eqref{eq:ch1-gradient-l2-quotient-bound} 由 Deny--Lions [1] 证明. 在当前情形下, 由该结果, $p$ 在每个闭包包含于 $\Omega$ 的球以及 \eqref{eq:ch1-domain-lipschitz-condition} 后定义的所有集合 $O'_j$ 上属于 $L^2$. 有限个这样的球和集合 $O'_j$ 覆盖 $\Omega$, 故结论成立.	equation	eq:ch1-domain-lipschitz-condition	eqref	tex/chapters/chapter-01/section-01.tex:508	tex/chapters/chapter-01/section-01.tex:53	resolved
reference	(i) 结合命题 \ref{prop:ch1-de-rham-gradient} 与命题 \ref{prop:ch1-gradient-regularity}, 可知若 $f\in\mathbf H^{-1}(\Omega)$(或 $\mathbf L^2_{\mathrm{loc}}(\Omega)$), 且对所有 $v\in\mathcal V$ 有 $(f,v)=0$, 则 $f=\operatorname{grad}p$, 其中 $p\in L^2_{\mathrm{loc}}(\Omega)$. 若 $\Omega$ 还是有界 Lipschitz 开集, 则 $p\in L^2(\Omega)$(或 $H^1(\Omega)$).	proposition	prop:ch1-de-rham-gradient	ref	tex/chapters/chapter-01/section-01.tex:518	tex/chapters/chapter-01/section-01.tex:470	resolved
reference	(i) 结合命题 \ref{prop:ch1-de-rham-gradient} 与命题 \ref{prop:ch1-gradient-regularity}, 可知若 $f\in\mathbf H^{-1}(\Omega)$(或 $\mathbf L^2_{\mathrm{loc}}(\Omega)$), 且对所有 $v\in\mathcal V$ 有 $(f,v)=0$, 则 $f=\operatorname{grad}p$, 其中 $p\in L^2_{\mathrm{loc}}(\Omega)$. 若 $\Omega$ 还是有界 Lipschitz 开集, 则 $p\in L^2(\Omega)$(或 $H^1(\Omega)$).	proposition	prop:ch1-gradient-regularity	ref	tex/chapters/chapter-01/section-01.tex:518	tex/chapters/chapter-01/section-01.tex:488	resolved
reference	(ii) 命题 \ref{prop:ch1-gradient-regularity} 的 (ii) 表明梯度算子是从 $L^2(\Omega)/\mathbb R$ 到 $\mathbf H^{-1}(\Omega)$ 的同构; 因而该线性算子的值域是闭的. 回顾当 $\Omega$ 有界时, $L^2(\Omega)/\mathbb R$ 同构于 $L^2(\Omega)$ 中与常数正交的子空间:	proposition	prop:ch1-gradient-regularity	ref	tex/chapters/chapter-01/section-01.tex:520	tex/chapters/chapter-01/section-01.tex:488	resolved
reference	另见 \eqref{eq:ch1-negative-norm-pressure-estimate} 中 \eqref{eq:ch1-gradient-hminus1-bound} 的另一版本.	equation	eq:ch1-negative-norm-pressure-estimate	eqref	tex/chapters/chapter-01/section-01.tex:525	tex/chapters/chapter-01/section-06.tex:137	resolved
reference	另见 \eqref{eq:ch1-negative-norm-pressure-estimate} 中 \eqref{eq:ch1-gradient-hminus1-bound} 的另一版本.	equation	eq:ch1-gradient-hminus1-bound	eqref	tex/chapters/chapter-01/section-01.tex:525	tex/chapters/chapter-01/section-01.tex:502	resolved
reference	先证明 \eqref{eq:ch1-h-orthogonal-characterization}. 设 $u$ 属于该式右端的空间. 则对所有 $v\in\mathcal V$,	equation	eq:ch1-h-orthogonal-characterization	eqref	tex/chapters/chapter-01/section-01.tex:546	tex/chapters/chapter-01/section-01.tex:537	resolved
reference	反之, $H^\perp$ 包含于 \eqref{eq:ch1-h-orthogonal-characterization} 右端的空间. 事实上, 若 $u\in H^\perp$, 则 $(u,v)=0$ 对所有 $v\in\mathcal V$ 成立. 由命题 \ref{prop:ch1-de-rham-gradient}, $u=\operatorname{grad}p$, $p\in\mathcal D'(\Omega)$; 再由命题 \ref{prop:ch1-gradient-regularity}, $p\in H^1(\Omega)$.	equation	eq:ch1-h-orthogonal-characterization	eqref	tex/chapters/chapter-01/section-01.tex:553	tex/chapters/chapter-01/section-01.tex:537	resolved
reference	反之, $H^\perp$ 包含于 \eqref{eq:ch1-h-orthogonal-characterization} 右端的空间. 事实上, 若 $u\in H^\perp$, 则 $(u,v)=0$ 对所有 $v\in\mathcal V$ 成立. 由命题 \ref{prop:ch1-de-rham-gradient}, $u=\operatorname{grad}p$, $p\in\mathcal D'(\Omega)$; 再由命题 \ref{prop:ch1-gradient-regularity}, $p\in H^1(\Omega)$.	proposition	prop:ch1-de-rham-gradient	ref	tex/chapters/chapter-01/section-01.tex:553	tex/chapters/chapter-01/section-01.tex:470	resolved
reference	反之, $H^\perp$ 包含于 \eqref{eq:ch1-h-orthogonal-characterization} 右端的空间. 事实上, 若 $u\in H^\perp$, 则 $(u,v)=0$ 对所有 $v\in\mathcal V$ 成立. 由命题 \ref{prop:ch1-de-rham-gradient}, $u=\operatorname{grad}p$, $p\in\mathcal D'(\Omega)$; 再由命题 \ref{prop:ch1-gradient-regularity}, $p\in H^1(\Omega)$.	proposition	prop:ch1-gradient-regularity	ref	tex/chapters/chapter-01/section-01.tex:553	tex/chapters/chapter-01/section-01.tex:488	resolved
reference	再证明 \eqref{eq:ch1-h-characterization}. 令 $H'$ 为该式右端的空间, 先证明 $H\subset H'$. 若 $u\in H$, 则 $u=\lim_{m\to\infty}u_m$, $u_m\in\mathcal V$. 这一 $\mathbf L^2(\Omega)$ 中的收敛蕴含分布意义下的收敛. 由于微分在分布空间中是连续算子且 $\operatorname{div}u_m=0$, 得 $\operatorname{div}u=0$. 因 $\operatorname{div}u_m=\operatorname{div}u=0$, $u_m,u\in E(\Omega)$, 且	equation	eq:ch1-h-characterization	eqref	tex/chapters/chapter-01/section-01.tex:555	tex/chapters/chapter-01/section-01.tex:541	resolved
reference	若 $H$ 不是整个 $H'$, 令 $H''$ 为 $H$ 在 $H'$ 中的正交补. 由 \eqref{eq:ch1-h-orthogonal-characterization}, 每个 $u\in H''$ 都是某个 $p\in H^1(\Omega)$ 的梯度; 此外 $p$ 满足	equation	eq:ch1-h-orthogonal-characterization	eqref	tex/chapters/chapter-01/section-01.tex:562	tex/chapters/chapter-01/section-01.tex:537	resolved
reference	若 $\Omega$ 是 $\mathbb R^n$ 中任意开集, 对 \eqref{eq:ch1-h-orthogonal-characterization} 的证明稍作修改即可得到	equation	eq:ch1-h-orthogonal-characterization	eqref	tex/chapters/chapter-01/section-01.tex:574	tex/chapters/chapter-01/section-01.tex:537	resolved
reference	若 $\Omega$ 无界但满足条件 \eqref{eq:ch1-domain-lipschitz-condition}, 则	equation	eq:ch1-domain-lipschitz-condition	eqref	tex/chapters/chapter-01/section-01.tex:579	tex/chapters/chapter-01/section-01.tex:53	resolved
reference	显然 $H_1,H_2\subset H^\perp$, 且 $H,H_1,H_2$ 中任意两个空间的交均为 $\{0\}$. 空间 $H_1$ 与 $H_2$ 正交. 若 $u=\operatorname{grad}p\in H_1$, $v=\operatorname{grad}q\in H_2$, 则 $u\in E(\Omega)$. 利用广义 Stokes 公式 \eqref{eq:ch1-generalized-stokes-formula},	equation	eq:ch1-generalized-stokes-formula	eqref	tex/chapters/chapter-01/section-01.tex:606	tex/chapters/chapter-01/section-01.tex:286	resolved
reference	的解. 注意 $\operatorname{div}(u-\operatorname{grad}p)=0$, 故 $u-\operatorname{grad}p\in E(\Omega)$, 而 $\gamma_\nu(u-\operatorname{grad}p)$ 可定义为 $H^{-1/2}(\Gamma)$ 中的元素. 由 Stokes 公式 \eqref{eq:ch1-generalized-stokes-formula},	equation	eq:ch1-generalized-stokes-formula	eqref	tex/chapters/chapter-01/section-01.tex:630	tex/chapters/chapter-01/section-01.tex:286	resolved
reference	由 Lions--Magenes [1] 的结果, Neumann 问题 \eqref{eq:ch1-decomposition-neumann-q} 有解, 且在相差一个加性常数的意义下唯一. 取	equation	eq:ch1-decomposition-neumann-q	eqref	tex/chapters/chapter-01/section-01.tex:635	tex/chapters/chapter-01/section-01.tex:628	resolved
reference	由定理 \ref{thm:ch1-characterization-h}, $u_0\in H$.	theorem	thm:ch1-characterization-h	ref	tex/chapters/chapter-01/section-01.tex:653	tex/chapters/chapter-01/section-01.tex:533	resolved
reference	(i) 以 $P_H$ 表示 $\mathbf L^2(\Omega)$ 到 $H$ 上的正交投影. 显然 $P_H$ 在 $\mathbf L^2(\Omega)$ 中连续. 事实上, $P_H$ 也将 $\mathbf H^1(\Omega)$ 映入自身, 并关于 $\mathbf H^1(\Omega)$ 的范数连续. 在定理 \ref{thm:ch1-helmholtz-decomposition} 的证明中, 假设 $u\in\mathbf H^1(\Omega)$, 则 $p\in H_0^1(\Omega)\cap H^2(\Omega)$, $u-\operatorname{grad}p\in\mathbf H^1(\Omega)$, 且 $\gamma_\nu(u-\operatorname{grad}p)\in H^{1/2}(\Gamma)$. 最后由 \eqref{eq:ch1-decomposition-neumann-q} 推得 $q\in H^2(\Omega)$, 并有	theorem	thm:ch1-helmholtz-decomposition	ref	tex/chapters/chapter-01/section-01.tex:659	tex/chapters/chapter-01/section-01.tex:588	resolved
reference	(i) 以 $P_H$ 表示 $\mathbf L^2(\Omega)$ 到 $H$ 上的正交投影. 显然 $P_H$ 在 $\mathbf L^2(\Omega)$ 中连续. 事实上, $P_H$ 也将 $\mathbf H^1(\Omega)$ 映入自身, 并关于 $\mathbf H^1(\Omega)$ 的范数连续. 在定理 \ref{thm:ch1-helmholtz-decomposition} 的证明中, 假设 $u\in\mathbf H^1(\Omega)$, 则 $p\in H_0^1(\Omega)\cap H^2(\Omega)$, $u-\operatorname{grad}p\in\mathbf H^1(\Omega)$, 且 $\gamma_\nu(u-\operatorname{grad}p)\in H^{1/2}(\Gamma)$. 最后由 \eqref{eq:ch1-decomposition-neumann-q} 推得 $q\in H^2(\Omega)$, 并有	equation	eq:ch1-decomposition-neumann-q	eqref	tex/chapters/chapter-01/section-01.tex:659	tex/chapters/chapter-01/section-01.tex:628	resolved
reference	令 $V'$ 为 \eqref{eq:ch1-v-characterization} 右端的空间. 显然 $V\subset V'$. 事实上, 若 $u\in V$, 则 $u=\lim_m u_m$, $u_m\in\mathcal V$; 这一 $\mathbf H_0^1(\Omega)$ 中的收敛蕴含 $\operatorname{div}u_m\to\operatorname{div}u$. 由于 $\operatorname{div}u_m=0$, 得 $\operatorname{div}u=0$.	equation	eq:ch1-v-characterization	eqref	tex/chapters/chapter-01/section-01.tex:694	tex/chapters/chapter-01/section-01.tex:689	resolved
reference	事实上, $V'$ 是 $\mathbf H_0^1(\Omega)=[H_0^1(\Omega)]^n$ 的闭子空间; $V'$ 上任一连续线性泛函可延拓为 $\mathbf H_0^1(\Omega)$ 上的连续线性泛函, 而这样的泛函具有 \eqref{eq:ch1-v-functional-representation} 右端的形式.	equation	eq:ch1-v-functional-representation	eqref	tex/chapters/chapter-01/section-01.tex:702	tex/chapters/chapter-01/section-01.tex:700	resolved
reference	向量分布 $\ell=(\ell_1,\ldots,\ell_n)$ 属于 $\mathbf H^{-1}(\Omega)$, 且对所有 $v\in\mathcal V$ 有 $\langle\ell,v\rangle=0$. 应用命题 \ref{prop:ch1-de-rham-gradient} 与命题 \ref{prop:ch1-gradient-regularity}, 得 $\ell=\operatorname{grad}p$, $p\in L^2(\Omega)$. 因而	proposition	prop:ch1-de-rham-gradient	ref	tex/chapters/chapter-01/section-01.tex:704	tex/chapters/chapter-01/section-01.tex:470	resolved
reference	向量分布 $\ell=(\ell_1,\ldots,\ell_n)$ 属于 $\mathbf H^{-1}(\Omega)$, 且对所有 $v\in\mathcal V$ 有 $\langle\ell,v\rangle=0$. 应用命题 \ref{prop:ch1-de-rham-gradient} 与命题 \ref{prop:ch1-gradient-regularity}, 得 $\ell=\operatorname{grad}p$, $p\in L^2(\Omega)$. 因而	proposition	prop:ch1-gradient-regularity	ref	tex/chapters/chapter-01/section-01.tex:704	tex/chapters/chapter-01/section-01.tex:488	resolved
reference	(i) 假设 $\Omega$ 是关于其中一点(不妨设为 $0$)整体星形的有界开集, 且对每个 $0<\lambda<1$ 都有 $\sigma_\lambda\overline\Omega\subset\Omega$, 其中 $\sigma_\lambda$ 仍表示线性变换 $x\mapsto\lambda x$. 在这种情形下, 可给出 \eqref{eq:ch1-v-characterization} 更直接且简单得多的证明.	equation	eq:ch1-v-characterization	eqref	tex/chapters/chapter-01/section-01.tex:720	tex/chapters/chapter-01/section-01.tex:689	resolved
reference	(ii) 若不满足定理 \ref{thm:ch1-characterization-v} 的假设, 即 $\Omega$ 不同时有界且为 Lipschitz 的, 则 \eqref{eq:ch1-v-characterization} 可能不成立. 仍以 $V'$ 表示 \eqref{eq:ch1-v-characterization} 右端的空间. 有 $V\subset V'$, 但当 $\Omega$ 有界而非 Lipschitz 时, 尚不清楚是否有 $V=V'$. 若 $\Omega$ 无界, J.G. Heywood [4] 的一个例子表明 $V$ 可能不同于 $V'$, 且在该例中 $\dim V'/V=1$. Ladyzhenskaya--Solonnikov [2] 给出了其他无界开集 $\Omega$ 的例子, 使 $\dim V'/V=k$, 其中 $k$ 是任意整数.	theorem	thm:ch1-characterization-v	ref	tex/chapters/chapter-01/section-01.tex:724	tex/chapters/chapter-01/section-01.tex:685	resolved
reference	(ii) 若不满足定理 \ref{thm:ch1-characterization-v} 的假设, 即 $\Omega$ 不同时有界且为 Lipschitz 的, 则 \eqref{eq:ch1-v-characterization} 可能不成立. 仍以 $V'$ 表示 \eqref{eq:ch1-v-characterization} 右端的空间. 有 $V\subset V'$, 但当 $\Omega$ 有界而非 Lipschitz 时, 尚不清楚是否有 $V=V'$. 若 $\Omega$ 无界, J.G. Heywood [4] 的一个例子表明 $V$ 可能不同于 $V'$, 且在该例中 $\dim V'/V=1$. Ladyzhenskaya--Solonnikov [2] 给出了其他无界开集 $\Omega$ 的例子, 使 $\dim V'/V=k$, 其中 $k$ 是任意整数.	equation	eq:ch1-v-characterization	eqref	tex/chapters/chapter-01/section-01.tex:724	tex/chapters/chapter-01/section-01.tex:689	resolved
reference	(ii) 若不满足定理 \ref{thm:ch1-characterization-v} 的假设, 即 $\Omega$ 不同时有界且为 Lipschitz 的, 则 \eqref{eq:ch1-v-characterization} 可能不成立. 仍以 $V'$ 表示 \eqref{eq:ch1-v-characterization} 右端的空间. 有 $V\subset V'$, 但当 $\Omega$ 有界而非 Lipschitz 时, 尚不清楚是否有 $V=V'$. 若 $\Omega$ 无界, J.G. Heywood [4] 的一个例子表明 $V$ 可能不同于 $V'$, 且在该例中 $\dim V'/V=1$. Ladyzhenskaya--Solonnikov [2] 给出了其他无界开集 $\Omega$ 的例子, 使 $\dim V'/V=k$, 其中 $k$ 是任意整数.	equation	eq:ch1-v-characterization	eqref	tex/chapters/chapter-01/section-01.tex:724	tex/chapters/chapter-01/section-01.tex:689	resolved
reference	本书将大量使用命题 \ref{prop:ch1-de-rham-gradient}, 命题 \ref{prop:ch1-gradient-regularity} 和定理 \ref{thm:ch1-characterization-v}, 较少使用定理 \ref{thm:ch1-helmholtz-decomposition}.	proposition	prop:ch1-de-rham-gradient	ref	tex/chapters/chapter-01/section-01.tex:730	tex/chapters/chapter-01/section-01.tex:470	resolved
reference	本书将大量使用命题 \ref{prop:ch1-de-rham-gradient}, 命题 \ref{prop:ch1-gradient-regularity} 和定理 \ref{thm:ch1-characterization-v}, 较少使用定理 \ref{thm:ch1-helmholtz-decomposition}.	proposition	prop:ch1-gradient-regularity	ref	tex/chapters/chapter-01/section-01.tex:730	tex/chapters/chapter-01/section-01.tex:488	resolved
reference	本书将大量使用命题 \ref{prop:ch1-de-rham-gradient}, 命题 \ref{prop:ch1-gradient-regularity} 和定理 \ref{thm:ch1-characterization-v}, 较少使用定理 \ref{thm:ch1-helmholtz-decomposition}.	theorem	thm:ch1-characterization-v	ref	tex/chapters/chapter-01/section-01.tex:730	tex/chapters/chapter-01/section-01.tex:685	resolved
reference	本书将大量使用命题 \ref{prop:ch1-de-rham-gradient}, 命题 \ref{prop:ch1-gradient-regularity} 和定理 \ref{thm:ch1-characterization-v}, 较少使用定理 \ref{thm:ch1-helmholtz-decomposition}.	theorem	thm:ch1-helmholtz-decomposition	ref	tex/chapters/chapter-01/section-01.tex:730	tex/chapters/chapter-01/section-01.tex:588	resolved
reference	可以用另一种不使用 de Rham 理论的方法证明一个弱于命题 \ref{prop:ch1-de-rham-gradient}, 但足以后文使用的结果, 参见原书第 10 页.	proposition	prop:ch1-de-rham-gradient	ref	tex/chapters/chapter-01/section-01.tex:736	tex/chapters/chapter-01/section-01.tex:470	resolved
reference	下面概述 L. Tartar [1] 给出的证明, 它基于命题 \ref{prop:ch1-gradient-regularity} 和注 \ref{rem:ch1-gradient-operator-range}(ii).	proposition	prop:ch1-gradient-regularity	ref	tex/chapters/chapter-01/section-01.tex:749	tex/chapters/chapter-01/section-01.tex:488	resolved
reference	下面概述 L. Tartar [1] 给出的证明, 它基于命题 \ref{prop:ch1-gradient-regularity} 和注 \ref{rem:ch1-gradient-operator-range}(ii).	remark	rem:ch1-gradient-operator-range	ref	tex/chapters/chapter-01/section-01.tex:749	tex/chapters/chapter-01/section-01.tex:517	resolved
reference	由注 \ref{rem:ch1-gradient-operator-range}(ii), $A$ 的值域 $R(A)$ 是 $\mathbf H^{-1}(\Omega)$ 的闭子空间. 由线性算子理论, $\ker A^*$ 的正交补是 $R(A)$ 的闭包, 因而就是 $R(A)$. 而	remark	rem:ch1-gradient-operator-range	ref	tex/chapters/chapter-01/section-01.tex:753	tex/chapters/chapter-01/section-01.tex:517	resolved
reference	现设 $f$ 满足 \eqref{eq:ch1-tartar-bounded-gradient-result} 中的条件, 并取 $u\in\ker A_m^*$. 若 $u^+$ 表示 $u$ 在 $\Omega_m$ 外的零延拓, 则 $u^+\in\mathbf H_0^1(\Omega)$ 且 $\operatorname{div}u^+=\operatorname{div}u=0$. 由于 $u^+$ 的支集紧含于 $\Omega$, 通过正则化可知 $u^+$ 是 $\mathcal V$ 中元素在 $\mathbf H_0^1(\Omega)$ 中的极限, 因而 $u^+\in V$ 且 $\langle f,u^+\rangle=0$. 所以 $f$ 在 $\Omega_m$ 上的限制与 $\ker A_m^*$ 正交, 从而属于 $R(A_m)$: 在 $\Omega_m$ 上 $f=\operatorname{grad}p_m$, 其中 $p_m\in L^2(\Omega_m)$. 因为 $\Omega_m$ 递增, $p_{m+1}-p_m$ 在 $\Omega_m$ 上为常数, 可选择 $p_{m+1}$ 使该常数为零. 因而 $f=\operatorname{grad}p$, $p\in L^2_{\mathrm{loc}}(\Omega)$.	equation	eq:ch1-tartar-bounded-gradient-result	eqref	tex/chapters/chapter-01/section-01.tex:759	tex/chapters/chapter-01/section-01.tex:741	resolved
reference	这足以证明 \eqref{eq:ch1-tartar-arbitrary-gradient-result}. 为得到 \eqref{eq:ch1-tartar-bounded-gradient-result}, 即 $p\in L^2(\Omega)$, 使用 $\Omega$ 局部为星形这一事实, 见第 \ref{subsec:ch1-notation} 小节. 令 $(O_j)_{1\leq j\leq J}$ 是 $\Gamma$ 的一个有限覆盖, 使对每个 $j$, $O'_j=O_j\cap\Omega$ 都为星形. 若 $u\in\mathbf H_0^1(O'_j)$ 且 $\operatorname{div}u=0$, 则对 $0<\lambda<1$, $\sigma_\lambda u$ 的零延拓属于 $\mathbf H_0^1(\Omega)$. 同前可得 $\langle f,u^+\rangle=0$, 因而在 $O'_j$ 中 $f=\operatorname{grad}q_j$, $q_j\in L^2(O'_j)$. 调整加性常数后, $q_j=p$ 于 $O'_j$, 所以对所有 $j$ 都有 $p\in L^2(O'_j)$, 从而 $p\in L^2(\Omega)$.	equation	eq:ch1-tartar-arbitrary-gradient-result	eqref	tex/chapters/chapter-01/section-01.tex:760	tex/chapters/chapter-01/section-01.tex:747	resolved
reference	这足以证明 \eqref{eq:ch1-tartar-arbitrary-gradient-result}. 为得到 \eqref{eq:ch1-tartar-bounded-gradient-result}, 即 $p\in L^2(\Omega)$, 使用 $\Omega$ 局部为星形这一事实, 见第 \ref{subsec:ch1-notation} 小节. 令 $(O_j)_{1\leq j\leq J}$ 是 $\Gamma$ 的一个有限覆盖, 使对每个 $j$, $O'_j=O_j\cap\Omega$ 都为星形. 若 $u\in\mathbf H_0^1(O'_j)$ 且 $\operatorname{div}u=0$, 则对 $0<\lambda<1$, $\sigma_\lambda u$ 的零延拓属于 $\mathbf H_0^1(\Omega)$. 同前可得 $\langle f,u^+\rangle=0$, 因而在 $O'_j$ 中 $f=\operatorname{grad}q_j$, $q_j\in L^2(O'_j)$. 调整加性常数后, $q_j=p$ 于 $O'_j$, 所以对所有 $j$ 都有 $p\in L^2(O'_j)$, 从而 $p\in L^2(\Omega)$.	equation	eq:ch1-tartar-bounded-gradient-result	eqref	tex/chapters/chapter-01/section-01.tex:760	tex/chapters/chapter-01/section-01.tex:741	resolved
reference	这足以证明 \eqref{eq:ch1-tartar-arbitrary-gradient-result}. 为得到 \eqref{eq:ch1-tartar-bounded-gradient-result}, 即 $p\in L^2(\Omega)$, 使用 $\Omega$ 局部为星形这一事实, 见第 \ref{subsec:ch1-notation} 小节. 令 $(O_j)_{1\leq j\leq J}$ 是 $\Gamma$ 的一个有限覆盖, 使对每个 $j$, $O'_j=O_j\cap\Omega$ 都为星形. 若 $u\in\mathbf H_0^1(O'_j)$ 且 $\operatorname{div}u=0$, 则对 $0<\lambda<1$, $\sigma_\lambda u$ 的零延拓属于 $\mathbf H_0^1(\Omega)$. 同前可得 $\langle f,u^+\rangle=0$, 因而在 $O'_j$ 中 $f=\operatorname{grad}q_j$, $q_j\in L^2(O'_j)$. 调整加性常数后, $q_j=p$ 于 $O'_j$, 所以对所有 $j$ 都有 $p\in L^2(O'_j)$, 从而 $p\in L^2(\Omega)$.	subsection	subsec:ch1-notation	ref	tex/chapters/chapter-01/section-01.tex:760	tex/chapters/chapter-01/section-01.tex:15	resolved
reference	若 $f,u,p$ 是满足 \eqref{eq:ch1-stokes-momentum}--\eqref{eq:ch1-stokes-homogeneous-boundary} 的光滑函数, 则将 \eqref{eq:ch1-stokes-momentum} 与函数 $v\in\mathcal V$ 作标量积, 得	equation	eq:ch1-stokes-momentum	eqref	tex/chapters/chapter-01/section-02.tex:23	tex/chapters/chapter-01/section-02.tex:13	resolved
reference	若 $f,u,p$ 是满足 \eqref{eq:ch1-stokes-momentum}--\eqref{eq:ch1-stokes-homogeneous-boundary} 的光滑函数, 则将 \eqref{eq:ch1-stokes-momentum} 与函数 $v\in\mathcal V$ 作标量积, 得	equation	eq:ch1-stokes-homogeneous-boundary	eqref	tex/chapters/chapter-01/section-02.tex:23	tex/chapters/chapter-01/section-02.tex:21	resolved
reference	若 $f,u,p$ 是满足 \eqref{eq:ch1-stokes-momentum}--\eqref{eq:ch1-stokes-homogeneous-boundary} 的光滑函数, 则将 \eqref{eq:ch1-stokes-momentum} 与函数 $v\in\mathcal V$ 作标量积, 得	equation	eq:ch1-stokes-momentum	eqref	tex/chapters/chapter-01/section-02.tex:23	tex/chapters/chapter-01/section-02.tex:13	resolved
reference	分部积分后, 项 $(-\Delta u,v)$ 给出\footnote{参见 \ref{subsec:ch1-notation} 末尾的记号.}	subsection	subsec:ch1-notation	ref	tex/chapters/chapter-01/section-02.tex:28	tex/chapters/chapter-01/section-01.tex:15	resolved
reference	由于 \eqref{eq:ch1-stokes-variational-smooth} 两边关于 $v$ 在线性意义下均依赖于 $H_0^1(\Omega)$ 拓扑且连续, 该等式通过连续性对 $\mathcal V$ 在 $H_0^1(\Omega)$ 中的闭包 $V$ 中每个 $v$ 仍成立. 若 $\Omega$ 是 $C^2$ 类集合, 则由 \eqref{eq:ch1-stokes-homogeneous-boundary}, 光滑函数 $u$ 属于 $\mathbf H_0^1(\Omega)$; 又由 \eqref{eq:ch1-stokes-incompressibility} 和定理 \ref{thm:ch1-characterization-v}, 有 $u\in V$. 因而得到结论:	equation	eq:ch1-stokes-variational-smooth	eqref	tex/chapters/chapter-01/section-02.tex:42	tex/chapters/chapter-01/section-02.tex:40	resolved
reference	由于 \eqref{eq:ch1-stokes-variational-smooth} 两边关于 $v$ 在线性意义下均依赖于 $H_0^1(\Omega)$ 拓扑且连续, 该等式通过连续性对 $\mathcal V$ 在 $H_0^1(\Omega)$ 中的闭包 $V$ 中每个 $v$ 仍成立. 若 $\Omega$ 是 $C^2$ 类集合, 则由 \eqref{eq:ch1-stokes-homogeneous-boundary}, 光滑函数 $u$ 属于 $\mathbf H_0^1(\Omega)$; 又由 \eqref{eq:ch1-stokes-incompressibility} 和定理 \ref{thm:ch1-characterization-v}, 有 $u\in V$. 因而得到结论:	equation	eq:ch1-stokes-homogeneous-boundary	eqref	tex/chapters/chapter-01/section-02.tex:42	tex/chapters/chapter-01/section-02.tex:21	resolved
reference	由于 \eqref{eq:ch1-stokes-variational-smooth} 两边关于 $v$ 在线性意义下均依赖于 $H_0^1(\Omega)$ 拓扑且连续, 该等式通过连续性对 $\mathcal V$ 在 $H_0^1(\Omega)$ 中的闭包 $V$ 中每个 $v$ 仍成立. 若 $\Omega$ 是 $C^2$ 类集合, 则由 \eqref{eq:ch1-stokes-homogeneous-boundary}, 光滑函数 $u$ 属于 $\mathbf H_0^1(\Omega)$; 又由 \eqref{eq:ch1-stokes-incompressibility} 和定理 \ref{thm:ch1-characterization-v}, 有 $u\in V$. 因而得到结论:	equation	eq:ch1-stokes-incompressibility	eqref	tex/chapters/chapter-01/section-02.tex:42	tex/chapters/chapter-01/section-02.tex:17	resolved
reference	由于 \eqref{eq:ch1-stokes-variational-smooth} 两边关于 $v$ 在线性意义下均依赖于 $H_0^1(\Omega)$ 拓扑且连续, 该等式通过连续性对 $\mathcal V$ 在 $H_0^1(\Omega)$ 中的闭包 $V$ 中每个 $v$ 仍成立. 若 $\Omega$ 是 $C^2$ 类集合, 则由 \eqref{eq:ch1-stokes-homogeneous-boundary}, 光滑函数 $u$ 属于 $\mathbf H_0^1(\Omega)$; 又由 \eqref{eq:ch1-stokes-incompressibility} 和定理 \ref{thm:ch1-characterization-v}, 有 $u\in V$. 因而得到结论:	theorem	thm:ch1-characterization-v	ref	tex/chapters/chapter-01/section-02.tex:42	tex/chapters/chapter-01/section-01.tex:685	resolved
reference	反过来, 假设 $u$ 满足 \eqref{eq:ch1-stokes-variational-problem}, 我们说明 $u$ 在某种意义下满足 \eqref{eq:ch1-stokes-momentum}--\eqref{eq:ch1-stokes-homogeneous-boundary}. 因为 $u$ 仅属于 $\mathbf H_0^1(\Omega)$, 其正则性低于上述情形, 所以只能期望这些方程以弱于经典意义的方式成立. 实际上, $u\in\mathbf H_0^1(\Omega)$ 意味着其各分量的迹 $\gamma_0u$ 在 $\mathbf H^{1/2}(\Gamma)$ 中为零; $u\in V$ 结合定理 \ref{thm:ch1-characterization-v} 意味着 $\operatorname{div}u=0$ 在分布意义下成立; 由 \eqref{eq:ch1-stokes-variational-problem} 又有	equation	eq:ch1-stokes-variational-problem	eqref	tex/chapters/chapter-01/section-02.tex:48	tex/chapters/chapter-01/section-02.tex:45	resolved
reference	反过来, 假设 $u$ 满足 \eqref{eq:ch1-stokes-variational-problem}, 我们说明 $u$ 在某种意义下满足 \eqref{eq:ch1-stokes-momentum}--\eqref{eq:ch1-stokes-homogeneous-boundary}. 因为 $u$ 仅属于 $\mathbf H_0^1(\Omega)$, 其正则性低于上述情形, 所以只能期望这些方程以弱于经典意义的方式成立. 实际上, $u\in\mathbf H_0^1(\Omega)$ 意味着其各分量的迹 $\gamma_0u$ 在 $\mathbf H^{1/2}(\Gamma)$ 中为零; $u\in V$ 结合定理 \ref{thm:ch1-characterization-v} 意味着 $\operatorname{div}u=0$ 在分布意义下成立; 由 \eqref{eq:ch1-stokes-variational-problem} 又有	equation	eq:ch1-stokes-momentum	eqref	tex/chapters/chapter-01/section-02.tex:48	tex/chapters/chapter-01/section-02.tex:13	resolved
reference	反过来, 假设 $u$ 满足 \eqref{eq:ch1-stokes-variational-problem}, 我们说明 $u$ 在某种意义下满足 \eqref{eq:ch1-stokes-momentum}--\eqref{eq:ch1-stokes-homogeneous-boundary}. 因为 $u$ 仅属于 $\mathbf H_0^1(\Omega)$, 其正则性低于上述情形, 所以只能期望这些方程以弱于经典意义的方式成立. 实际上, $u\in\mathbf H_0^1(\Omega)$ 意味着其各分量的迹 $\gamma_0u$ 在 $\mathbf H^{1/2}(\Gamma)$ 中为零; $u\in V$ 结合定理 \ref{thm:ch1-characterization-v} 意味着 $\operatorname{div}u=0$ 在分布意义下成立; 由 \eqref{eq:ch1-stokes-variational-problem} 又有	equation	eq:ch1-stokes-homogeneous-boundary	eqref	tex/chapters/chapter-01/section-02.tex:48	tex/chapters/chapter-01/section-02.tex:21	resolved
reference	反过来, 假设 $u$ 满足 \eqref{eq:ch1-stokes-variational-problem}, 我们说明 $u$ 在某种意义下满足 \eqref{eq:ch1-stokes-momentum}--\eqref{eq:ch1-stokes-homogeneous-boundary}. 因为 $u$ 仅属于 $\mathbf H_0^1(\Omega)$, 其正则性低于上述情形, 所以只能期望这些方程以弱于经典意义的方式成立. 实际上, $u\in\mathbf H_0^1(\Omega)$ 意味着其各分量的迹 $\gamma_0u$ 在 $\mathbf H^{1/2}(\Gamma)$ 中为零; $u\in V$ 结合定理 \ref{thm:ch1-characterization-v} 意味着 $\operatorname{div}u=0$ 在分布意义下成立; 由 \eqref{eq:ch1-stokes-variational-problem} 又有	theorem	thm:ch1-characterization-v	ref	tex/chapters/chapter-01/section-02.tex:48	tex/chapters/chapter-01/section-01.tex:685	resolved
reference	反过来, 假设 $u$ 满足 \eqref{eq:ch1-stokes-variational-problem}, 我们说明 $u$ 在某种意义下满足 \eqref{eq:ch1-stokes-momentum}--\eqref{eq:ch1-stokes-homogeneous-boundary}. 因为 $u$ 仅属于 $\mathbf H_0^1(\Omega)$, 其正则性低于上述情形, 所以只能期望这些方程以弱于经典意义的方式成立. 实际上, $u\in\mathbf H_0^1(\Omega)$ 意味着其各分量的迹 $\gamma_0u$ 在 $\mathbf H^{1/2}(\Gamma)$ 中为零; $u\in V$ 结合定理 \ref{thm:ch1-characterization-v} 意味着 $\operatorname{div}u=0$ 在分布意义下成立; 由 \eqref{eq:ch1-stokes-variational-problem} 又有	equation	eq:ch1-stokes-variational-problem	eqref	tex/chapters/chapter-01/section-02.tex:48	tex/chapters/chapter-01/section-02.tex:45	resolved
reference	因此, 由命题 \ref{prop:ch1-de-rham-gradient} 和命题 \ref{prop:ch1-gradient-regularity}, 存在某个分布 $p\in L^2(\Omega)$, 使	proposition	prop:ch1-de-rham-gradient	ref	tex/chapters/chapter-01/section-02.tex:52	tex/chapters/chapter-01/section-01.tex:470	resolved
reference	因此, 由命题 \ref{prop:ch1-de-rham-gradient} 和命题 \ref{prop:ch1-gradient-regularity}, 存在某个分布 $p\in L^2(\Omega)$, 使	proposition	prop:ch1-gradient-regularity	ref	tex/chapters/chapter-01/section-02.tex:52	tex/chapters/chapter-01/section-01.tex:488	resolved
reference	(i) $u\in V$ 满足 \eqref{eq:ch1-stokes-variational-problem}.	equation	eq:ch1-stokes-variational-problem	eqref	tex/chapters/chapter-01/section-02.tex:63	tex/chapters/chapter-01/section-02.tex:45	resolved
reference	(ii) $u\in\mathbf H_0^1(\Omega)$, 并在下述弱意义下满足 \eqref{eq:ch1-stokes-momentum}--\eqref{eq:ch1-stokes-homogeneous-boundary}:	equation	eq:ch1-stokes-momentum	eqref	tex/chapters/chapter-01/section-02.tex:65	tex/chapters/chapter-01/section-02.tex:13	resolved
reference	(ii) $u\in\mathbf H_0^1(\Omega)$, 并在下述弱意义下满足 \eqref{eq:ch1-stokes-momentum}--\eqref{eq:ch1-stokes-homogeneous-boundary}:	equation	eq:ch1-stokes-homogeneous-boundary	eqref	tex/chapters/chapter-01/section-02.tex:65	tex/chapters/chapter-01/section-02.tex:21	resolved
reference	问题``求满足 \eqref{eq:ch1-stokes-variational-problem} 的 $u\in V$''称为问题 \eqref{eq:ch1-stokes-momentum}--\eqref{eq:ch1-stokes-homogeneous-boundary} 的变分表述.	equation	eq:ch1-stokes-variational-problem	eqref	tex/chapters/chapter-01/section-02.tex:84	tex/chapters/chapter-01/section-02.tex:45	resolved
reference	问题``求满足 \eqref{eq:ch1-stokes-variational-problem} 的 $u\in V$''称为问题 \eqref{eq:ch1-stokes-momentum}--\eqref{eq:ch1-stokes-homogeneous-boundary} 的变分表述.	equation	eq:ch1-stokes-momentum	eqref	tex/chapters/chapter-01/section-02.tex:84	tex/chapters/chapter-01/section-02.tex:13	resolved
reference	问题``求满足 \eqref{eq:ch1-stokes-variational-problem} 的 $u\in V$''称为问题 \eqref{eq:ch1-stokes-momentum}--\eqref{eq:ch1-stokes-homogeneous-boundary} 的变分表述.	equation	eq:ch1-stokes-homogeneous-boundary	eqref	tex/chapters/chapter-01/section-02.tex:84	tex/chapters/chapter-01/section-02.tex:21	resolved
reference	在研究 \eqref{eq:ch1-stokes-variational-problem} 的存在性与唯一性之前, 先作几点说明.	equation	eq:ch1-stokes-variational-problem	eqref	tex/chapters/chapter-01/section-02.tex:90	tex/chapters/chapter-01/section-02.tex:45	resolved
reference	(i) 问题 \eqref{eq:ch1-stokes-momentum}--\eqref{eq:ch1-stokes-homogeneous-boundary} 的变分表述由 J. Leray [1, 2, 3] 引入. 它把经典问题化为仅求 $u$ 的问题; $p$ 的存在性随后由命题 \ref{prop:ch1-de-rham-gradient} 推出.	equation	eq:ch1-stokes-momentum	eqref	tex/chapters/chapter-01/section-02.tex:92	tex/chapters/chapter-01/section-02.tex:13	resolved
reference	(i) 问题 \eqref{eq:ch1-stokes-momentum}--\eqref{eq:ch1-stokes-homogeneous-boundary} 的变分表述由 J. Leray [1, 2, 3] 引入. 它把经典问题化为仅求 $u$ 的问题; $p$ 的存在性随后由命题 \ref{prop:ch1-de-rham-gradient} 推出.	equation	eq:ch1-stokes-homogeneous-boundary	eqref	tex/chapters/chapter-01/section-02.tex:92	tex/chapters/chapter-01/section-02.tex:21	resolved
reference	(i) 问题 \eqref{eq:ch1-stokes-momentum}--\eqref{eq:ch1-stokes-homogeneous-boundary} 的变分表述由 J. Leray [1, 2, 3] 引入. 它把经典问题化为仅求 $u$ 的问题; $p$ 的存在性随后由命题 \ref{prop:ch1-de-rham-gradient} 推出.	proposition	prop:ch1-de-rham-gradient	ref	tex/chapters/chapter-01/section-02.tex:92	tex/chapters/chapter-01/section-01.tex:470	resolved
reference	(ii) 当 $\Omega$ 不光滑或无界时, 在定理 \ref{thm:ch1-characterization-v} 的证明中出现了两个可能不同的空间 $V$ 和 $V^\bullet$(有 $V\subset V^\bullet$; 参见注 \ref{rem:ch1-v-star-shaped} (ii)):	theorem	thm:ch1-characterization-v	ref	tex/chapters/chapter-01/section-02.tex:94	tex/chapters/chapter-01/section-01.tex:685	resolved
reference	(ii) 当 $\Omega$ 不光滑或无界时, 在定理 \ref{thm:ch1-characterization-v} 的证明中出现了两个可能不同的空间 $V$ 和 $V^\bullet$(有 $V\subset V^\bullet$; 参见注 \ref{rem:ch1-v-star-shaped} (ii)):	remark	rem:ch1-v-star-shaped	ref	tex/chapters/chapter-01/section-02.tex:94	tex/chapters/chapter-01/section-01.tex:719	resolved
reference	于是可提出两个可能不同的变分问题: 一个恰为 \eqref{eq:ch1-stokes-variational-problem}, 另一个则把其中的 $V$ 换成 $V^\bullet$. 一般情形下, $V$ 与 $V^\bullet$ 的关系以及这两个变分问题之间的关系均未知. J.G. Heywood [2] 研究了这些问题之间的关系; O.A. Ladyzhenskaya--V.A. Solonnikov [1] 则研究了上述作者所考虑的情形(注 \ref{rem:ch1-v-star-shaped} (ii)).	equation	eq:ch1-stokes-variational-problem	eqref	tex/chapters/chapter-01/section-02.tex:100	tex/chapters/chapter-01/section-02.tex:45	resolved
reference	于是可提出两个可能不同的变分问题: 一个恰为 \eqref{eq:ch1-stokes-variational-problem}, 另一个则把其中的 $V$ 换成 $V^\bullet$. 一般情形下, $V$ 与 $V^\bullet$ 的关系以及这两个变分问题之间的关系均未知. J.G. Heywood [2] 研究了这些问题之间的关系; O.A. Ladyzhenskaya--V.A. Solonnikov [1] 则研究了上述作者所考虑的情形(注 \ref{rem:ch1-v-star-shaped} (ii)).	remark	rem:ch1-v-star-shaped	ref	tex/chapters/chapter-01/section-02.tex:100	tex/chapters/chapter-01/section-01.tex:719	resolved
reference	出于技术原因, 特别是在非线性情形下极为重要的原因, 我们总是在空间 $V$ 中工作, 并且只考虑变分问题 \eqref{eq:ch1-stokes-variational-problem}.	equation	eq:ch1-stokes-variational-problem	eqref	tex/chapters/chapter-01/section-02.tex:102	tex/chapters/chapter-01/section-02.tex:45	resolved
reference	作为引理 \ref{lem:ch1-stokes-variational-equivalence} 的补充, 对任意集合 $\Omega$, 若 $u$ 满足 \eqref{eq:ch1-stokes-variational-problem}(或其中以 $V^\bullet$ 代替 $V$), 则它满足 \eqref{eq:ch1-stokes-weak-momentum}, 但只能保证 $p\in L^2_{\mathrm{loc}}(\Omega)$; 它不加修改地满足 \eqref{eq:ch1-stokes-weak-incompressibility}; 它还在 $u\in\mathbf H_0^1(\Omega)$ 的意义下满足 \eqref{eq:ch1-stokes-weak-boundary}, 更精确的含义取决于 $\Omega$ 上可用的迹定理.	lemma	lem:ch1-stokes-variational-equivalence	ref	tex/chapters/chapter-01/section-02.tex:104	tex/chapters/chapter-01/section-02.tex:60	resolved
reference	作为引理 \ref{lem:ch1-stokes-variational-equivalence} 的补充, 对任意集合 $\Omega$, 若 $u$ 满足 \eqref{eq:ch1-stokes-variational-problem}(或其中以 $V^\bullet$ 代替 $V$), 则它满足 \eqref{eq:ch1-stokes-weak-momentum}, 但只能保证 $p\in L^2_{\mathrm{loc}}(\Omega)$; 它不加修改地满足 \eqref{eq:ch1-stokes-weak-incompressibility}; 它还在 $u\in\mathbf H_0^1(\Omega)$ 的意义下满足 \eqref{eq:ch1-stokes-weak-boundary}, 更精确的含义取决于 $\Omega$ 上可用的迹定理.	equation	eq:ch1-stokes-variational-problem	eqref	tex/chapters/chapter-01/section-02.tex:104	tex/chapters/chapter-01/section-02.tex:45	resolved
reference	作为引理 \ref{lem:ch1-stokes-variational-equivalence} 的补充, 对任意集合 $\Omega$, 若 $u$ 满足 \eqref{eq:ch1-stokes-variational-problem}(或其中以 $V^\bullet$ 代替 $V$), 则它满足 \eqref{eq:ch1-stokes-weak-momentum}, 但只能保证 $p\in L^2_{\mathrm{loc}}(\Omega)$; 它不加修改地满足 \eqref{eq:ch1-stokes-weak-incompressibility}; 它还在 $u\in\mathbf H_0^1(\Omega)$ 的意义下满足 \eqref{eq:ch1-stokes-weak-boundary}, 更精确的含义取决于 $\Omega$ 上可用的迹定理.	equation	eq:ch1-stokes-weak-momentum	eqref	tex/chapters/chapter-01/section-02.tex:104	tex/chapters/chapter-01/section-02.tex:69	resolved
reference	作为引理 \ref{lem:ch1-stokes-variational-equivalence} 的补充, 对任意集合 $\Omega$, 若 $u$ 满足 \eqref{eq:ch1-stokes-variational-problem}(或其中以 $V^\bullet$ 代替 $V$), 则它满足 \eqref{eq:ch1-stokes-weak-momentum}, 但只能保证 $p\in L^2_{\mathrm{loc}}(\Omega)$; 它不加修改地满足 \eqref{eq:ch1-stokes-weak-incompressibility}; 它还在 $u\in\mathbf H_0^1(\Omega)$ 的意义下满足 \eqref{eq:ch1-stokes-weak-boundary}, 更精确的含义取决于 $\Omega$ 上可用的迹定理.	equation	eq:ch1-stokes-weak-incompressibility	eqref	tex/chapters/chapter-01/section-02.tex:104	tex/chapters/chapter-01/section-02.tex:73	resolved
reference	作为引理 \ref{lem:ch1-stokes-variational-equivalence} 的补充, 对任意集合 $\Omega$, 若 $u$ 满足 \eqref{eq:ch1-stokes-variational-problem}(或其中以 $V^\bullet$ 代替 $V$), 则它满足 \eqref{eq:ch1-stokes-weak-momentum}, 但只能保证 $p\in L^2_{\mathrm{loc}}(\Omega)$; 它不加修改地满足 \eqref{eq:ch1-stokes-weak-incompressibility}; 它还在 $u\in\mathbf H_0^1(\Omega)$ 的意义下满足 \eqref{eq:ch1-stokes-weak-boundary}, 更精确的含义取决于 $\Omega$ 上可用的迹定理.	equation	eq:ch1-stokes-weak-boundary	eqref	tex/chapters/chapter-01/section-02.tex:104	tex/chapters/chapter-01/section-02.tex:77	resolved
reference	根据 \eqref{eq:ch1-h01-gradient-norm}, $H_0^1(\Omega)$ 对标量积 \eqref{eq:ch1-stokes-gradient-form} 是 Hilbert 空间; $\mathcal V$ 由 \eqref{eq:ch1-test-divergence-free-space} 定义, $V$ 是 $\mathcal V$ 在 $\mathbf H_0^1(\Omega)$ 中的闭包.	equation	eq:ch1-h01-gradient-norm	eqref	tex/chapters/chapter-01/section-02.tex:115	tex/chapters/chapter-01/section-01.tex:123	resolved
reference	根据 \eqref{eq:ch1-h01-gradient-norm}, $H_0^1(\Omega)$ 对标量积 \eqref{eq:ch1-stokes-gradient-form} 是 Hilbert 空间; $\mathcal V$ 由 \eqref{eq:ch1-test-divergence-free-space} 定义, $V$ 是 $\mathcal V$ 在 $\mathbf H_0^1(\Omega)$ 中的闭包.	equation	eq:ch1-stokes-gradient-form	eqref	tex/chapters/chapter-01/section-02.tex:115	tex/chapters/chapter-01/section-02.tex:31	resolved
reference	根据 \eqref{eq:ch1-h01-gradient-norm}, $H_0^1(\Omega)$ 对标量积 \eqref{eq:ch1-stokes-gradient-form} 是 Hilbert 空间; $\mathcal V$ 由 \eqref{eq:ch1-test-divergence-free-space} 定义, $V$ 是 $\mathcal V$ 在 $\mathbf H_0^1(\Omega)$ 中的闭包.	equation	eq:ch1-test-divergence-free-space	eqref	tex/chapters/chapter-01/section-02.tex:115	tex/chapters/chapter-01/section-01.tex:135	resolved
reference	设开集 $\Omega\subset\mathbb R^n$ 在某个方向上有界. 对每个 $f\in\mathbf L^2(\Omega)$, 问题 \eqref{eq:ch1-stokes-variational-problem} 有唯一解 $u$.(当 $f\in\mathbf H^{-1}(\Omega)$ 时, 结论仍成立.)	equation	eq:ch1-stokes-variational-problem	eqref	tex/chapters/chapter-01/section-02.tex:120	tex/chapters/chapter-01/section-02.tex:45	resolved
reference	此外, 存在函数 $p\in L^2_{\mathrm{loc}}(\Omega)$, 使 \eqref{eq:ch1-stokes-weak-momentum}--\eqref{eq:ch1-stokes-weak-incompressibility} 成立.	equation	eq:ch1-stokes-weak-momentum	eqref	tex/chapters/chapter-01/section-02.tex:122	tex/chapters/chapter-01/section-02.tex:69	resolved
reference	此外, 存在函数 $p\in L^2_{\mathrm{loc}}(\Omega)$, 使 \eqref{eq:ch1-stokes-weak-momentum}--\eqref{eq:ch1-stokes-weak-incompressibility} 成立.	equation	eq:ch1-stokes-weak-incompressibility	eqref	tex/chapters/chapter-01/section-02.tex:122	tex/chapters/chapter-01/section-02.tex:73	resolved
reference	若 $\Omega$ 是 $C^2$ 类有界开集, 则 $p\in L^2(\Omega)$, 且 $u,p$ 满足 \eqref{eq:ch1-stokes-weak-momentum}--\eqref{eq:ch1-stokes-weak-boundary}.	equation	eq:ch1-stokes-weak-momentum	eqref	tex/chapters/chapter-01/section-02.tex:124	tex/chapters/chapter-01/section-02.tex:69	resolved
reference	若 $\Omega$ 是 $C^2$ 类有界开集, 则 $p\in L^2(\Omega)$, 且 $u,p$ 满足 \eqref{eq:ch1-stokes-weak-momentum}--\eqref{eq:ch1-stokes-weak-boundary}.	equation	eq:ch1-stokes-weak-boundary	eqref	tex/chapters/chapter-01/section-02.tex:124	tex/chapters/chapter-01/section-02.tex:77	resolved
reference	为了把该定理应用于 \eqref{eq:ch1-stokes-variational-problem}, 取 $W=V$, 并赋予它由 \eqref{eq:ch1-stokes-gradient-form} 决定的范数; 令 $a(u,v)=\nu((u,v))$, 并令 $v\mapsto\langle\ell,v\rangle$ 为 $v\mapsto(f,v)$, 这显然是 $V$ 上的连续线性形式. 空间 $V$ 是可分空间 $\mathbf H_0^1(\Omega)$ 的闭子空间, 因而可分.	equation	eq:ch1-stokes-variational-problem	eqref	tex/chapters/chapter-01/section-02.tex:144	tex/chapters/chapter-01/section-02.tex:45	resolved
reference	为了把该定理应用于 \eqref{eq:ch1-stokes-variational-problem}, 取 $W=V$, 并赋予它由 \eqref{eq:ch1-stokes-gradient-form} 决定的范数; 令 $a(u,v)=\nu((u,v))$, 并令 $v\mapsto\langle\ell,v\rangle$ 为 $v\mapsto(f,v)$, 这显然是 $V$ 上的连续线性形式. 空间 $V$ 是可分空间 $\mathbf H_0^1(\Omega)$ 的闭子空间, 因而可分.	equation	eq:ch1-stokes-gradient-form	eqref	tex/chapters/chapter-01/section-02.tex:144	tex/chapters/chapter-01/section-02.tex:31	resolved
reference	先证定理 \ref{thm:ch1-abstract-projection} 的唯一性. 设 $u_1,u_2$ 是 \eqref{eq:ch1-abstract-variational-problem} 的两个解, 令 $u=u_1-u_2$. 则	theorem	thm:ch1-abstract-projection	ref	tex/chapters/chapter-01/section-02.tex:147	tex/chapters/chapter-01/section-02.tex:131	resolved
reference	先证定理 \ref{thm:ch1-abstract-projection} 的唯一性. 设 $u_1,u_2$ 是 \eqref{eq:ch1-abstract-variational-problem} 的两个解, 令 $u=u_1-u_2$. 则	equation	eq:ch1-abstract-variational-problem	eqref	tex/chapters/chapter-01/section-02.tex:147	tex/chapters/chapter-01/section-02.tex:140	resolved
reference	在后一等式中取 $v=u$, 由 \eqref{eq:ch1-coercivity} 得	equation	eq:ch1-coercivity	eqref	tex/chapters/chapter-01/section-02.tex:154	tex/chapters/chapter-01/section-02.tex:135	resolved
reference	再证存在性. 由于 $W$ 可分, 存在 $W$ 中一个自由且完备的序列 $w_1,\ldots,w_m,\ldots$. 令 $W_m$ 为 $w_1,\ldots,w_m$ 张成的空间. 对每个固定的整数 $m$, 在 $W_m$ 中定义 \eqref{eq:ch1-abstract-variational-problem} 的近似解, 即向量 $u_m\in W_m$,	equation	eq:ch1-abstract-variational-problem	eqref	tex/chapters/chapter-01/section-02.tex:160	tex/chapters/chapter-01/section-02.tex:140	resolved
reference	我们说明存在唯一的 $u_m$ 满足 \eqref{eq:ch1-galerkin-equations}. 该式等价于 $m$ 个方程	equation	eq:ch1-galerkin-equations	eqref	tex/chapters/chapter-01/section-02.tex:170	tex/chapters/chapter-01/section-02.tex:168	resolved
reference	只有解 $\xi_1=\cdots=\xi_m=0$. 若 $\xi_1,\ldots,\xi_m$ 满足 \eqref{eq:ch1-galerkin-homogeneous-system}, 将各方程分别乘以相应的 $\xi_j$ 后相加, 得	equation	eq:ch1-galerkin-homogeneous-system	eqref	tex/chapters/chapter-01/section-02.tex:186	tex/chapters/chapter-01/section-02.tex:184	resolved
reference	利用 \eqref{eq:ch1-coercivity} 得	equation	eq:ch1-coercivity	eqref	tex/chapters/chapter-01/section-02.tex:194	tex/chapters/chapter-01/section-02.tex:135	resolved
reference	下面传递到极限. 在 \eqref{eq:ch1-galerkin-equations} 中取 $v=u_m$, 得	equation	eq:ch1-galerkin-equations	eqref	tex/chapters/chapter-01/section-02.tex:200	tex/chapters/chapter-01/section-02.tex:168	resolved
reference	由 \eqref{eq:ch1-coercivity},	equation	eq:ch1-coercivity	eqref	tex/chapters/chapter-01/section-02.tex:205	tex/chapters/chapter-01/section-02.tex:135	resolved
reference	固定 $v\in W_j$. 当 $m'\geq j$ 时, $v\in W_{m'}$, 由 \eqref{eq:ch1-galerkin-equations},	equation	eq:ch1-galerkin-equations	eqref	tex/chapters/chapter-01/section-02.tex:221	tex/chapters/chapter-01/section-02.tex:168	resolved
reference	等式 \eqref{eq:ch1-galerkin-limit-equation} 对每个 $v\in\bigcup_{j=1}^{\infty}W_j$ 成立; 该集合在 $W$ 中稠密, 所以由连续性, 该等式对所有 $v\in W$ 仍成立. 因而 $u$ 是 \eqref{eq:ch1-abstract-variational-problem} 的解.	equation	eq:ch1-galerkin-limit-equation	eqref	tex/chapters/chapter-01/section-02.tex:230	tex/chapters/chapter-01/section-02.tex:228	resolved
reference	等式 \eqref{eq:ch1-galerkin-limit-equation} 对每个 $v\in\bigcup_{j=1}^{\infty}W_j$ 成立; 该集合在 $W$ 中稠密, 所以由连续性, 该等式对所有 $v\in W$ 仍成立. 因而 $u$ 是 \eqref{eq:ch1-abstract-variational-problem} 的解.	equation	eq:ch1-abstract-variational-problem	eqref	tex/chapters/chapter-01/section-02.tex:230	tex/chapters/chapter-01/section-02.tex:140	resolved
reference	由 $\phi_m$ 的弱收敛, 当 $m\to\infty$ 时该式趋于 $0$. 这证明了 \eqref{eq:ch1-bilinear-strong-weak-limit}. 对双线性形式	equation	eq:ch1-bilinear-strong-weak-limit	eqref	tex/chapters/chapter-01/section-02.tex:270	tex/chapters/chapter-01/section-02.tex:239	resolved
reference	应用 \eqref{eq:ch1-bilinear-strong-weak-limit}, 即得 \eqref{eq:ch1-bilinear-weak-strong-limit}.	equation	eq:ch1-bilinear-strong-weak-limit	eqref	tex/chapters/chapter-01/section-02.tex:274	tex/chapters/chapter-01/section-02.tex:239	resolved
reference	应用 \eqref{eq:ch1-bilinear-strong-weak-limit}, 即得 \eqref{eq:ch1-bilinear-weak-strong-limit}.	equation	eq:ch1-bilinear-weak-strong-limit	eqref	tex/chapters/chapter-01/section-02.tex:274	tex/chapters/chapter-01/section-02.tex:243	resolved
reference	(i) 当 $f\in\mathbf H^{-1}(\Omega)$ 时, 定理 \ref{thm:ch1-stokes-existence-uniqueness} 仍成立.	theorem	thm:ch1-stokes-existence-uniqueness	ref	tex/chapters/chapter-01/section-02.tex:280	tex/chapters/chapter-01/section-02.tex:119	resolved
reference	(ii) 可以证明, 定理 \ref{thm:ch1-abstract-projection} 的证明中构造的整个序列 $\{u_m\}$ 在 $W$ 的强拓扑中收敛到 \eqref{eq:ch1-abstract-variational-problem} 的解 $u$. 此处不证明这一结果; 它将作为 \MBUnresolvedReference{theorem}{3.1} 的推论出现.	theorem	thm:ch1-abstract-projection	ref	tex/chapters/chapter-01/section-02.tex:282	tex/chapters/chapter-01/section-02.tex:131	resolved
reference	(ii) 可以证明, 定理 \ref{thm:ch1-abstract-projection} 的证明中构造的整个序列 $\{u_m\}$ 在 $W$ 的强拓扑中收敛到 \eqref{eq:ch1-abstract-variational-problem} 的解 $u$. 此处不证明这一结果; 它将作为 \MBUnresolvedReference{theorem}{3.1} 的推论出现.	equation	eq:ch1-abstract-variational-problem	eqref	tex/chapters/chapter-01/section-02.tex:282	tex/chapters/chapter-01/section-02.tex:140	resolved
reference	(iii) 利用引理 \ref{lem:ch1-bilinear-weak-strong-limits} 证明中引入的 $A(\psi)$(参见 \eqref{eq:ch1-bilinear-associated-operator}), 可将 \eqref{eq:ch1-abstract-variational-problem} 写为	lemma	lem:ch1-bilinear-weak-strong-limits	ref	tex/chapters/chapter-01/section-02.tex:284	tex/chapters/chapter-01/section-02.tex:235	resolved
reference	(iii) 利用引理 \ref{lem:ch1-bilinear-weak-strong-limits} 证明中引入的 $A(\psi)$(参见 \eqref{eq:ch1-bilinear-associated-operator}), 可将 \eqref{eq:ch1-abstract-variational-problem} 写为	equation	eq:ch1-bilinear-associated-operator	eqref	tex/chapters/chapter-01/section-02.tex:284	tex/chapters/chapter-01/section-02.tex:264	resolved
reference	(iii) 利用引理 \ref{lem:ch1-bilinear-weak-strong-limits} 证明中引入的 $A(\psi)$(参见 \eqref{eq:ch1-bilinear-associated-operator}), 可将 \eqref{eq:ch1-abstract-variational-problem} 写为	equation	eq:ch1-abstract-variational-problem	eqref	tex/chapters/chapter-01/section-02.tex:284	tex/chapters/chapter-01/section-02.tex:140	resolved
reference	\eqref{eq:ch1-stokes-variational-problem} 的解 $u$ 也是 $V$ 中唯一满足	equation	eq:ch1-stokes-variational-problem	eqref	tex/chapters/chapter-01/section-02.tex:301	tex/chapters/chapter-01/section-02.tex:45	resolved
reference	设 $u$ 是 \eqref{eq:ch1-stokes-variational-problem} 的解. 由于	equation	eq:ch1-stokes-variational-problem	eqref	tex/chapters/chapter-01/section-02.tex:314	tex/chapters/chapter-01/section-02.tex:45	resolved
reference	由 \eqref{eq:ch1-stokes-variational-problem},	equation	eq:ch1-stokes-variational-problem	eqref	tex/chapters/chapter-01/section-02.tex:323	tex/chapters/chapter-01/section-02.tex:45	resolved
reference	故 \eqref{eq:ch1-stokes-energy-expansion} 恰好给出 \eqref{eq:ch1-stokes-energy-minimum}.	equation	eq:ch1-stokes-energy-expansion	eqref	tex/chapters/chapter-01/section-02.tex:330	tex/chapters/chapter-01/section-02.tex:321	resolved
reference	故 \eqref{eq:ch1-stokes-energy-expansion} 恰好给出 \eqref{eq:ch1-stokes-energy-minimum}.	equation	eq:ch1-stokes-energy-minimum	eqref	tex/chapters/chapter-01/section-02.tex:330	tex/chapters/chapter-01/section-02.tex:304	resolved
reference	反之, 若 $u\in V$ 满足 \eqref{eq:ch1-stokes-energy-minimum}, 则对任意 $v\in V$ 和 $\lambda\in\mathbb R$,	equation	eq:ch1-stokes-energy-minimum	eqref	tex/chapters/chapter-01/section-02.tex:332	tex/chapters/chapter-01/section-02.tex:304	resolved
reference	时才可能. 因此 $u$ 确为 \eqref{eq:ch1-stokes-variational-problem} 的解.	equation	eq:ch1-stokes-variational-problem	eqref	tex/chapters/chapter-01/section-02.tex:347	tex/chapters/chapter-01/section-02.tex:45	resolved
reference	若注 \ref{rem:ch1-stokes-variational-observations} 中的空间 $V$ 与 $V^\bullet$ 不同, 定理 \ref{thm:ch1-abstract-projection} 仍给出唯一的 $\widetilde u\in V^\bullet$, 使	remark	rem:ch1-stokes-variational-observations	ref	tex/chapters/chapter-01/section-02.tex:353	tex/chapters/chapter-01/section-02.tex:89	resolved
reference	若注 \ref{rem:ch1-stokes-variational-observations} 中的空间 $V$ 与 $V^\bullet$ 不同, 定理 \ref{thm:ch1-abstract-projection} 仍给出唯一的 $\widetilde u\in V^\bullet$, 使	theorem	thm:ch1-abstract-projection	ref	tex/chapters/chapter-01/section-02.tex:353	tex/chapters/chapter-01/section-02.tex:131	resolved
reference	命题 \ref{prop:ch1-stokes-energy-minimizer} 中的 $u,V$ 也可分别换成 $\widetilde u,V^\bullet$.	proposition	prop:ch1-stokes-energy-minimizer	ref	tex/chapters/chapter-01/section-02.tex:358	tex/chapters/chapter-01/section-02.tex:300	resolved
reference	这里考虑 $\Omega$ 无界且不满足 \eqref{eq:ch1-domain-bounded-one-direction} 的情形. 若 $\Omega$ 是 $C^2$ 类集合, 问题 \eqref{eq:ch1-stokes-momentum}--\eqref{eq:ch1-stokes-homogeneous-boundary} 不再像引理 \ref{lem:ch1-stokes-variational-equivalence} 中那样与 \eqref{eq:ch1-stokes-variational-problem} 等价. 原因在于: 若 $u$ 是 \eqref{eq:ch1-stokes-momentum}--\eqref{eq:ch1-stokes-homogeneous-boundary} 的经典解, 在没有关于 $u$ 在无穷远处行为的进一步信息时, 不能断定 $u\in\mathbf H_0^1(\Omega)$; 因而可能有 $u\notin V$, 且等式 \eqref{eq:ch1-stokes-variational-smooth} 不能通过连续性延拓到 $\mathcal V$ 的闭包 $V$. 直接利用定理 \ref{thm:ch1-abstract-projection} 求解 \eqref{eq:ch1-stokes-variational-problem} 也有困难: 假设 \eqref{eq:ch1-coercivity} 不成立, $V$ 对范数	equation	eq:ch1-domain-bounded-one-direction	eqref	tex/chapters/chapter-01/section-02.tex:363	tex/chapters/chapter-01/section-02.tex:113	resolved
reference	这里考虑 $\Omega$ 无界且不满足 \eqref{eq:ch1-domain-bounded-one-direction} 的情形. 若 $\Omega$ 是 $C^2$ 类集合, 问题 \eqref{eq:ch1-stokes-momentum}--\eqref{eq:ch1-stokes-homogeneous-boundary} 不再像引理 \ref{lem:ch1-stokes-variational-equivalence} 中那样与 \eqref{eq:ch1-stokes-variational-problem} 等价. 原因在于: 若 $u$ 是 \eqref{eq:ch1-stokes-momentum}--\eqref{eq:ch1-stokes-homogeneous-boundary} 的经典解, 在没有关于 $u$ 在无穷远处行为的进一步信息时, 不能断定 $u\in\mathbf H_0^1(\Omega)$; 因而可能有 $u\notin V$, 且等式 \eqref{eq:ch1-stokes-variational-smooth} 不能通过连续性延拓到 $\mathcal V$ 的闭包 $V$. 直接利用定理 \ref{thm:ch1-abstract-projection} 求解 \eqref{eq:ch1-stokes-variational-problem} 也有困难: 假设 \eqref{eq:ch1-coercivity} 不成立, $V$ 对范数	equation	eq:ch1-stokes-momentum	eqref	tex/chapters/chapter-01/section-02.tex:363	tex/chapters/chapter-01/section-02.tex:13	resolved
reference	这里考虑 $\Omega$ 无界且不满足 \eqref{eq:ch1-domain-bounded-one-direction} 的情形. 若 $\Omega$ 是 $C^2$ 类集合, 问题 \eqref{eq:ch1-stokes-momentum}--\eqref{eq:ch1-stokes-homogeneous-boundary} 不再像引理 \ref{lem:ch1-stokes-variational-equivalence} 中那样与 \eqref{eq:ch1-stokes-variational-problem} 等价. 原因在于: 若 $u$ 是 \eqref{eq:ch1-stokes-momentum}--\eqref{eq:ch1-stokes-homogeneous-boundary} 的经典解, 在没有关于 $u$ 在无穷远处行为的进一步信息时, 不能断定 $u\in\mathbf H_0^1(\Omega)$; 因而可能有 $u\notin V$, 且等式 \eqref{eq:ch1-stokes-variational-smooth} 不能通过连续性延拓到 $\mathcal V$ 的闭包 $V$. 直接利用定理 \ref{thm:ch1-abstract-projection} 求解 \eqref{eq:ch1-stokes-variational-problem} 也有困难: 假设 \eqref{eq:ch1-coercivity} 不成立, $V$ 对范数	equation	eq:ch1-stokes-homogeneous-boundary	eqref	tex/chapters/chapter-01/section-02.tex:363	tex/chapters/chapter-01/section-02.tex:21	resolved
reference	这里考虑 $\Omega$ 无界且不满足 \eqref{eq:ch1-domain-bounded-one-direction} 的情形. 若 $\Omega$ 是 $C^2$ 类集合, 问题 \eqref{eq:ch1-stokes-momentum}--\eqref{eq:ch1-stokes-homogeneous-boundary} 不再像引理 \ref{lem:ch1-stokes-variational-equivalence} 中那样与 \eqref{eq:ch1-stokes-variational-problem} 等价. 原因在于: 若 $u$ 是 \eqref{eq:ch1-stokes-momentum}--\eqref{eq:ch1-stokes-homogeneous-boundary} 的经典解, 在没有关于 $u$ 在无穷远处行为的进一步信息时, 不能断定 $u\in\mathbf H_0^1(\Omega)$; 因而可能有 $u\notin V$, 且等式 \eqref{eq:ch1-stokes-variational-smooth} 不能通过连续性延拓到 $\mathcal V$ 的闭包 $V$. 直接利用定理 \ref{thm:ch1-abstract-projection} 求解 \eqref{eq:ch1-stokes-variational-problem} 也有困难: 假设 \eqref{eq:ch1-coercivity} 不成立, $V$ 对范数	lemma	lem:ch1-stokes-variational-equivalence	ref	tex/chapters/chapter-01/section-02.tex:363	tex/chapters/chapter-01/section-02.tex:60	resolved
reference	这里考虑 $\Omega$ 无界且不满足 \eqref{eq:ch1-domain-bounded-one-direction} 的情形. 若 $\Omega$ 是 $C^2$ 类集合, 问题 \eqref{eq:ch1-stokes-momentum}--\eqref{eq:ch1-stokes-homogeneous-boundary} 不再像引理 \ref{lem:ch1-stokes-variational-equivalence} 中那样与 \eqref{eq:ch1-stokes-variational-problem} 等价. 原因在于: 若 $u$ 是 \eqref{eq:ch1-stokes-momentum}--\eqref{eq:ch1-stokes-homogeneous-boundary} 的经典解, 在没有关于 $u$ 在无穷远处行为的进一步信息时, 不能断定 $u\in\mathbf H_0^1(\Omega)$; 因而可能有 $u\notin V$, 且等式 \eqref{eq:ch1-stokes-variational-smooth} 不能通过连续性延拓到 $\mathcal V$ 的闭包 $V$. 直接利用定理 \ref{thm:ch1-abstract-projection} 求解 \eqref{eq:ch1-stokes-variational-problem} 也有困难: 假设 \eqref{eq:ch1-coercivity} 不成立, $V$ 对范数	equation	eq:ch1-stokes-variational-problem	eqref	tex/chapters/chapter-01/section-02.tex:363	tex/chapters/chapter-01/section-02.tex:45	resolved
reference	这里考虑 $\Omega$ 无界且不满足 \eqref{eq:ch1-domain-bounded-one-direction} 的情形. 若 $\Omega$ 是 $C^2$ 类集合, 问题 \eqref{eq:ch1-stokes-momentum}--\eqref{eq:ch1-stokes-homogeneous-boundary} 不再像引理 \ref{lem:ch1-stokes-variational-equivalence} 中那样与 \eqref{eq:ch1-stokes-variational-problem} 等价. 原因在于: 若 $u$ 是 \eqref{eq:ch1-stokes-momentum}--\eqref{eq:ch1-stokes-homogeneous-boundary} 的经典解, 在没有关于 $u$ 在无穷远处行为的进一步信息时, 不能断定 $u\in\mathbf H_0^1(\Omega)$; 因而可能有 $u\notin V$, 且等式 \eqref{eq:ch1-stokes-variational-smooth} 不能通过连续性延拓到 $\mathcal V$ 的闭包 $V$. 直接利用定理 \ref{thm:ch1-abstract-projection} 求解 \eqref{eq:ch1-stokes-variational-problem} 也有困难: 假设 \eqref{eq:ch1-coercivity} 不成立, $V$ 对范数	equation	eq:ch1-stokes-momentum	eqref	tex/chapters/chapter-01/section-02.tex:363	tex/chapters/chapter-01/section-02.tex:13	resolved
reference	这里考虑 $\Omega$ 无界且不满足 \eqref{eq:ch1-domain-bounded-one-direction} 的情形. 若 $\Omega$ 是 $C^2$ 类集合, 问题 \eqref{eq:ch1-stokes-momentum}--\eqref{eq:ch1-stokes-homogeneous-boundary} 不再像引理 \ref{lem:ch1-stokes-variational-equivalence} 中那样与 \eqref{eq:ch1-stokes-variational-problem} 等价. 原因在于: 若 $u$ 是 \eqref{eq:ch1-stokes-momentum}--\eqref{eq:ch1-stokes-homogeneous-boundary} 的经典解, 在没有关于 $u$ 在无穷远处行为的进一步信息时, 不能断定 $u\in\mathbf H_0^1(\Omega)$; 因而可能有 $u\notin V$, 且等式 \eqref{eq:ch1-stokes-variational-smooth} 不能通过连续性延拓到 $\mathcal V$ 的闭包 $V$. 直接利用定理 \ref{thm:ch1-abstract-projection} 求解 \eqref{eq:ch1-stokes-variational-problem} 也有困难: 假设 \eqref{eq:ch1-coercivity} 不成立, $V$ 对范数	equation	eq:ch1-stokes-homogeneous-boundary	eqref	tex/chapters/chapter-01/section-02.tex:363	tex/chapters/chapter-01/section-02.tex:21	resolved
reference	这里考虑 $\Omega$ 无界且不满足 \eqref{eq:ch1-domain-bounded-one-direction} 的情形. 若 $\Omega$ 是 $C^2$ 类集合, 问题 \eqref{eq:ch1-stokes-momentum}--\eqref{eq:ch1-stokes-homogeneous-boundary} 不再像引理 \ref{lem:ch1-stokes-variational-equivalence} 中那样与 \eqref{eq:ch1-stokes-variational-problem} 等价. 原因在于: 若 $u$ 是 \eqref{eq:ch1-stokes-momentum}--\eqref{eq:ch1-stokes-homogeneous-boundary} 的经典解, 在没有关于 $u$ 在无穷远处行为的进一步信息时, 不能断定 $u\in\mathbf H_0^1(\Omega)$; 因而可能有 $u\notin V$, 且等式 \eqref{eq:ch1-stokes-variational-smooth} 不能通过连续性延拓到 $\mathcal V$ 的闭包 $V$. 直接利用定理 \ref{thm:ch1-abstract-projection} 求解 \eqref{eq:ch1-stokes-variational-problem} 也有困难: 假设 \eqref{eq:ch1-coercivity} 不成立, $V$ 对范数	equation	eq:ch1-stokes-variational-smooth	eqref	tex/chapters/chapter-01/section-02.tex:363	tex/chapters/chapter-01/section-02.tex:40	resolved
reference	这里考虑 $\Omega$ 无界且不满足 \eqref{eq:ch1-domain-bounded-one-direction} 的情形. 若 $\Omega$ 是 $C^2$ 类集合, 问题 \eqref{eq:ch1-stokes-momentum}--\eqref{eq:ch1-stokes-homogeneous-boundary} 不再像引理 \ref{lem:ch1-stokes-variational-equivalence} 中那样与 \eqref{eq:ch1-stokes-variational-problem} 等价. 原因在于: 若 $u$ 是 \eqref{eq:ch1-stokes-momentum}--\eqref{eq:ch1-stokes-homogeneous-boundary} 的经典解, 在没有关于 $u$ 在无穷远处行为的进一步信息时, 不能断定 $u\in\mathbf H_0^1(\Omega)$; 因而可能有 $u\notin V$, 且等式 \eqref{eq:ch1-stokes-variational-smooth} 不能通过连续性延拓到 $\mathcal V$ 的闭包 $V$. 直接利用定理 \ref{thm:ch1-abstract-projection} 求解 \eqref{eq:ch1-stokes-variational-problem} 也有困难: 假设 \eqref{eq:ch1-coercivity} 不成立, $V$ 对范数	theorem	thm:ch1-abstract-projection	ref	tex/chapters/chapter-01/section-02.tex:363	tex/chapters/chapter-01/section-02.tex:131	resolved
reference	这里考虑 $\Omega$ 无界且不满足 \eqref{eq:ch1-domain-bounded-one-direction} 的情形. 若 $\Omega$ 是 $C^2$ 类集合, 问题 \eqref{eq:ch1-stokes-momentum}--\eqref{eq:ch1-stokes-homogeneous-boundary} 不再像引理 \ref{lem:ch1-stokes-variational-equivalence} 中那样与 \eqref{eq:ch1-stokes-variational-problem} 等价. 原因在于: 若 $u$ 是 \eqref{eq:ch1-stokes-momentum}--\eqref{eq:ch1-stokes-homogeneous-boundary} 的经典解, 在没有关于 $u$ 在无穷远处行为的进一步信息时, 不能断定 $u\in\mathbf H_0^1(\Omega)$; 因而可能有 $u\notin V$, 且等式 \eqref{eq:ch1-stokes-variational-smooth} 不能通过连续性延拓到 $\mathcal V$ 的闭包 $V$. 直接利用定理 \ref{thm:ch1-abstract-projection} 求解 \eqref{eq:ch1-stokes-variational-problem} 也有困难: 假设 \eqref{eq:ch1-coercivity} 不成立, $V$ 对范数	equation	eq:ch1-stokes-variational-problem	eqref	tex/chapters/chapter-01/section-02.tex:363	tex/chapters/chapter-01/section-02.tex:45	resolved
reference	这里考虑 $\Omega$ 无界且不满足 \eqref{eq:ch1-domain-bounded-one-direction} 的情形. 若 $\Omega$ 是 $C^2$ 类集合, 问题 \eqref{eq:ch1-stokes-momentum}--\eqref{eq:ch1-stokes-homogeneous-boundary} 不再像引理 \ref{lem:ch1-stokes-variational-equivalence} 中那样与 \eqref{eq:ch1-stokes-variational-problem} 等价. 原因在于: 若 $u$ 是 \eqref{eq:ch1-stokes-momentum}--\eqref{eq:ch1-stokes-homogeneous-boundary} 的经典解, 在没有关于 $u$ 在无穷远处行为的进一步信息时, 不能断定 $u\in\mathbf H_0^1(\Omega)$; 因而可能有 $u\notin V$, 且等式 \eqref{eq:ch1-stokes-variational-smooth} 不能通过连续性延拓到 $\mathcal V$ 的闭包 $V$. 直接利用定理 \ref{thm:ch1-abstract-projection} 求解 \eqref{eq:ch1-stokes-variational-problem} 也有困难: 假设 \eqref{eq:ch1-coercivity} 不成立, $V$ 对范数	equation	eq:ch1-coercivity	eqref	tex/chapters/chapter-01/section-02.tex:363	tex/chapters/chapter-01/section-02.tex:135	resolved
reference	先证明 \eqref{eq:ch1-y-embedding-high-dimensional}. 它是 Sobolev 不等式的推论(见 Sobolev [1], Lions [1] 以及 \MBUnresolvedReference{chapter}{2}):	equation	eq:ch1-y-embedding-high-dimensional	eqref	tex/chapters/chapter-01/section-02.tex:398	tex/chapters/chapter-01/section-02.tex:386	resolved
reference	若 $u\in Y$, 则存在 $u_m\in\mathcal V$ 在 $Y$ 中收敛到 $u$; 由 \eqref{eq:ch1-sobolev-inequality-unbounded},	equation	eq:ch1-sobolev-inequality-unbounded	eqref	tex/chapters/chapter-01/section-02.tex:407	tex/chapters/chapter-01/section-02.tex:403	resolved
reference	其中 $Z$ 表示包含关系 \eqref{eq:ch1-y-embedding-high-dimensional} 右端的空间, $\lVert\cdot\rVert_Z$ 是 $Z$ 的自然范数:	equation	eq:ch1-y-embedding-high-dimensional	eqref	tex/chapters/chapter-01/section-02.tex:416	tex/chapters/chapter-01/section-02.tex:386	resolved
reference	当 $m,p$ 趋于无穷时, \eqref{eq:ch1-y-cauchy-estimate} 右端趋于 $0$. 因而 $u_m$ 是 $Z$ 中的 Cauchy 序列, 其极限 $u$ 属于 $Z$. 显然还有	equation	eq:ch1-y-cauchy-estimate	eqref	tex/chapters/chapter-01/section-02.tex:420	tex/chapters/chapter-01/section-02.tex:414	resolved
reference	其中 $c''$ 与 \eqref{eq:ch1-y-cauchy-estimate} 中相同($c''=c''(n)$).	equation	eq:ch1-y-cauchy-estimate	eqref	tex/chapters/chapter-01/section-02.tex:424	tex/chapters/chapter-01/section-02.tex:414	resolved
reference	对 \eqref{eq:ch1-y-embedding-two-dimensional} 的证明类似, 只须在 $\Omega'$ 是 $\Omega$ 的紧子集时考虑 $L^\alpha(\Omega')$ 中的 Cauchy 序列.	equation	eq:ch1-y-embedding-two-dimensional	eqref	tex/chapters/chapter-01/section-02.tex:426	tex/chapters/chapter-01/section-02.tex:392	resolved
reference	设 $\Omega$ 是 $\mathbb R^n$ 中任意开集, $f\in Y'$, 其中 $Y'$ 是 \eqref{eq:ch1-y-space-definition} 中空间 $Y$ 的对偶. 则存在唯一的 $u\in Y$, 使	equation	eq:ch1-y-space-definition	eqref	tex/chapters/chapter-01/section-02.tex:432	tex/chapters/chapter-01/section-02.tex:372	resolved
reference	存在 $p\in L^2_{\mathrm{loc}}(\Omega)$, 使 \eqref{eq:ch1-stokes-weak-momentum} 成立, 且 \eqref{eq:ch1-stokes-weak-incompressibility} 为真.	equation	eq:ch1-stokes-weak-momentum	eqref	tex/chapters/chapter-01/section-02.tex:438	tex/chapters/chapter-01/section-02.tex:69	resolved
reference	存在 $p\in L^2_{\mathrm{loc}}(\Omega)$, 使 \eqref{eq:ch1-stokes-weak-momentum} 成立, 且 \eqref{eq:ch1-stokes-weak-incompressibility} 为真.	equation	eq:ch1-stokes-weak-incompressibility	eqref	tex/chapters/chapter-01/section-02.tex:438	tex/chapters/chapter-01/section-02.tex:73	resolved
reference	将定理 \ref{thm:ch1-abstract-projection} 应用于空间 $Y$, 取 $a(u,v)=\nu((u,v))$, 并以 $f$ 代替 $\ell$, 得到满足 \eqref{eq:ch1-stokes-unbounded-variational} 的唯一 $u$.	theorem	thm:ch1-abstract-projection	ref	tex/chapters/chapter-01/section-02.tex:442	tex/chapters/chapter-01/section-02.tex:131	resolved
reference	将定理 \ref{thm:ch1-abstract-projection} 应用于空间 $Y$, 取 $a(u,v)=\nu((u,v))$, 并以 $f$ 代替 $\ell$, 得到满足 \eqref{eq:ch1-stokes-unbounded-variational} 的唯一 $u$.	equation	eq:ch1-stokes-unbounded-variational	eqref	tex/chapters/chapter-01/section-02.tex:442	tex/chapters/chapter-01/section-02.tex:436	resolved
reference	于是注 \ref{rem:ch1-gradient-operator-range} (i) 表明, 存在 $p\in L^2_{\mathrm{loc}}(\Omega)$, 使 \eqref{eq:ch1-stokes-weak-momentum} 成立; \eqref{eq:ch1-stokes-weak-incompressibility} 自然容易验证. 最后, \eqref{eq:ch1-stokes-weak-boundary} 在某种意义下成立, 其含义取决于 $Y$(或包含关系 \eqref{eq:ch1-y-embedding-high-dimensional} 和 \eqref{eq:ch1-y-embedding-two-dimensional} 右端的空间 $Z$)可用的迹定理.	remark	rem:ch1-gradient-operator-range	ref	tex/chapters/chapter-01/section-02.tex:444	tex/chapters/chapter-01/section-01.tex:517	resolved
reference	于是注 \ref{rem:ch1-gradient-operator-range} (i) 表明, 存在 $p\in L^2_{\mathrm{loc}}(\Omega)$, 使 \eqref{eq:ch1-stokes-weak-momentum} 成立; \eqref{eq:ch1-stokes-weak-incompressibility} 自然容易验证. 最后, \eqref{eq:ch1-stokes-weak-boundary} 在某种意义下成立, 其含义取决于 $Y$(或包含关系 \eqref{eq:ch1-y-embedding-high-dimensional} 和 \eqref{eq:ch1-y-embedding-two-dimensional} 右端的空间 $Z$)可用的迹定理.	equation	eq:ch1-stokes-weak-momentum	eqref	tex/chapters/chapter-01/section-02.tex:444	tex/chapters/chapter-01/section-02.tex:69	resolved
reference	于是注 \ref{rem:ch1-gradient-operator-range} (i) 表明, 存在 $p\in L^2_{\mathrm{loc}}(\Omega)$, 使 \eqref{eq:ch1-stokes-weak-momentum} 成立; \eqref{eq:ch1-stokes-weak-incompressibility} 自然容易验证. 最后, \eqref{eq:ch1-stokes-weak-boundary} 在某种意义下成立, 其含义取决于 $Y$(或包含关系 \eqref{eq:ch1-y-embedding-high-dimensional} 和 \eqref{eq:ch1-y-embedding-two-dimensional} 右端的空间 $Z$)可用的迹定理.	equation	eq:ch1-stokes-weak-incompressibility	eqref	tex/chapters/chapter-01/section-02.tex:444	tex/chapters/chapter-01/section-02.tex:73	resolved
reference	于是注 \ref{rem:ch1-gradient-operator-range} (i) 表明, 存在 $p\in L^2_{\mathrm{loc}}(\Omega)$, 使 \eqref{eq:ch1-stokes-weak-momentum} 成立; \eqref{eq:ch1-stokes-weak-incompressibility} 自然容易验证. 最后, \eqref{eq:ch1-stokes-weak-boundary} 在某种意义下成立, 其含义取决于 $Y$(或包含关系 \eqref{eq:ch1-y-embedding-high-dimensional} 和 \eqref{eq:ch1-y-embedding-two-dimensional} 右端的空间 $Z$)可用的迹定理.	equation	eq:ch1-stokes-weak-boundary	eqref	tex/chapters/chapter-01/section-02.tex:444	tex/chapters/chapter-01/section-02.tex:77	resolved
reference	于是注 \ref{rem:ch1-gradient-operator-range} (i) 表明, 存在 $p\in L^2_{\mathrm{loc}}(\Omega)$, 使 \eqref{eq:ch1-stokes-weak-momentum} 成立; \eqref{eq:ch1-stokes-weak-incompressibility} 自然容易验证. 最后, \eqref{eq:ch1-stokes-weak-boundary} 在某种意义下成立, 其含义取决于 $Y$(或包含关系 \eqref{eq:ch1-y-embedding-high-dimensional} 和 \eqref{eq:ch1-y-embedding-two-dimensional} 右端的空间 $Z$)可用的迹定理.	equation	eq:ch1-y-embedding-high-dimensional	eqref	tex/chapters/chapter-01/section-02.tex:444	tex/chapters/chapter-01/section-02.tex:386	resolved
reference	于是注 \ref{rem:ch1-gradient-operator-range} (i) 表明, 存在 $p\in L^2_{\mathrm{loc}}(\Omega)$, 使 \eqref{eq:ch1-stokes-weak-momentum} 成立; \eqref{eq:ch1-stokes-weak-incompressibility} 自然容易验证. 最后, \eqref{eq:ch1-stokes-weak-boundary} 在某种意义下成立, 其含义取决于 $Y$(或包含关系 \eqref{eq:ch1-y-embedding-high-dimensional} 和 \eqref{eq:ch1-y-embedding-two-dimensional} 右端的空间 $Z$)可用的迹定理.	equation	eq:ch1-y-embedding-two-dimensional	eqref	tex/chapters/chapter-01/section-02.tex:444	tex/chapters/chapter-01/section-02.tex:392	resolved
reference	若 $\Omega$ 局部 Lipschitz, 则命题 \ref{prop:ch1-gradient-regularity} 表明 $p\in L^2_{\mathrm{loc}}(\overline\Omega)$.	proposition	prop:ch1-gradient-regularity	ref	tex/chapters/chapter-01/section-02.tex:446	tex/chapters/chapter-01/section-01.tex:488	resolved
reference	由引理 \ref{lem:ch1-y-space-embeddings}, 对 $f\in\mathbf L^{\alpha'}(\Omega)$, 其中 $1/\alpha+1/\alpha'=1$, 映射	lemma	lem:ch1-y-space-embeddings	ref	tex/chapters/chapter-01/section-02.tex:452	tex/chapters/chapter-01/section-02.tex:382	resolved
reference	是 $Y$ 上的连续线性形式. 因而在定理 \ref{thm:ch1-stokes-unbounded-existence} 中可取任意 $f\in\mathbf L^{\alpha'}(\Omega)$, 其中 $\alpha=2n/(n-2)$, $n\geq3$.	theorem	thm:ch1-stokes-unbounded-existence	ref	tex/chapters/chapter-01/section-02.tex:457	tex/chapters/chapter-01/section-02.tex:431	resolved
reference	因为 $\mathbf H^{1/2}(\Gamma)=\gamma_0\mathbf H^1(\Omega)$, 存在 $u_0\in\mathbf H^1(\Omega)$, 使 $\gamma_0u_0=\phi$. 由 \eqref{eq:ch1-nonhomogeneous-compatibility} 和 Stokes 公式,	equation	eq:ch1-nonhomogeneous-compatibility	eqref	tex/chapters/chapter-01/section-02.tex:499	tex/chapters/chapter-01/section-02.tex:476	resolved
reference	令 $v=u-u_0-u_1$, 问题 \eqref{eq:ch1-nonhomogeneous-momentum}--\eqref{eq:ch1-nonhomogeneous-boundary} 化为关于 $v$ 的齐次 Stokes 问题:	equation	eq:ch1-nonhomogeneous-momentum	eqref	tex/chapters/chapter-01/section-02.tex:507	tex/chapters/chapter-01/section-02.tex:485	resolved
reference	令 $v=u-u_0-u_1$, 问题 \eqref{eq:ch1-nonhomogeneous-momentum}--\eqref{eq:ch1-nonhomogeneous-boundary} 化为关于 $v$ 的齐次 Stokes 问题:	equation	eq:ch1-nonhomogeneous-boundary	eqref	tex/chapters/chapter-01/section-02.tex:507	tex/chapters/chapter-01/section-02.tex:493	resolved
reference	由命题 \ref{prop:ch1-gradient-regularity} 和注 \ref{rem:ch1-gradient-operator-range} (ii), $A=\operatorname{grad}$ 是从 $L^2(\Omega)$ 到 $\mathbf H^{-1}(\Omega)$ 的连续线性算子, 并且是 \eqref{eq:ch1-zero-mean-l2-space} 到其值域 $R(A)$ 的同构. 通过转置, 其伴随算子	proposition	prop:ch1-gradient-regularity	ref	tex/chapters/chapter-01/section-02.tex:531	tex/chapters/chapter-01/section-01.tex:488	resolved
reference	由命题 \ref{prop:ch1-gradient-regularity} 和注 \ref{rem:ch1-gradient-operator-range} (ii), $A=\operatorname{grad}$ 是从 $L^2(\Omega)$ 到 $\mathbf H^{-1}(\Omega)$ 的连续线性算子, 并且是 \eqref{eq:ch1-zero-mean-l2-space} 到其值域 $R(A)$ 的同构. 通过转置, 其伴随算子	remark	rem:ch1-gradient-operator-range	ref	tex/chapters/chapter-01/section-02.tex:531	tex/chapters/chapter-01/section-01.tex:517	resolved
reference	由命题 \ref{prop:ch1-gradient-regularity} 和注 \ref{rem:ch1-gradient-operator-range} (ii), $A=\operatorname{grad}$ 是从 $L^2(\Omega)$ 到 $\mathbf H^{-1}(\Omega)$ 的连续线性算子, 并且是 \eqref{eq:ch1-zero-mean-l2-space} 到其值域 $R(A)$ 的同构. 通过转置, 其伴随算子	equation	eq:ch1-zero-mean-l2-space	eqref	tex/chapters/chapter-01/section-02.tex:531	tex/chapters/chapter-01/section-02.tex:526	resolved
reference	是从 $R(A)$ 的正交补到空间 \eqref{eq:ch1-zero-mean-l2-space} 的同构; 特别地, $A^*$ 把 $\mathbf H_0^1(\Omega)$ 映满 $L^2(\Omega)/\mathbb R$.	equation	eq:ch1-zero-mean-l2-space	eqref	tex/chapters/chapter-01/section-02.tex:535	tex/chapters/chapter-01/section-02.tex:526	resolved
reference	定理 \ref{thm:ch1-nonhomogeneous-stokes} 易于推广到 $\Omega$ 仅为 $\mathbb R^n$ 中 Lipschitz 有界开集的情形, 只须把 $\phi$ 给成某个 $\phi_0\in\mathbf H^1(\Omega)$ 的迹, 并把 \eqref{eq:ch1-nonhomogeneous-compatibility} 和 \eqref{eq:ch1-nonhomogeneous-boundary} 分别理解为	theorem	thm:ch1-nonhomogeneous-stokes	ref	tex/chapters/chapter-01/section-02.tex:541	tex/chapters/chapter-01/section-02.tex:467	resolved
reference	定理 \ref{thm:ch1-nonhomogeneous-stokes} 易于推广到 $\Omega$ 仅为 $\mathbb R^n$ 中 Lipschitz 有界开集的情形, 只须把 $\phi$ 给成某个 $\phi_0\in\mathbf H^1(\Omega)$ 的迹, 并把 \eqref{eq:ch1-nonhomogeneous-compatibility} 和 \eqref{eq:ch1-nonhomogeneous-boundary} 分别理解为	equation	eq:ch1-nonhomogeneous-compatibility	eqref	tex/chapters/chapter-01/section-02.tex:541	tex/chapters/chapter-01/section-02.tex:476	resolved
reference	定理 \ref{thm:ch1-nonhomogeneous-stokes} 易于推广到 $\Omega$ 仅为 $\mathbb R^n$ 中 Lipschitz 有界开集的情形, 只须把 $\phi$ 给成某个 $\phi_0\in\mathbf H^1(\Omega)$ 的迹, 并把 \eqref{eq:ch1-nonhomogeneous-compatibility} 和 \eqref{eq:ch1-nonhomogeneous-boundary} 分别理解为	equation	eq:ch1-nonhomogeneous-boundary	eqref	tex/chapters/chapter-01/section-02.tex:541	tex/chapters/chapter-01/section-02.tex:493	resolved
reference	是广义 Stokes 问题 \eqref{eq:ch1-nonhomogeneous-momentum}--\eqref{eq:ch1-nonhomogeneous-boundary} 的解. 若	equation	eq:ch1-nonhomogeneous-momentum	eqref	tex/chapters/chapter-01/section-02.tex:571	tex/chapters/chapter-01/section-02.tex:485	resolved
reference	是广义 Stokes 问题 \eqref{eq:ch1-nonhomogeneous-momentum}--\eqref{eq:ch1-nonhomogeneous-boundary} 的解. 若	equation	eq:ch1-nonhomogeneous-boundary	eqref	tex/chapters/chapter-01/section-02.tex:571	tex/chapters/chapter-01/section-02.tex:493	resolved
reference	令 $u_{n+1}=p/\nu$, $\boldsymbol u=(u_1,\ldots,u_{n+1})$, $\boldsymbol f=(f_1/\nu,\ldots,f_n/\nu,g)$. 原文随后把方程 \eqref{eq:ch1-nonhomogeneous-boundary} 和 \eqref{eq:ch1-zero-mean-l2-space} 写成	equation	eq:ch1-nonhomogeneous-boundary	eqref	tex/chapters/chapter-01/section-02.tex:613	tex/chapters/chapter-01/section-02.tex:493	resolved
reference	令 $u_{n+1}=p/\nu$, $\boldsymbol u=(u_1,\ldots,u_{n+1})$, $\boldsymbol f=(f_1/\nu,\ldots,f_n/\nu,g)$. 原文随后把方程 \eqref{eq:ch1-nonhomogeneous-boundary} 和 \eqref{eq:ch1-zero-mean-l2-space} 写成	equation	eq:ch1-zero-mean-l2-space	eqref	tex/chapters/chapter-01/section-02.tex:613	tex/chapters/chapter-01/section-02.tex:526	resolved
reference	应用 A.D.N. 第 78 页定理 10.5, 得到 \eqref{eq:ch1-stokes-regularity-conclusion} 和 \eqref{eq:ch1-stokes-regularity-estimate}, 其中对所有 $\alpha$ 均取 $d_\alpha=1$. 根据定理 10.5 后的注, 当 $\alpha=2$ 时可取 $d_\alpha=0$, 因为 \eqref{eq:ch1-nonhomogeneous-divergence}--\eqref{eq:ch1-stokes-regularity-assumption} 的解 $u,p$ 必然唯一($p$ 在相差一个加性常数的意义下唯一): 若 $(u_*,p_*)$, $(u_{**},p_{**})$ 是两个解, 则 $u=u_*-u_{**}$, $p=p_*-p_{**}$ 是 $f=0$ 时 \eqref{eq:ch1-stokes-weak-momentum}--\eqref{eq:ch1-stokes-weak-boundary} 的解, 因而 $u=0$, $p$ 为常数.	equation	eq:ch1-stokes-regularity-conclusion	eqref	tex/chapters/chapter-01/section-02.tex:667	tex/chapters/chapter-01/section-02.tex:581	resolved
reference	应用 A.D.N. 第 78 页定理 10.5, 得到 \eqref{eq:ch1-stokes-regularity-conclusion} 和 \eqref{eq:ch1-stokes-regularity-estimate}, 其中对所有 $\alpha$ 均取 $d_\alpha=1$. 根据定理 10.5 后的注, 当 $\alpha=2$ 时可取 $d_\alpha=0$, 因为 \eqref{eq:ch1-nonhomogeneous-divergence}--\eqref{eq:ch1-stokes-regularity-assumption} 的解 $u,p$ 必然唯一($p$ 在相差一个加性常数的意义下唯一): 若 $(u_*,p_*)$, $(u_{**},p_{**})$ 是两个解, 则 $u=u_*-u_{**}$, $p=p_*-p_{**}$ 是 $f=0$ 时 \eqref{eq:ch1-stokes-weak-momentum}--\eqref{eq:ch1-stokes-weak-boundary} 的解, 因而 $u=0$, $p$ 为常数.	equation	eq:ch1-stokes-regularity-estimate	eqref	tex/chapters/chapter-01/section-02.tex:667	tex/chapters/chapter-01/section-02.tex:594	resolved
reference	应用 A.D.N. 第 78 页定理 10.5, 得到 \eqref{eq:ch1-stokes-regularity-conclusion} 和 \eqref{eq:ch1-stokes-regularity-estimate}, 其中对所有 $\alpha$ 均取 $d_\alpha=1$. 根据定理 10.5 后的注, 当 $\alpha=2$ 时可取 $d_\alpha=0$, 因为 \eqref{eq:ch1-nonhomogeneous-divergence}--\eqref{eq:ch1-stokes-regularity-assumption} 的解 $u,p$ 必然唯一($p$ 在相差一个加性常数的意义下唯一): 若 $(u_*,p_*)$, $(u_{**},p_{**})$ 是两个解, 则 $u=u_*-u_{**}$, $p=p_*-p_{**}$ 是 $f=0$ 时 \eqref{eq:ch1-stokes-weak-momentum}--\eqref{eq:ch1-stokes-weak-boundary} 的解, 因而 $u=0$, $p$ 为常数.	equation	eq:ch1-nonhomogeneous-divergence	eqref	tex/chapters/chapter-01/section-02.tex:667	tex/chapters/chapter-01/section-02.tex:489	resolved
reference	应用 A.D.N. 第 78 页定理 10.5, 得到 \eqref{eq:ch1-stokes-regularity-conclusion} 和 \eqref{eq:ch1-stokes-regularity-estimate}, 其中对所有 $\alpha$ 均取 $d_\alpha=1$. 根据定理 10.5 后的注, 当 $\alpha=2$ 时可取 $d_\alpha=0$, 因为 \eqref{eq:ch1-nonhomogeneous-divergence}--\eqref{eq:ch1-stokes-regularity-assumption} 的解 $u,p$ 必然唯一($p$ 在相差一个加性常数的意义下唯一): 若 $(u_*,p_*)$, $(u_{**},p_{**})$ 是两个解, 则 $u=u_*-u_{**}$, $p=p_*-p_{**}$ 是 $f=0$ 时 \eqref{eq:ch1-stokes-weak-momentum}--\eqref{eq:ch1-stokes-weak-boundary} 的解, 因而 $u=0$, $p$ 为常数.	equation	eq:ch1-stokes-regularity-assumption	eqref	tex/chapters/chapter-01/section-02.tex:667	tex/chapters/chapter-01/section-02.tex:569	resolved
reference	应用 A.D.N. 第 78 页定理 10.5, 得到 \eqref{eq:ch1-stokes-regularity-conclusion} 和 \eqref{eq:ch1-stokes-regularity-estimate}, 其中对所有 $\alpha$ 均取 $d_\alpha=1$. 根据定理 10.5 后的注, 当 $\alpha=2$ 时可取 $d_\alpha=0$, 因为 \eqref{eq:ch1-nonhomogeneous-divergence}--\eqref{eq:ch1-stokes-regularity-assumption} 的解 $u,p$ 必然唯一($p$ 在相差一个加性常数的意义下唯一): 若 $(u_*,p_*)$, $(u_{**},p_{**})$ 是两个解, 则 $u=u_*-u_{**}$, $p=p_*-p_{**}$ 是 $f=0$ 时 \eqref{eq:ch1-stokes-weak-momentum}--\eqref{eq:ch1-stokes-weak-boundary} 的解, 因而 $u=0$, $p$ 为常数.	equation	eq:ch1-stokes-weak-momentum	eqref	tex/chapters/chapter-01/section-02.tex:667	tex/chapters/chapter-01/section-02.tex:69	resolved
reference	应用 A.D.N. 第 78 页定理 10.5, 得到 \eqref{eq:ch1-stokes-regularity-conclusion} 和 \eqref{eq:ch1-stokes-regularity-estimate}, 其中对所有 $\alpha$ 均取 $d_\alpha=1$. 根据定理 10.5 后的注, 当 $\alpha=2$ 时可取 $d_\alpha=0$, 因为 \eqref{eq:ch1-nonhomogeneous-divergence}--\eqref{eq:ch1-stokes-regularity-assumption} 的解 $u,p$ 必然唯一($p$ 在相差一个加性常数的意义下唯一): 若 $(u_*,p_*)$, $(u_{**},p_{**})$ 是两个解, 则 $u=u_*-u_{**}$, $p=p_*-p_{**}$ 是 $f=0$ 时 \eqref{eq:ch1-stokes-weak-momentum}--\eqref{eq:ch1-stokes-weak-boundary} 的解, 因而 $u=0$, $p$ 为常数.	equation	eq:ch1-stokes-weak-boundary	eqref	tex/chapters/chapter-01/section-02.tex:667	tex/chapters/chapter-01/section-02.tex:77	resolved
reference	当 $\alpha=2$, $m\in\mathbb R$, $m\geq-1$ 时, 利用 Lions--Magenes [1] 的插值技术可得到与命题 \ref{prop:ch1-stokes-regularity-apriori} 类似的结果.	proposition	prop:ch1-stokes-regularity-apriori	ref	tex/chapters/chapter-01/section-02.tex:673	tex/chapters/chapter-01/section-02.tex:564	resolved
reference	当 $\alpha=2$ 时, J. M. Ghidaglia (1984) 给出了命题 \ref{prop:ch1-stokes-regularity-apriori} 一个更简单且完全自足的证明. 该文还包含 Euler 方程理论中一个类似 Stokes 问题的正则性结果(见 R. Temam (1975, 1986)).	proposition	prop:ch1-stokes-regularity-apriori	ref	tex/chapters/chapter-01/section-02.tex:679	tex/chapters/chapter-01/section-02.tex:564	resolved
reference	命题 \ref{prop:ch1-stokes-regularity-apriori} 并未断言对给定 $f,g,\phi$ 存在满足 \eqref{eq:ch1-nonhomogeneous-boundary}--\eqref{eq:ch1-stokes-regularity-estimate} 的 $u,p$, 而只给出可能存在的解的正则性结果. 当 $\alpha=2$ 时, 定理 \ref{thm:ch1-stokes-existence-uniqueness} 和定理 \ref{thm:ch1-nonhomogeneous-stokes} 保证存在性. 下述命题对 $n=2$ 或 $3$ 给出一般的存在性与正则性结果.	proposition	prop:ch1-stokes-regularity-apriori	ref	tex/chapters/chapter-01/section-02.tex:682	tex/chapters/chapter-01/section-02.tex:564	resolved
reference	命题 \ref{prop:ch1-stokes-regularity-apriori} 并未断言对给定 $f,g,\phi$ 存在满足 \eqref{eq:ch1-nonhomogeneous-boundary}--\eqref{eq:ch1-stokes-regularity-estimate} 的 $u,p$, 而只给出可能存在的解的正则性结果. 当 $\alpha=2$ 时, 定理 \ref{thm:ch1-stokes-existence-uniqueness} 和定理 \ref{thm:ch1-nonhomogeneous-stokes} 保证存在性. 下述命题对 $n=2$ 或 $3$ 给出一般的存在性与正则性结果.	equation	eq:ch1-nonhomogeneous-boundary	eqref	tex/chapters/chapter-01/section-02.tex:682	tex/chapters/chapter-01/section-02.tex:493	resolved
reference	命题 \ref{prop:ch1-stokes-regularity-apriori} 并未断言对给定 $f,g,\phi$ 存在满足 \eqref{eq:ch1-nonhomogeneous-boundary}--\eqref{eq:ch1-stokes-regularity-estimate} 的 $u,p$, 而只给出可能存在的解的正则性结果. 当 $\alpha=2$ 时, 定理 \ref{thm:ch1-stokes-existence-uniqueness} 和定理 \ref{thm:ch1-nonhomogeneous-stokes} 保证存在性. 下述命题对 $n=2$ 或 $3$ 给出一般的存在性与正则性结果.	equation	eq:ch1-stokes-regularity-estimate	eqref	tex/chapters/chapter-01/section-02.tex:682	tex/chapters/chapter-01/section-02.tex:594	resolved
reference	命题 \ref{prop:ch1-stokes-regularity-apriori} 并未断言对给定 $f,g,\phi$ 存在满足 \eqref{eq:ch1-nonhomogeneous-boundary}--\eqref{eq:ch1-stokes-regularity-estimate} 的 $u,p$, 而只给出可能存在的解的正则性结果. 当 $\alpha=2$ 时, 定理 \ref{thm:ch1-stokes-existence-uniqueness} 和定理 \ref{thm:ch1-nonhomogeneous-stokes} 保证存在性. 下述命题对 $n=2$ 或 $3$ 给出一般的存在性与正则性结果.	theorem	thm:ch1-stokes-existence-uniqueness	ref	tex/chapters/chapter-01/section-02.tex:682	tex/chapters/chapter-01/section-02.tex:119	resolved
reference	命题 \ref{prop:ch1-stokes-regularity-apriori} 并未断言对给定 $f,g,\phi$ 存在满足 \eqref{eq:ch1-nonhomogeneous-boundary}--\eqref{eq:ch1-stokes-regularity-estimate} 的 $u,p$, 而只给出可能存在的解的正则性结果. 当 $\alpha=2$ 时, 定理 \ref{thm:ch1-stokes-existence-uniqueness} 和定理 \ref{thm:ch1-nonhomogeneous-stokes} 保证存在性. 下述命题对 $n=2$ 或 $3$ 给出一般的存在性与正则性结果.	theorem	thm:ch1-nonhomogeneous-stokes	ref	tex/chapters/chapter-01/section-02.tex:682	tex/chapters/chapter-01/section-02.tex:467	resolved
reference	则存在唯一函数 $u,p$($p$ 在相差一个常数的意义下唯一), 它们是 \eqref{eq:ch1-nonhomogeneous-momentum}--\eqref{eq:ch1-nonhomogeneous-boundary} 的解, 并对任意 $1<\alpha<\infty$ 满足 \eqref{eq:ch1-stokes-regularity-conclusion} 和 \eqref{eq:ch1-stokes-regularity-estimate}, 其中 $d_\alpha=0$.	equation	eq:ch1-nonhomogeneous-momentum	eqref	tex/chapters/chapter-01/section-02.tex:698	tex/chapters/chapter-01/section-02.tex:485	resolved
reference	则存在唯一函数 $u,p$($p$ 在相差一个常数的意义下唯一), 它们是 \eqref{eq:ch1-nonhomogeneous-momentum}--\eqref{eq:ch1-nonhomogeneous-boundary} 的解, 并对任意 $1<\alpha<\infty$ 满足 \eqref{eq:ch1-stokes-regularity-conclusion} 和 \eqref{eq:ch1-stokes-regularity-estimate}, 其中 $d_\alpha=0$.	equation	eq:ch1-nonhomogeneous-boundary	eqref	tex/chapters/chapter-01/section-02.tex:698	tex/chapters/chapter-01/section-02.tex:493	resolved
reference	则存在唯一函数 $u,p$($p$ 在相差一个常数的意义下唯一), 它们是 \eqref{eq:ch1-nonhomogeneous-momentum}--\eqref{eq:ch1-nonhomogeneous-boundary} 的解, 并对任意 $1<\alpha<\infty$ 满足 \eqref{eq:ch1-stokes-regularity-conclusion} 和 \eqref{eq:ch1-stokes-regularity-estimate}, 其中 $d_\alpha=0$.	equation	eq:ch1-stokes-regularity-conclusion	eqref	tex/chapters/chapter-01/section-02.tex:698	tex/chapters/chapter-01/section-02.tex:581	resolved
reference	则存在唯一函数 $u,p$($p$ 在相差一个常数的意义下唯一), 它们是 \eqref{eq:ch1-nonhomogeneous-momentum}--\eqref{eq:ch1-nonhomogeneous-boundary} 的解, 并对任意 $1<\alpha<\infty$ 满足 \eqref{eq:ch1-stokes-regularity-conclusion} 和 \eqref{eq:ch1-stokes-regularity-estimate}, 其中 $d_\alpha=0$.	equation	eq:ch1-stokes-regularity-estimate	eqref	tex/chapters/chapter-01/section-02.tex:698	tex/chapters/chapter-01/section-02.tex:594	resolved
reference	这一完整的存在性与正则性结果不能由 Agmon--Douglis--Nirenberg [1] 的理论推出, 这就是把空间维数限制为 $n=2$ 或 $3$ 的原因. 当 $n=3$ 时, Cattabriga [1] 完整证明了命题 \ref{prop:ch1-stokes-full-regularity}(甚至包括 $m=-1$). 当 $n=2$ 时, 可将问题化为经典的双调和问题. 存在 $v\in\mathbf W^{m+2,\alpha}(\Omega)$, 使	proposition	prop:ch1-stokes-full-regularity	ref	tex/chapters/chapter-01/section-02.tex:702	tex/chapters/chapter-01/section-02.tex:686	resolved
reference	由 \eqref{eq:ch1-stokes-full-compatibility}, Neumann 问题 \eqref{eq:ch1-regularity-neumann-interior}--\eqref{eq:ch1-regularity-neumann-boundary} 有解 $\theta$, 且由 Neumann 问题通常的正则性结果, $\theta\in W^{m+3,\alpha}(\Omega)$.	equation	eq:ch1-stokes-full-compatibility	eqref	tex/chapters/chapter-01/section-02.tex:730	tex/chapters/chapter-01/section-02.tex:696	resolved
reference	由 \eqref{eq:ch1-stokes-full-compatibility}, Neumann 问题 \eqref{eq:ch1-regularity-neumann-interior}--\eqref{eq:ch1-regularity-neumann-boundary} 有解 $\theta$, 且由 Neumann 问题通常的正则性结果, $\theta\in W^{m+3,\alpha}(\Omega)$.	equation	eq:ch1-regularity-neumann-interior	eqref	tex/chapters/chapter-01/section-02.tex:730	tex/chapters/chapter-01/section-02.tex:721	resolved
reference	由 \eqref{eq:ch1-stokes-full-compatibility}, Neumann 问题 \eqref{eq:ch1-regularity-neumann-interior}--\eqref{eq:ch1-regularity-neumann-boundary} 有解 $\theta$, 且由 Neumann 问题通常的正则性结果, $\theta\in W^{m+3,\alpha}(\Omega)$.	equation	eq:ch1-regularity-neumann-boundary	eqref	tex/chapters/chapter-01/section-02.tex:730	tex/chapters/chapter-01/section-02.tex:726	resolved
reference	\in W^{m+2-1/\alpha,\alpha}(\Gamma)$, 存在 $\sigma\in W^{m+3,\alpha}(\Omega)$, 使 $\gamma_0\sigma=0$, $\gamma_1\sigma=\phi\cdot\tau-\partial\theta/\partial\tau$. 按此定义 $\sigma,\theta$ 后, \eqref{eq:ch1-regularity-lifting-vector} 中的向量 $v$ 属于 $\mathbf W^{m+2,\alpha}(\Omega)$ 并满足 \eqref{eq:ch1-regularity-lifting-divergence}--\eqref{eq:ch1-regularity-lifting-boundary}. 此外, 映射 $\{g,\phi\}\mapsto v$ 线性且连续.	equation	eq:ch1-regularity-lifting-vector	eqref	tex/chapters/chapter-01/section-02.tex:741	tex/chapters/chapter-01/section-02.tex:716	resolved
reference	\in W^{m+2-1/\alpha,\alpha}(\Gamma)$, 存在 $\sigma\in W^{m+3,\alpha}(\Omega)$, 使 $\gamma_0\sigma=0$, $\gamma_1\sigma=\phi\cdot\tau-\partial\theta/\partial\tau$. 按此定义 $\sigma,\theta$ 后, \eqref{eq:ch1-regularity-lifting-vector} 中的向量 $v$ 属于 $\mathbf W^{m+2,\alpha}(\Omega)$ 并满足 \eqref{eq:ch1-regularity-lifting-divergence}--\eqref{eq:ch1-regularity-lifting-boundary}. 此外, 映射 $\{g,\phi\}\mapsto v$ 线性且连续.	equation	eq:ch1-regularity-lifting-divergence	eqref	tex/chapters/chapter-01/section-02.tex:741	tex/chapters/chapter-01/section-02.tex:705	resolved
reference	\in W^{m+2-1/\alpha,\alpha}(\Gamma)$, 存在 $\sigma\in W^{m+3,\alpha}(\Omega)$, 使 $\gamma_0\sigma=0$, $\gamma_1\sigma=\phi\cdot\tau-\partial\theta/\partial\tau$. 按此定义 $\sigma,\theta$ 后, \eqref{eq:ch1-regularity-lifting-vector} 中的向量 $v$ 属于 $\mathbf W^{m+2,\alpha}(\Omega)$ 并满足 \eqref{eq:ch1-regularity-lifting-divergence}--\eqref{eq:ch1-regularity-lifting-boundary}. 此外, 映射 $\{g,\phi\}\mapsto v$ 线性且连续.	equation	eq:ch1-regularity-lifting-boundary	eqref	tex/chapters/chapter-01/section-02.tex:741	tex/chapters/chapter-01/section-02.tex:709	resolved
reference	令 $w=u-v$, 问题 \eqref{eq:ch1-nonhomogeneous-momentum}--\eqref{eq:ch1-nonhomogeneous-boundary} 化为求	equation	eq:ch1-nonhomogeneous-momentum	eqref	tex/chapters/chapter-01/section-02.tex:743	tex/chapters/chapter-01/section-02.tex:485	resolved
reference	令 $w=u-v$, 问题 \eqref{eq:ch1-nonhomogeneous-momentum}--\eqref{eq:ch1-nonhomogeneous-boundary} 化为求	equation	eq:ch1-nonhomogeneous-boundary	eqref	tex/chapters/chapter-01/section-02.tex:743	tex/chapters/chapter-01/section-02.tex:493	resolved
reference	若 $\Omega$ 单连通, 则由 \eqref{eq:ch1-reduced-stokes-divergence}, 存在函数 $\rho$, 使	equation	eq:ch1-reduced-stokes-divergence	eqref	tex/chapters/chapter-01/section-02.tex:766	tex/chapters/chapter-01/section-02.tex:752	resolved
reference	条件 \eqref{eq:ch1-reduced-stokes-boundary} 等价于 $\rho=\partial\rho/\partial\nu=0$ 在 $\Gamma$ 上成立; 对 \eqref{eq:ch1-reduced-stokes-momentum} 微分后得到	equation	eq:ch1-reduced-stokes-boundary	eqref	tex/chapters/chapter-01/section-02.tex:771	tex/chapters/chapter-01/section-02.tex:756	resolved
reference	条件 \eqref{eq:ch1-reduced-stokes-boundary} 等价于 $\rho=\partial\rho/\partial\nu=0$ 在 $\Gamma$ 上成立; 对 \eqref{eq:ch1-reduced-stokes-momentum} 微分后得到	equation	eq:ch1-reduced-stokes-momentum	eqref	tex/chapters/chapter-01/section-02.tex:771	tex/chapters/chapter-01/section-02.tex:748	resolved
reference	双调和问题 \eqref{eq:ch1-biharmonic-equation}--\eqref{eq:ch1-biharmonic-boundary} 有唯一解 $\rho\in W^{m+3,\alpha}(\Omega)$, 由 \eqref{eq:ch1-stream-function-representation} 定义的 $w$ 是 \eqref{eq:ch1-reduced-stokes-momentum}--\eqref{eq:ch1-reduced-stokes-boundary} 的解, 且属于 $\mathbf W^{m+2,\alpha}(\Omega)$.	equation	eq:ch1-biharmonic-equation	eqref	tex/chapters/chapter-01/section-02.tex:786	tex/chapters/chapter-01/section-02.tex:779	resolved
reference	双调和问题 \eqref{eq:ch1-biharmonic-equation}--\eqref{eq:ch1-biharmonic-boundary} 有唯一解 $\rho\in W^{m+3,\alpha}(\Omega)$, 由 \eqref{eq:ch1-stream-function-representation} 定义的 $w$ 是 \eqref{eq:ch1-reduced-stokes-momentum}--\eqref{eq:ch1-reduced-stokes-boundary} 的解, 且属于 $\mathbf W^{m+2,\alpha}(\Omega)$.	equation	eq:ch1-biharmonic-boundary	eqref	tex/chapters/chapter-01/section-02.tex:786	tex/chapters/chapter-01/section-02.tex:784	resolved
reference	双调和问题 \eqref{eq:ch1-biharmonic-equation}--\eqref{eq:ch1-biharmonic-boundary} 有唯一解 $\rho\in W^{m+3,\alpha}(\Omega)$, 由 \eqref{eq:ch1-stream-function-representation} 定义的 $w$ 是 \eqref{eq:ch1-reduced-stokes-momentum}--\eqref{eq:ch1-reduced-stokes-boundary} 的解, 且属于 $\mathbf W^{m+2,\alpha}(\Omega)$.	equation	eq:ch1-stream-function-representation	eqref	tex/chapters/chapter-01/section-02.tex:786	tex/chapters/chapter-01/section-02.tex:769	resolved
reference	双调和问题 \eqref{eq:ch1-biharmonic-equation}--\eqref{eq:ch1-biharmonic-boundary} 有唯一解 $\rho\in W^{m+3,\alpha}(\Omega)$, 由 \eqref{eq:ch1-stream-function-representation} 定义的 $w$ 是 \eqref{eq:ch1-reduced-stokes-momentum}--\eqref{eq:ch1-reduced-stokes-boundary} 的解, 且属于 $\mathbf W^{m+2,\alpha}(\Omega)$.	equation	eq:ch1-reduced-stokes-momentum	eqref	tex/chapters/chapter-01/section-02.tex:786	tex/chapters/chapter-01/section-02.tex:748	resolved
reference	双调和问题 \eqref{eq:ch1-biharmonic-equation}--\eqref{eq:ch1-biharmonic-boundary} 有唯一解 $\rho\in W^{m+3,\alpha}(\Omega)$, 由 \eqref{eq:ch1-stream-function-representation} 定义的 $w$ 是 \eqref{eq:ch1-reduced-stokes-momentum}--\eqref{eq:ch1-reduced-stokes-boundary} 的解, 且属于 $\mathbf W^{m+2,\alpha}(\Omega)$.	equation	eq:ch1-reduced-stokes-boundary	eqref	tex/chapters/chapter-01/section-02.tex:786	tex/chapters/chapter-01/section-02.tex:756	resolved
reference	若 $\Omega$ 非单连通, 条件 \eqref{eq:ch1-reduced-stokes-divergence} 使我们能局部得到 \eqref{eq:ch1-stream-function-representation}, 即 $\rho$ 可能不是单值函数. 利用 \eqref{eq:ch1-reduced-stokes-boundary} 的进一步论证将在下一引理中给出; 它表明 $\rho$ 必为单值函数, 且	equation	eq:ch1-reduced-stokes-divergence	eqref	tex/chapters/chapter-01/section-02.tex:788	tex/chapters/chapter-01/section-02.tex:752	resolved
reference	若 $\Omega$ 非单连通, 条件 \eqref{eq:ch1-reduced-stokes-divergence} 使我们能局部得到 \eqref{eq:ch1-stream-function-representation}, 即 $\rho$ 可能不是单值函数. 利用 \eqref{eq:ch1-reduced-stokes-boundary} 的进一步论证将在下一引理中给出; 它表明 $\rho$ 必为单值函数, 且	equation	eq:ch1-stream-function-representation	eqref	tex/chapters/chapter-01/section-02.tex:788	tex/chapters/chapter-01/section-02.tex:769	resolved
reference	若 $\Omega$ 非单连通, 条件 \eqref{eq:ch1-reduced-stokes-divergence} 使我们能局部得到 \eqref{eq:ch1-stream-function-representation}, 即 $\rho$ 可能不是单值函数. 利用 \eqref{eq:ch1-reduced-stokes-boundary} 的进一步论证将在下一引理中给出; 它表明 $\rho$ 必为单值函数, 且	equation	eq:ch1-reduced-stokes-boundary	eqref	tex/chapters/chapter-01/section-02.tex:788	tex/chapters/chapter-01/section-02.tex:756	resolved
reference	这样, 关于 $\rho$ 的问题 \eqref{eq:ch1-reduced-stokes-momentum}--\eqref{eq:ch1-reduced-stokes-boundary} 化为方程 \eqref{eq:ch1-biharmonic-equation} 及边界条件 \eqref{eq:ch1-stream-function-component-values}--\eqref{eq:ch1-stream-function-normal-boundary}. 与前面相同, 该双调和问题有唯一解 $\rho\in W^{m+3,\alpha}(\Omega)$, 由 \eqref{eq:ch1-stream-function-representation} 定义的 $w$ 是 \eqref{eq:ch1-reduced-stokes-momentum}--\eqref{eq:ch1-reduced-stokes-boundary} 的解, 且属于 $\mathbf W^{m+2,\alpha}(\Omega)$.	equation	eq:ch1-reduced-stokes-momentum	eqref	tex/chapters/chapter-01/section-02.tex:801	tex/chapters/chapter-01/section-02.tex:748	resolved
reference	这样, 关于 $\rho$ 的问题 \eqref{eq:ch1-reduced-stokes-momentum}--\eqref{eq:ch1-reduced-stokes-boundary} 化为方程 \eqref{eq:ch1-biharmonic-equation} 及边界条件 \eqref{eq:ch1-stream-function-component-values}--\eqref{eq:ch1-stream-function-normal-boundary}. 与前面相同, 该双调和问题有唯一解 $\rho\in W^{m+3,\alpha}(\Omega)$, 由 \eqref{eq:ch1-stream-function-representation} 定义的 $w$ 是 \eqref{eq:ch1-reduced-stokes-momentum}--\eqref{eq:ch1-reduced-stokes-boundary} 的解, 且属于 $\mathbf W^{m+2,\alpha}(\Omega)$.	equation	eq:ch1-reduced-stokes-boundary	eqref	tex/chapters/chapter-01/section-02.tex:801	tex/chapters/chapter-01/section-02.tex:756	resolved
reference	这样, 关于 $\rho$ 的问题 \eqref{eq:ch1-reduced-stokes-momentum}--\eqref{eq:ch1-reduced-stokes-boundary} 化为方程 \eqref{eq:ch1-biharmonic-equation} 及边界条件 \eqref{eq:ch1-stream-function-component-values}--\eqref{eq:ch1-stream-function-normal-boundary}. 与前面相同, 该双调和问题有唯一解 $\rho\in W^{m+3,\alpha}(\Omega)$, 由 \eqref{eq:ch1-stream-function-representation} 定义的 $w$ 是 \eqref{eq:ch1-reduced-stokes-momentum}--\eqref{eq:ch1-reduced-stokes-boundary} 的解, 且属于 $\mathbf W^{m+2,\alpha}(\Omega)$.	equation	eq:ch1-biharmonic-equation	eqref	tex/chapters/chapter-01/section-02.tex:801	tex/chapters/chapter-01/section-02.tex:779	resolved
reference	这样, 关于 $\rho$ 的问题 \eqref{eq:ch1-reduced-stokes-momentum}--\eqref{eq:ch1-reduced-stokes-boundary} 化为方程 \eqref{eq:ch1-biharmonic-equation} 及边界条件 \eqref{eq:ch1-stream-function-component-values}--\eqref{eq:ch1-stream-function-normal-boundary}. 与前面相同, 该双调和问题有唯一解 $\rho\in W^{m+3,\alpha}(\Omega)$, 由 \eqref{eq:ch1-stream-function-representation} 定义的 $w$ 是 \eqref{eq:ch1-reduced-stokes-momentum}--\eqref{eq:ch1-reduced-stokes-boundary} 的解, 且属于 $\mathbf W^{m+2,\alpha}(\Omega)$.	equation	eq:ch1-stream-function-component-values	eqref	tex/chapters/chapter-01/section-02.tex:801	tex/chapters/chapter-01/section-02.tex:793	resolved
reference	这样, 关于 $\rho$ 的问题 \eqref{eq:ch1-reduced-stokes-momentum}--\eqref{eq:ch1-reduced-stokes-boundary} 化为方程 \eqref{eq:ch1-biharmonic-equation} 及边界条件 \eqref{eq:ch1-stream-function-component-values}--\eqref{eq:ch1-stream-function-normal-boundary}. 与前面相同, 该双调和问题有唯一解 $\rho\in W^{m+3,\alpha}(\Omega)$, 由 \eqref{eq:ch1-stream-function-representation} 定义的 $w$ 是 \eqref{eq:ch1-reduced-stokes-momentum}--\eqref{eq:ch1-reduced-stokes-boundary} 的解, 且属于 $\mathbf W^{m+2,\alpha}(\Omega)$.	equation	eq:ch1-stream-function-normal-boundary	eqref	tex/chapters/chapter-01/section-02.tex:801	tex/chapters/chapter-01/section-02.tex:797	resolved
reference	这样, 关于 $\rho$ 的问题 \eqref{eq:ch1-reduced-stokes-momentum}--\eqref{eq:ch1-reduced-stokes-boundary} 化为方程 \eqref{eq:ch1-biharmonic-equation} 及边界条件 \eqref{eq:ch1-stream-function-component-values}--\eqref{eq:ch1-stream-function-normal-boundary}. 与前面相同, 该双调和问题有唯一解 $\rho\in W^{m+3,\alpha}(\Omega)$, 由 \eqref{eq:ch1-stream-function-representation} 定义的 $w$ 是 \eqref{eq:ch1-reduced-stokes-momentum}--\eqref{eq:ch1-reduced-stokes-boundary} 的解, 且属于 $\mathbf W^{m+2,\alpha}(\Omega)$.	equation	eq:ch1-stream-function-representation	eqref	tex/chapters/chapter-01/section-02.tex:801	tex/chapters/chapter-01/section-02.tex:769	resolved
reference	这样, 关于 $\rho$ 的问题 \eqref{eq:ch1-reduced-stokes-momentum}--\eqref{eq:ch1-reduced-stokes-boundary} 化为方程 \eqref{eq:ch1-biharmonic-equation} 及边界条件 \eqref{eq:ch1-stream-function-component-values}--\eqref{eq:ch1-stream-function-normal-boundary}. 与前面相同, 该双调和问题有唯一解 $\rho\in W^{m+3,\alpha}(\Omega)$, 由 \eqref{eq:ch1-stream-function-representation} 定义的 $w$ 是 \eqref{eq:ch1-reduced-stokes-momentum}--\eqref{eq:ch1-reduced-stokes-boundary} 的解, 且属于 $\mathbf W^{m+2,\alpha}(\Omega)$.	equation	eq:ch1-reduced-stokes-momentum	eqref	tex/chapters/chapter-01/section-02.tex:801	tex/chapters/chapter-01/section-02.tex:748	resolved
reference	这样, 关于 $\rho$ 的问题 \eqref{eq:ch1-reduced-stokes-momentum}--\eqref{eq:ch1-reduced-stokes-boundary} 化为方程 \eqref{eq:ch1-biharmonic-equation} 及边界条件 \eqref{eq:ch1-stream-function-component-values}--\eqref{eq:ch1-stream-function-normal-boundary}. 与前面相同, 该双调和问题有唯一解 $\rho\in W^{m+3,\alpha}(\Omega)$, 由 \eqref{eq:ch1-stream-function-representation} 定义的 $w$ 是 \eqref{eq:ch1-reduced-stokes-momentum}--\eqref{eq:ch1-reduced-stokes-boundary} 的解, 且属于 $\mathbf W^{m+2,\alpha}(\Omega)$.	equation	eq:ch1-reduced-stokes-boundary	eqref	tex/chapters/chapter-01/section-02.tex:801	tex/chapters/chapter-01/section-02.tex:756	resolved
reference	设 $\Omega$ 是 $\mathbb R^2$ 中的开集, $w\in\mathbf W_0^{1,1}(\Omega)$ 是无散向量函数. 则存在唯一的单值函数 $\rho\in W^{2,1}(\Omega)$(流函数), 它满足 \eqref{eq:ch1-stream-function-component-values}, \eqref{eq:ch1-stream-function-normal-boundary} 以及	equation	eq:ch1-stream-function-component-values	eqref	tex/chapters/chapter-01/section-02.tex:807	tex/chapters/chapter-01/section-02.tex:793	resolved
reference	设 $\Omega$ 是 $\mathbb R^2$ 中的开集, $w\in\mathbf W_0^{1,1}(\Omega)$ 是无散向量函数. 则存在唯一的单值函数 $\rho\in W^{2,1}(\Omega)$(流函数), 它满足 \eqref{eq:ch1-stream-function-component-values}, \eqref{eq:ch1-stream-function-normal-boundary} 以及	equation	eq:ch1-stream-function-normal-boundary	eqref	tex/chapters/chapter-01/section-02.tex:807	tex/chapters/chapter-01/section-02.tex:797	resolved
reference	以 $\Gamma_0,\Gamma_1,\Gamma_2,\ldots$ 表示 $\Gamma=\partial\Omega$ 的各连通分支, 在 $\Omega$ 中作若干光滑割线 $\Sigma$, 使 $\Omega=\Sigma\cup\dot\Omega$, 其中 $\dot\Omega$ 是单连通开集. 对给定的光滑函数 $w$, 存在函数 $\rho$, 使 \eqref{eq:ch1-stream-function-lemma-representation} 在 $\dot\Omega$ 中成立. 显然 $\rho$ 在 $\overline\Omega$ 中光滑; 由于 $w=0$ 在 $\partial\Omega$ 上成立, $\operatorname{grad}\rho$ 在 $\partial\Omega$ 上为零, 因而 $\rho$ 在每个 $\Gamma_i$ 上为常数, 且 $\partial\rho/\partial\nu$ 在 $\partial\Omega$ 上为零. 通过在 $\Gamma_0$ 上指定 $\rho$ 的值使其唯一: $\rho=0$ 在 $\Gamma_0$ 上.	equation	eq:ch1-stream-function-lemma-representation	eqref	tex/chapters/chapter-01/section-02.tex:817	tex/chapters/chapter-01/section-02.tex:810	resolved
reference	设 $\Omega$ 是 $\mathbb R^n$ 中任意有界开集. 定理 \ref{thm:ch1-stokes-existence-uniqueness} 所定义的映射	theorem	thm:ch1-stokes-existence-uniqueness	ref	tex/chapters/chapter-01/section-02.tex:832	tex/chapters/chapter-01/section-02.tex:119	resolved
reference	再次利用定理 \ref{thm:ch1-stokes-existence-uniqueness}, 可如下解释 \eqref{eq:ch1-stokes-eigenproblem}: 对每个 $j$, 存在 $p_j\in L^2_{\mathrm{loc}}(\Omega)$, 使	theorem	thm:ch1-stokes-existence-uniqueness	ref	tex/chapters/chapter-01/section-02.tex:861	tex/chapters/chapter-01/section-02.tex:119	resolved
reference	再次利用定理 \ref{thm:ch1-stokes-existence-uniqueness}, 可如下解释 \eqref{eq:ch1-stokes-eigenproblem}: 对每个 $j$, 存在 $p_j\in L^2_{\mathrm{loc}}(\Omega)$, 使	equation	eq:ch1-stokes-eigenproblem	eqref	tex/chapters/chapter-01/section-02.tex:861	tex/chapters/chapter-01/section-02.tex:851	resolved
reference	若 $\Omega$ 是 Lipschitz 集, 由命题 \ref{prop:ch1-gradient-regularity}, $p_j\in L^2(\Omega)$. 若 $\Omega$ 是 $C^m$ 类集合($m$ 是不小于 $2$ 的整数), 反复应用命题 \ref{prop:ch1-stokes-regularity-apriori} 得	proposition	prop:ch1-gradient-regularity	ref	tex/chapters/chapter-01/section-02.tex:871	tex/chapters/chapter-01/section-01.tex:488	resolved
reference	若 $\Omega$ 是 Lipschitz 集, 由命题 \ref{prop:ch1-gradient-regularity}, $p_j\in L^2(\Omega)$. 若 $\Omega$ 是 $C^m$ 类集合($m$ 是不小于 $2$ 的整数), 反复应用命题 \ref{prop:ch1-stokes-regularity-apriori} 得	proposition	prop:ch1-stokes-regularity-apriori	ref	tex/chapters/chapter-01/section-02.tex:871	tex/chapters/chapter-01/section-02.tex:564	resolved
reference	若 $\Omega$ 是 $C^\infty$ 类集合, 则由 \eqref{eq:ch1-stokes-eigenfunction-orthogonality},	equation	eq:ch1-stokes-eigenfunction-orthogonality	eqref	tex/chapters/chapter-01/section-02.tex:877	tex/chapters/chapter-01/section-02.tex:859	resolved
reference	\ref{subsec:ch1-normed-space-approximation} 讨论赋范空间逼近的一般概念, \ref{subsec:ch1-general-convergence-theorem} 给出一般变分问题逼近的一般收敛定理. 在本节最后一部分以及整个第 \ref{sec:ch1-stokes-discretization-ii} 节中, 我们描述 Navier--Stokes 方程基本空间 $V$ 的若干特定逼近. 我们给出 Stokes 方程的相应数值格式, 然后把一般收敛定理应用于这一情形.	subsection	subsec:ch1-normed-space-approximation	ref	tex/chapters/chapter-01/section-03.tex:5	tex/chapters/chapter-01/section-03.tex:12	resolved
reference	\ref{subsec:ch1-normed-space-approximation} 讨论赋范空间逼近的一般概念, \ref{subsec:ch1-general-convergence-theorem} 给出一般变分问题逼近的一般收敛定理. 在本节最后一部分以及整个第 \ref{sec:ch1-stokes-discretization-ii} 节中, 我们描述 Navier--Stokes 方程基本空间 $V$ 的若干特定逼近. 我们给出 Stokes 方程的相应数值格式, 然后把一般收敛定理应用于这一情形.	subsection	subsec:ch1-general-convergence-theorem	ref	tex/chapters/chapter-01/section-03.tex:5	tex/chapters/chapter-01/section-03.tex:186	resolved
reference	\ref{subsec:ch1-normed-space-approximation} 讨论赋范空间逼近的一般概念, \ref{subsec:ch1-general-convergence-theorem} 给出一般变分问题逼近的一般收敛定理. 在本节最后一部分以及整个第 \ref{sec:ch1-stokes-discretization-ii} 节中, 我们描述 Navier--Stokes 方程基本空间 $V$ 的若干特定逼近. 我们给出 Stokes 方程的相应数值格式, 然后把一般收敛定理应用于这一情形.	section	sec:ch1-stokes-discretization-ii	ref	tex/chapters/chapter-01/section-03.tex:5	tex/chapters/chapter-01/section-04.tex:3	resolved
reference	在 \ref{subsec:ch1-finite-difference-approximation} 中, 我们考虑有限差分方法. 有限元方法将在下一节 \ref{sec:ch1-stokes-discretization-ii} 中处理.	subsection	subsec:ch1-finite-difference-approximation	ref	tex/chapters/chapter-01/section-03.tex:7	tex/chapters/chapter-01/section-03.tex:367	resolved
reference	在 \ref{subsec:ch1-finite-difference-approximation} 中, 我们考虑有限差分方法. 有限元方法将在下一节 \ref{sec:ch1-stokes-discretization-ii} 中处理.	section	sec:ch1-stokes-discretization-ii	ref	tex/chapters/chapter-01/section-03.tex:7	tex/chapters/chapter-01/section-04.tex:3	resolved
reference	比较元素 $u\in W$ 与元素 $u_h\in W_h$ 的自然方式, 或者是在 $W$ 中比较 $p_hu_h$ 与 $u$, 或者是在 $W_h$ 中比较 $u_h$ 与 $r_hu$. 第一种观点显然更有意义, 因为比较是在固定空间中进行的. 不过, 在 $W_h$ 中进行比较也可能有用(见图 \ref{fig:ch1-external-approximation-diagram}).	figure	fig:ch1-external-approximation-diagram	ref	tex/chapters/chapter-01/section-03.tex:32	tex/chapters/chapter-01/section-03.tex:40	resolved
reference	设给定空间 $W$ 的一个稳定外逼近, 它在下列受限意义下收敛: 算子 $r_h$ 只在 $W$ 的一个稠密子集 $\mathcal W$ 上定义, 且定义 \ref{def:ch1-convergent-external-approximation} 中的条件 (C1) 只对属于 $\mathcal W$ 的 $u$ 成立, 而条件 (C2) 保持不变.	definition	def:ch1-convergent-external-approximation	ref	tex/chapters/chapter-01/section-03.tex:130	tex/chapters/chapter-01/section-03.tex:107	resolved
reference	若映射 $r_h$ 已在整个空间 $W$ 上定义, 而条件 (C1) 对所有 $u\in\mathcal W$ 成立, 则命题 \ref{prop:ch1-extend-restriction-operators} 表明, 可以修改 $r_hu$ 在 $\mathcal W$ 的补集上的值, 使条件 (C1) 对所有 $u\in W$ 成立.	proposition	prop:ch1-extend-restriction-operators	ref	tex/chapters/chapter-01/section-03.tex:176	tex/chapters/chapter-01/section-03.tex:129	resolved
reference	设 $W_h$, $h\in\mathbb N=\mathcal H$, 是 $W$ 的递增有限维子空间序列, 其并在 $W$ 中稠密. 对每个 $h$, 令 $p_h$ 为 $W_h$ 的自然嵌入; 对任意属于某个 $W_{h_0}$ 但不属于 $W_{h_0-1}$ 的 $u$, 当 $h\leq h_0$ 时令 $r_hu=0$, 当 $h>h_0$ 时令 $r_hu=u$. 显然, 对任意 $u\in\bigcup_{h\in\mathbb N}W_h$, 当 $h\to\infty$ 时 $p_hr_hu\to u$. 算子 $r_h$ 只在 $\mathcal W=\bigcup_{h\in\mathbb N}W_h$ 上定义, 而 $\mathcal W$ 在 $W$ 中稠密. 因为延拓算子的范数为 $1$, 它们是稳定的; 由命题 \ref{prop:ch1-extend-restriction-operators}, 可以某种方式把算子 $r_h$ 的定义延拓到整个空间 $W$, 使之给出 $W$ 的一个稳定收敛内逼近; 这就是 $W$ 的 Galerkin 逼近.	proposition	prop:ch1-extend-restriction-operators	ref	tex/chapters/chapter-01/section-03.tex:183	tex/chapters/chapter-01/section-03.tex:129	resolved
reference	讨论一般变分问题 \eqref{eq:ch1-abstract-variational-problem} 的逼近. 设 $W$ 是 Hilbert 空间, $a(u,v)$ 是 $W\times W$ 上的强制连续双线性型,	equation	eq:ch1-abstract-variational-problem	eqref	tex/chapters/chapter-01/section-03.tex:188	tex/chapters/chapter-01/section-02.tex:140	resolved
reference	现在把下列逼近方程族与方程 \eqref{eq:ch1-general-variational-problem} 联系起来: 对固定的 $h\in\mathcal H$, 求 $u_h\in W_h$, 使	equation	eq:ch1-general-variational-problem	eqref	tex/chapters/chapter-01/section-03.tex:218	tex/chapters/chapter-01/section-03.tex:198	resolved
reference	根据上述假设, 定理 \ref{thm:ch1-abstract-projection}(其中 $W,W',a,\ell$ 分别换成 $W_h,W_h',a_h,\ell_h$)断言方程 \eqref{eq:ch1-discrete-variational-problem} 有唯一解; 称 $u_h$ 为方程 \eqref{eq:ch1-general-variational-problem} 的逼近解.	theorem	thm:ch1-abstract-projection	ref	tex/chapters/chapter-01/section-03.tex:223	tex/chapters/chapter-01/section-02.tex:131	resolved
reference	根据上述假设, 定理 \ref{thm:ch1-abstract-projection}(其中 $W,W',a,\ell$ 分别换成 $W_h,W_h',a_h,\ell_h$)断言方程 \eqref{eq:ch1-discrete-variational-problem} 有唯一解; 称 $u_h$ 为方程 \eqref{eq:ch1-general-variational-problem} 的逼近解.	equation	eq:ch1-discrete-variational-problem	eqref	tex/chapters/chapter-01/section-03.tex:223	tex/chapters/chapter-01/section-03.tex:221	resolved
reference	根据上述假设, 定理 \ref{thm:ch1-abstract-projection}(其中 $W,W',a,\ell$ 分别换成 $W_h,W_h',a_h,\ell_h$)断言方程 \eqref{eq:ch1-discrete-variational-problem} 有唯一解; 称 $u_h$ 为方程 \eqref{eq:ch1-general-variational-problem} 的逼近解.	equation	eq:ch1-general-variational-problem	eqref	tex/chapters/chapter-01/section-03.tex:223	tex/chapters/chapter-01/section-03.tex:198	resolved
reference	在假设 \eqref{eq:ch1-general-coercivity}, \eqref{eq:ch1-discrete-coercivity}, \eqref{eq:ch1-discrete-functional-bound}, \eqref{eq:ch1-bilinear-consistency} 和 \eqref{eq:ch1-functional-consistency} 下, 当 $h\to0$ 时, \eqref{eq:ch1-discrete-variational-problem} 的解 $u_h$ 强收敛到 \eqref{eq:ch1-general-variational-problem} 的解 $u$.	equation	eq:ch1-general-coercivity	eqref	tex/chapters/chapter-01/section-03.tex:245	tex/chapters/chapter-01/section-03.tex:191	resolved
reference	在假设 \eqref{eq:ch1-general-coercivity}, \eqref{eq:ch1-discrete-coercivity}, \eqref{eq:ch1-discrete-functional-bound}, \eqref{eq:ch1-bilinear-consistency} 和 \eqref{eq:ch1-functional-consistency} 下, 当 $h\to0$ 时, \eqref{eq:ch1-discrete-variational-problem} 的解 $u_h$ 强收敛到 \eqref{eq:ch1-general-variational-problem} 的解 $u$.	equation	eq:ch1-discrete-coercivity	eqref	tex/chapters/chapter-01/section-03.tex:245	tex/chapters/chapter-01/section-03.tex:207	resolved
reference	在假设 \eqref{eq:ch1-general-coercivity}, \eqref{eq:ch1-discrete-coercivity}, \eqref{eq:ch1-discrete-functional-bound}, \eqref{eq:ch1-bilinear-consistency} 和 \eqref{eq:ch1-functional-consistency} 下, 当 $h\to0$ 时, \eqref{eq:ch1-discrete-variational-problem} 的解 $u_h$ 强收敛到 \eqref{eq:ch1-general-variational-problem} 的解 $u$.	equation	eq:ch1-discrete-functional-bound	eqref	tex/chapters/chapter-01/section-03.tex:245	tex/chapters/chapter-01/section-03.tex:214	resolved
reference	在假设 \eqref{eq:ch1-general-coercivity}, \eqref{eq:ch1-discrete-coercivity}, \eqref{eq:ch1-discrete-functional-bound}, \eqref{eq:ch1-bilinear-consistency} 和 \eqref{eq:ch1-functional-consistency} 下, 当 $h\to0$ 时, \eqref{eq:ch1-discrete-variational-problem} 的解 $u_h$ 强收敛到 \eqref{eq:ch1-general-variational-problem} 的解 $u$.	equation	eq:ch1-bilinear-consistency	eqref	tex/chapters/chapter-01/section-03.tex:245	tex/chapters/chapter-01/section-03.tex:232	resolved
reference	在假设 \eqref{eq:ch1-general-coercivity}, \eqref{eq:ch1-discrete-coercivity}, \eqref{eq:ch1-discrete-functional-bound}, \eqref{eq:ch1-bilinear-consistency} 和 \eqref{eq:ch1-functional-consistency} 下, 当 $h\to0$ 时, \eqref{eq:ch1-discrete-variational-problem} 的解 $u_h$ 强收敛到 \eqref{eq:ch1-general-variational-problem} 的解 $u$.	equation	eq:ch1-functional-consistency	eqref	tex/chapters/chapter-01/section-03.tex:245	tex/chapters/chapter-01/section-03.tex:239	resolved
reference	在假设 \eqref{eq:ch1-general-coercivity}, \eqref{eq:ch1-discrete-coercivity}, \eqref{eq:ch1-discrete-functional-bound}, \eqref{eq:ch1-bilinear-consistency} 和 \eqref{eq:ch1-functional-consistency} 下, 当 $h\to0$ 时, \eqref{eq:ch1-discrete-variational-problem} 的解 $u_h$ 强收敛到 \eqref{eq:ch1-general-variational-problem} 的解 $u$.	equation	eq:ch1-discrete-variational-problem	eqref	tex/chapters/chapter-01/section-03.tex:245	tex/chapters/chapter-01/section-03.tex:221	resolved
reference	在假设 \eqref{eq:ch1-general-coercivity}, \eqref{eq:ch1-discrete-coercivity}, \eqref{eq:ch1-discrete-functional-bound}, \eqref{eq:ch1-bilinear-consistency} 和 \eqref{eq:ch1-functional-consistency} 下, 当 $h\to0$ 时, \eqref{eq:ch1-discrete-variational-problem} 的解 $u_h$ 强收敛到 \eqref{eq:ch1-general-variational-problem} 的解 $u$.	equation	eq:ch1-general-variational-problem	eqref	tex/chapters/chapter-01/section-03.tex:245	tex/chapters/chapter-01/section-03.tex:198	resolved
reference	在 \eqref{eq:ch1-discrete-variational-problem} 中令 $v_h=u_h$, 并使用 \eqref{eq:ch1-discrete-coercivity} 与 \eqref{eq:ch1-discrete-functional-bound}, 得	equation	eq:ch1-discrete-variational-problem	eqref	tex/chapters/chapter-01/section-03.tex:249	tex/chapters/chapter-01/section-03.tex:221	resolved
reference	在 \eqref{eq:ch1-discrete-variational-problem} 中令 $v_h=u_h$, 并使用 \eqref{eq:ch1-discrete-coercivity} 与 \eqref{eq:ch1-discrete-functional-bound}, 得	equation	eq:ch1-discrete-coercivity	eqref	tex/chapters/chapter-01/section-03.tex:249	tex/chapters/chapter-01/section-03.tex:207	resolved
reference	在 \eqref{eq:ch1-discrete-variational-problem} 中令 $v_h=u_h$, 并使用 \eqref{eq:ch1-discrete-coercivity} 与 \eqref{eq:ch1-discrete-functional-bound}, 得	equation	eq:ch1-discrete-functional-bound	eqref	tex/chapters/chapter-01/section-03.tex:249	tex/chapters/chapter-01/section-03.tex:214	resolved
reference	在 $F$ 的弱拓扑中成立. 由定义 \ref{def:ch1-convergent-external-approximation} 的条件 (C2), $\varphi\in\omega W$, 因而对某个 $u^\ast\in W$, 有 $\varphi=\omega u^\ast$:	definition	def:ch1-convergent-external-approximation	ref	tex/chapters/chapter-01/section-03.tex:275	tex/chapters/chapter-01/section-03.tex:107	resolved
reference	说明 $u^\ast=u$. 对固定的 $v\in W$, 在 \eqref{eq:ch1-discrete-variational-problem} 中令 $v_h=r_hv$, 然后沿上述序列 $h'$ 取极限. 利用 \eqref{eq:ch1-bilinear-consistency}, \eqref{eq:ch1-functional-consistency} 和 \eqref{eq:ch1-weak-subsequence-limit}, 得	equation	eq:ch1-discrete-variational-problem	eqref	tex/chapters/chapter-01/section-03.tex:282	tex/chapters/chapter-01/section-03.tex:221	resolved
reference	说明 $u^\ast=u$. 对固定的 $v\in W$, 在 \eqref{eq:ch1-discrete-variational-problem} 中令 $v_h=r_hv$, 然后沿上述序列 $h'$ 取极限. 利用 \eqref{eq:ch1-bilinear-consistency}, \eqref{eq:ch1-functional-consistency} 和 \eqref{eq:ch1-weak-subsequence-limit}, 得	equation	eq:ch1-bilinear-consistency	eqref	tex/chapters/chapter-01/section-03.tex:282	tex/chapters/chapter-01/section-03.tex:232	resolved
reference	说明 $u^\ast=u$. 对固定的 $v\in W$, 在 \eqref{eq:ch1-discrete-variational-problem} 中令 $v_h=r_hv$, 然后沿上述序列 $h'$ 取极限. 利用 \eqref{eq:ch1-bilinear-consistency}, \eqref{eq:ch1-functional-consistency} 和 \eqref{eq:ch1-weak-subsequence-limit}, 得	equation	eq:ch1-functional-consistency	eqref	tex/chapters/chapter-01/section-03.tex:282	tex/chapters/chapter-01/section-03.tex:239	resolved
reference	说明 $u^\ast=u$. 对固定的 $v\in W$, 在 \eqref{eq:ch1-discrete-variational-problem} 中令 $v_h=r_hv$, 然后沿上述序列 $h'$ 取极限. 利用 \eqref{eq:ch1-bilinear-consistency}, \eqref{eq:ch1-functional-consistency} 和 \eqref{eq:ch1-weak-subsequence-limit}, 得	equation	eq:ch1-weak-subsequence-limit	eqref	tex/chapters/chapter-01/section-03.tex:282	tex/chapters/chapter-01/section-03.tex:279	resolved
reference	因为 $v\in W$ 任意, $u^\ast$ 是 \eqref{eq:ch1-general-variational-problem} 的解, 故 $u^\ast=u$.	equation	eq:ch1-general-variational-problem	eqref	tex/chapters/chapter-01/section-03.tex:295	tex/chapters/chapter-01/section-03.tex:198	resolved
reference	由 \eqref{eq:ch1-bilinear-consistency}, \eqref{eq:ch1-functional-consistency} 和 \eqref{eq:ch1-discrete-energy-identity},	equation	eq:ch1-bilinear-consistency	eqref	tex/chapters/chapter-01/section-03.tex:307	tex/chapters/chapter-01/section-03.tex:232	resolved
reference	由 \eqref{eq:ch1-bilinear-consistency}, \eqref{eq:ch1-functional-consistency} 和 \eqref{eq:ch1-discrete-energy-identity},	equation	eq:ch1-functional-consistency	eqref	tex/chapters/chapter-01/section-03.tex:307	tex/chapters/chapter-01/section-03.tex:239	resolved
reference	由 \eqref{eq:ch1-bilinear-consistency}, \eqref{eq:ch1-functional-consistency} 和 \eqref{eq:ch1-discrete-energy-identity},	equation	eq:ch1-discrete-energy-identity	eqref	tex/chapters/chapter-01/section-03.tex:307	tex/chapters/chapter-01/section-03.tex:253	resolved
reference	所以, 由 \eqref{eq:ch1-general-variational-problem} 中取 $v=u$, 得	equation	eq:ch1-general-variational-problem	eqref	tex/chapters/chapter-01/section-03.tex:317	tex/chapters/chapter-01/section-03.tex:198	resolved
reference	再由 \eqref{eq:ch1-discrete-coercivity} 和 \eqref{eq:ch1-prolongation-uniform-bound},	equation	eq:ch1-discrete-coercivity	eqref	tex/chapters/chapter-01/section-03.tex:322	tex/chapters/chapter-01/section-03.tex:207	resolved
reference	再由 \eqref{eq:ch1-discrete-coercivity} 和 \eqref{eq:ch1-prolongation-uniform-bound},	equation	eq:ch1-prolongation-uniform-bound	eqref	tex/chapters/chapter-01/section-03.tex:322	tex/chapters/chapter-01/section-03.tex:263	resolved
reference	利用定义 \ref{def:ch1-convergent-external-approximation} 的条件 (C1) 以及	definition	def:ch1-convergent-external-approximation	ref	tex/chapters/chapter-01/section-03.tex:329	tex/chapters/chapter-01/section-03.tex:107	resolved
reference	如注 \ref{rem:ch1-projection-theorem-comments} (ii) 所述, 定理 \ref{thm:ch1-general-approximation-convergence} 可应用于定理 \ref{thm:ch1-abstract-projection} 证明中使用的 \eqref{eq:ch1-general-variational-problem} 的 Galerkin 逼近. 取 $W_h=W_m$, 对每个 $h=m\in\mathcal H$, $\mathcal H=\mathbb N$, 并如 \ref{subsec:ch1-normed-space-approximation} 末尾的例子那样得到 $W$ 的 Galerkin 逼近. 令	remark	rem:ch1-projection-theorem-comments	ref	tex/chapters/chapter-01/section-03.tex:340	tex/chapters/chapter-01/section-02.tex:279	resolved
reference	如注 \ref{rem:ch1-projection-theorem-comments} (ii) 所述, 定理 \ref{thm:ch1-general-approximation-convergence} 可应用于定理 \ref{thm:ch1-abstract-projection} 证明中使用的 \eqref{eq:ch1-general-variational-problem} 的 Galerkin 逼近. 取 $W_h=W_m$, 对每个 $h=m\in\mathcal H$, $\mathcal H=\mathbb N$, 并如 \ref{subsec:ch1-normed-space-approximation} 末尾的例子那样得到 $W$ 的 Galerkin 逼近. 令	theorem	thm:ch1-general-approximation-convergence	ref	tex/chapters/chapter-01/section-03.tex:340	tex/chapters/chapter-01/section-03.tex:244	resolved
reference	如注 \ref{rem:ch1-projection-theorem-comments} (ii) 所述, 定理 \ref{thm:ch1-general-approximation-convergence} 可应用于定理 \ref{thm:ch1-abstract-projection} 证明中使用的 \eqref{eq:ch1-general-variational-problem} 的 Galerkin 逼近. 取 $W_h=W_m$, 对每个 $h=m\in\mathcal H$, $\mathcal H=\mathbb N$, 并如 \ref{subsec:ch1-normed-space-approximation} 末尾的例子那样得到 $W$ 的 Galerkin 逼近. 令	theorem	thm:ch1-abstract-projection	ref	tex/chapters/chapter-01/section-03.tex:340	tex/chapters/chapter-01/section-02.tex:131	resolved
reference	如注 \ref{rem:ch1-projection-theorem-comments} (ii) 所述, 定理 \ref{thm:ch1-general-approximation-convergence} 可应用于定理 \ref{thm:ch1-abstract-projection} 证明中使用的 \eqref{eq:ch1-general-variational-problem} 的 Galerkin 逼近. 取 $W_h=W_m$, 对每个 $h=m\in\mathcal H$, $\mathcal H=\mathbb N$, 并如 \ref{subsec:ch1-normed-space-approximation} 末尾的例子那样得到 $W$ 的 Galerkin 逼近. 令	equation	eq:ch1-general-variational-problem	eqref	tex/chapters/chapter-01/section-03.tex:340	tex/chapters/chapter-01/section-03.tex:198	resolved
reference	如注 \ref{rem:ch1-projection-theorem-comments} (ii) 所述, 定理 \ref{thm:ch1-general-approximation-convergence} 可应用于定理 \ref{thm:ch1-abstract-projection} 证明中使用的 \eqref{eq:ch1-general-variational-problem} 的 Galerkin 逼近. 取 $W_h=W_m$, 对每个 $h=m\in\mathcal H$, $\mathcal H=\mathbb N$, 并如 \ref{subsec:ch1-normed-space-approximation} 末尾的例子那样得到 $W$ 的 Galerkin 逼近. 令	subsection	subsec:ch1-normed-space-approximation	ref	tex/chapters/chapter-01/section-03.tex:340	tex/chapters/chapter-01/section-03.tex:12	resolved
reference	定理 \ref{thm:ch1-general-approximation-convergence} 适用, 并说明当 $m\to\infty$ 时 $u_m$ 在 $W$ 的强拓扑中收敛到 $u$.	theorem	thm:ch1-general-approximation-convergence	ref	tex/chapters/chapter-01/section-03.tex:345	tex/chapters/chapter-01/section-03.tex:244	resolved
reference	若 $\{w_{ih}\}_{1\leq i\leq N(h)}$ 构成 $W_h$ 的一组基, 则逼近问题 \eqref{eq:ch1-discrete-variational-problem} 等价于关于 $u_h$ 在该基下分量的一个正则线性方程组. 即若	equation	eq:ch1-discrete-variational-problem	eqref	tex/chapters/chapter-01/section-03.tex:351	tex/chapters/chapter-01/section-03.tex:221	resolved
reference	方程组 \eqref{eq:ch1-discrete-coordinate-system} 的解可由代数线性方程组的通常方法得到.	equation	eq:ch1-discrete-coordinate-system	eqref	tex/chapters/chapter-01/section-03.tex:361	tex/chapters/chapter-01/section-03.tex:359	resolved
reference	若不能容易地构造 $W_h$ 的一组基(对 Stokes 问题有时正是如此), 则必须寻找某种特殊方法来实际求解 \eqref{eq:ch1-discrete-variational-problem}.	equation	eq:ch1-discrete-variational-problem	eqref	tex/chapters/chapter-01/section-03.tex:363	tex/chapters/chapter-01/section-03.tex:221	resolved
reference	\emph{算子 $r_h$.} 由命题 \ref{prop:ch1-extend-restriction-operators}, 只需在 $H_0^1(\Omega)$ 的稠密子空间 $\mathcal W=\mathcal D(\Omega)$ 上定义算子 $r_h$; 令	proposition	prop:ch1-extend-restriction-operators	ref	tex/chapters/chapter-01/section-03.tex:488	tex/chapters/chapter-01/section-03.tex:129	resolved
reference	因为延拓算子稳定, 该逼近稳定. 现在必须验证定义 \ref{def:ch1-convergent-external-approximation} 的条件 (C1) 和 (C2).	definition	def:ch1-convergent-external-approximation	ref	tex/chapters/chapter-01/section-03.tex:503	tex/chapters/chapter-01/section-03.tex:107	resolved
reference	为证明 \eqref{eq:ch1-difference-derivative-convergence}, 再次使用 Taylor 公式: 对每个 $M\in\mathring\Omega_{1h}$ 及每个 $x\in\sigma_h(M)$,	equation	eq:ch1-difference-derivative-convergence	eqref	tex/chapters/chapter-01/section-03.tex:562	tex/chapters/chapter-01/section-03.tex:516	resolved
reference	当 $h'\to0$ 时, \eqref{eq:ch1-discrete-integration-by-parts-centered} 左端收敛到	equation	eq:ch1-discrete-integration-by-parts-centered	eqref	tex/chapters/chapter-01/section-03.tex:616	tex/chapters/chapter-01/section-03.tex:612	resolved
reference	因为如引理 \ref{lem:ch1-h01-condition-c1} 所示, $\delta_{ih'}\sigma$ 在 $L^2(\mathbb R^n)$ 中收敛到 $D_i\sigma$. 因而	lemma	lem:ch1-h01-condition-c1	ref	tex/chapters/chapter-01/section-03.tex:624	tex/chapters/chapter-01/section-03.tex:508	resolved
reference	下面的离散 Poincaré 不等式(见 \eqref{eq:ch1-poincare-inequality})使我们能够在 \eqref{eq:ch1-step-function-space} 的空间 $W_h$ 上赋予另一个标量积 $((\cdot,\cdot))_h$, 即标量积 $((\cdot,\cdot))$(见 \eqref{eq:ch1-h01-gradient-inner-product})的离散类似物.	equation	eq:ch1-poincare-inequality	eqref	tex/chapters/chapter-01/section-03.tex:645	tex/chapters/chapter-01/section-01.tex:118	resolved
reference	下面的离散 Poincaré 不等式(见 \eqref{eq:ch1-poincare-inequality})使我们能够在 \eqref{eq:ch1-step-function-space} 的空间 $W_h$ 上赋予另一个标量积 $((\cdot,\cdot))_h$, 即标量积 $((\cdot,\cdot))$(见 \eqref{eq:ch1-h01-gradient-inner-product})的离散类似物.	equation	eq:ch1-step-function-space	eqref	tex/chapters/chapter-01/section-03.tex:645	tex/chapters/chapter-01/section-03.tex:463	resolved
reference	下面的离散 Poincaré 不等式(见 \eqref{eq:ch1-poincare-inequality})使我们能够在 \eqref{eq:ch1-step-function-space} 的空间 $W_h$ 上赋予另一个标量积 $((\cdot,\cdot))_h$, 即标量积 $((\cdot,\cdot))$(见 \eqref{eq:ch1-h01-gradient-inner-product})的离散类似物.	equation	eq:ch1-h01-gradient-inner-product	eqref	tex/chapters/chapter-01/section-03.tex:645	tex/chapters/chapter-01/section-01.tex:128	resolved
reference	设 $\Omega$ 在 $x_i$ 方向有界, 且 $u_h$ 是 \eqref{eq:ch1-step-function-space} 型的标量阶梯函数($u_h(M)\in\mathbb R$). 则	equation	eq:ch1-step-function-space	eqref	tex/chapters/chapter-01/section-03.tex:650	tex/chapters/chapter-01/section-03.tex:463	resolved
reference	以 $F_h(M)$ 表示管道 $\bigcup_{i=-\infty}^{+\infty}\sigma_h(M+i\mathbf h_1)$. 可把 \eqref{eq:ch1-discrete-poincare-line-sum} 解释为	equation	eq:ch1-discrete-poincare-line-sum	eqref	tex/chapters/chapter-01/section-03.tex:688	tex/chapters/chapter-01/section-03.tex:685	resolved
reference	从而得到 \eqref{eq:ch1-discrete-poincare-inequality}.	equation	eq:ch1-discrete-poincare-inequality	eqref	tex/chapters/chapter-01/section-03.tex:715	tex/chapters/chapter-01/section-03.tex:653	resolved
reference	由命题 \ref{prop:ch1-discrete-poincare}, 延拓算子是稳定的.	proposition	prop:ch1-discrete-poincare	ref	tex/chapters/chapter-01/section-03.tex:731	tex/chapters/chapter-01/section-03.tex:649	resolved
reference	使用差分算子 $\nabla_{ih}$ 或 $\overline\nabla_{ih}$, 乃至微分算子 $\partial/\partial x_i$ 的任何合理逼近, 都可以定义空间 $H_0^1(\Omega)$ 的许多其他类似逼近. 此时需要修改 \eqref{eq:ch1-discrete-h01-inner-product}, 把 $\delta_{ih}$ 换成 $\nabla_{ih}$ 等; 还要适当定义点集 $\mathring\Omega_{1h}$, 并修改引理 \ref{lem:ch1-h01-condition-c1} 和引理 \ref{lem:ch1-h01-condition-c2} 证明中的若干部分.	equation	eq:ch1-discrete-h01-inner-product	eqref	tex/chapters/chapter-01/section-03.tex:737	tex/chapters/chapter-01/section-03.tex:470	resolved
reference	使用差分算子 $\nabla_{ih}$ 或 $\overline\nabla_{ih}$, 乃至微分算子 $\partial/\partial x_i$ 的任何合理逼近, 都可以定义空间 $H_0^1(\Omega)$ 的许多其他类似逼近. 此时需要修改 \eqref{eq:ch1-discrete-h01-inner-product}, 把 $\delta_{ih}$ 换成 $\nabla_{ih}$ 等; 还要适当定义点集 $\mathring\Omega_{1h}$, 并修改引理 \ref{lem:ch1-h01-condition-c1} 和引理 \ref{lem:ch1-h01-condition-c2} 证明中的若干部分.	lemma	lem:ch1-h01-condition-c1	ref	tex/chapters/chapter-01/section-03.tex:737	tex/chapters/chapter-01/section-03.tex:508	resolved
reference	使用差分算子 $\nabla_{ih}$ 或 $\overline\nabla_{ih}$, 乃至微分算子 $\partial/\partial x_i$ 的任何合理逼近, 都可以定义空间 $H_0^1(\Omega)$ 的许多其他类似逼近. 此时需要修改 \eqref{eq:ch1-discrete-h01-inner-product}, 把 $\delta_{ih}$ 换成 $\nabla_{ih}$ 等; 还要适当定义点集 $\mathring\Omega_{1h}$, 并修改引理 \ref{lem:ch1-h01-condition-c1} 和引理 \ref{lem:ch1-h01-condition-c2} 证明中的若干部分.	lemma	lem:ch1-h01-condition-c2	ref	tex/chapters/chapter-01/section-03.tex:737	tex/chapters/chapter-01/section-03.tex:585	resolved
reference	设 $\Omega$ 是 $\mathbb R^n$ 中有界 Lipschitz 集, 设 $\mathcal V$ 是通常的空间 \eqref{eq:ch1-test-divergence-free-space}, $V$ 是它在 $\mathbf H_0^1(\Omega)$ 中的闭包.	equation	eq:ch1-test-divergence-free-space	eqref	tex/chapters/chapter-01/section-03.tex:759	tex/chapters/chapter-01/section-01.tex:135	resolved
reference	没有可用的 $V_h$ 基. 显然, $V_h$ 是维数不超过 $nN(h)-N(h)=(n-1)N(h)$ 的有限维空间, 因为 \eqref{eq:ch1-apx1-step-functions} 中所有函数构成维数为 $nN(h)$ 的空间, 而 \eqref{eq:ch1-apx1-discrete-divergence-points} 中至多有 $N(h)$ 个独立线性约束. 这些约束是否总线性无关并不清楚, 所以 $V_h$ 的维数不一定是 $(n-1)N(h)$.	equation	eq:ch1-apx1-step-functions	eqref	tex/chapters/chapter-01/section-03.tex:792	tex/chapters/chapter-01/section-03.tex:777	resolved
reference	没有可用的 $V_h$ 基. 显然, $V_h$ 是维数不超过 $nN(h)-N(h)=(n-1)N(h)$ 的有限维空间, 因为 \eqref{eq:ch1-apx1-step-functions} 中所有函数构成维数为 $nN(h)$ 的空间, 而 \eqref{eq:ch1-apx1-discrete-divergence-points} 中至多有 $N(h)$ 个独立线性约束. 这些约束是否总线性无关并不清楚, 所以 $V_h$ 的维数不一定是 $(n-1)N(h)$.	equation	eq:ch1-apx1-discrete-divergence-points	eqref	tex/chapters/chapter-01/section-03.tex:792	tex/chapters/chapter-01/section-03.tex:783	resolved
reference	由命题 \ref{prop:ch1-discrete-poincare}(离散 Poincaré 不等式), 赋予其中任一标量积的 $V_h$ 都是 Hilbert 空间.	proposition	prop:ch1-discrete-poincare	ref	tex/chapters/chapter-01/section-03.tex:805	tex/chapters/chapter-01/section-03.tex:649	resolved
reference	由 \eqref{eq:ch1-discrete-poincare-inequality}, 这些算子稳定:	equation	eq:ch1-discrete-poincare-inequality	eqref	tex/chapters/chapter-01/section-03.tex:812	tex/chapters/chapter-01/section-03.tex:653	resolved
reference	因为 $\operatorname{div}u=0$. 条件 \eqref{eq:ch1-apx1-discrete-divergence-points} 得到满足.	equation	eq:ch1-apx1-discrete-divergence-points	eqref	tex/chapters/chapter-01/section-03.tex:865	tex/chapters/chapter-01/section-03.tex:783	resolved
reference	条件 (C1) 的证明与引理 \ref{lem:ch1-h01-condition-c1} 的证明非常相似, 不再重复所有细节. 例如, 对 $x\in\sigma_h(M)$, $M\in\mathring\Omega_{1h}$,	lemma	lem:ch1-h01-condition-c1	ref	tex/chapters/chapter-01/section-03.tex:877	tex/chapters/chapter-01/section-03.tex:508	resolved
reference	并且 \eqref{eq:ch1-uniform-error-global} 换成	equation	eq:ch1-uniform-error-global	eqref	tex/chapters/chapter-01/section-03.tex:885	tex/chapters/chapter-01/section-03.tex:558	resolved
reference	条件 (C2) 的证明与引理 \ref{lem:ch1-h01-condition-c2} 的证明相似. 更确切地说, 该证明表明, 若当 $h'\to0$ 时	lemma	lem:ch1-h01-condition-c2	ref	tex/chapters/chapter-01/section-03.tex:892	tex/chapters/chapter-01/section-03.tex:585	resolved
reference	则 $\varphi=\omega u=(u,D_1u,\ldots,D_nu)$, 其中 $u\in\mathbf H_0^1(\Omega)$. 由定理 \ref{thm:ch1-characterization-v}, 要证明 $u\in V$, 只需证明 $\operatorname{div}u=0$. 下面由 \eqref{eq:ch1-apx1-discrete-divergence-domain} 推出这一点.	theorem	thm:ch1-characterization-v	ref	tex/chapters/chapter-01/section-03.tex:896	tex/chapters/chapter-01/section-01.tex:685	resolved
reference	则 $\varphi=\omega u=(u,D_1u,\ldots,D_nu)$, 其中 $u\in\mathbf H_0^1(\Omega)$. 由定理 \ref{thm:ch1-characterization-v}, 要证明 $u\in V$, 只需证明 $\operatorname{div}u=0$. 下面由 \eqref{eq:ch1-apx1-discrete-divergence-domain} 推出这一点.	equation	eq:ch1-apx1-discrete-divergence-domain	eqref	tex/chapters/chapter-01/section-03.tex:896	tex/chapters/chapter-01/section-03.tex:789	resolved
reference	令 $\sigma$ 是 $\mathcal D(\Omega)$ 中任意测试函数, 并设 $h$ 充分小, 使 $\sigma$ 的支集包含于 $\Omega(h)$. 则 \eqref{eq:ch1-apx1-discrete-divergence-domain} 表明	equation	eq:ch1-apx1-discrete-divergence-domain	eqref	tex/chapters/chapter-01/section-03.tex:898	tex/chapters/chapter-01/section-03.tex:789	resolved
reference	于是 \eqref{eq:ch1-apx1-divergence-test} 变成	equation	eq:ch1-apx1-divergence-test	eqref	tex/chapters/chapter-01/section-03.tex:913	tex/chapters/chapter-01/section-03.tex:905	resolved
reference	用类似于引理 \ref{lem:ch1-h01-condition-c1} 的证明(Taylor 公式)可见, 当 $h\to0$ 时,	lemma	lem:ch1-h01-condition-c1	ref	tex/chapters/chapter-01/section-03.tex:919	tex/chapters/chapter-01/section-03.tex:508	resolved
reference	在一致范数与 $L^2$ 范数中成立. 由于 $u_{ih}$ 在 $L^2(\mathbb R^n)$ 的弱拓扑中收敛到 $u_i$, 在 \eqref{eq:ch1-apx1-divergence-after-parts} 中令 $h\to0$, 得	equation	eq:ch1-apx1-divergence-after-parts	eqref	tex/chapters/chapter-01/section-03.tex:924	tex/chapters/chapter-01/section-03.tex:917	resolved
reference	等式 \eqref{eq:ch1-limit-divergence-test} 对任意 $\sigma\in\mathcal D(\Omega)$ 成立, 因而意味着 $\operatorname{div}u=0$, 所以 $\varphi=\omega u$, 且 $u\in V$.	equation	eq:ch1-limit-divergence-test	eqref	tex/chapters/chapter-01/section-03.tex:929	tex/chapters/chapter-01/section-03.tex:927	resolved
reference	注 \ref{rem:ch1-alternative-difference-operators} 可推广到当前情形, 但有一个限制: 空间 $V_h$ 定义中的条件 \eqref{eq:ch1-apx1-discrete-divergence-points}--\eqref{eq:ch1-apx1-discrete-divergence-domain} 不能换成涉及其他有限差分算子的类似关系. 例如, 似乎不可能把 \eqref{eq:ch1-apx1-discrete-divergence-domain} 换成	remark	rem:ch1-alternative-difference-operators	ref	tex/chapters/chapter-01/section-03.tex:935	tex/chapters/chapter-01/section-03.tex:736	resolved
reference	注 \ref{rem:ch1-alternative-difference-operators} 可推广到当前情形, 但有一个限制: 空间 $V_h$ 定义中的条件 \eqref{eq:ch1-apx1-discrete-divergence-points}--\eqref{eq:ch1-apx1-discrete-divergence-domain} 不能换成涉及其他有限差分算子的类似关系. 例如, 似乎不可能把 \eqref{eq:ch1-apx1-discrete-divergence-domain} 换成	equation	eq:ch1-apx1-discrete-divergence-points	eqref	tex/chapters/chapter-01/section-03.tex:935	tex/chapters/chapter-01/section-03.tex:783	resolved
reference	注 \ref{rem:ch1-alternative-difference-operators} 可推广到当前情形, 但有一个限制: 空间 $V_h$ 定义中的条件 \eqref{eq:ch1-apx1-discrete-divergence-points}--\eqref{eq:ch1-apx1-discrete-divergence-domain} 不能换成涉及其他有限差分算子的类似关系. 例如, 似乎不可能把 \eqref{eq:ch1-apx1-discrete-divergence-domain} 换成	equation	eq:ch1-apx1-discrete-divergence-domain	eqref	tex/chapters/chapter-01/section-03.tex:935	tex/chapters/chapter-01/section-03.tex:789	resolved
reference	注 \ref{rem:ch1-alternative-difference-operators} 可推广到当前情形, 但有一个限制: 空间 $V_h$ 定义中的条件 \eqref{eq:ch1-apx1-discrete-divergence-points}--\eqref{eq:ch1-apx1-discrete-divergence-domain} 不能换成涉及其他有限差分算子的类似关系. 例如, 似乎不可能把 \eqref{eq:ch1-apx1-discrete-divergence-domain} 换成	equation	eq:ch1-apx1-discrete-divergence-domain	eqref	tex/chapters/chapter-01/section-03.tex:935	tex/chapters/chapter-01/section-03.tex:789	resolved
reference	因为 \eqref{eq:ch1-centered-discrete-divergence} 要求的代数关系比 \eqref{eq:ch1-apx1-discrete-divergence-domain} 多得多, 而且可能过多(此时 $V_h=\{0\}$).	equation	eq:ch1-centered-discrete-divergence	eqref	tex/chapters/chapter-01/section-03.tex:940	tex/chapters/chapter-01/section-03.tex:938	resolved
reference	因为 \eqref{eq:ch1-centered-discrete-divergence} 要求的代数关系比 \eqref{eq:ch1-apx1-discrete-divergence-domain} 多得多, 而且可能过多(此时 $V_h=\{0\}$).	equation	eq:ch1-apx1-discrete-divergence-domain	eqref	tex/chapters/chapter-01/section-03.tex:940	tex/chapters/chapter-01/section-03.tex:789	resolved
reference	当 $\Omega$ 无界时, 可以使用注 \ref{rem:ch1-alternative-difference-operators} 中提到的方法, 定义 \eqref{eq:ch1-y-space-definition} 所引入空间 $W$ 的一个稳定收敛外逼近.	remark	rem:ch1-alternative-difference-operators	ref	tex/chapters/chapter-01/section-03.tex:946	tex/chapters/chapter-01/section-03.tex:736	resolved
reference	当 $\Omega$ 无界时, 可以使用注 \ref{rem:ch1-alternative-difference-operators} 中提到的方法, 定义 \eqref{eq:ch1-y-space-definition} 所引入空间 $W$ 的一个稳定收敛外逼近.	equation	eq:ch1-y-space-definition	eqref	tex/chapters/chapter-01/section-03.tex:946	tex/chapters/chapter-01/section-02.tex:372	resolved
reference	使用上述 $V$ 的逼近以及 \ref{subsec:ch1-general-convergence-theorem} 的结果, 可提出 Stokes 问题的有限差分逼近格式. 在 \eqref{eq:ch1-discrete-variational-problem} 中取	subsection	subsec:ch1-general-convergence-theorem	ref	tex/chapters/chapter-01/section-03.tex:952	tex/chapters/chapter-01/section-03.tex:186	resolved
reference	使用上述 $V$ 的逼近以及 \ref{subsec:ch1-general-convergence-theorem} 的结果, 可提出 Stokes 问题的有限差分逼近格式. 在 \eqref{eq:ch1-discrete-variational-problem} 中取	equation	eq:ch1-discrete-variational-problem	eqref	tex/chapters/chapter-01/section-03.tex:952	tex/chapters/chapter-01/section-03.tex:221	resolved
reference	其中 $V_h$ 和 $((\cdot,\cdot))_h$ 是刚定义的空间和标量积, $\nu$ 与 $f$ 如 \ref{subsec:ch1-stokes-variational-formulation} 中给定.	subsection	subsec:ch1-stokes-variational-formulation	ref	tex/chapters/chapter-01/section-03.tex:961	tex/chapters/chapter-01/section-02.tex:8	resolved
reference	与 \eqref{eq:ch1-stokes-variational-problem} 对应的逼近问题为:	equation	eq:ch1-stokes-variational-problem	eqref	tex/chapters/chapter-01/section-03.tex:963	tex/chapters/chapter-01/section-02.tex:45	resolved
reference	对每个 $h\in\mathcal H$, \eqref{eq:ch1-stokes-finite-difference-problem} 的解 $u_h$ 存在且唯一; 此外, 当 $h\to0$ 时, \eqref{eq:ch1-stokes-finite-difference-problem} 的解 $u_h$ 按下列意义收敛到 \eqref{eq:ch1-stokes-variational-problem} 的解 $u$:	equation	eq:ch1-stokes-finite-difference-problem	eqref	tex/chapters/chapter-01/section-03.tex:973	tex/chapters/chapter-01/section-03.tex:967	resolved
reference	对每个 $h\in\mathcal H$, \eqref{eq:ch1-stokes-finite-difference-problem} 的解 $u_h$ 存在且唯一; 此外, 当 $h\to0$ 时, \eqref{eq:ch1-stokes-finite-difference-problem} 的解 $u_h$ 按下列意义收敛到 \eqref{eq:ch1-stokes-variational-problem} 的解 $u$:	equation	eq:ch1-stokes-finite-difference-problem	eqref	tex/chapters/chapter-01/section-03.tex:973	tex/chapters/chapter-01/section-03.tex:967	resolved
reference	对每个 $h\in\mathcal H$, \eqref{eq:ch1-stokes-finite-difference-problem} 的解 $u_h$ 存在且唯一; 此外, 当 $h\to0$ 时, \eqref{eq:ch1-stokes-finite-difference-problem} 的解 $u_h$ 按下列意义收敛到 \eqref{eq:ch1-stokes-variational-problem} 的解 $u$:	equation	eq:ch1-stokes-variational-problem	eqref	tex/chapters/chapter-01/section-03.tex:973	tex/chapters/chapter-01/section-02.tex:45	resolved
reference	只需验证定理 \ref{thm:ch1-general-approximation-convergence} 适用. 条件 \eqref{eq:ch1-discrete-coercivity} 显然成立($\alpha_0=1$). 对 \eqref{eq:ch1-discrete-functional-bound}, 注意到	theorem	thm:ch1-general-approximation-convergence	ref	tex/chapters/chapter-01/section-03.tex:985	tex/chapters/chapter-01/section-03.tex:244	resolved
reference	只需验证定理 \ref{thm:ch1-general-approximation-convergence} 适用. 条件 \eqref{eq:ch1-discrete-coercivity} 显然成立($\alpha_0=1$). 对 \eqref{eq:ch1-discrete-functional-bound}, 注意到	equation	eq:ch1-discrete-coercivity	eqref	tex/chapters/chapter-01/section-03.tex:985	tex/chapters/chapter-01/section-03.tex:207	resolved
reference	只需验证定理 \ref{thm:ch1-general-approximation-convergence} 适用. 条件 \eqref{eq:ch1-discrete-coercivity} 显然成立($\alpha_0=1$). 对 \eqref{eq:ch1-discrete-functional-bound}, 注意到	equation	eq:ch1-discrete-functional-bound	eqref	tex/chapters/chapter-01/section-03.tex:985	tex/chapters/chapter-01/section-03.tex:214	resolved
reference	所以 \eqref{eq:ch1-discrete-functional-bound} 成立.	equation	eq:ch1-discrete-functional-bound	eqref	tex/chapters/chapter-01/section-03.tex:998	tex/chapters/chapter-01/section-03.tex:214	resolved
reference	为验证 \eqref{eq:ch1-bilinear-consistency}--\eqref{eq:ch1-functional-consistency}, 注意	equation	eq:ch1-bilinear-consistency	eqref	tex/chapters/chapter-01/section-03.tex:1000	tex/chapters/chapter-01/section-03.tex:232	resolved
reference	为验证 \eqref{eq:ch1-bilinear-consistency}--\eqref{eq:ch1-functional-consistency}, 注意	equation	eq:ch1-functional-consistency	eqref	tex/chapters/chapter-01/section-03.tex:1000	tex/chapters/chapter-01/section-03.tex:239	resolved
reference	我们希望给出隐含于 \eqref{eq:ch1-stokes-finite-difference-problem} 中的逼近压力, 正如精确压力 $p$ 隐含于 \eqref{eq:ch1-stokes-variational-problem} 中一样.	equation	eq:ch1-stokes-finite-difference-problem	eqref	tex/chapters/chapter-01/section-03.tex:1029	tex/chapters/chapter-01/section-03.tex:967	resolved
reference	我们希望给出隐含于 \eqref{eq:ch1-stokes-finite-difference-problem} 中的逼近压力, 正如精确压力 $p$ 隐含于 \eqref{eq:ch1-stokes-variational-problem} 中一样.	equation	eq:ch1-stokes-variational-problem	eqref	tex/chapters/chapter-01/section-03.tex:1029	tex/chapters/chapter-01/section-02.tex:45	resolved
reference	\eqref{eq:ch1-apx1-step-functions} 中的空间 $V_h$ 是 \eqref{eq:ch1-step-function-space} 中空间 $W_h$ 的子空间, 即由满足线性约束 \eqref{eq:ch1-apx1-discrete-divergence-points} 的 $v_h\in W_h$ 构成的空间.	equation	eq:ch1-apx1-step-functions	eqref	tex/chapters/chapter-01/section-03.tex:1031	tex/chapters/chapter-01/section-03.tex:777	resolved
reference	\eqref{eq:ch1-apx1-step-functions} 中的空间 $V_h$ 是 \eqref{eq:ch1-step-function-space} 中空间 $W_h$ 的子空间, 即由满足线性约束 \eqref{eq:ch1-apx1-discrete-divergence-points} 的 $v_h\in W_h$ 构成的空间.	equation	eq:ch1-step-function-space	eqref	tex/chapters/chapter-01/section-03.tex:1031	tex/chapters/chapter-01/section-03.tex:463	resolved
reference	\eqref{eq:ch1-apx1-step-functions} 中的空间 $V_h$ 是 \eqref{eq:ch1-step-function-space} 中空间 $W_h$ 的子空间, 即由满足线性约束 \eqref{eq:ch1-apx1-discrete-divergence-points} 的 $v_h\in W_h$ 构成的空间.	equation	eq:ch1-apx1-discrete-divergence-points	eqref	tex/chapters/chapter-01/section-03.tex:1031	tex/chapters/chapter-01/section-03.tex:783	resolved
reference	是定义在 $W_h$ 上并在 $V_h$ 上消失的线性型. 因此, 引入与线性约束 \eqref{eq:ch1-apx1-discrete-divergence-points} 对应的 Lagrange 乘子, 借助经典线性代数定理可知, 存在实数 $\lambda_M\in\mathbb R$, $M\in\mathring\Omega_{1h}$, 使	equation	eq:ch1-apx1-discrete-divergence-points	eqref	tex/chapters/chapter-01/section-03.tex:1037	tex/chapters/chapter-01/section-03.tex:783	resolved
reference	于是 \eqref{eq:ch1-lagrange-multiplier-pressure} 可写为	equation	eq:ch1-lagrange-multiplier-pressure	eqref	tex/chapters/chapter-01/section-03.tex:1065	tex/chapters/chapter-01/section-03.tex:1043	resolved
reference	依次取 $v_h=w_{hM}e_j$, $M\in\mathring\Omega_{1h}$, $j=1,\ldots,n$, 可把 \eqref{eq:ch1-discrete-momentum-weak} 解释为	equation	eq:ch1-discrete-momentum-weak	eqref	tex/chapters/chapter-01/section-03.tex:1076	tex/chapters/chapter-01/section-03.tex:1073	resolved
reference	方程 \eqref{eq:ch1-discrete-momentum-pointwise} 以及	equation	eq:ch1-discrete-momentum-pointwise	eqref	tex/chapters/chapter-01/section-03.tex:1093	tex/chapters/chapter-01/section-03.tex:1081	resolved
reference	是方程 \eqref{eq:ch1-stokes-incompressibility}--\eqref{eq:ch1-stokes-homogeneous-boundary} 的离散形式; $-D_h^\ast\pi_h$ 是 $\operatorname{grad}p$ 的逼近, $-D_h^\ast$ 是离散梯度算子.	equation	eq:ch1-stokes-incompressibility	eqref	tex/chapters/chapter-01/section-03.tex:1099	tex/chapters/chapter-01/section-02.tex:17	resolved
reference	是方程 \eqref{eq:ch1-stokes-incompressibility}--\eqref{eq:ch1-stokes-homogeneous-boundary} 的离散形式; $-D_h^\ast\pi_h$ 是 $\operatorname{grad}p$ 的逼近, $-D_h^\ast$ 是离散梯度算子.	equation	eq:ch1-stokes-homogeneous-boundary	eqref	tex/chapters/chapter-01/section-03.tex:1099	tex/chapters/chapter-01/section-02.tex:21	resolved
reference	如注 \ref{rem:ch1-discrete-linear-system} 所指出的, \eqref{eq:ch1-stokes-finite-difference-problem} 的解并不容易求得, 因为我们不知道 $V_h$ 的任何简单基. 求解 \eqref{eq:ch1-stokes-finite-difference-problem} 的一种可能方式是求解方程组 \eqref{eq:ch1-discrete-momentum-pointwise}, \eqref{eq:ch1-discrete-incompressibility-pointwise}; 这是以	remark	rem:ch1-discrete-linear-system	ref	tex/chapters/chapter-01/section-03.tex:1104	tex/chapters/chapter-01/section-03.tex:350	resolved
reference	如注 \ref{rem:ch1-discrete-linear-system} 所指出的, \eqref{eq:ch1-stokes-finite-difference-problem} 的解并不容易求得, 因为我们不知道 $V_h$ 的任何简单基. 求解 \eqref{eq:ch1-stokes-finite-difference-problem} 的一种可能方式是求解方程组 \eqref{eq:ch1-discrete-momentum-pointwise}, \eqref{eq:ch1-discrete-incompressibility-pointwise}; 这是以	equation	eq:ch1-stokes-finite-difference-problem	eqref	tex/chapters/chapter-01/section-03.tex:1104	tex/chapters/chapter-01/section-03.tex:967	resolved
reference	如注 \ref{rem:ch1-discrete-linear-system} 所指出的, \eqref{eq:ch1-stokes-finite-difference-problem} 的解并不容易求得, 因为我们不知道 $V_h$ 的任何简单基. 求解 \eqref{eq:ch1-stokes-finite-difference-problem} 的一种可能方式是求解方程组 \eqref{eq:ch1-discrete-momentum-pointwise}, \eqref{eq:ch1-discrete-incompressibility-pointwise}; 这是以	equation	eq:ch1-stokes-finite-difference-problem	eqref	tex/chapters/chapter-01/section-03.tex:1104	tex/chapters/chapter-01/section-03.tex:967	resolved
reference	如注 \ref{rem:ch1-discrete-linear-system} 所指出的, \eqref{eq:ch1-stokes-finite-difference-problem} 的解并不容易求得, 因为我们不知道 $V_h$ 的任何简单基. 求解 \eqref{eq:ch1-stokes-finite-difference-problem} 的一种可能方式是求解方程组 \eqref{eq:ch1-discrete-momentum-pointwise}, \eqref{eq:ch1-discrete-incompressibility-pointwise}; 这是以	equation	eq:ch1-discrete-momentum-pointwise	eqref	tex/chapters/chapter-01/section-03.tex:1104	tex/chapters/chapter-01/section-03.tex:1081	resolved
reference	如注 \ref{rem:ch1-discrete-linear-system} 所指出的, \eqref{eq:ch1-stokes-finite-difference-problem} 的解并不容易求得, 因为我们不知道 $V_h$ 的任何简单基. 求解 \eqref{eq:ch1-stokes-finite-difference-problem} 的一种可能方式是求解方程组 \eqref{eq:ch1-discrete-momentum-pointwise}, \eqref{eq:ch1-discrete-incompressibility-pointwise}; 这是以	equation	eq:ch1-discrete-incompressibility-pointwise	eqref	tex/chapters/chapter-01/section-03.tex:1104	tex/chapters/chapter-01/section-03.tex:1097	resolved
reference	实际计算逼近解的更有效方法将在第 \ref{sec:ch1-numerical-algorithms} 节中给出.	section	sec:ch1-numerical-algorithms	ref	tex/chapters/chapter-01/section-03.tex:1111	tex/chapters/chapter-01/section-05.tex:3	resolved
reference	其中 $r_hu$ 是 \eqref{eq:ch1-apx1-restriction-face-average} 所定义的 $V_h$ 中函数, $\epsilon_h(M)$ 是一个小向量:	equation	eq:ch1-apx1-restriction-face-average	eqref	tex/chapters/chapter-01/section-03.tex:1123	tex/chapters/chapter-01/section-03.tex:830	resolved
reference	则等式 \eqref{eq:ch1-stokes-discrete-functional-bound} 等价于	equation	eq:ch1-stokes-discrete-functional-bound	eqref	tex/chapters/chapter-01/section-03.tex:1132	tex/chapters/chapter-01/section-03.tex:996	resolved
reference	对 \eqref{eq:ch1-step-function-space} 的空间 $W_h$ 中每个 $v_h$ 成立, 并且蕴含	equation	eq:ch1-step-function-space	eqref	tex/chapters/chapter-01/section-03.tex:1138	tex/chapters/chapter-01/section-03.tex:463	resolved
reference	从 \eqref{eq:ch1-stokes-finite-difference-problem} 减去这一等式, 得	equation	eq:ch1-stokes-finite-difference-problem	eqref	tex/chapters/chapter-01/section-03.tex:1145	tex/chapters/chapter-01/section-03.tex:967	resolved
reference	只需注意, \eqref{eq:ch1-barycentric-position} 与 \eqref{eq:ch1-barycentric-sum} 等价于线性方程组	equation	eq:ch1-barycentric-position	eqref	tex/chapters/chapter-01/section-04.tex:39	tex/chapters/chapter-01/section-04.tex:31	resolved
reference	只需注意, \eqref{eq:ch1-barycentric-position} 与 \eqref{eq:ch1-barycentric-sum} 等价于线性方程组	equation	eq:ch1-barycentric-sum	eqref	tex/chapters/chapter-01/section-04.tex:39	tex/chapters/chapter-01/section-04.tex:35	resolved
reference	由 \eqref{eq:ch1-barycentric-linear-system}, $\lambda_i$ 是 $P$ 的坐标 $x_1,\ldots,x_n$ 的线性函数, 一般是非齐次的:	equation	eq:ch1-barycentric-linear-system	eqref	tex/chapters/chapter-01/section-04.tex:53	tex/chapters/chapter-01/section-04.tex:49	resolved
reference	其中矩阵 $\mathcal B=(b_{i,j})$ 是矩阵 $\mathcal A$ 的逆. 容易看出, 在 \eqref{eq:ch1-barycentric-position} 中把点 $O$ 换成 $\mathbb R^n$ 中另一点不会改变重心坐标的值; 因而	equation	eq:ch1-barycentric-position	eqref	tex/chapters/chapter-01/section-04.tex:59	tex/chapters/chapter-01/section-04.tex:31	resolved
reference	方程组的矩阵是 $\mathcal A$ 的转置矩阵, 因而函数 $u$ 存在且唯一. 公式 \eqref{eq:ch1-linear-barycentric-interpolation} 给出该函数, 因为 $\lambda_i(A_j)=\delta_{ij}$.	equation	eq:ch1-linear-barycentric-interpolation	eqref	tex/chapters/chapter-01/section-04.tex:91	tex/chapters/chapter-01/section-04.tex:81	resolved
reference	\eqref{eq:ch1-barycentric-sum} 立即蕴含 \eqref{eq:ch1-barycentric-gradient-sum}. 由 \eqref{eq:ch1-barycentric-affine-functions},	equation	eq:ch1-barycentric-sum	eqref	tex/chapters/chapter-01/section-04.tex:119	tex/chapters/chapter-01/section-04.tex:35	resolved
reference	\eqref{eq:ch1-barycentric-sum} 立即蕴含 \eqref{eq:ch1-barycentric-gradient-sum}. 由 \eqref{eq:ch1-barycentric-affine-functions},	equation	eq:ch1-barycentric-gradient-sum	eqref	tex/chapters/chapter-01/section-04.tex:119	tex/chapters/chapter-01/section-04.tex:109	resolved
reference	\eqref{eq:ch1-barycentric-sum} 立即蕴含 \eqref{eq:ch1-barycentric-gradient-sum}. 由 \eqref{eq:ch1-barycentric-affine-functions},	equation	eq:ch1-barycentric-affine-functions	eqref	tex/chapters/chapter-01/section-04.tex:119	tex/chapters/chapter-01/section-04.tex:57	resolved
reference	因此, 由 \eqref{eq:ch1-barycentric-gradient-vector},	equation	eq:ch1-barycentric-gradient-vector	eqref	tex/chapters/chapter-01/section-04.tex:157	tex/chapters/chapter-01/section-04.tex:114	resolved
reference	因为 $P,Q\in S$, 有 $-1\leq\mu_i-\lambda_i\leq1$, 从而得到 \eqref{eq:ch1-barycentric-gradient-bound}.	equation	eq:ch1-barycentric-gradient-bound	eqref	tex/chapters/chapter-01/section-04.tex:163	tex/chapters/chapter-01/section-04.tex:142	resolved
reference	如引理 \ref{lem:ch1-barycentric-gradient-bound} 的证明, 令 $x$ 是任意单位向量, 写成 $x=PQ/\rho'$, 其中 $P,Q\in S$. 则	lemma	lem:ch1-barycentric-gradient-bound	ref	tex/chapters/chapter-01/section-04.tex:189	tex/chapters/chapter-01/section-04.tex:137	resolved
reference	以 $\mathcal H_\alpha$ 表示满足 \eqref{eq:ch1-regular-triangulation-shape-bound} 和 \eqref{eq:ch1-triangulation-domain-exhaustion} 的容许剖分集合.	equation	eq:ch1-regular-triangulation-shape-bound	eqref	tex/chapters/chapter-01/section-04.tex:271	tex/chapters/chapter-01/section-04.tex:261	resolved
reference	以 $\mathcal H_\alpha$ 表示满足 \eqref{eq:ch1-regular-triangulation-shape-bound} 和 \eqref{eq:ch1-triangulation-domain-exhaustion} 的容许剖分集合.	equation	eq:ch1-triangulation-domain-exhaustion	eqref	tex/chapters/chapter-01/section-04.tex:271	tex/chapters/chapter-01/section-04.tex:269	resolved
reference	其中 $\theta$ 是 $S$ 的最小角. 因而条件 \eqref{eq:ch1-regular-triangulation-shape-bound} 等价于说所有三角形的最小角都有一致正下界:	equation	eq:ch1-regular-triangulation-shape-bound	eqref	tex/chapters/chapter-01/section-04.tex:282	tex/chapters/chapter-01/section-04.tex:261	resolved
reference	\eqref{eq:ch1-quadratic-barycentric-interpolation} 右端是二次多项式. 若以 $\psi$ 表示该函数, 则	equation	eq:ch1-quadratic-barycentric-interpolation	eqref	tex/chapters/chapter-01/section-04.tex:331	tex/chapters/chapter-01/section-04.tex:326	resolved
reference	恰为关于这些系数的 $(n+1)(n+2)/2$ 个线性方程. 由 \eqref{eq:ch1-quadratic-barycentric-interpolation}, 对任意数据该方程组都有解, 所以方程组正则, 且该解唯一.	equation	eq:ch1-quadratic-barycentric-interpolation	eqref	tex/chapters/chapter-01/section-04.tex:351	tex/chapters/chapter-01/section-04.tex:326	resolved
reference	唯一性已由引理 \ref{lem:ch1-quadratic-simplex-interpolation} 给出. 同一引理还逐个单纯形给出分量为二次多项式的函数 $u_h$, 它在 $\mathring U_h$ 取给定值, 在 $U_h-\mathring U_h$ 以及 $\Omega(h)$ 外为零.	lemma	lem:ch1-quadratic-simplex-interpolation	ref	tex/chapters/chapter-01/section-04.tex:363	tex/chapters/chapter-01/section-04.tex:319	resolved
reference	只需验证连续性. 在任意单纯形的每个 $n-1$ 维面上, $u_h$ 每个分量从相邻两侧给出两个次数不超过二的多项式, 它们在该面的顶点与边中点处相等. 把引理 \ref{lem:ch1-quadratic-simplex-interpolation} 应用于 $n-1$ 维单纯形, 可知两侧多项式在整个面上相等, 故 $u_h$ 连续并属于 $W_h$.	lemma	lem:ch1-quadratic-simplex-interpolation	ref	tex/chapters/chapter-01/section-04.tex:365	tex/chapters/chapter-01/section-04.tex:319	resolved
reference	Ciarlet--Raviart [1] 称这样的集合 $E$ 为 $k$-单值集. 例如, 由命题 \ref{prop:ch1-linear-barycentric-interpolation} 和引理 \ref{lem:ch1-quadratic-simplex-interpolation}, $S$ 的顶点是 1-单值集, 点 $A_i,A_{ij}$ 是 2-单值集.	proposition	prop:ch1-linear-barycentric-interpolation	ref	tex/chapters/chapter-01/section-04.tex:459	tex/chapters/chapter-01/section-04.tex:76	resolved
reference	Ciarlet--Raviart [1] 称这样的集合 $E$ 为 $k$-单值集. 例如, 由命题 \ref{prop:ch1-linear-barycentric-interpolation} 和引理 \ref{lem:ch1-quadratic-simplex-interpolation}, $S$ 的顶点是 1-单值集, 点 $A_i,A_{ij}$ 是 2-单值集.	lemma	lem:ch1-quadratic-simplex-interpolation	ref	tex/chapters/chapter-01/section-04.tex:459	tex/chapters/chapter-01/section-04.tex:319	resolved
reference	的 $k$ 次多项式. 则 \eqref{eq:ch1-k-unisolvent-data} 中的 $p$ 可写成	equation	eq:ch1-k-unisolvent-data	eqref	tex/chapters/chapter-01/section-04.tex:467	tex/chapters/chapter-01/section-04.tex:457	resolved
reference	这是 \eqref{eq:ch1-general-interpolation-taylor} 与估计	equation	eq:ch1-general-interpolation-taylor	eqref	tex/chapters/chapter-01/section-04.tex:507	tex/chapters/chapter-01/section-04.tex:490	resolved
reference	\eqref{eq:ch1-general-interpolation-taylor} 与 \eqref{eq:ch1-cardinal-polynomial-derivative-bound} 的证明见 Ciarlet--Raviart [1], Raviart [2] 和 Strang--Fix [1]; 引理 \ref{lem:ch1-quadratic-interpolation-error} 的特殊情形也见 Ciarlet--Wagshall [1].	equation	eq:ch1-general-interpolation-taylor	eqref	tex/chapters/chapter-01/section-04.tex:518	tex/chapters/chapter-01/section-04.tex:490	resolved
reference	\eqref{eq:ch1-general-interpolation-taylor} 与 \eqref{eq:ch1-cardinal-polynomial-derivative-bound} 的证明见 Ciarlet--Raviart [1], Raviart [2] 和 Strang--Fix [1]; 引理 \ref{lem:ch1-quadratic-interpolation-error} 的特殊情形也见 Ciarlet--Wagshall [1].	equation	eq:ch1-cardinal-polynomial-derivative-bound	eqref	tex/chapters/chapter-01/section-04.tex:518	tex/chapters/chapter-01/section-04.tex:512	resolved
reference	\eqref{eq:ch1-general-interpolation-taylor} 与 \eqref{eq:ch1-cardinal-polynomial-derivative-bound} 的证明见 Ciarlet--Raviart [1], Raviart [2] 和 Strang--Fix [1]; 引理 \ref{lem:ch1-quadratic-interpolation-error} 的特殊情形也见 Ciarlet--Wagshall [1].	lemma	lem:ch1-quadratic-interpolation-error	ref	tex/chapters/chapter-01/section-04.tex:518	tex/chapters/chapter-01/section-04.tex:430	resolved
reference	条件 \eqref{eq:ch1-apx2-discrete-divergence} 是 $\operatorname{div}u=0$ 的离散形式. 函数 $u_h\in V_h$ 属于 $\mathbf H_0^1(\Omega)$, 但不属于 $V$; $V_h\not\subset V$. $V_h$ 没有简单基. 由引理 \ref{lem:ch1-quadratic-wh-basis}, 每个 $u_h\in V_h$ 可写成	equation	eq:ch1-apx2-discrete-divergence	eqref	tex/chapters/chapter-01/section-04.tex:544	tex/chapters/chapter-01/section-04.tex:541	resolved
reference	条件 \eqref{eq:ch1-apx2-discrete-divergence} 是 $\operatorname{div}u=0$ 的离散形式. 函数 $u_h\in V_h$ 属于 $\mathbf H_0^1(\Omega)$, 但不属于 $V$; $V_h\not\subset V$. $V_h$ 没有简单基. 由引理 \ref{lem:ch1-quadratic-wh-basis}, 每个 $u_h\in V_h$ 可写成	lemma	lem:ch1-quadratic-wh-basis	ref	tex/chapters/chapter-01/section-04.tex:544	tex/chapters/chapter-01/section-04.tex:378	resolved
reference	但函数 $w_{hM}$ 不属于 $V_h$. 引理 \ref{lem:ch1-quadratic-wh-basis} 与 \eqref{eq:ch1-apx2-discrete-divergence} 还说明	lemma	lem:ch1-quadratic-wh-basis	ref	tex/chapters/chapter-01/section-04.tex:548	tex/chapters/chapter-01/section-04.tex:378	resolved
reference	但函数 $w_{hM}$ 不属于 $V_h$. 引理 \ref{lem:ch1-quadratic-wh-basis} 与 \eqref{eq:ch1-apx2-discrete-divergence} 还说明	equation	eq:ch1-apx2-discrete-divergence	eqref	tex/chapters/chapter-01/section-04.tex:548	tex/chapters/chapter-01/section-04.tex:541	resolved
reference	\emph{算子 $r_h$.} 由于 $r_hu$ 必须满足 \eqref{eq:ch1-apx2-discrete-divergence}, 限制算子较难定义. 设 $u\in\mathcal V$, 令	equation	eq:ch1-apx2-discrete-divergence	eqref	tex/chapters/chapter-01/section-04.tex:562	tex/chapters/chapter-01/section-04.tex:541	resolved
reference	其中 $u_h^1,u_h^2$ 分别属于 $W_h$. 按 \eqref{eq:ch1-quadratic-restriction} 定义	equation	eq:ch1-quadratic-restriction	eqref	tex/chapters/chapter-01/section-04.tex:567	tex/chapters/chapter-01/section-04.tex:404	resolved
reference	由 \eqref{eq:ch1-apx2-restriction-split}--\eqref{eq:ch1-apx2-corrector-nodal-values} 定义的 $u_h$ 属于 $V_h$.	equation	eq:ch1-apx2-restriction-split	eqref	tex/chapters/chapter-01/section-04.tex:588	tex/chapters/chapter-01/section-04.tex:565	resolved
reference	由 \eqref{eq:ch1-apx2-restriction-split}--\eqref{eq:ch1-apx2-corrector-nodal-values} 定义的 $u_h$ 属于 $V_h$.	equation	eq:ch1-apx2-corrector-nodal-values	eqref	tex/chapters/chapter-01/section-04.tex:588	tex/chapters/chapter-01/section-04.tex:582	resolved
reference	\eqref{eq:ch1-apx2-corrector-nodal-values} 的要点是使	equation	eq:ch1-apx2-corrector-nodal-values	eqref	tex/chapters/chapter-01/section-04.tex:592	tex/chapters/chapter-01/section-04.tex:582	resolved
reference	代入积分并使用 \eqref{eq:ch1-apx2-corrector-nodal-values}, 即得 \eqref{eq:ch1-apx2-edge-flux}.	equation	eq:ch1-apx2-corrector-nodal-values	eqref	tex/chapters/chapter-01/section-04.tex:626	tex/chapters/chapter-01/section-04.tex:582	resolved
reference	代入积分并使用 \eqref{eq:ch1-apx2-corrector-nodal-values}, 即得 \eqref{eq:ch1-apx2-edge-flux}.	equation	eq:ch1-apx2-edge-flux	eqref	tex/chapters/chapter-01/section-04.tex:626	tex/chapters/chapter-01/section-04.tex:596	resolved
reference	先验证定义 \ref{def:ch1-convergent-external-approximation} 的条件 (C2). 设 $p_{h'}u_{h'}$, $u_{h'}\in V_{h'}$, 在 $F$ 中弱收敛到 $\varphi=u$. 由定理 \ref{thm:ch1-characterization-v}, 只需证明	definition	def:ch1-convergent-external-approximation	ref	tex/chapters/chapter-01/section-04.tex:636	tex/chapters/chapter-01/section-03.tex:107	resolved
reference	先验证定义 \ref{def:ch1-convergent-external-approximation} 的条件 (C2). 设 $p_{h'}u_{h'}$, $u_{h'}\in V_{h'}$, 在 $F$ 中弱收敛到 $\varphi=u$. 由定理 \ref{thm:ch1-characterization-v}, 只需证明	theorem	thm:ch1-characterization-v	ref	tex/chapters/chapter-01/section-04.tex:636	tex/chapters/chapter-01/section-01.tex:685	resolved
reference	取任意 $\theta\in\mathcal D(\Omega)$. 由 \eqref{eq:ch1-apx2-discrete-divergence},	equation	eq:ch1-apx2-discrete-divergence	eqref	tex/chapters/chapter-01/section-04.tex:641	tex/chapters/chapter-01/section-04.tex:541	resolved
reference	故 $\theta_h$ 在 $L^\infty$ 和 $L^2$ 范数中收敛到 $\theta$. 在 \eqref{eq:ch1-apx2-test-step-function} 中取极限, 得	equation	eq:ch1-apx2-test-step-function	eqref	tex/chapters/chapter-01/section-04.tex:651	tex/chapters/chapter-01/section-04.tex:644	resolved
reference	从而得到 \eqref{eq:ch1-apx2-limit-divergence}.	equation	eq:ch1-apx2-limit-divergence	eqref	tex/chapters/chapter-01/section-04.tex:656	tex/chapters/chapter-01/section-04.tex:639	resolved
reference	设 $\rho(h)$ 充分小, 使 $\Omega(h)$ 包含 $u$ 的支集. 由引理 \ref{lem:ch1-quadratic-interpolation-error} 和 \eqref{eq:ch1-general-simplex-interpolation-error}, 在每个 $S\in T_h$ 上,	lemma	lem:ch1-quadratic-interpolation-error	ref	tex/chapters/chapter-01/section-04.tex:668	tex/chapters/chapter-01/section-04.tex:430	resolved
reference	设 $\rho(h)$ 充分小, 使 $\Omega(h)$ 包含 $u$ 的支集. 由引理 \ref{lem:ch1-quadratic-interpolation-error} 和 \eqref{eq:ch1-general-simplex-interpolation-error}, 在每个 $S\in T_h$ 上,	equation	eq:ch1-general-simplex-interpolation-error	eqref	tex/chapters/chapter-01/section-04.tex:668	tex/chapters/chapter-01/section-04.tex:505	resolved
reference	由引理 \ref{lem:ch1-apx2-restriction-in-vh} 的证明,	lemma	lem:ch1-apx2-restriction-in-vh	ref	tex/chapters/chapter-01/section-04.tex:677	tex/chapters/chapter-01/section-04.tex:587	resolved
reference	由 \eqref{eq:ch1-cardinal-polynomial-derivative-bound},	equation	eq:ch1-cardinal-polynomial-derivative-bound	eqref	tex/chapters/chapter-01/section-04.tex:692	tex/chapters/chapter-01/section-04.tex:512	resolved
reference	结合 \eqref{eq:ch1-apx2-corrector-expansion}, 得	equation	eq:ch1-apx2-corrector-expansion	eqref	tex/chapters/chapter-01/section-04.tex:700	tex/chapters/chapter-01/section-04.tex:610	resolved
reference	利用上述 $V$ 的逼近以及 \ref{subsec:ch1-general-convergence-theorem}, 可提出二维 Stokes 问题的有限元格式. 在 \eqref{eq:ch1-discrete-variational-problem} 中取	subsection	subsec:ch1-general-convergence-theorem	ref	tex/chapters/chapter-01/section-04.tex:736	tex/chapters/chapter-01/section-03.tex:186	resolved
reference	利用上述 $V$ 的逼近以及 \ref{subsec:ch1-general-convergence-theorem}, 可提出二维 Stokes 问题的有限元格式. 在 \eqref{eq:ch1-discrete-variational-problem} 中取	equation	eq:ch1-discrete-variational-problem	eqref	tex/chapters/chapter-01/section-04.tex:736	tex/chapters/chapter-01/section-03.tex:221	resolved
reference	其中 $\nu,f$ 如 \ref{subsec:ch1-stokes-variational-formulation} 中给定. 逼近问题为	subsection	subsec:ch1-stokes-variational-formulation	ref	tex/chapters/chapter-01/section-04.tex:744	tex/chapters/chapter-01/section-02.tex:8	resolved
reference	若 $\rho(h)\to0$ 且 $\sigma(h)\leq\alpha$(即 $h\in\mathcal H_\alpha$), 则 \eqref{eq:ch1-apx2-stokes-problem} 的解 $u_h$ 在 $\mathbf H_0^1(\Omega)$ 范数中收敛到 \eqref{eq:ch1-stokes-variational-problem} 的解 $u$.	equation	eq:ch1-apx2-stokes-problem	eqref	tex/chapters/chapter-01/section-04.tex:754	tex/chapters/chapter-01/section-04.tex:748	resolved
reference	若 $\rho(h)\to0$ 且 $\sigma(h)\leq\alpha$(即 $h\in\mathcal H_\alpha$), 则 \eqref{eq:ch1-apx2-stokes-problem} 的解 $u_h$ 在 $\mathbf H_0^1(\Omega)$ 范数中收敛到 \eqref{eq:ch1-stokes-variational-problem} 的解 $u$.	equation	eq:ch1-stokes-variational-problem	eqref	tex/chapters/chapter-01/section-04.tex:754	tex/chapters/chapter-01/section-02.tex:45	resolved
reference	容易验证定理 \ref{thm:ch1-general-approximation-convergence} 适用, 其结论恰给出所述收敛结果.	theorem	thm:ch1-general-approximation-convergence	ref	tex/chapters/chapter-01/section-04.tex:758	tex/chapters/chapter-01/section-03.tex:244	resolved
reference	\emph{压力的逼近.} 如 \ref{subsubsec:ch1-stokes-finite-difference-scheme} 那样引入压力逼近. 映射	unknown	subsubsec:ch1-stokes-finite-difference-scheme	ref	tex/chapters/chapter-01/section-04.tex:761	tex/chapters/chapter-01/section-03.tex:950	resolved
reference	是 $W_h$ 上在 $V_h$ 中消失的线性型. 因为 $V_h$ 由线性约束 \eqref{eq:ch1-apx2-discrete-divergence} 刻画, 存在与这些约束对应的 Lagrange 乘子 $\lambda_S$, $S\in T_h$, 使	equation	eq:ch1-apx2-discrete-divergence	eqref	tex/chapters/chapter-01/section-04.tex:765	tex/chapters/chapter-01/section-04.tex:541	resolved
reference	由于没有可用的 $V_h$ 基, \eqref{eq:ch1-apx2-stokes-problem} 的解不易计算. 可用第 \ref{sec:ch1-numerical-algorithms} 节研究的算法进行计算.	equation	eq:ch1-apx2-stokes-problem	eqref	tex/chapters/chapter-01/section-04.tex:796	tex/chapters/chapter-01/section-04.tex:748	resolved
reference	由于没有可用的 $V_h$ 基, \eqref{eq:ch1-apx2-stokes-problem} 的解不易计算. 可用第 \ref{sec:ch1-numerical-algorithms} 节研究的算法进行计算.	section	sec:ch1-numerical-algorithms	ref	tex/chapters/chapter-01/section-04.tex:796	tex/chapters/chapter-01/section-05.tex:3	resolved
reference	\emph{$u$ 与 $u_h$ 之间的误差.} 假设 $\Omega\subset\mathbb R^2$ 具有多边形边界, $u\in\mathbf C^3(\overline\Omega)$, $p\in C^1(\overline\Omega)$. 由注 \ref{rem:ch1-apx2-polygonal-domain},	remark	rem:ch1-apx2-polygonal-domain	ref	tex/chapters/chapter-01/section-04.tex:799	tex/chapters/chapter-01/section-04.tex:725	resolved
reference	在 \eqref{eq:ch1-apx2-discrete-pressure} 与 \eqref{eq:ch1-apx2-discrete-momentum} 中取 $v=v_h=u_h-r_hu$, 再从 \eqref{eq:ch1-apx2-discrete-momentum} 减去 \eqref{eq:ch1-continuous-stokes-weak-pressure}, 得	equation	eq:ch1-apx2-discrete-pressure	eqref	tex/chapters/chapter-01/section-04.tex:804	tex/chapters/chapter-01/section-04.tex:777	resolved
reference	在 \eqref{eq:ch1-apx2-discrete-pressure} 与 \eqref{eq:ch1-apx2-discrete-momentum} 中取 $v=v_h=u_h-r_hu$, 再从 \eqref{eq:ch1-apx2-discrete-momentum} 减去 \eqref{eq:ch1-continuous-stokes-weak-pressure}, 得	equation	eq:ch1-apx2-discrete-momentum	eqref	tex/chapters/chapter-01/section-04.tex:804	tex/chapters/chapter-01/section-04.tex:783	resolved
reference	在 \eqref{eq:ch1-apx2-discrete-pressure} 与 \eqref{eq:ch1-apx2-discrete-momentum} 中取 $v=v_h=u_h-r_hu$, 再从 \eqref{eq:ch1-apx2-discrete-momentum} 减去 \eqref{eq:ch1-continuous-stokes-weak-pressure}, 得	equation	eq:ch1-apx2-discrete-momentum	eqref	tex/chapters/chapter-01/section-04.tex:804	tex/chapters/chapter-01/section-04.tex:783	resolved
reference	在 \eqref{eq:ch1-apx2-discrete-pressure} 与 \eqref{eq:ch1-apx2-discrete-momentum} 中取 $v=v_h=u_h-r_hu$, 再从 \eqref{eq:ch1-apx2-discrete-momentum} 减去 \eqref{eq:ch1-continuous-stokes-weak-pressure}, 得	equation	eq:ch1-continuous-stokes-weak-pressure	eqref	tex/chapters/chapter-01/section-04.tex:804	tex/chapters/chapter-01/section-04.tex:789	resolved
reference	则 \eqref{eq:ch1-apx2-error-identity} 右端等于	equation	eq:ch1-apx2-error-identity	eqref	tex/chapters/chapter-01/section-04.tex:817	tex/chapters/chapter-01/section-04.tex:808	resolved
reference	再利用 \eqref{eq:ch1-apx2-global-bounds},	equation	eq:ch1-apx2-global-bounds	eqref	tex/chapters/chapter-01/section-04.tex:849	tex/chapters/chapter-01/section-04.tex:718	resolved
reference	若 $\Omega$ 的边界不是多边形, \eqref{eq:ch1-apx2-h1-order-one}--\eqref{eq:ch1-apx2-final-order-one} 右端还会像通常那样出现一个 $\rho(h)$ 阶附加误差.	equation	eq:ch1-apx2-h1-order-one	eqref	tex/chapters/chapter-01/section-04.tex:854	tex/chapters/chapter-01/section-04.tex:847	resolved
reference	若 $\Omega$ 的边界不是多边形, \eqref{eq:ch1-apx2-h1-order-one}--\eqref{eq:ch1-apx2-final-order-one} 右端还会像通常那样出现一个 $\rho(h)$ 阶附加误差.	equation	eq:ch1-apx2-final-order-one	eqref	tex/chapters/chapter-01/section-04.tex:854	tex/chapters/chapter-01/section-04.tex:852	resolved
reference	估计 \eqref{eq:ch1-apx2-final-order-one} 并不令人满意, 因为它表明 $u$ 与 $u_h$ 在 $\mathbf H_0^1(\Omega)$ 范数中的误差为 $\rho(h)$ 阶, 而 $u$ 到 $V_h$ 的距离是 $\rho(h)^2$ 阶, 因为该距离由 $\|u-r_hu\|$ 控制.	equation	eq:ch1-apx2-final-order-one	eqref	tex/chapters/chapter-01/section-04.tex:859	tex/chapters/chapter-01/section-04.tex:852	resolved
reference	我们不知道这是因为 \eqref{eq:ch1-apx2-h1-order-one} 并非最优估计, 还是误差 $\|u-u_h\|$ 确实为 $\rho(h)$ 阶. 下一小节改进算法, 得到在 $\mathbf H_0^1(\Omega)$ 范数中误差必为 $\rho(h)^2$ 阶的逼近解.	equation	eq:ch1-apx2-h1-order-one	eqref	tex/chapters/chapter-01/section-04.tex:861	tex/chapters/chapter-01/section-04.tex:847	resolved
reference	现在给出 $H_0^1(\Omega)$ 和 $V$ 的另一个逼近. 它产生与 \eqref{eq:ch1-apx2-stokes-problem} 略有不同的 Stokes 问题逼近算法, 并具有最优阶误差. 相应的 $V$ 逼近记作 (APX2$'$), 逼近空间记作 $\widehat W_h,V_h^+,\ldots$, 而 $W_h,V_h,\ldots$ 仍表示 (APX2) 中的空间.	equation	eq:ch1-apx2-stokes-problem	eqref	tex/chapters/chapter-01/section-04.tex:867	tex/chapters/chapter-01/section-04.tex:748	resolved
reference	其中 $W_h$ 是 \ref{subsubsec:ch1-degree-two-h01} 中的空间. 因为 $W_h\cap B_h=\{0\}$, 每个 $\widetilde v_h\in\widehat W_h$ 有唯一分解	unknown	subsubsec:ch1-degree-two-h01	ref	tex/chapters/chapter-01/section-04.tex:886	tex/chapters/chapter-01/section-04.tex:297	resolved
reference	命题 \ref{prop:ch1-quadratic-h01-convergence} 的证明立即给出下述结果.	proposition	prop:ch1-quadratic-h01-convergence	ref	tex/chapters/chapter-01/section-04.tex:904	tex/chapters/chapter-01/section-04.tex:409	resolved
reference	的 $\widetilde u_h\in\widehat W_h$ 构成. 虽然 $W_h$ 显然嵌入 $\widehat W_h$, 但 $V_h$ 不包含于 $V_h^+$. $V_h^+$ 中的函数因泡函数而更一般, 但满足比 \eqref{eq:ch1-apx2-discrete-divergence} 更严格的代数关系 \eqref{eq:ch1-apx2prime-discrete-divergence}. 稍后将说明 $V_h$ 与 $V_h^+$ 的特殊关系, 特别是 $\dim V_h=\dim V_h^+$.	equation	eq:ch1-apx2-discrete-divergence	eqref	tex/chapters/chapter-01/section-04.tex:920	tex/chapters/chapter-01/section-04.tex:541	resolved
reference	的 $\widetilde u_h\in\widehat W_h$ 构成. 虽然 $W_h$ 显然嵌入 $\widehat W_h$, 但 $V_h$ 不包含于 $V_h^+$. $V_h^+$ 中的函数因泡函数而更一般, 但满足比 \eqref{eq:ch1-apx2-discrete-divergence} 更严格的代数关系 \eqref{eq:ch1-apx2prime-discrete-divergence}. 稍后将说明 $V_h$ 与 $V_h^+$ 的特殊关系, 特别是 $\dim V_h=\dim V_h^+$.	equation	eq:ch1-apx2prime-discrete-divergence	eqref	tex/chapters/chapter-01/section-04.tex:920	tex/chapters/chapter-01/section-04.tex:918	resolved
reference	在 $V_h^+\subset\mathbf H_0^1(\Omega)$ 上赋予 \eqref{eq:ch1-enriched-h01-product} 的标量积. 延拓算子 $p_h$ 是恒等算子, 范数为 $1$, 因而稳定.	equation	eq:ch1-enriched-h01-product	eqref	tex/chapters/chapter-01/section-04.tex:922	tex/chapters/chapter-01/section-04.tex:897	resolved
reference	其中按分解 \eqref{eq:ch1-enriched-space-decomposition},	equation	eq:ch1-enriched-space-decomposition	eqref	tex/chapters/chapter-01/section-04.tex:929	tex/chapters/chapter-01/section-04.tex:890	resolved
reference	$r_h$ 是 (APX2) 的限制算子. 选择 $t_h\in B_h$, 使 $u_h+t_h\in V_h^+$. 条件 \eqref{eq:ch1-apx2prime-discrete-divergence} 唯一确定 $t_h$, 且	equation	eq:ch1-apx2prime-discrete-divergence	eqref	tex/chapters/chapter-01/section-04.tex:934	tex/chapters/chapter-01/section-04.tex:918	resolved
reference	由 \eqref{eq:ch1-apx2prime-restriction}--\eqref{eq:ch1-apx2prime-bubble-coefficients} 定义的 $\widetilde u_h$ 属于 $V_h^+$.	equation	eq:ch1-apx2prime-restriction	eqref	tex/chapters/chapter-01/section-04.tex:951	tex/chapters/chapter-01/section-04.tex:927	resolved
reference	由 \eqref{eq:ch1-apx2prime-restriction}--\eqref{eq:ch1-apx2prime-bubble-coefficients} 定义的 $\widetilde u_h$ 属于 $V_h^+$.	equation	eq:ch1-apx2prime-bubble-coefficients	eqref	tex/chapters/chapter-01/section-04.tex:951	tex/chapters/chapter-01/section-04.tex:945	resolved
reference	对每个 $S\in T_h$, 只需验证 \eqref{eq:ch1-apx2prime-discrete-divergence} 对 $q=1,x_1,x_2$ 成立. 当 $q=1$ 时,	equation	eq:ch1-apx2prime-discrete-divergence	eqref	tex/chapters/chapter-01/section-04.tex:955	tex/chapters/chapter-01/section-04.tex:918	resolved
reference	(由 Green 公式和 $\beta_{hS}=0$ 在 $\partial S$ 上), 再用下一个引理, 条件恰等价于 \eqref{eq:ch1-apx2prime-bubble-coefficients}.	equation	eq:ch1-apx2prime-bubble-coefficients	eqref	tex/chapters/chapter-01/section-04.tex:974	tex/chapters/chapter-01/section-04.tex:945	resolved
reference	最后一个不含 $J$ 的积分等于 $1/120$, 因而得到 \eqref{eq:ch1-bubble-integral}.	equation	eq:ch1-bubble-integral	eqref	tex/chapters/chapter-01/section-04.tex:1004	tex/chapters/chapter-01/section-04.tex:983	resolved
reference	定义 \ref{def:ch1-convergent-external-approximation} 的条件 (C2) 用与命题 \ref{prop:ch1-apx2-stable-convergent} 完全相同的论证证明.	definition	def:ch1-convergent-external-approximation	ref	tex/chapters/chapter-01/section-04.tex:1014	tex/chapters/chapter-01/section-03.tex:107	resolved
reference	定义 \ref{def:ch1-convergent-external-approximation} 的条件 (C2) 用与命题 \ref{prop:ch1-apx2-stable-convergent} 完全相同的论证证明.	proposition	prop:ch1-apx2-stable-convergent	ref	tex/chapters/chapter-01/section-04.tex:1014	tex/chapters/chapter-01/section-04.tex:631	resolved
reference	其中 $t_h$ 由 \eqref{eq:ch1-apx2prime-bubble-corrector}--\eqref{eq:ch1-apx2prime-bubble-coefficients} 定义. 因为 $\operatorname{div}u=0$,	equation	eq:ch1-apx2prime-bubble-corrector	eqref	tex/chapters/chapter-01/section-04.tex:1021	tex/chapters/chapter-01/section-04.tex:937	resolved
reference	其中 $t_h$ 由 \eqref{eq:ch1-apx2prime-bubble-corrector}--\eqref{eq:ch1-apx2prime-bubble-coefficients} 定义. 因为 $\operatorname{div}u=0$,	equation	eq:ch1-apx2prime-bubble-coefficients	eqref	tex/chapters/chapter-01/section-04.tex:1021	tex/chapters/chapter-01/section-04.tex:945	resolved
reference	命题 \ref{prop:ch1-apx2-stable-convergent} 证明中的估计给出	proposition	prop:ch1-apx2-stable-convergent	ref	tex/chapters/chapter-01/section-04.tex:1037	tex/chapters/chapter-01/section-04.tex:631	resolved
reference	结合 \eqref{eq:ch1-apx2prime-coefficient-error-form},	equation	eq:ch1-apx2prime-coefficient-error-form	eqref	tex/chapters/chapter-01/section-04.tex:1043	tex/chapters/chapter-01/section-04.tex:1034	resolved
reference	这证明了 \eqref{eq:ch1-apx2prime-bubble-vanishes}.	equation	eq:ch1-apx2prime-bubble-vanishes	eqref	tex/chapters/chapter-01/section-04.tex:1076	tex/chapters/chapter-01/section-04.tex:1019	resolved
reference	由 \eqref{eq:ch1-apx2prime-restriction}, \eqref{eq:ch1-apx2-primary-error}, \eqref{eq:ch1-apx2-corrector-bounds} 与 \eqref{eq:ch1-apx2prime-bubble-gradient-integral}, 推得	equation	eq:ch1-apx2prime-restriction	eqref	tex/chapters/chapter-01/section-04.tex:1082	tex/chapters/chapter-01/section-04.tex:927	resolved
reference	由 \eqref{eq:ch1-apx2prime-restriction}, \eqref{eq:ch1-apx2-primary-error}, \eqref{eq:ch1-apx2-corrector-bounds} 与 \eqref{eq:ch1-apx2prime-bubble-gradient-integral}, 推得	equation	eq:ch1-apx2-primary-error	eqref	tex/chapters/chapter-01/section-04.tex:1082	tex/chapters/chapter-01/section-04.tex:675	resolved
reference	由 \eqref{eq:ch1-apx2prime-restriction}, \eqref{eq:ch1-apx2-primary-error}, \eqref{eq:ch1-apx2-corrector-bounds} 与 \eqref{eq:ch1-apx2prime-bubble-gradient-integral}, 推得	equation	eq:ch1-apx2-corrector-bounds	eqref	tex/chapters/chapter-01/section-04.tex:1082	tex/chapters/chapter-01/section-04.tex:707	resolved
reference	由 \eqref{eq:ch1-apx2prime-restriction}, \eqref{eq:ch1-apx2-primary-error}, \eqref{eq:ch1-apx2-corrector-bounds} 与 \eqref{eq:ch1-apx2prime-bubble-gradient-integral}, 推得	equation	eq:ch1-apx2prime-bubble-gradient-integral	eqref	tex/chapters/chapter-01/section-04.tex:1082	tex/chapters/chapter-01/section-04.tex:1068	resolved
reference	若 $\Omega=\Omega(h)$, 则 \eqref{eq:ch1-apx2prime-uniform-bounds} 对每个	equation	eq:ch1-apx2prime-uniform-bounds	eqref	tex/chapters/chapter-01/section-04.tex:1094	tex/chapters/chapter-01/section-04.tex:1090	resolved
reference	\emph{Stokes 问题的逼近.} 在 \eqref{eq:ch1-discrete-variational-problem} 中取	equation	eq:ch1-discrete-variational-problem	eqref	tex/chapters/chapter-01/section-04.tex:1103	tex/chapters/chapter-01/section-03.tex:221	resolved
reference	解存在且唯一; 应用定理 \ref{thm:ch1-general-approximation-convergence} 得下述收敛结果.	theorem	thm:ch1-general-approximation-convergence	ref	tex/chapters/chapter-01/section-04.tex:1121	tex/chapters/chapter-01/section-03.tex:244	resolved
reference	若 $\rho(h)\to0$ 且 $\sigma(h)\leq\alpha$(即 $h\in\mathcal H_\alpha$), 则 \eqref{eq:ch1-apx2prime-stokes-problem} 的解 $\widetilde u_h$ 在 $\mathbf H_0^1(\Omega)$ 范数中收敛到 \eqref{eq:ch1-stokes-variational-problem} 的解 $u$.	equation	eq:ch1-apx2prime-stokes-problem	eqref	tex/chapters/chapter-01/section-04.tex:1126	tex/chapters/chapter-01/section-04.tex:1119	resolved
reference	若 $\rho(h)\to0$ 且 $\sigma(h)\leq\alpha$(即 $h\in\mathcal H_\alpha$), 则 \eqref{eq:ch1-apx2prime-stokes-problem} 的解 $\widetilde u_h$ 在 $\mathbf H_0^1(\Omega)$ 范数中收敛到 \eqref{eq:ch1-stokes-variational-problem} 的解 $u$.	equation	eq:ch1-stokes-variational-problem	eqref	tex/chapters/chapter-01/section-04.tex:1126	tex/chapters/chapter-01/section-02.tex:45	resolved
reference	\emph{压力逼近.} 如 \eqref{eq:ch1-apx2-discrete-momentum} 那样引入压力逼近. 此时逼近压力 $\widetilde\pi_h$ 在每个三角形上为分片线性函数. 线性型	equation	eq:ch1-apx2-discrete-momentum	eqref	tex/chapters/chapter-01/section-04.tex:1129	tex/chapters/chapter-01/section-04.tex:783	resolved
reference	定义在 $\widehat W_h$ 上并在 $V_h^+$ 上消失. 由于 $V_h^+$ 由 \eqref{eq:ch1-apx2prime-discrete-divergence} 中 $q=1,x_1,x_2$ 的约束刻画, 存在 Lagrange 乘子 $\lambda_S^i$, $i=0,1,2$, $S\in T_h$, 使	equation	eq:ch1-apx2prime-discrete-divergence	eqref	tex/chapters/chapter-01/section-04.tex:1134	tex/chapters/chapter-01/section-04.tex:918	resolved
reference	$u\in\mathbf C^3(\overline\Omega)$, $p\in C^2(\overline\Omega)$. 由注 \ref{rem:ch1-apx2prime-interpolation-bounds},	remark	rem:ch1-apx2prime-interpolation-bounds	ref	tex/chapters/chapter-01/section-04.tex:1154	tex/chapters/chapter-01/section-04.tex:1081	resolved
reference	在 \eqref{eq:ch1-apx2prime-discrete-momentum} 与	equation	eq:ch1-apx2prime-discrete-momentum	eqref	tex/chapters/chapter-01/section-04.tex:1160	tex/chapters/chapter-01/section-04.tex:1150	resolved
reference	\eqref{eq:ch1-continuous-stokes-weak-pressure} 中取	equation	eq:ch1-continuous-stokes-weak-pressure	eqref	tex/chapters/chapter-01/section-04.tex:1161	tex/chapters/chapter-01/section-04.tex:789	resolved
reference	\eqref{eq:ch1-apx2prime-error-identity} 右端也等于	equation	eq:ch1-apx2prime-error-identity	eqref	tex/chapters/chapter-01/section-04.tex:1179	tex/chapters/chapter-01/section-04.tex:1167	resolved
reference	现在给出 $V_h$ 与 $V_h^+$ 之间的简单代数关系: 存在从 $V_h^+$ 到 $V_h$ 的简单同构 $\Lambda_h$. 这说明两空间维数相同, 并可把格式 \eqref{eq:ch1-apx2prime-stokes-problem} 解释为 $V_h$ 中的格式. 这种格式更容易求解, 因为每个 $S\in T_h$ 上只有一个而非三个线性约束.	equation	eq:ch1-apx2prime-stokes-problem	eqref	tex/chapters/chapter-01/section-04.tex:1199	tex/chapters/chapter-01/section-04.tex:1119	resolved
reference	\ref{lem:ch1-apx2prime-restriction-in-vhplus} 的证明相同, 而 $t_h$ 仍由	lemma	lem:ch1-apx2prime-restriction-in-vhplus	ref	tex/chapters/chapter-01/section-04.tex:1221	tex/chapters/chapter-01/section-04.tex:950	resolved
reference	\eqref{eq:ch1-apx2prime-bubble-corrector}--\eqref{eq:ch1-apx2prime-bubble-coefficients} 给出.	equation	eq:ch1-apx2prime-bubble-corrector	eqref	tex/chapters/chapter-01/section-04.tex:1222	tex/chapters/chapter-01/section-04.tex:937	resolved
reference	\eqref{eq:ch1-apx2prime-bubble-corrector}--\eqref{eq:ch1-apx2prime-bubble-coefficients} 给出.	equation	eq:ch1-apx2prime-bubble-coefficients	eqref	tex/chapters/chapter-01/section-04.tex:1222	tex/chapters/chapter-01/section-04.tex:945	resolved
reference	由引理 \ref{lem:ch1-vhplus-vh-isomorphism}, 格式	lemma	lem:ch1-vhplus-vh-isomorphism	ref	tex/chapters/chapter-01/section-04.tex:1225	tex/chapters/chapter-01/section-04.tex:1207	resolved
reference	\eqref{eq:ch1-apx2prime-stokes-problem} 可写为	equation	eq:ch1-apx2prime-stokes-problem	eqref	tex/chapters/chapter-01/section-04.tex:1226	tex/chapters/chapter-01/section-04.tex:1119	resolved
reference	其中 $t_h(u_h)\in B_h$ 由引理 \ref{lem:ch1-vhplus-vh-isomorphism} 和	lemma	lem:ch1-vhplus-vh-isomorphism	ref	tex/chapters/chapter-01/section-04.tex:1235	tex/chapters/chapter-01/section-04.tex:1207	resolved
reference	\eqref{eq:ch1-apx2prime-bubble-corrector}--\eqref{eq:ch1-apx2prime-bubble-coefficients} 给出.	equation	eq:ch1-apx2prime-bubble-corrector	eqref	tex/chapters/chapter-01/section-04.tex:1236	tex/chapters/chapter-01/section-04.tex:937	resolved
reference	\eqref{eq:ch1-apx2prime-bubble-corrector}--\eqref{eq:ch1-apx2prime-bubble-coefficients} 给出.	equation	eq:ch1-apx2prime-bubble-coefficients	eqref	tex/chapters/chapter-01/section-04.tex:1236	tex/chapters/chapter-01/section-04.tex:945	resolved
reference	证明与引理 \ref{lem:ch1-quadratic-simplex-interpolation} 完全相同. $\varphi$ 的系数是方程数与未知数数目相同的线性方程组的解; 只需验证	lemma	lem:ch1-quadratic-simplex-interpolation	ref	tex/chapters/chapter-01/section-04.tex:1276	tex/chapters/chapter-01/section-04.tex:319	resolved
reference	\eqref{eq:ch1-cubic-tetrahedron-formula} 右端对任意数据	equation	eq:ch1-cubic-tetrahedron-formula	eqref	tex/chapters/chapter-01/section-04.tex:1277	tex/chapters/chapter-01/section-04.tex:1271	resolved
reference	$h\in\mathcal H_\alpha$ 时, $r_hu\to u$ 在 $\mathbf H_0^1(\Omega)$ 中成立. Hermite 型插值多项式的 \eqref{eq:ch1-general-simplex-interpolation-error} 类似物给出	equation	eq:ch1-general-simplex-interpolation-error	eqref	tex/chapters/chapter-01/section-04.tex:1338	tex/chapters/chapter-01/section-04.tex:505	resolved
reference	\eqref{eq:ch1-cubic-wh-product} 的标量积. 延拓算子 $p_h$ 是恒等算子.	equation	eq:ch1-cubic-wh-product	eqref	tex/chapters/chapter-01/section-04.tex:1376	tex/chapters/chapter-01/section-04.tex:1314	resolved
reference	该命题的证明与命题 \ref{prop:ch1-apx2-stable-convergent} 的证明相同. Stokes 问题的逼近也可完全按照 \ref{subsec:ch1-degree-two-elements} 研究.	proposition	prop:ch1-apx2-stable-convergent	ref	tex/chapters/chapter-01/section-04.tex:1429	tex/chapters/chapter-01/section-04.tex:631	resolved
reference	该命题的证明与命题 \ref{prop:ch1-apx2-stable-convergent} 的证明相同. Stokes 问题的逼近也可完全按照 \ref{subsec:ch1-degree-two-elements} 研究.	subsection	subsec:ch1-degree-two-elements	ref	tex/chapters/chapter-01/section-04.tex:1429	tex/chapters/chapter-01/section-04.tex:292	resolved
reference	这里假设 $\Omega$ 是 $\mathbb R^2$ 中具有 Lipschitz 边界的有界开集. 为简单起见, 假设 $\Omega$ 单连通; 关于多连通情形, 见注记 \ref{rem:ch1-apx4-multiply-connected}.	remark	rem:ch1-apx4-multiply-connected	ref	tex/chapters/chapter-01/section-04.tex:1434	tex/chapters/chapter-01/section-04.tex:1755	resolved
reference	现在的目标是用分片五次多项式函数构造 $H_0^2(\Omega)$ 的逼近, 再借助同构 \eqref{eq:ch1-apx4-stream-isomorphism} 得到 $V$ 的内逼近.	equation	eq:ch1-apx4-stream-isomorphism	eqref	tex/chapters/chapter-01/section-04.tex:1461	tex/chapters/chapter-01/section-04.tex:1457	resolved
reference	$\phi$ 有 21 个系数, 而与 \eqref{eq:ch1-quintic-vertex-data}–\eqref{eq:ch1-quintic-midpoint-data} 对应的条件也给出关于这些未知量的 21 个线性方程. 与引理 \ref{lem:ch1-quadratic-simplex-interpolation} 和引理 \ref{lem:ch1-cubic-tetrahedron-interpolation} 一样, 只需证明对 \eqref{eq:ch1-quintic-vertex-data}–\eqref{eq:ch1-quintic-midpoint-data} 中任意一组数据确实存在解. 这可通过显式构造 $\phi$ 证明, 并得到与 \eqref{eq:ch1-quadratic-barycentric-interpolation} 或 \eqref{eq:ch1-cubic-tetrahedron-formula} 类似的公式. 这里略去这一技术性很强的证明, 证明可见 A. Ženíšek [1] 或 M. Zlámal [1].	equation	eq:ch1-quintic-vertex-data	eqref	tex/chapters/chapter-01/section-04.tex:1495	tex/chapters/chapter-01/section-04.tex:1483	resolved
reference	$\phi$ 有 21 个系数, 而与 \eqref{eq:ch1-quintic-vertex-data}–\eqref{eq:ch1-quintic-midpoint-data} 对应的条件也给出关于这些未知量的 21 个线性方程. 与引理 \ref{lem:ch1-quadratic-simplex-interpolation} 和引理 \ref{lem:ch1-cubic-tetrahedron-interpolation} 一样, 只需证明对 \eqref{eq:ch1-quintic-vertex-data}–\eqref{eq:ch1-quintic-midpoint-data} 中任意一组数据确实存在解. 这可通过显式构造 $\phi$ 证明, 并得到与 \eqref{eq:ch1-quadratic-barycentric-interpolation} 或 \eqref{eq:ch1-cubic-tetrahedron-formula} 类似的公式. 这里略去这一技术性很强的证明, 证明可见 A. Ženíšek [1] 或 M. Zlámal [1].	equation	eq:ch1-quintic-midpoint-data	eqref	tex/chapters/chapter-01/section-04.tex:1495	tex/chapters/chapter-01/section-04.tex:1489	resolved
reference	$\phi$ 有 21 个系数, 而与 \eqref{eq:ch1-quintic-vertex-data}–\eqref{eq:ch1-quintic-midpoint-data} 对应的条件也给出关于这些未知量的 21 个线性方程. 与引理 \ref{lem:ch1-quadratic-simplex-interpolation} 和引理 \ref{lem:ch1-cubic-tetrahedron-interpolation} 一样, 只需证明对 \eqref{eq:ch1-quintic-vertex-data}–\eqref{eq:ch1-quintic-midpoint-data} 中任意一组数据确实存在解. 这可通过显式构造 $\phi$ 证明, 并得到与 \eqref{eq:ch1-quadratic-barycentric-interpolation} 或 \eqref{eq:ch1-cubic-tetrahedron-formula} 类似的公式. 这里略去这一技术性很强的证明, 证明可见 A. Ženíšek [1] 或 M. Zlámal [1].	lemma	lem:ch1-quadratic-simplex-interpolation	ref	tex/chapters/chapter-01/section-04.tex:1495	tex/chapters/chapter-01/section-04.tex:319	resolved
reference	$\phi$ 有 21 个系数, 而与 \eqref{eq:ch1-quintic-vertex-data}–\eqref{eq:ch1-quintic-midpoint-data} 对应的条件也给出关于这些未知量的 21 个线性方程. 与引理 \ref{lem:ch1-quadratic-simplex-interpolation} 和引理 \ref{lem:ch1-cubic-tetrahedron-interpolation} 一样, 只需证明对 \eqref{eq:ch1-quintic-vertex-data}–\eqref{eq:ch1-quintic-midpoint-data} 中任意一组数据确实存在解. 这可通过显式构造 $\phi$ 证明, 并得到与 \eqref{eq:ch1-quadratic-barycentric-interpolation} 或 \eqref{eq:ch1-cubic-tetrahedron-formula} 类似的公式. 这里略去这一技术性很强的证明, 证明可见 A. Ženíšek [1] 或 M. Zlámal [1].	lemma	lem:ch1-cubic-tetrahedron-interpolation	ref	tex/chapters/chapter-01/section-04.tex:1495	tex/chapters/chapter-01/section-04.tex:1256	resolved
reference	$\phi$ 有 21 个系数, 而与 \eqref{eq:ch1-quintic-vertex-data}–\eqref{eq:ch1-quintic-midpoint-data} 对应的条件也给出关于这些未知量的 21 个线性方程. 与引理 \ref{lem:ch1-quadratic-simplex-interpolation} 和引理 \ref{lem:ch1-cubic-tetrahedron-interpolation} 一样, 只需证明对 \eqref{eq:ch1-quintic-vertex-data}–\eqref{eq:ch1-quintic-midpoint-data} 中任意一组数据确实存在解. 这可通过显式构造 $\phi$ 证明, 并得到与 \eqref{eq:ch1-quadratic-barycentric-interpolation} 或 \eqref{eq:ch1-cubic-tetrahedron-formula} 类似的公式. 这里略去这一技术性很强的证明, 证明可见 A. Ženíšek [1] 或 M. Zlámal [1].	equation	eq:ch1-quintic-vertex-data	eqref	tex/chapters/chapter-01/section-04.tex:1495	tex/chapters/chapter-01/section-04.tex:1483	resolved
reference	$\phi$ 有 21 个系数, 而与 \eqref{eq:ch1-quintic-vertex-data}–\eqref{eq:ch1-quintic-midpoint-data} 对应的条件也给出关于这些未知量的 21 个线性方程. 与引理 \ref{lem:ch1-quadratic-simplex-interpolation} 和引理 \ref{lem:ch1-cubic-tetrahedron-interpolation} 一样, 只需证明对 \eqref{eq:ch1-quintic-vertex-data}–\eqref{eq:ch1-quintic-midpoint-data} 中任意一组数据确实存在解. 这可通过显式构造 $\phi$ 证明, 并得到与 \eqref{eq:ch1-quadratic-barycentric-interpolation} 或 \eqref{eq:ch1-cubic-tetrahedron-formula} 类似的公式. 这里略去这一技术性很强的证明, 证明可见 A. Ženíšek [1] 或 M. Zlámal [1].	equation	eq:ch1-quintic-midpoint-data	eqref	tex/chapters/chapter-01/section-04.tex:1495	tex/chapters/chapter-01/section-04.tex:1489	resolved
reference	$\phi$ 有 21 个系数, 而与 \eqref{eq:ch1-quintic-vertex-data}–\eqref{eq:ch1-quintic-midpoint-data} 对应的条件也给出关于这些未知量的 21 个线性方程. 与引理 \ref{lem:ch1-quadratic-simplex-interpolation} 和引理 \ref{lem:ch1-cubic-tetrahedron-interpolation} 一样, 只需证明对 \eqref{eq:ch1-quintic-vertex-data}–\eqref{eq:ch1-quintic-midpoint-data} 中任意一组数据确实存在解. 这可通过显式构造 $\phi$ 证明, 并得到与 \eqref{eq:ch1-quadratic-barycentric-interpolation} 或 \eqref{eq:ch1-cubic-tetrahedron-formula} 类似的公式. 这里略去这一技术性很强的证明, 证明可见 A. Ženíšek [1] 或 M. Zlámal [1].	equation	eq:ch1-quadratic-barycentric-interpolation	eqref	tex/chapters/chapter-01/section-04.tex:1495	tex/chapters/chapter-01/section-04.tex:326	resolved
reference	$\phi$ 有 21 个系数, 而与 \eqref{eq:ch1-quintic-vertex-data}–\eqref{eq:ch1-quintic-midpoint-data} 对应的条件也给出关于这些未知量的 21 个线性方程. 与引理 \ref{lem:ch1-quadratic-simplex-interpolation} 和引理 \ref{lem:ch1-cubic-tetrahedron-interpolation} 一样, 只需证明对 \eqref{eq:ch1-quintic-vertex-data}–\eqref{eq:ch1-quintic-midpoint-data} 中任意一组数据确实存在解. 这可通过显式构造 $\phi$ 证明, 并得到与 \eqref{eq:ch1-quadratic-barycentric-interpolation} 或 \eqref{eq:ch1-cubic-tetrahedron-formula} 类似的公式. 这里略去这一技术性很强的证明, 证明可见 A. Ženíšek [1] 或 M. Zlámal [1].	equation	eq:ch1-cubic-tetrahedron-formula	eqref	tex/chapters/chapter-01/section-04.tex:1495	tex/chapters/chapter-01/section-04.tex:1271	resolved
reference	这来自 Hermite 型多项式插值的 \eqref{eq:ch1-general-simplex-interpolation-error} 和 \eqref{eq:ch1-cubic-local-error} 的类似结果, 见 Ciarlet \& Raviart [1], G. Strang and G. Fix [1], A. Ženíšek [1], 以及 M. Zlámal [1]:	equation	eq:ch1-general-simplex-interpolation-error	eqref	tex/chapters/chapter-01/section-04.tex:1600	tex/chapters/chapter-01/section-04.tex:505	resolved
reference	这来自 Hermite 型多项式插值的 \eqref{eq:ch1-general-simplex-interpolation-error} 和 \eqref{eq:ch1-cubic-local-error} 的类似结果, 见 Ciarlet \& Raviart [1], G. Strang and G. Fix [1], A. Ženíšek [1], 以及 M. Zlámal [1]:	equation	eq:ch1-cubic-local-error	eqref	tex/chapters/chapter-01/section-04.tex:1600	tex/chapters/chapter-01/section-04.tex:1345	resolved
reference	而由 \eqref{eq:ch1-triangulation-domain-exhaustion}, 显然	equation	eq:ch1-triangulation-domain-exhaustion	eqref	tex/chapters/chapter-01/section-04.tex:1624	tex/chapters/chapter-01/section-04.tex:269	resolved
reference	回顾 $\Omega$ 是 $\mathbb R^2$ 中有界单连通集. 使用上述 $H_0^2(\Omega)$ 的逼近和同构 \eqref{eq:ch1-apx4-stream-isomorphism}, 定义 $V$ 的内逼近.	equation	eq:ch1-apx4-stream-isomorphism	eqref	tex/chapters/chapter-01/section-04.tex:1634	tex/chapters/chapter-01/section-04.tex:1457	resolved
reference	\emph{算子 $r_h$.} 设 $u\in\mathcal V$, 并以 $\psi$ 表示相应流函数, 见 \eqref{eq:ch1-apx4-stream-isomorphism}. 显然 $\psi\in\mathcal D(\Omega)$, 可由 \eqref{eq:ch1-apx4-restriction} 定义 $\psi_h\in X_h$. 然后令	equation	eq:ch1-apx4-stream-isomorphism	eqref	tex/chapters/chapter-01/section-04.tex:1659	tex/chapters/chapter-01/section-04.tex:1457	resolved
reference	\emph{算子 $r_h$.} 设 $u\in\mathcal V$, 并以 $\psi$ 表示相应流函数, 见 \eqref{eq:ch1-apx4-stream-isomorphism}. 显然 $\psi\in\mathcal D(\Omega)$, 可由 \eqref{eq:ch1-apx4-restriction} 定义 $\psi_h\in X_h$. 然后令	equation	eq:ch1-apx4-restriction	eqref	tex/chapters/chapter-01/section-04.tex:1659	tex/chapters/chapter-01/section-04.tex:1583	resolved
reference	根据 \eqref{eq:ch1-apx4-stream-isomorphism}, \eqref{eq:ch1-apx4-stream-norm-bound}, \eqref{eq:ch1-apx4-stream-norm-bound}, 有	equation	eq:ch1-apx4-stream-isomorphism	eqref	tex/chapters/chapter-01/section-04.tex:1680	tex/chapters/chapter-01/section-04.tex:1457	resolved
reference	根据 \eqref{eq:ch1-apx4-stream-isomorphism}, \eqref{eq:ch1-apx4-stream-norm-bound}, \eqref{eq:ch1-apx4-stream-norm-bound}, 有	equation	eq:ch1-apx4-stream-norm-bound	eqref	tex/chapters/chapter-01/section-04.tex:1680	tex/chapters/chapter-01/section-04.tex:1654	resolved
reference	根据 \eqref{eq:ch1-apx4-stream-isomorphism}, \eqref{eq:ch1-apx4-stream-norm-bound}, \eqref{eq:ch1-apx4-stream-norm-bound}, 有	equation	eq:ch1-apx4-stream-norm-bound	eqref	tex/chapters/chapter-01/section-04.tex:1680	tex/chapters/chapter-01/section-04.tex:1654	resolved
reference	于是由 \eqref{eq:ch1-apx4-h02-domain-error} 和 \eqref{eq:ch1-apx4-h02-outside-error} 得到 \eqref{eq:ch1-apx4-v-convergence}.	equation	eq:ch1-apx4-h02-domain-error	eqref	tex/chapters/chapter-01/section-04.tex:1684	tex/chapters/chapter-01/section-04.tex:1622	resolved
reference	于是由 \eqref{eq:ch1-apx4-h02-domain-error} 和 \eqref{eq:ch1-apx4-h02-outside-error} 得到 \eqref{eq:ch1-apx4-v-convergence}.	equation	eq:ch1-apx4-h02-outside-error	eqref	tex/chapters/chapter-01/section-04.tex:1684	tex/chapters/chapter-01/section-04.tex:1628	resolved
reference	于是由 \eqref{eq:ch1-apx4-h02-domain-error} 和 \eqref{eq:ch1-apx4-h02-outside-error} 得到 \eqref{eq:ch1-apx4-v-convergence}.	equation	eq:ch1-apx4-v-convergence	eqref	tex/chapters/chapter-01/section-04.tex:1684	tex/chapters/chapter-01/section-04.tex:1678	resolved
reference	在 \eqref{eq:ch1-discrete-variational-problem} 中取	equation	eq:ch1-discrete-variational-problem	eqref	tex/chapters/chapter-01/section-04.tex:1689	tex/chapters/chapter-01/section-03.tex:221	resolved
reference	其中 $\nu$ 和 $f$ 如第 \ref{sec:ch1-stokes-existence-uniqueness} 节所给, 见定理 \ref{thm:ch1-stokes-existence-uniqueness}.	section	sec:ch1-stokes-existence-uniqueness	ref	tex/chapters/chapter-01/section-04.tex:1698	tex/chapters/chapter-01/section-02.tex:3	resolved
reference	其中 $\nu$ 和 $f$ 如第 \ref{sec:ch1-stokes-existence-uniqueness} 节所给, 见定理 \ref{thm:ch1-stokes-existence-uniqueness}.	theorem	thm:ch1-stokes-existence-uniqueness	ref	tex/chapters/chapter-01/section-04.tex:1698	tex/chapters/chapter-01/section-02.tex:119	resolved
reference	与 \eqref{eq:ch1-stokes-variational-problem} 相联系的近似问题为	equation	eq:ch1-stokes-variational-problem	eqref	tex/chapters/chapter-01/section-04.tex:1700	tex/chapters/chapter-01/section-02.tex:45	resolved
reference	问题 \eqref{eq:ch1-apx4-stokes-discrete-problem} 的解 $u_h$ 存在且唯一, 并且由定理 \ref{thm:ch1-general-approximation-convergence} 与命题 \ref{prop:ch1-apx4-v-stable-convergent},	equation	eq:ch1-apx4-stokes-discrete-problem	eqref	tex/chapters/chapter-01/section-04.tex:1711	tex/chapters/chapter-01/section-04.tex:1709	resolved
reference	问题 \eqref{eq:ch1-apx4-stokes-discrete-problem} 的解 $u_h$ 存在且唯一, 并且由定理 \ref{thm:ch1-general-approximation-convergence} 与命题 \ref{prop:ch1-apx4-v-stable-convergent},	theorem	thm:ch1-general-approximation-convergence	ref	tex/chapters/chapter-01/section-04.tex:1711	tex/chapters/chapter-01/section-03.tex:244	resolved
reference	问题 \eqref{eq:ch1-apx4-stokes-discrete-problem} 的解 $u_h$ 存在且唯一, 并且由定理 \ref{thm:ch1-general-approximation-convergence} 与命题 \ref{prop:ch1-apx4-v-stable-convergent},	proposition	prop:ch1-apx4-v-stable-convergent	ref	tex/chapters/chapter-01/section-04.tex:1711	tex/chapters/chapter-01/section-04.tex:1668	resolved
reference	\emph{$u$ 与 $u_h$ 之间的误差.} 假设 $\Omega$ 具有多边形边界, 从而可以选择满足 $\Omega(h)=\Omega$ 的剖分 $T_h$. 再假设 Stokes 问题的解 $u$ 足够光滑, 使 $u\in C^5(\overline\Omega)$. 由 \eqref{eq:ch1-apx4-h02-domain-error} 和 \eqref{eq:ch1-apx4-stream-norm-bound},	equation	eq:ch1-apx4-h02-domain-error	eqref	tex/chapters/chapter-01/section-04.tex:1718	tex/chapters/chapter-01/section-04.tex:1622	resolved
reference	\emph{$u$ 与 $u_h$ 之间的误差.} 假设 $\Omega$ 具有多边形边界, 从而可以选择满足 $\Omega(h)=\Omega$ 的剖分 $T_h$. 再假设 Stokes 问题的解 $u$ 足够光滑, 使 $u\in C^5(\overline\Omega)$. 由 \eqref{eq:ch1-apx4-h02-domain-error} 和 \eqref{eq:ch1-apx4-stream-norm-bound},	equation	eq:ch1-apx4-stream-norm-bound	eqref	tex/chapters/chapter-01/section-04.tex:1718	tex/chapters/chapter-01/section-04.tex:1654	resolved
reference	这里为简单起见, \eqref{eq:ch1-apx4-h02-domain-error} 是对 $\psi\in\mathcal D(\Omega)$ 证明的; 该证明对任意 $\psi\in C^6(\overline\Omega)\cap H_0^2(\Omega)$ 仍然有效.	equation	eq:ch1-apx4-h02-domain-error	eqref	tex/chapters/chapter-01/section-04.tex:1723	tex/chapters/chapter-01/section-04.tex:1622	resolved
reference	由 \eqref{eq:ch1-apx4-interpolation-error} 得到	equation	eq:ch1-apx4-interpolation-error	eqref	tex/chapters/chapter-01/section-04.tex:1747	tex/chapters/chapter-01/section-04.tex:1721	resolved
reference	若 $\Omega$ 是 $\mathbb R^2$ 中的多连通开集, 且 $u\in V$, 则根据引理 \ref{lem:ch1-stream-function-single-valued}, 存在满足 \eqref{eq:ch1-apx4-stream-function} 的函数 $\psi$. 因为 $u$ 在 $\partial\Omega$ 上为零, 函数 $\psi$ 必为单值, $\partial\psi/\partial\nu$ 在 $\partial\Omega$ 上为零, 函数 $\psi$ 必为单值, $\partial\psi/\partial\nu$ 在 $\partial\Omega$ 上为零, $\psi$ 在 $\partial\Omega$ 的外部部分 $\Gamma_0$ 上为零, 并且在 $\partial\Omega$ 的内部连通分支 $\Gamma_1,\Gamma_2,\ldots$ 上为常数.	lemma	lem:ch1-stream-function-single-valued	ref	tex/chapters/chapter-01/section-04.tex:1756	tex/chapters/chapter-01/section-02.tex:806	resolved
reference	若 $\Omega$ 是 $\mathbb R^2$ 中的多连通开集, 且 $u\in V$, 则根据引理 \ref{lem:ch1-stream-function-single-valued}, 存在满足 \eqref{eq:ch1-apx4-stream-function} 的函数 $\psi$. 因为 $u$ 在 $\partial\Omega$ 上为零, 函数 $\psi$ 必为单值, $\partial\psi/\partial\nu$ 在 $\partial\Omega$ 上为零, 函数 $\psi$ 必为单值, $\partial\psi/\partial\nu$ 在 $\partial\Omega$ 上为零, $\psi$ 在 $\partial\Omega$ 的外部部分 $\Gamma_0$ 上为零, 并且在 $\partial\Omega$ 的内部连通分支 $\Gamma_1,\Gamma_2,\ldots$ 上为常数.	equation	eq:ch1-apx4-stream-function	eqref	tex/chapters/chapter-01/section-04.tex:1756	tex/chapters/chapter-01/section-04.tex:1446	resolved
reference	映射 \eqref{eq:ch1-apx4-stream-isomorphism} 在这里给出空间	equation	eq:ch1-apx4-stream-isomorphism	eqref	tex/chapters/chapter-01/section-04.tex:1758	tex/chapters/chapter-01/section-04.tex:1457	resolved
reference	与 $V$ 之间的同构. 对命题 \ref{prop:ch1-apx4-h02-stable-convergent} 作简单调整即可得到 $X$ 的逼近, 再像命题 \ref{prop:ch1-apx4-v-stable-convergent} 那样导出多连通情形下空间 $V$ 的逼近.	proposition	prop:ch1-apx4-h02-stable-convergent	ref	tex/chapters/chapter-01/section-04.tex:1765	tex/chapters/chapter-01/section-04.tex:1588	resolved
reference	与 $V$ 之间的同构. 对命题 \ref{prop:ch1-apx4-h02-stable-convergent} 作简单调整即可得到 $X$ 的逼近, 再像命题 \ref{prop:ch1-apx4-v-stable-convergent} 那样导出多连通情形下空间 $V$ 的逼近.	proposition	prop:ch1-apx4-v-stable-convergent	ref	tex/chapters/chapter-01/section-04.tex:1765	tex/chapters/chapter-01/section-04.tex:1668	resolved
reference	见命题 \ref{prop:ch1-linear-barycentric-interpolation}.	proposition	prop:ch1-linear-barycentric-interpolation	ref	tex/chapters/chapter-01/section-04.tex:1812	tex/chapters/chapter-01/section-04.tex:76	resolved
reference	显然这些函数线性无关且张成整个空间 $W_h$: 由命题 \ref{prop:ch1-linear-barycentric-interpolation}, 任意 $u_h\in W_h$ 可写为	proposition	prop:ch1-linear-barycentric-interpolation	ref	tex/chapters/chapter-01/section-04.tex:1842	tex/chapters/chapter-01/section-04.tex:76	resolved
reference	\emph{空间 $F$ 与算子 $\omega,p_h$.} 与第 \ref{subsec:ch1-finite-difference-approximation} 节一样, 取 $F=L^2(\Omega)^{n+1}$, 并令 $\omega$ 为同构	subsection	subsec:ch1-finite-difference-approximation	ref	tex/chapters/chapter-01/section-04.tex:1869	tex/chapters/chapter-01/section-03.tex:367	resolved
reference	与第 \ref{subsec:ch1-finite-difference-approximation} 节一样, $\widetilde g$ 表示在 $\Omega$ 中等于 $g$, 在 $\Omega$ 的补集中等于零的函数. 各算子 $p_h$ 的范数均为 1, 因而稳定.	subsection	subsec:ch1-finite-difference-approximation	ref	tex/chapters/chapter-01/section-04.tex:1882	tex/chapters/chapter-01/section-03.tex:367	resolved
reference	需要验证定义 \ref{def:ch1-convergent-external-approximation} 中的条件 (C1) 和 (C2).	definition	def:ch1-convergent-external-approximation	ref	tex/chapters/chapter-01/section-04.tex:1899	tex/chapters/chapter-01/section-03.tex:107	resolved
reference	在每个单纯形 $S$ 上, 可对 $u$ 的每个分量应用 \eqref{eq:ch1-general-simplex-interpolation-error}, 得到	equation	eq:ch1-general-simplex-interpolation-error	eqref	tex/chapters/chapter-01/section-04.tex:1912	tex/chapters/chapter-01/section-04.tex:505	resolved
reference	因为这些函数具有包含于 $\Omega$ 的紧支集, \eqref{eq:ch1-nc-weak-function} 和 \eqref{eq:ch1-nc-weak-derivatives} 等价于	equation	eq:ch1-nc-weak-function	eqref	tex/chapters/chapter-01/section-04.tex:1941	tex/chapters/chapter-01/section-04.tex:1933	resolved
reference	因为这些函数具有包含于 $\Omega$ 的紧支集, \eqref{eq:ch1-nc-weak-function} 和 \eqref{eq:ch1-nc-weak-derivatives} 等价于	equation	eq:ch1-nc-weak-derivatives	eqref	tex/chapters/chapter-01/section-04.tex:1941	tex/chapters/chapter-01/section-04.tex:1939	resolved
reference	当 $\rho(h')\to0$, 则 \eqref{eq:ch1-nc-identify-weak-derivative} 成立. 根据第 \ref{subsubsec:ch1-nc-auxiliary-estimates} 节证明的技术估计 \eqref{eq:ch1-nc-jh-h1-estimate},	equation	eq:ch1-nc-identify-weak-derivative	eqref	tex/chapters/chapter-01/section-04.tex:1981	tex/chapters/chapter-01/section-04.tex:1957	resolved
reference	当 $\rho(h')\to0$, 则 \eqref{eq:ch1-nc-identify-weak-derivative} 成立. 根据第 \ref{subsubsec:ch1-nc-auxiliary-estimates} 节证明的技术估计 \eqref{eq:ch1-nc-jh-h1-estimate},	unknown	subsubsec:ch1-nc-auxiliary-estimates	ref	tex/chapters/chapter-01/section-04.tex:1981	tex/chapters/chapter-01/section-04.tex:2435	resolved
reference	当 $\rho(h')\to0$, 则 \eqref{eq:ch1-nc-identify-weak-derivative} 成立. 根据第 \ref{subsubsec:ch1-nc-auxiliary-estimates} 节证明的技术估计 \eqref{eq:ch1-nc-jh-h1-estimate},	equation	eq:ch1-nc-jh-h1-estimate	eqref	tex/chapters/chapter-01/section-04.tex:1981	tex/chapters/chapter-01/section-04.tex:2453	resolved
reference	\emph{离散 Poincaré 不等式.} 下面的离散 Poincaré 不等式使我们能够在上述空间 $W_h$ 上赋予另一个标量积 $((\cdot,\cdot))_h$, 它是 $H_0^1(\Omega)$ 的标量积 $((\cdot,\cdot))$ 的离散类似物, 见 \eqref{eq:ch1-h01-gradient-inner-product} 和命题 \ref{prop:ch1-h01-gradient-inner-product}.	equation	eq:ch1-h01-gradient-inner-product	eqref	tex/chapters/chapter-01/section-04.tex:1990	tex/chapters/chapter-01/section-01.tex:128	resolved
reference	\emph{离散 Poincaré 不等式.} 下面的离散 Poincaré 不等式使我们能够在上述空间 $W_h$ 上赋予另一个标量积 $((\cdot,\cdot))_h$, 它是 $H_0^1(\Omega)$ 的标量积 $((\cdot,\cdot))$ 的离散类似物, 见 \eqref{eq:ch1-h01-gradient-inner-product} 和命题 \ref{prop:ch1-h01-gradient-inner-product}.	proposition	prop:ch1-h01-gradient-inner-product	ref	tex/chapters/chapter-01/section-04.tex:1990	tex/chapters/chapter-01/section-03.tex:720	resolved
reference	设 $\Omega$ 是 $\mathbb R^n$ 中的有界集. 则存在仅依赖于 $\Omega$ 与 \eqref{eq:ch1-regular-triangulation-shape-bound} 中常数 $\alpha$ 的常数 $c(\Omega,\alpha)$, 使得	equation	eq:ch1-regular-triangulation-shape-bound	eqref	tex/chapters/chapter-01/section-04.tex:1995	tex/chapters/chapter-01/section-04.tex:261	resolved
reference	对 \eqref{eq:ch1-nc-wh-expansion} 形式的向量函数也有类似不等式:	equation	eq:ch1-nc-wh-expansion	eqref	tex/chapters/chapter-01/section-04.tex:2006	tex/chapters/chapter-01/section-04.tex:1845	resolved
reference	不等式 \eqref{eq:ch1-nc-discrete-poincare-vector} 立即由 \eqref{eq:ch1-nc-discrete-poincare-scalar} 得到. 为证明 \eqref{eq:ch1-nc-discrete-poincare-scalar}, 将证明对每个 \eqref{eq:ch1-nc-scalar-expansion-repeat} 形式的 $u_h$ 以及每个 $\theta\in\mathcal D(\Omega)$,	equation	eq:ch1-nc-discrete-poincare-vector	eqref	tex/chapters/chapter-01/section-04.tex:2021	tex/chapters/chapter-01/section-04.tex:2010	resolved
reference	不等式 \eqref{eq:ch1-nc-discrete-poincare-vector} 立即由 \eqref{eq:ch1-nc-discrete-poincare-scalar} 得到. 为证明 \eqref{eq:ch1-nc-discrete-poincare-scalar}, 将证明对每个 \eqref{eq:ch1-nc-scalar-expansion-repeat} 形式的 $u_h$ 以及每个 $\theta\in\mathcal D(\Omega)$,	equation	eq:ch1-nc-discrete-poincare-scalar	eqref	tex/chapters/chapter-01/section-04.tex:2021	tex/chapters/chapter-01/section-04.tex:1999	resolved
reference	不等式 \eqref{eq:ch1-nc-discrete-poincare-vector} 立即由 \eqref{eq:ch1-nc-discrete-poincare-scalar} 得到. 为证明 \eqref{eq:ch1-nc-discrete-poincare-scalar}, 将证明对每个 \eqref{eq:ch1-nc-scalar-expansion-repeat} 形式的 $u_h$ 以及每个 $\theta\in\mathcal D(\Omega)$,	equation	eq:ch1-nc-discrete-poincare-scalar	eqref	tex/chapters/chapter-01/section-04.tex:2021	tex/chapters/chapter-01/section-04.tex:1999	resolved
reference	不等式 \eqref{eq:ch1-nc-discrete-poincare-vector} 立即由 \eqref{eq:ch1-nc-discrete-poincare-scalar} 得到. 为证明 \eqref{eq:ch1-nc-discrete-poincare-scalar}, 将证明对每个 \eqref{eq:ch1-nc-scalar-expansion-repeat} 形式的 $u_h$ 以及每个 $\theta\in\mathcal D(\Omega)$,	equation	eq:ch1-nc-scalar-expansion-repeat	eqref	tex/chapters/chapter-01/section-04.tex:2021	tex/chapters/chapter-01/section-04.tex:2004	resolved
reference	由于 $\mathcal D(\Omega)$ 在 $L^2(\Omega)$ 中稠密, \eqref{eq:ch1-nc-poincare-duality-bound} 蕴含 \eqref{eq:ch1-nc-discrete-poincare-scalar}.	equation	eq:ch1-nc-poincare-duality-bound	eqref	tex/chapters/chapter-01/section-04.tex:2027	tex/chapters/chapter-01/section-04.tex:2025	resolved
reference	由于 $\mathcal D(\Omega)$ 在 $L^2(\Omega)$ 中稠密, \eqref{eq:ch1-nc-poincare-duality-bound} 蕴含 \eqref{eq:ch1-nc-discrete-poincare-scalar}.	equation	eq:ch1-nc-discrete-poincare-scalar	eqref	tex/chapters/chapter-01/section-04.tex:2027	tex/chapters/chapter-01/section-04.tex:1999	resolved
reference	严格说来, 只有当 $\Omega$ 足够光滑时该不等式才成立. 在一般情形下, 若通过 $\Delta\chi=\theta$, $\chi\in H_0^1(\Omega')$ 定义 $\chi$, 其中 $\Omega'$ 光滑且 $\Omega'\supset\Omega$, 则 \eqref{eq:ch1-nc-dirichlet-h2-estimate} 成立. 这不影响下文.	equation	eq:ch1-nc-dirichlet-h2-estimate	eqref	tex/chapters/chapter-01/section-04.tex:2039	tex/chapters/chapter-01/section-04.tex:2037	resolved
reference	在命题 \ref{prop:ch1-nc-h01-stable-convergent} 的证明中已经考虑过这一表达式. 使用估计 \eqref{eq:ch1-nc-jh-weak-estimate} 得到	proposition	prop:ch1-nc-h01-stable-convergent	ref	tex/chapters/chapter-01/section-04.tex:2090	tex/chapters/chapter-01/section-04.tex:1894	resolved
reference	在命题 \ref{prop:ch1-nc-h01-stable-convergent} 的证明中已经考虑过这一表达式. 使用估计 \eqref{eq:ch1-nc-jh-weak-estimate} 得到	equation	eq:ch1-nc-jh-weak-estimate	eqref	tex/chapters/chapter-01/section-04.tex:2090	tex/chapters/chapter-01/section-04.tex:1985	resolved
reference	由 \eqref{eq:ch1-nc-dirichlet-h2-estimate} 和 \eqref{eq:ch1-nc-jh-component-sum},	equation	eq:ch1-nc-dirichlet-h2-estimate	eqref	tex/chapters/chapter-01/section-04.tex:2099	tex/chapters/chapter-01/section-04.tex:2037	resolved
reference	由 \eqref{eq:ch1-nc-dirichlet-h2-estimate} 和 \eqref{eq:ch1-nc-jh-component-sum},	equation	eq:ch1-nc-jh-component-sum	eqref	tex/chapters/chapter-01/section-04.tex:2099	tex/chapters/chapter-01/section-04.tex:2070	resolved
reference	结合 \eqref{eq:ch1-nc-duality-green-bound} 与 \eqref{eq:ch1-nc-jh-duality-estimate}, 恰好得到 \eqref{eq:ch1-nc-poincare-duality-bound}, 其中	equation	eq:ch1-nc-duality-green-bound	eqref	tex/chapters/chapter-01/section-04.tex:2105	tex/chapters/chapter-01/section-04.tex:2060	resolved
reference	结合 \eqref{eq:ch1-nc-duality-green-bound} 与 \eqref{eq:ch1-nc-jh-duality-estimate}, 恰好得到 \eqref{eq:ch1-nc-poincare-duality-bound}, 其中	equation	eq:ch1-nc-jh-duality-estimate	eqref	tex/chapters/chapter-01/section-04.tex:2105	tex/chapters/chapter-01/section-04.tex:2103	resolved
reference	结合 \eqref{eq:ch1-nc-duality-green-bound} 与 \eqref{eq:ch1-nc-jh-duality-estimate}, 恰好得到 \eqref{eq:ch1-nc-poincare-duality-bound}, 其中	equation	eq:ch1-nc-poincare-duality-bound	eqref	tex/chapters/chapter-01/section-04.tex:2105	tex/chapters/chapter-01/section-04.tex:2025	resolved
reference	并保持命题 \ref{prop:ch1-nc-h01-stable-convergent} 的其他部分不变, 则这个 $H_0^1(\Omega)$ 的逼近仍然稳定且收敛.	proposition	prop:ch1-nc-h01-stable-convergent	ref	tex/chapters/chapter-01/section-04.tex:2120	tex/chapters/chapter-01/section-04.tex:1894	resolved
reference	本命题与命题 \ref{prop:ch1-nc-h01-stable-convergent} 的唯一区别来自算子 $p_h$ 的稳定性. 命题 \ref{prop:ch1-nc-discrete-poincare} 与 \eqref{eq:ch1-nc-discrete-poincare-vector} 完全克服了这一困难, 它们给出	proposition	prop:ch1-nc-h01-stable-convergent	ref	tex/chapters/chapter-01/section-04.tex:2124	tex/chapters/chapter-01/section-04.tex:1894	resolved
reference	本命题与命题 \ref{prop:ch1-nc-h01-stable-convergent} 的唯一区别来自算子 $p_h$ 的稳定性. 命题 \ref{prop:ch1-nc-discrete-poincare} 与 \eqref{eq:ch1-nc-discrete-poincare-vector} 完全克服了这一困难, 它们给出	proposition	prop:ch1-nc-discrete-poincare	ref	tex/chapters/chapter-01/section-04.tex:2124	tex/chapters/chapter-01/section-04.tex:1994	resolved
reference	本命题与命题 \ref{prop:ch1-nc-h01-stable-convergent} 的唯一区别来自算子 $p_h$ 的稳定性. 命题 \ref{prop:ch1-nc-discrete-poincare} 与 \eqref{eq:ch1-nc-discrete-poincare-vector} 完全克服了这一困难, 它们给出	equation	eq:ch1-nc-discrete-poincare-vector	eqref	tex/chapters/chapter-01/section-04.tex:2124	tex/chapters/chapter-01/section-04.tex:2010	resolved
reference	设 $\Omega$ 是 $\mathbb R^n$ 中有界 Lipschitz 集, $\mathcal V$ 是通常的空间 \eqref{eq:ch1-test-divergence-free-space}, $V$ 是它在 $\mathbf H_0^1(\Omega)$ 中的闭包.	equation	eq:ch1-test-divergence-free-space	eqref	tex/chapters/chapter-01/section-04.tex:2135	tex/chapters/chapter-01/section-01.tex:135	resolved
reference	\eqref{eq:ch1-apx5-vh-definition} 中关于 $u_h$ 散度的条件等价于	equation	eq:ch1-apx5-vh-definition	eqref	tex/chapters/chapter-01/section-04.tex:2148	tex/chapters/chapter-01/section-04.tex:2146	resolved
reference	由不等式 \eqref{eq:ch1-nc-discrete-poincare-vector}(或 \eqref{eq:ch1-nc-equivalent-discrete-norms}), 各算子 $p_h$ 稳定.	equation	eq:ch1-nc-discrete-poincare-vector	eqref	tex/chapters/chapter-01/section-04.tex:2161	tex/chapters/chapter-01/section-04.tex:2010	resolved
reference	由不等式 \eqref{eq:ch1-nc-discrete-poincare-vector}(或 \eqref{eq:ch1-nc-equivalent-discrete-norms}), 各算子 $p_h$ 稳定.	equation	eq:ch1-nc-equivalent-discrete-norms	eqref	tex/chapters/chapter-01/section-04.tex:2161	tex/chapters/chapter-01/section-04.tex:2128	resolved
reference	\emph{算子 $r_h$.} 对 $u\in\mathcal V$, 需要定义 $r_hu=u_h\in V_h$. 因为 $u_h$ 必须满足 \eqref{eq:ch1-apx5-elementwise-divergence}, 用于逼近 $H_0^1(\Omega)$ 的算子 $r_h$ 不能满足全部要求. 改取下述算子 $r_h$: $u_h=r_hu$ 由各值 $u_h(B)$, $B\in U_h$, 刻画. 若 $B\in U_h$ 是某个 $n$-单纯形 $S\in T_h$ 的某个 $(n-1)$-维面 $S'$ 的重心, 则令	equation	eq:ch1-apx5-elementwise-divergence	eqref	tex/chapters/chapter-01/section-04.tex:2163	tex/chapters/chapter-01/section-04.tex:2153	resolved
reference	下面说明 $u_h\in V_h$. 因为 $\operatorname{div}u_h$ 在每个单纯形 $S$ 上为常数, 条件 \eqref{eq:ch1-apx5-elementwise-divergence} 等价于	equation	eq:ch1-apx5-elementwise-divergence	eqref	tex/chapters/chapter-01/section-04.tex:2169	tex/chapters/chapter-01/section-04.tex:2153	resolved
reference	其中 $\partial^+S$ 是 $S$ 的 $(n-1)$-维面集合. 由 \eqref{eq:ch1-apx5-face-average-restriction}, 上式等于	equation	eq:ch1-apx5-face-average-restriction	eqref	tex/chapters/chapter-01/section-04.tex:2179	tex/chapters/chapter-01/section-04.tex:2167	resolved
reference	已经指出各 $p_h$ 稳定. 先验证定义 \ref{def:ch1-convergent-external-approximation} 的条件 (C2). 假设	definition	def:ch1-convergent-external-approximation	ref	tex/chapters/chapter-01/section-04.tex:2194	tex/chapters/chapter-01/section-03.tex:107	resolved
reference	与命题 \ref{prop:ch1-nc-h01-stable-convergent} 中完全一样, 可得	proposition	prop:ch1-nc-h01-stable-convergent	ref	tex/chapters/chapter-01/section-04.tex:2200	tex/chapters/chapter-01/section-04.tex:1894	resolved
reference	这里还必须证明 $u\in V$, 即 $\operatorname{div}u=0$. 而 \eqref{eq:ch1-apx5-weak-limit} 特别意味着	equation	eq:ch1-apx5-weak-limit	eqref	tex/chapters/chapter-01/section-04.tex:2206	tex/chapters/chapter-01/section-04.tex:2198	resolved
reference	的函数. 命题 \ref{prop:ch1-nc-h01-stable-convergent} 中已证明	proposition	prop:ch1-nc-h01-stable-convergent	ref	tex/chapters/chapter-01/section-04.tex:2219	tex/chapters/chapter-01/section-04.tex:1894	resolved
reference	由 \eqref{eq:ch1-nc-equivalent-discrete-norms}, 只需证明当 $\rho(h)\to0$ 时 $\|u_h-v_h\|_h\to0$.	equation	eq:ch1-nc-equivalent-discrete-norms	eqref	tex/chapters/chapter-01/section-04.tex:2230	tex/chapters/chapter-01/section-04.tex:2128	resolved
reference	在 $S'$ 上对 \eqref{eq:ch1-apx5-taylor-face-barycenter} 积分, 由 $\int_{S'}(x_i-\beta_i)\,dx=0$ 得	equation	eq:ch1-apx5-taylor-face-barycenter	eqref	tex/chapters/chapter-01/section-04.tex:2243	tex/chapters/chapter-01/section-04.tex:2235	resolved
reference	由 \eqref{eq:ch1-apx5-taylor-remainder},	equation	eq:ch1-apx5-taylor-remainder	eqref	tex/chapters/chapter-01/section-04.tex:2249	tex/chapters/chapter-01/section-04.tex:2241	resolved
reference	由引理 \ref{lem:ch1-barycentric-gradient-bound} 和 \eqref{eq:ch1-regular-triangulation-shape-bound},	lemma	lem:ch1-barycentric-gradient-bound	ref	tex/chapters/chapter-01/section-04.tex:2269	tex/chapters/chapter-01/section-04.tex:137	resolved
reference	由引理 \ref{lem:ch1-barycentric-gradient-bound} 和 \eqref{eq:ch1-regular-triangulation-shape-bound},	equation	eq:ch1-regular-triangulation-shape-bound	eqref	tex/chapters/chapter-01/section-04.tex:2269	tex/chapters/chapter-01/section-04.tex:261	resolved
reference	使用上述 $V$ 的逼近及第 \ref{subsec:ch1-general-convergence-theorem} 节的一般结果, 可为 Stokes 问题提出另一种格式.	subsection	subsec:ch1-general-convergence-theorem	ref	tex/chapters/chapter-01/section-04.tex:2295	tex/chapters/chapter-01/section-03.tex:186	resolved
reference	问题 \eqref{eq:ch1-apx5-stokes-problem} 的解 $u_h$ 存在且唯一. 若 $\rho(h)\to0$, 且 $h$ 属于正则剖分 $\mathcal H_\alpha$, 则	equation	eq:ch1-apx5-stokes-problem	eqref	tex/chapters/chapter-01/section-04.tex:2319	tex/chapters/chapter-01/section-04.tex:2317	resolved
reference	这当然来自定理 \ref{thm:ch1-general-approximation-convergence}.	theorem	thm:ch1-general-approximation-convergence	ref	tex/chapters/chapter-01/section-04.tex:2330	tex/chapters/chapter-01/section-03.tex:244	resolved
reference	像第 \ref{subsec:ch1-finite-difference-approximation} 节以及其他逼近一样, 可以引入离散压力. 它是下述类型的阶梯函数 $\pi_h$:	subsection	subsec:ch1-finite-difference-approximation	ref	tex/chapters/chapter-01/section-04.tex:2332	tex/chapters/chapter-01/section-03.tex:367	resolved
reference	分别作为 \eqref{eq:ch1-stokes-variational-problem} 与 \eqref{eq:ch1-apx5-velocity-pressure-system} 的解, $u$ 与 $u_h$ 之间的误差可像第 \ref{subsec:ch1-finite-difference-approximation} 节那样估计. 假设 $\Omega$ 有多边形边界, $\Omega(h)=\Omega$, 且 $u\in C^3(\overline\Omega)$, $p\in C^1(\overline\Omega)$. 可用与 \eqref{eq:ch1-apx5-face-average-restriction} 类似的公式定义逼近 $r_hu$, 并且不难看出估计 \eqref{eq:ch1-apx5-global-convergence-estimate} 仍成立:	equation	eq:ch1-stokes-variational-problem	eqref	tex/chapters/chapter-01/section-04.tex:2350	tex/chapters/chapter-01/section-02.tex:45	resolved
reference	分别作为 \eqref{eq:ch1-stokes-variational-problem} 与 \eqref{eq:ch1-apx5-velocity-pressure-system} 的解, $u$ 与 $u_h$ 之间的误差可像第 \ref{subsec:ch1-finite-difference-approximation} 节那样估计. 假设 $\Omega$ 有多边形边界, $\Omega(h)=\Omega$, 且 $u\in C^3(\overline\Omega)$, $p\in C^1(\overline\Omega)$. 可用与 \eqref{eq:ch1-apx5-face-average-restriction} 类似的公式定义逼近 $r_hu$, 并且不难看出估计 \eqref{eq:ch1-apx5-global-convergence-estimate} 仍成立:	equation	eq:ch1-apx5-velocity-pressure-system	eqref	tex/chapters/chapter-01/section-04.tex:2350	tex/chapters/chapter-01/section-04.tex:2342	resolved
reference	分别作为 \eqref{eq:ch1-stokes-variational-problem} 与 \eqref{eq:ch1-apx5-velocity-pressure-system} 的解, $u$ 与 $u_h$ 之间的误差可像第 \ref{subsec:ch1-finite-difference-approximation} 节那样估计. 假设 $\Omega$ 有多边形边界, $\Omega(h)=\Omega$, 且 $u\in C^3(\overline\Omega)$, $p\in C^1(\overline\Omega)$. 可用与 \eqref{eq:ch1-apx5-face-average-restriction} 类似的公式定义逼近 $r_hu$, 并且不难看出估计 \eqref{eq:ch1-apx5-global-convergence-estimate} 仍成立:	subsection	subsec:ch1-finite-difference-approximation	ref	tex/chapters/chapter-01/section-04.tex:2350	tex/chapters/chapter-01/section-03.tex:367	resolved
reference	分别作为 \eqref{eq:ch1-stokes-variational-problem} 与 \eqref{eq:ch1-apx5-velocity-pressure-system} 的解, $u$ 与 $u_h$ 之间的误差可像第 \ref{subsec:ch1-finite-difference-approximation} 节那样估计. 假设 $\Omega$ 有多边形边界, $\Omega(h)=\Omega$, 且 $u\in C^3(\overline\Omega)$, $p\in C^1(\overline\Omega)$. 可用与 \eqref{eq:ch1-apx5-face-average-restriction} 类似的公式定义逼近 $r_hu$, 并且不难看出估计 \eqref{eq:ch1-apx5-global-convergence-estimate} 仍成立:	equation	eq:ch1-apx5-face-average-restriction	eqref	tex/chapters/chapter-01/section-04.tex:2350	tex/chapters/chapter-01/section-04.tex:2167	resolved
reference	分别作为 \eqref{eq:ch1-stokes-variational-problem} 与 \eqref{eq:ch1-apx5-velocity-pressure-system} 的解, $u$ 与 $u_h$ 之间的误差可像第 \ref{subsec:ch1-finite-difference-approximation} 节那样估计. 假设 $\Omega$ 有多边形边界, $\Omega(h)=\Omega$, 且 $u\in C^3(\overline\Omega)$, $p\in C^1(\overline\Omega)$. 可用与 \eqref{eq:ch1-apx5-face-average-restriction} 类似的公式定义逼近 $r_hu$, 并且不难看出估计 \eqref{eq:ch1-apx5-global-convergence-estimate} 仍成立:	equation	eq:ch1-apx5-global-convergence-estimate	eqref	tex/chapters/chapter-01/section-04.tex:2350	tex/chapters/chapter-01/section-04.tex:2288	resolved
reference	设 $u,p$ 表示 \eqref{eq:ch1-stokes-variational-problem}–\eqref{eq:ch1-stokes-weak-incompressibility} 的精确解, 并假设 $u\in C^3(\overline\Omega)$. 则	equation	eq:ch1-stokes-variational-problem	eqref	tex/chapters/chapter-01/section-04.tex:2361	tex/chapters/chapter-01/section-02.tex:45	resolved
reference	设 $u,p$ 表示 \eqref{eq:ch1-stokes-variational-problem}–\eqref{eq:ch1-stokes-weak-incompressibility} 的精确解, 并假设 $u\in C^3(\overline\Omega)$. 则	equation	eq:ch1-stokes-weak-incompressibility	eqref	tex/chapters/chapter-01/section-04.tex:2361	tex/chapters/chapter-01/section-02.tex:73	resolved
reference	取 $v_h=u_h-r_hu$ 并使用 \eqref{eq:ch1-apx5-linear-form}, 得到	equation	eq:ch1-apx5-linear-form	eqref	tex/chapters/chapter-01/section-04.tex:2382	tex/chapters/chapter-01/section-04.tex:2306	resolved
reference	于是估计 \eqref{eq:ch1-apx5-smooth-interpolation-error} 与 \eqref{eq:ch1-apx5-consistency-bound} 给出	equation	eq:ch1-apx5-smooth-interpolation-error	eqref	tex/chapters/chapter-01/section-04.tex:2388	tex/chapters/chapter-01/section-04.tex:2353	resolved
reference	于是估计 \eqref{eq:ch1-apx5-smooth-interpolation-error} 与 \eqref{eq:ch1-apx5-consistency-bound} 给出	equation	eq:ch1-apx5-consistency-bound	eqref	tex/chapters/chapter-01/section-04.tex:2388	tex/chapters/chapter-01/section-04.tex:2370	resolved
reference	更确切地说, \eqref{eq:ch1-apx5-stokes-error} 中的常数 $c$ 只依赖于 $u$ 在 $C^3(\overline\Omega)$ 中的范数和 $p$ 在 $C^1(\overline\Omega)$ 中的范数.	equation	eq:ch1-apx5-stokes-error	eqref	tex/chapters/chapter-01/section-04.tex:2393	tex/chapters/chapter-01/section-04.tex:2391	resolved
reference	\begin{Proof}[引理 \ref{lem:ch1-apx5-consistency} 的证明]	lemma	lem:ch1-apx5-consistency	ref	tex/chapters/chapter-01/section-04.tex:2395	tex/chapters/chapter-01/section-04.tex:2360	resolved
reference	这里用 $\vec\nu$ 表示 $\partial S$ 的单位法向量, 以免与常数 $\nu>0$ 混淆. 对 $\ell_h$ 的估计 \eqref{eq:ch1-apx5-consistency-bound} 完全按照引理 \ref{lem:ch1-nc-boundary-cancellation}, \ref{lem:ch1-nc-boundary-difference} 和 \ref{lem:ch1-nc-boundary-cauchy} 的方法证明, 见第 \ref{subsubsec:ch1-nc-auxiliary-estimates} 节.	equation	eq:ch1-apx5-consistency-bound	eqref	tex/chapters/chapter-01/section-04.tex:2419	tex/chapters/chapter-01/section-04.tex:2370	resolved
reference	这里用 $\vec\nu$ 表示 $\partial S$ 的单位法向量, 以免与常数 $\nu>0$ 混淆. 对 $\ell_h$ 的估计 \eqref{eq:ch1-apx5-consistency-bound} 完全按照引理 \ref{lem:ch1-nc-boundary-cancellation}, \ref{lem:ch1-nc-boundary-difference} 和 \ref{lem:ch1-nc-boundary-cauchy} 的方法证明, 见第 \ref{subsubsec:ch1-nc-auxiliary-estimates} 节.	lemma	lem:ch1-nc-boundary-cancellation	ref	tex/chapters/chapter-01/section-04.tex:2419	tex/chapters/chapter-01/section-04.tex:2461	resolved
reference	这里用 $\vec\nu$ 表示 $\partial S$ 的单位法向量, 以免与常数 $\nu>0$ 混淆. 对 $\ell_h$ 的估计 \eqref{eq:ch1-apx5-consistency-bound} 完全按照引理 \ref{lem:ch1-nc-boundary-cancellation}, \ref{lem:ch1-nc-boundary-difference} 和 \ref{lem:ch1-nc-boundary-cauchy} 的方法证明, 见第 \ref{subsubsec:ch1-nc-auxiliary-estimates} 节.	lemma	lem:ch1-nc-boundary-difference	ref	tex/chapters/chapter-01/section-04.tex:2419	tex/chapters/chapter-01/section-04.tex:2492	resolved
reference	这里用 $\vec\nu$ 表示 $\partial S$ 的单位法向量, 以免与常数 $\nu>0$ 混淆. 对 $\ell_h$ 的估计 \eqref{eq:ch1-apx5-consistency-bound} 完全按照引理 \ref{lem:ch1-nc-boundary-cancellation}, \ref{lem:ch1-nc-boundary-difference} 和 \ref{lem:ch1-nc-boundary-cauchy} 的方法证明, 见第 \ref{subsubsec:ch1-nc-auxiliary-estimates} 节.	lemma	lem:ch1-nc-boundary-cauchy	ref	tex/chapters/chapter-01/section-04.tex:2419	tex/chapters/chapter-01/section-04.tex:2539	resolved
reference	这里用 $\vec\nu$ 表示 $\partial S$ 的单位法向量, 以免与常数 $\nu>0$ 混淆. 对 $\ell_h$ 的估计 \eqref{eq:ch1-apx5-consistency-bound} 完全按照引理 \ref{lem:ch1-nc-boundary-cancellation}, \ref{lem:ch1-nc-boundary-difference} 和 \ref{lem:ch1-nc-boundary-cauchy} 的方法证明, 见第 \ref{subsubsec:ch1-nc-auxiliary-estimates} 节.	unknown	subsubsec:ch1-nc-auxiliary-estimates	ref	tex/chapters/chapter-01/section-04.tex:2419	tex/chapters/chapter-01/section-04.tex:2435	resolved
reference	使用引理 \ref{lem:ch1-nc-boundary-cancellation} 的记号,	lemma	lem:ch1-nc-boundary-cancellation	ref	tex/chapters/chapter-01/section-04.tex:2493	tex/chapters/chapter-01/section-04.tex:2461	resolved
reference	若面 $S'$ 属于 $\Omega(h)$ 的边界, 则 $u_h(B)=0$, 该面对和的贡献为零. 若 $S'$ 属于两个相邻单纯形的边界, 则该面对和给出两个符号相反的项: 两项中的 $u_h(B)$ 和 $\phi(x)$ 相同, 而从两个单纯形边界看待 $S'$ 时, $\nu_{i,S'}$ 大小相同、符号相反. 因而 \eqref{eq:ch1-nc-jh-barycenter-cancellation} 中的和为零.	equation	eq:ch1-nc-jh-barycenter-cancellation	eqref	tex/chapters/chapter-01/section-04.tex:2516	tex/chapters/chapter-01/section-04.tex:2514	resolved
reference	则容易由 \eqref{eq:ch1-nc-jh-subtract-barycenter} 推出 \eqref{eq:ch1-nc-jh-difference-form}. 而为证明 \eqref{eq:ch1-nc-jh-average-cancellation}, 只需注意	equation	eq:ch1-nc-jh-subtract-barycenter	eqref	tex/chapters/chapter-01/section-04.tex:2524	tex/chapters/chapter-01/section-04.tex:2508	resolved
reference	则容易由 \eqref{eq:ch1-nc-jh-subtract-barycenter} 推出 \eqref{eq:ch1-nc-jh-difference-form}. 而为证明 \eqref{eq:ch1-nc-jh-average-cancellation}, 只需注意	equation	eq:ch1-nc-jh-difference-form	eqref	tex/chapters/chapter-01/section-04.tex:2524	tex/chapters/chapter-01/section-04.tex:2498	resolved
reference	则容易由 \eqref{eq:ch1-nc-jh-subtract-barycenter} 推出 \eqref{eq:ch1-nc-jh-difference-form}. 而为证明 \eqref{eq:ch1-nc-jh-average-cancellation}, 只需注意	equation	eq:ch1-nc-jh-average-cancellation	eqref	tex/chapters/chapter-01/section-04.tex:2524	tex/chapters/chapter-01/section-04.tex:2522	resolved
reference	式 \eqref{eq:ch1-nc-inradius-height-bound} 成立是因为 $S$ 中最大内接球的直径等于 $\rho'_S$, 且该球包含于由含 $S'$ 的超平面和含对顶点的平行超平面围成的区域中.	equation	eq:ch1-nc-inradius-height-bound	eqref	tex/chapters/chapter-01/section-04.tex:2590	tex/chapters/chapter-01/section-04.tex:2588	resolved
reference	使用 \eqref{eq:ch1-triangulation-max-diameter}, \eqref{eq:ch1-regular-triangulation-shape-bound} 并对 \eqref{eq:ch1-nc-jh-pre-cauchy} 应用 Schwarz 不等式, 得到 \eqref{eq:ch1-nc-jh-cauchy-bound}.	equation	eq:ch1-triangulation-max-diameter	eqref	tex/chapters/chapter-01/section-04.tex:2607	tex/chapters/chapter-01/section-04.tex:247	resolved
reference	使用 \eqref{eq:ch1-triangulation-max-diameter}, \eqref{eq:ch1-regular-triangulation-shape-bound} 并对 \eqref{eq:ch1-nc-jh-pre-cauchy} 应用 Schwarz 不等式, 得到 \eqref{eq:ch1-nc-jh-cauchy-bound}.	equation	eq:ch1-regular-triangulation-shape-bound	eqref	tex/chapters/chapter-01/section-04.tex:2607	tex/chapters/chapter-01/section-04.tex:261	resolved
reference	使用 \eqref{eq:ch1-triangulation-max-diameter}, \eqref{eq:ch1-regular-triangulation-shape-bound} 并对 \eqref{eq:ch1-nc-jh-pre-cauchy} 应用 Schwarz 不等式, 得到 \eqref{eq:ch1-nc-jh-cauchy-bound}.	equation	eq:ch1-nc-jh-pre-cauchy	eqref	tex/chapters/chapter-01/section-04.tex:2607	tex/chapters/chapter-01/section-04.tex:2605	resolved
reference	使用 \eqref{eq:ch1-triangulation-max-diameter}, \eqref{eq:ch1-regular-triangulation-shape-bound} 并对 \eqref{eq:ch1-nc-jh-pre-cauchy} 应用 Schwarz 不等式, 得到 \eqref{eq:ch1-nc-jh-cauchy-bound}.	equation	eq:ch1-nc-jh-cauchy-bound	eqref	tex/chapters/chapter-01/section-04.tex:2607	tex/chapters/chapter-01/section-04.tex:2545	resolved
reference	式 \eqref{eq:ch1-nc-global-trace-poincare} 直接由 \eqref{eq:ch1-nc-local-trace-poincare} 得到.	equation	eq:ch1-nc-global-trace-poincare	eqref	tex/chapters/chapter-01/section-04.tex:2628	tex/chapters/chapter-01/section-04.tex:2623	resolved
reference	式 \eqref{eq:ch1-nc-global-trace-poincare} 直接由 \eqref{eq:ch1-nc-local-trace-poincare} 得到.	equation	eq:ch1-nc-local-trace-poincare	eqref	tex/chapters/chapter-01/section-04.tex:2628	tex/chapters/chapter-01/section-04.tex:2617	resolved
reference	若把 \eqref{eq:ch1-nc-local-trace-poincare} 右端的常数 $c(n)\alpha\rho(h)$ 换成依赖于特定单纯形 $S$ 的某个常数 $c(S)$, 则 \eqref{eq:ch1-nc-local-trace-poincare} 是 $H^1(S)$ 中迹定理的显然推论. 式 \eqref{eq:ch1-nc-local-trace-poincare} 的意义在于, 它对 $T_h$ 中各单纯形 $S$ 一致成立.	equation	eq:ch1-nc-local-trace-poincare	eqref	tex/chapters/chapter-01/section-04.tex:2630	tex/chapters/chapter-01/section-04.tex:2617	resolved
reference	若把 \eqref{eq:ch1-nc-local-trace-poincare} 右端的常数 $c(n)\alpha\rho(h)$ 换成依赖于特定单纯形 $S$ 的某个常数 $c(S)$, 则 \eqref{eq:ch1-nc-local-trace-poincare} 是 $H^1(S)$ 中迹定理的显然推论. 式 \eqref{eq:ch1-nc-local-trace-poincare} 的意义在于, 它对 $T_h$ 中各单纯形 $S$ 一致成立.	equation	eq:ch1-nc-local-trace-poincare	eqref	tex/chapters/chapter-01/section-04.tex:2630	tex/chapters/chapter-01/section-04.tex:2617	resolved
reference	若把 \eqref{eq:ch1-nc-local-trace-poincare} 右端的常数 $c(n)\alpha\rho(h)$ 换成依赖于特定单纯形 $S$ 的某个常数 $c(S)$, 则 \eqref{eq:ch1-nc-local-trace-poincare} 是 $H^1(S)$ 中迹定理的显然推论. 式 \eqref{eq:ch1-nc-local-trace-poincare} 的意义在于, 它对 $T_h$ 中各单纯形 $S$ 一致成立.	equation	eq:ch1-nc-local-trace-poincare	eqref	tex/chapters/chapter-01/section-04.tex:2630	tex/chapters/chapter-01/section-04.tex:2617	resolved
reference	为证明 \eqref{eq:ch1-nc-local-trace-poincare}, 作坐标变换, 把 $S$ 映到一个固定单纯形 $\overline S$, 再在 $\overline S$ 中应用迹定理不等式, 最后回到 $S$.	equation	eq:ch1-nc-local-trace-poincare	eqref	tex/chapters/chapter-01/section-04.tex:2632	tex/chapters/chapter-01/section-04.tex:2617	resolved
reference	定义的线性映射. 对 \eqref{eq:ch1-nc-local-trace-poincare} 左端积分作坐标变换得到	equation	eq:ch1-nc-local-trace-poincare	eqref	tex/chapters/chapter-01/section-04.tex:2644	tex/chapters/chapter-01/section-04.tex:2617	resolved
reference	为证明 \eqref{eq:ch1-nc-local-trace-poincare}, 还需证明	equation	eq:ch1-nc-local-trace-poincare	eqref	tex/chapters/chapter-01/section-04.tex:2695	tex/chapters/chapter-01/section-04.tex:2617	resolved
reference	且 $|\Lambda_{nn}|\leq\|\Lambda\|$, \eqref{eq:ch1-nc-determinant-trace-bound} 的左端不超过	equation	eq:ch1-nc-determinant-trace-bound	eqref	tex/chapters/chapter-01/section-04.tex:2707	tex/chapters/chapter-01/section-04.tex:2699	resolved
reference	由引理 \ref{lem:ch1-simplex-linear-map-norms}, 此项不超过	lemma	lem:ch1-simplex-linear-map-norms	ref	tex/chapters/chapter-01/section-04.tex:2711	tex/chapters/chapter-01/section-04.tex:179	resolved
reference	于是得到 \eqref{eq:ch1-nc-determinant-trace-bound}, 引理证明完毕. 这里 $\Lambda_{nn}$ 是 $\Lambda$ 的 $(n,n)$ 元素; 由于坐标轴的选择, $\Lambda_{in}=0$, $1\leq i\leq n-1$.	equation	eq:ch1-nc-determinant-trace-bound	eqref	tex/chapters/chapter-01/section-04.tex:2718	tex/chapters/chapter-01/section-04.tex:2699	resolved
reference	现在估计 \eqref{eq:ch1-nc-jh-h1-estimate} 显然由 \eqref{eq:ch1-nc-jh-cauchy-bound} 和 \eqref{eq:ch1-nc-global-trace-poincare} 得到.	equation	eq:ch1-nc-jh-h1-estimate	eqref	tex/chapters/chapter-01/section-04.tex:2721	tex/chapters/chapter-01/section-04.tex:2453	resolved
reference	现在估计 \eqref{eq:ch1-nc-jh-h1-estimate} 显然由 \eqref{eq:ch1-nc-jh-cauchy-bound} 和 \eqref{eq:ch1-nc-global-trace-poincare} 得到.	equation	eq:ch1-nc-jh-cauchy-bound	eqref	tex/chapters/chapter-01/section-04.tex:2721	tex/chapters/chapter-01/section-04.tex:2545	resolved
reference	现在估计 \eqref{eq:ch1-nc-jh-h1-estimate} 显然由 \eqref{eq:ch1-nc-jh-cauchy-bound} 和 \eqref{eq:ch1-nc-global-trace-poincare} 得到.	equation	eq:ch1-nc-global-trace-poincare	eqref	tex/chapters/chapter-01/section-04.tex:2721	tex/chapters/chapter-01/section-04.tex:2623	resolved
reference	从 $J_h^i$ 的表达式 \eqref{eq:ch1-nc-jh-difference-form} 出发, 将基本沿用引理 \ref{lem:ch1-nc-boundary-cauchy} 和 \ref{lem:ch1-nc-uniform-trace} 的方法. 主要区别在于, 积分的 Schwarz 不等式被具有适当指数的 Hölder 不等式替代.	equation	eq:ch1-nc-jh-difference-form	eqref	tex/chapters/chapter-01/section-04.tex:2737	tex/chapters/chapter-01/section-04.tex:2498	resolved
reference	从 $J_h^i$ 的表达式 \eqref{eq:ch1-nc-jh-difference-form} 出发, 将基本沿用引理 \ref{lem:ch1-nc-boundary-cauchy} 和 \ref{lem:ch1-nc-uniform-trace} 的方法. 主要区别在于, 积分的 Schwarz 不等式被具有适当指数的 Hölder 不等式替代.	lemma	lem:ch1-nc-boundary-cauchy	ref	tex/chapters/chapter-01/section-04.tex:2737	tex/chapters/chapter-01/section-04.tex:2539	resolved
reference	从 $J_h^i$ 的表达式 \eqref{eq:ch1-nc-jh-difference-form} 出发, 将基本沿用引理 \ref{lem:ch1-nc-boundary-cauchy} 和 \ref{lem:ch1-nc-uniform-trace} 的方法. 主要区别在于, 积分的 Schwarz 不等式被具有适当指数的 Hölder 不等式替代.	lemma	lem:ch1-nc-uniform-trace	ref	tex/chapters/chapter-01/section-04.tex:2737	tex/chapters/chapter-01/section-04.tex:2612	resolved
reference	与引理 \ref{lem:ch1-nc-boundary-cauchy} 一样, 在面 $S'$ 上写成	lemma	lem:ch1-nc-boundary-cauchy	ref	tex/chapters/chapter-01/section-04.tex:2754	tex/chapters/chapter-01/section-04.tex:2539	resolved
reference	最后一个不等式是 Hölder 不等式. 求和即得 \eqref{eq:ch1-nc-jh-holder-face}.	equation	eq:ch1-nc-jh-holder-face	eqref	tex/chapters/chapter-01/section-04.tex:2776	tex/chapters/chapter-01/section-04.tex:2748	resolved
reference	完全按照引理 \ref{lem:ch1-nc-uniform-trace} 的方法, 并使用相同记号. 令 $\sigma(x)=\phi(x)-\phi(S')$, 则	lemma	lem:ch1-nc-uniform-trace	ref	tex/chapters/chapter-01/section-04.tex:2798	tex/chapters/chapter-01/section-04.tex:2612	resolved
reference	使用引理 \ref{lem:ch1-nc-uniform-trace} 中给出的上界, 可见	lemma	lem:ch1-nc-uniform-trace	ref	tex/chapters/chapter-01/section-04.tex:2818	tex/chapters/chapter-01/section-04.tex:2612	resolved
reference	并由引理 \ref{lem:ch1-simplex-linear-map-norms} 有	lemma	lem:ch1-simplex-linear-map-norms	ref	tex/chapters/chapter-01/section-04.tex:2860	tex/chapters/chapter-01/section-04.tex:179	resolved
reference	为证明 \eqref{eq:ch1-nc-jh-lp-intermediate}, 结合 \eqref{eq:ch1-nc-jh-holder-face} 与 \eqref{eq:ch1-nc-trace-holder}. 因为 $1/\gamma+1/\gamma'=1$, 得到	equation	eq:ch1-nc-jh-lp-intermediate	eqref	tex/chapters/chapter-01/section-04.tex:2880	tex/chapters/chapter-01/section-04.tex:2875	resolved
reference	为证明 \eqref{eq:ch1-nc-jh-lp-intermediate}, 结合 \eqref{eq:ch1-nc-jh-holder-face} 与 \eqref{eq:ch1-nc-trace-holder}. 因为 $1/\gamma+1/\gamma'=1$, 得到	equation	eq:ch1-nc-jh-holder-face	eqref	tex/chapters/chapter-01/section-04.tex:2880	tex/chapters/chapter-01/section-04.tex:2748	resolved
reference	为证明 \eqref{eq:ch1-nc-jh-lp-intermediate}, 结合 \eqref{eq:ch1-nc-jh-holder-face} 与 \eqref{eq:ch1-nc-trace-holder}. 因为 $1/\gamma+1/\gamma'=1$, 得到	equation	eq:ch1-nc-trace-holder	eqref	tex/chapters/chapter-01/section-04.tex:2880	tex/chapters/chapter-01/section-04.tex:2793	resolved
reference	由 \eqref{eq:ch1-nc-inradius-height-bound},	equation	eq:ch1-nc-inradius-height-bound	eqref	tex/chapters/chapter-01/section-04.tex:2890	tex/chapters/chapter-01/section-04.tex:2588	resolved
reference	用此上界从 \eqref{eq:ch1-nc-jh-measure-sum} 推出	equation	eq:ch1-nc-jh-measure-sum	eqref	tex/chapters/chapter-01/section-04.tex:2914	tex/chapters/chapter-01/section-04.tex:2897	resolved
reference	现在, 要得到 \eqref{eq:ch1-nc-jh-lp-intermediate}, 只需证明	equation	eq:ch1-nc-jh-lp-intermediate	eqref	tex/chapters/chapter-01/section-04.tex:2930	tex/chapters/chapter-01/section-04.tex:2875	resolved
reference	在记号作适当修改后, 下一个引理将证明 \eqref{eq:ch1-nc-discrete-lp-lq}.	equation	eq:ch1-nc-discrete-lp-lq	eqref	tex/chapters/chapter-01/section-04.tex:2950	tex/chapters/chapter-01/section-04.tex:2937	resolved
reference	然后对 $N$ 归纳. 假设 \eqref{eq:ch1-finite-sequence-lp-lq} 对 $N-1$ 项成立, 写成	equation	eq:ch1-finite-sequence-lp-lq	eqref	tex/chapters/chapter-01/section-04.tex:2978	tex/chapters/chapter-01/section-04.tex:2959	resolved
reference	对 \eqref{eq:ch1-finite-sequence-induction} 右端使用已经为 $N=2$ 建立的不等式, 其上界为	equation	eq:ch1-finite-sequence-induction	eqref	tex/chapters/chapter-01/section-04.tex:2994	tex/chapters/chapter-01/section-04.tex:2987	resolved
reference	于是 \eqref{eq:ch1-finite-sequence-lp-lq} 得证.	equation	eq:ch1-finite-sequence-lp-lq	eqref	tex/chapters/chapter-01/section-04.tex:2999	tex/chapters/chapter-01/section-04.tex:2959	resolved
reference	\eqref{eq:ch1-discrete-variational-problem} 的类似式对 $u_h$ 的分量给出矩阵足够稀疏的代数线性方程组. 这只在与 (APX4) 和 (APX5) 对应的格式中成立; 对于与 (APX1)--(APX3) 相关的离散问题, 我们甚至没有 $V_h$ 的显式基.	equation	eq:ch1-discrete-variational-problem	eqref	tex/chapters/chapter-01/section-05.tex:6	tex/chapters/chapter-01/section-03.tex:221	resolved
reference	在第 \ref{subsec:ch1-uzawa-algorithm}--\ref{subsec:ch1-discrete-algorithms} 节中, 我们将研究两种对实际求解离散方程很有用的算法. 第 \ref{subsec:ch1-uzawa-algorithm} 节和第 \ref{subsec:ch1-arrow-hurwicz-algorithm} 节考虑连续情形, 第 \ref{subsec:ch1-discrete-algorithms} 节简要说明如何将它们用于离散问题.	subsection	subsec:ch1-uzawa-algorithm	ref	tex/chapters/chapter-01/section-05.tex:8	tex/chapters/chapter-01/section-05.tex:13	resolved
reference	在第 \ref{subsec:ch1-uzawa-algorithm}--\ref{subsec:ch1-discrete-algorithms} 节中, 我们将研究两种对实际求解离散方程很有用的算法. 第 \ref{subsec:ch1-uzawa-algorithm} 节和第 \ref{subsec:ch1-arrow-hurwicz-algorithm} 节考虑连续情形, 第 \ref{subsec:ch1-discrete-algorithms} 节简要说明如何将它们用于离散问题.	subsection	subsec:ch1-discrete-algorithms	ref	tex/chapters/chapter-01/section-05.tex:8	tex/chapters/chapter-01/section-05.tex:379	resolved
reference	在第 \ref{subsec:ch1-uzawa-algorithm}--\ref{subsec:ch1-discrete-algorithms} 节中, 我们将研究两种对实际求解离散方程很有用的算法. 第 \ref{subsec:ch1-uzawa-algorithm} 节和第 \ref{subsec:ch1-arrow-hurwicz-algorithm} 节考虑连续情形, 第 \ref{subsec:ch1-discrete-algorithms} 节简要说明如何将它们用于离散问题.	subsection	subsec:ch1-uzawa-algorithm	ref	tex/chapters/chapter-01/section-05.tex:8	tex/chapters/chapter-01/section-05.tex:13	resolved
reference	在第 \ref{subsec:ch1-uzawa-algorithm}--\ref{subsec:ch1-discrete-algorithms} 节中, 我们将研究两种对实际求解离散方程很有用的算法. 第 \ref{subsec:ch1-uzawa-algorithm} 节和第 \ref{subsec:ch1-arrow-hurwicz-algorithm} 节考虑连续情形, 第 \ref{subsec:ch1-discrete-algorithms} 节简要说明如何将它们用于离散问题.	subsection	subsec:ch1-arrow-hurwicz-algorithm	ref	tex/chapters/chapter-01/section-05.tex:8	tex/chapters/chapter-01/section-05.tex:220	resolved
reference	在第 \ref{subsec:ch1-uzawa-algorithm}--\ref{subsec:ch1-discrete-algorithms} 节中, 我们将研究两种对实际求解离散方程很有用的算法. 第 \ref{subsec:ch1-uzawa-algorithm} 节和第 \ref{subsec:ch1-arrow-hurwicz-algorithm} 节考虑连续情形, 第 \ref{subsec:ch1-discrete-algorithms} 节简要说明如何将它们用于离散问题.	subsection	subsec:ch1-discrete-algorithms	ref	tex/chapters/chapter-01/section-05.tex:8	tex/chapters/chapter-01/section-05.tex:379	resolved
reference	在命题 \ref{prop:ch1-stokes-energy-minimizer} 中, 我们把 Stokes 问题解释为一个变分问题, 即一个带线性约束的优化问题. 本节和下一节所述算法是经典优化算法. 虽然算法的思想及收敛性的证明来自优化理论, 我们将不直接援引优化理论, 而是给出这些算法并研究其收敛性.	proposition	prop:ch1-stokes-energy-minimizer	ref	tex/chapters/chapter-01/section-05.tex:15	tex/chapters/chapter-01/section-02.tex:300	resolved
reference	考虑定理 \ref{thm:ch1-stokes-existence-uniqueness} 所定义的函数 $u$ 和 $p$. 我们将把 $u,p$ 表示为比它们更容易计算的序列 $u^m,p^m$ 的极限.	theorem	thm:ch1-stokes-existence-uniqueness	ref	tex/chapters/chapter-01/section-05.tex:17	tex/chapters/chapter-01/section-02.tex:119	resolved
reference	由投影定理(定理 \ref{thm:ch1-abstract-projection}), 方程 \eqref{eq:ch1-uzawa-velocity-step} 的解 $u^{m+1}$ 的存在性与唯一性很容易得到. 实际上, $u^{m+1}$ 就是 Dirichlet 问题	theorem	thm:ch1-abstract-projection	ref	tex/chapters/chapter-01/section-05.tex:47	tex/chapters/chapter-01/section-02.tex:131	resolved
reference	由投影定理(定理 \ref{thm:ch1-abstract-projection}), 方程 \eqref{eq:ch1-uzawa-velocity-step} 的解 $u^{m+1}$ 的存在性与唯一性很容易得到. 实际上, $u^{m+1}$ 就是 Dirichlet 问题	equation	eq:ch1-uzawa-velocity-step	eqref	tex/chapters/chapter-01/section-05.tex:47	tex/chapters/chapter-01/section-05.tex:33	resolved
reference	的一个解. 当 $u^{m+1}$ 已知时, $p^{m+1}$ 由 \eqref{eq:ch1-uzawa-pressure-step} 显式给出; 后一方程等价于	equation	eq:ch1-uzawa-pressure-step	eqref	tex/chapters/chapter-01/section-05.tex:57	tex/chapters/chapter-01/section-05.tex:43	resolved
reference	$u$ 和 $p$ 所满足的方程 \eqref{eq:ch1-stokes-weak-momentum} 等价于	equation	eq:ch1-stokes-weak-momentum	eqref	tex/chapters/chapter-01/section-05.tex:77	tex/chapters/chapter-01/section-02.tex:69	resolved
reference	在方程 \eqref{eq:ch1-uzawa-velocity-step} 和 \eqref{eq:ch1-uzawa-exact-variational-equation} 中取 $v=u^{m+1}-u$, 再将所得方程相减, 得	equation	eq:ch1-uzawa-velocity-step	eqref	tex/chapters/chapter-01/section-05.tex:83	tex/chapters/chapter-01/section-05.tex:33	resolved
reference	在方程 \eqref{eq:ch1-uzawa-velocity-step} 和 \eqref{eq:ch1-uzawa-exact-variational-equation} 中取 $v=u^{m+1}-u$, 再将所得方程相减, 得	equation	eq:ch1-uzawa-exact-variational-equation	eqref	tex/chapters/chapter-01/section-05.tex:83	tex/chapters/chapter-01/section-05.tex:81	resolved
reference	在 \eqref{eq:ch1-uzawa-pressure-step} 中取 $q=p^{m+1}-p$, 得	equation	eq:ch1-uzawa-pressure-step	eqref	tex/chapters/chapter-01/section-05.tex:101	tex/chapters/chapter-01/section-05.tex:43	resolved
reference	将方程 \eqref{eq:ch1-uzawa-error-identity} 乘以 $2\rho$, 再与方程 \eqref{eq:ch1-uzawa-pressure-energy} 相加, 得	equation	eq:ch1-uzawa-error-identity	eqref	tex/chapters/chapter-01/section-05.tex:112	tex/chapters/chapter-01/section-05.tex:90	resolved
reference	将方程 \eqref{eq:ch1-uzawa-error-identity} 乘以 $2\rho$, 再与方程 \eqref{eq:ch1-uzawa-pressure-energy} 相加, 得	equation	eq:ch1-uzawa-pressure-energy	eqref	tex/chapters/chapter-01/section-05.tex:112	tex/chapters/chapter-01/section-05.tex:110	resolved
reference	\eqref{eq:ch1-uzawa-combined-energy} 的右端不超过	equation	eq:ch1-uzawa-combined-energy	eqref	tex/chapters/chapter-01/section-05.tex:122	tex/chapters/chapter-01/section-05.tex:120	resolved
reference	不等式 \eqref{eq:ch1-divergence-norm-bound} 对 $v\in\mathcal D(\Omega)$ 容易证明, 再由连续性论证可推广到每个 $v\in\mathbf H_0^1(\Omega)$. 用同一方法还可检验, 若 $n=1$ 或 $3$, 则	equation	eq:ch1-divergence-norm-bound	eqref	tex/chapters/chapter-01/section-05.tex:132	tex/chapters/chapter-01/section-05.tex:130	resolved
reference	将 $m=0,\ldots,N$ 的不等式 \eqref{eq:ch1-uzawa-one-step-bound} 相加, 得	equation	eq:ch1-uzawa-one-step-bound	eqref	tex/chapters/chapter-01/section-05.tex:153	tex/chapters/chapter-01/section-05.tex:151	resolved
reference	由条件 \eqref{eq:ch1-uzawa-step-condition}, 存在某个 $\delta$, 使	equation	eq:ch1-uzawa-step-condition	eqref	tex/chapters/chapter-01/section-05.tex:162	tex/chapters/chapter-01/section-05.tex:71	resolved
reference	固定这样的 $\delta$. 不等式 \eqref{eq:ch1-uzawa-summed-bound} 表明	equation	eq:ch1-uzawa-summed-bound	eqref	tex/chapters/chapter-01/section-05.tex:170	tex/chapters/chapter-01/section-05.tex:160	resolved
reference	由此证明了 $u^{m+1}$ 收敛到 $u$. 由 \eqref{eq:ch1-uzawa-one-step-bound} 还可看出, 序列 $p^m$ 在 $L^2(\Omega)$ 中有界. 因而可从 $p^m$ 中抽取一个子序列 $p^{m'}$, 它在 $L^2(\Omega)$ 中弱收敛到某个元素 $p_*$. 方程 \eqref{eq:ch1-uzawa-velocity-step} 在极限下给出	equation	eq:ch1-uzawa-one-step-bound	eqref	tex/chapters/chapter-01/section-05.tex:182	tex/chapters/chapter-01/section-05.tex:151	resolved
reference	由此证明了 $u^{m+1}$ 收敛到 $u$. 由 \eqref{eq:ch1-uzawa-one-step-bound} 还可看出, 序列 $p^m$ 在 $L^2(\Omega)$ 中有界. 因而可从 $p^m$ 中抽取一个子序列 $p^{m'}$, 它在 $L^2(\Omega)$ 中弱收敛到某个元素 $p_*$. 方程 \eqref{eq:ch1-uzawa-velocity-step} 在极限下给出	equation	eq:ch1-uzawa-velocity-step	eqref	tex/chapters/chapter-01/section-05.tex:182	tex/chapters/chapter-01/section-05.tex:33	resolved
reference	与 \eqref{eq:ch1-uzawa-exact-variational-equation} 比较, 得	equation	eq:ch1-uzawa-exact-variational-equation	eqref	tex/chapters/chapter-01/section-05.tex:187	tex/chapters/chapter-01/section-05.tex:81	resolved
reference	利用投影定理, 容易证明满足 \eqref{eq:ch1-arrow-hurwicz-velocity-step} 的 $u^{m+1}\in\mathbf H_0^1(\Omega)$ 存在且唯一; $u^{m+1}$ 是 Dirichlet 问题	equation	eq:ch1-arrow-hurwicz-velocity-step	eqref	tex/chapters/chapter-01/section-05.tex:254	tex/chapters/chapter-01/section-05.tex:240	resolved
reference	的解. 然后 $p^{m+1}$ 由 \eqref{eq:ch1-arrow-hurwicz-pressure-step} 显式给出; 后一方程等价于	equation	eq:ch1-arrow-hurwicz-pressure-step	eqref	tex/chapters/chapter-01/section-05.tex:266	tex/chapters/chapter-01/section-05.tex:250	resolved
reference	方程 \eqref{eq:ch1-arrow-hurwicz-velocity-step} 和 \eqref{eq:ch1-uzawa-exact-variational-equation} 给出	equation	eq:ch1-arrow-hurwicz-velocity-step	eqref	tex/chapters/chapter-01/section-05.tex:296	tex/chapters/chapter-01/section-05.tex:240	resolved
reference	方程 \eqref{eq:ch1-arrow-hurwicz-velocity-step} 和 \eqref{eq:ch1-uzawa-exact-variational-equation} 给出	equation	eq:ch1-uzawa-exact-variational-equation	eqref	tex/chapters/chapter-01/section-05.tex:296	tex/chapters/chapter-01/section-05.tex:81	resolved
reference	方程 \eqref{eq:ch1-arrow-hurwicz-pressure-step} 取 $q=q^{m+1}$ 可写成	equation	eq:ch1-arrow-hurwicz-pressure-step	eqref	tex/chapters/chapter-01/section-05.tex:318	tex/chapters/chapter-01/section-05.tex:250	resolved
reference	最后一个不等式使用了 \eqref{eq:ch1-divergence-norm-bound}. 因而, 仍取上述 $\delta$,	equation	eq:ch1-divergence-norm-bound	eqref	tex/chapters/chapter-01/section-05.tex:332	tex/chapters/chapter-01/section-05.tex:130	resolved
reference	将不等式 \eqref{eq:ch1-arrow-hurwicz-velocity-energy} 和 \eqref{eq:ch1-arrow-hurwicz-pressure-energy} 相加, 得	equation	eq:ch1-arrow-hurwicz-velocity-energy	eqref	tex/chapters/chapter-01/section-05.tex:343	tex/chapters/chapter-01/section-05.tex:314	resolved
reference	将不等式 \eqref{eq:ch1-arrow-hurwicz-velocity-energy} 和 \eqref{eq:ch1-arrow-hurwicz-pressure-energy} 相加, 得	equation	eq:ch1-arrow-hurwicz-pressure-energy	eqref	tex/chapters/chapter-01/section-05.tex:343	tex/chapters/chapter-01/section-05.tex:341	resolved
reference	若条件 \eqref{eq:ch1-arrow-hurwicz-step-condition} 成立, 则	equation	eq:ch1-arrow-hurwicz-step-condition	eqref	tex/chapters/chapter-01/section-05.tex:355	tex/chapters/chapter-01/section-05.tex:281	resolved
reference	将 $m=0,\ldots,N$ 的不等式 \eqref{eq:ch1-arrow-hurwicz-combined-energy} 相加, 得到一个与 \eqref{eq:ch1-uzawa-summed-bound} 同类型的不等式, 再按定理 \ref{thm:ch1-uzawa-convergence} 的证明即可完成证明.	equation	eq:ch1-arrow-hurwicz-combined-energy	eqref	tex/chapters/chapter-01/section-05.tex:369	tex/chapters/chapter-01/section-05.tex:353	resolved
reference	将 $m=0,\ldots,N$ 的不等式 \eqref{eq:ch1-arrow-hurwicz-combined-energy} 相加, 得到一个与 \eqref{eq:ch1-uzawa-summed-bound} 同类型的不等式, 再按定理 \ref{thm:ch1-uzawa-convergence} 的证明即可完成证明.	equation	eq:ch1-uzawa-summed-bound	eqref	tex/chapters/chapter-01/section-05.tex:369	tex/chapters/chapter-01/section-05.tex:160	resolved
reference	将 $m=0,\ldots,N$ 的不等式 \eqref{eq:ch1-arrow-hurwicz-combined-energy} 相加, 得到一个与 \eqref{eq:ch1-uzawa-summed-bound} 同类型的不等式, 再按定理 \ref{thm:ch1-uzawa-convergence} 的证明即可完成证明.	theorem	thm:ch1-uzawa-convergence	ref	tex/chapters/chapter-01/section-05.tex:369	tex/chapters/chapter-01/section-05.tex:67	resolved
reference	容易把注 \ref{rem:ch1-uzawa-zero-mean-pressure} 推广到这一算法.	remark	rem:ch1-uzawa-zero-mean-pressure	ref	tex/chapters/chapter-01/section-05.tex:375	tex/chapters/chapter-01/section-05.tex:202	resolved
reference	为了实际计算作为 \eqref{eq:ch1-stokes-finite-difference-problem}, \eqref{eq:ch1-discrete-pressure-definition} 和 \eqref{eq:ch1-discrete-momentum-pointwise} 之解的阶梯函数 $u_h$ 和 $\pi_h$, 定义如下形式的两个阶梯函数序列 $u_h^m,\pi_h^m$:	equation	eq:ch1-stokes-finite-difference-problem	eqref	tex/chapters/chapter-01/section-05.tex:383	tex/chapters/chapter-01/section-03.tex:967	resolved
reference	为了实际计算作为 \eqref{eq:ch1-stokes-finite-difference-problem}, \eqref{eq:ch1-discrete-pressure-definition} 和 \eqref{eq:ch1-discrete-momentum-pointwise} 之解的阶梯函数 $u_h$ 和 $\pi_h$, 定义如下形式的两个阶梯函数序列 $u_h^m,\pi_h^m$:	equation	eq:ch1-discrete-pressure-definition	eqref	tex/chapters/chapter-01/section-05.tex:383	tex/chapters/chapter-01/section-03.tex:1063	resolved
reference	为了实际计算作为 \eqref{eq:ch1-stokes-finite-difference-problem}, \eqref{eq:ch1-discrete-pressure-definition} 和 \eqref{eq:ch1-discrete-momentum-pointwise} 之解的阶梯函数 $u_h$ 和 $\pi_h$, 定义如下形式的两个阶梯函数序列 $u_h^m,\pi_h^m$:	equation	eq:ch1-discrete-momentum-pointwise	eqref	tex/chapters/chapter-01/section-05.tex:383	tex/chapters/chapter-01/section-03.tex:1081	resolved
reference	以 \eqref{eq:ch1-discrete-algorithm-pressure-expansion} 形式的任意 $\pi_h^0$ 启动. 当 $\pi_h^m$ 已知时, 由下列方程定义 $u_h^{m+1}$ 和 $\pi_h^{m+1}$:	equation	eq:ch1-discrete-algorithm-pressure-expansion	eqref	tex/chapters/chapter-01/section-05.tex:399	tex/chapters/chapter-01/section-05.tex:393	resolved
reference	其中 $D_h$ 是由 \eqref{eq:ch1-discrete-divergence-operator} 定义的离散散度算子.	equation	eq:ch1-discrete-divergence-operator	eqref	tex/chapters/chapter-01/section-05.tex:414	tex/chapters/chapter-01/section-03.tex:1050	resolved
reference	若 $\rho$ 满足同一条件 \eqref{eq:ch1-uzawa-step-condition}, 重复定理 \ref{thm:ch1-uzawa-convergence} 的证明可知, 当 $m\to\infty$ 时,	equation	eq:ch1-uzawa-step-condition	eqref	tex/chapters/chapter-01/section-05.tex:416	tex/chapters/chapter-01/section-05.tex:71	resolved
reference	若 $\rho$ 满足同一条件 \eqref{eq:ch1-uzawa-step-condition}, 重复定理 \ref{thm:ch1-uzawa-convergence} 的证明可知, 当 $m\to\infty$ 时,	theorem	thm:ch1-uzawa-convergence	ref	tex/chapters/chapter-01/section-05.tex:416	tex/chapters/chapter-01/section-05.tex:67	resolved
reference	分别以 \eqref{eq:ch1-discrete-algorithm-velocity-expansion} 和 \eqref{eq:ch1-discrete-algorithm-pressure-expansion} 形式的任意 $u_h^0,\pi_h^0$ 启动. 当 $u_h^m,\pi_h^m$ 已知时, 由下列方程定义 $u_h^{m+1},\pi_h^{m+1}$:	equation	eq:ch1-discrete-algorithm-velocity-expansion	eqref	tex/chapters/chapter-01/section-05.tex:429	tex/chapters/chapter-01/section-05.tex:388	resolved
reference	分别以 \eqref{eq:ch1-discrete-algorithm-velocity-expansion} 和 \eqref{eq:ch1-discrete-algorithm-pressure-expansion} 形式的任意 $u_h^0,\pi_h^0$ 启动. 当 $u_h^m,\pi_h^m$ 已知时, 由下列方程定义 $u_h^{m+1},\pi_h^{m+1}$:	equation	eq:ch1-discrete-algorithm-pressure-expansion	eqref	tex/chapters/chapter-01/section-05.tex:429	tex/chapters/chapter-01/section-05.tex:393	resolved
reference	若 $\rho$ 满足条件 \eqref{eq:ch1-arrow-hurwicz-step-condition}, 推广定理 \ref{thm:ch1-arrow-hurwicz-convergence} 的证明即可得到收敛性 \eqref{eq:ch1-discrete-uzawa-velocity-convergence}--\eqref{eq:ch1-discrete-uzawa-pressure-convergence}.	equation	eq:ch1-arrow-hurwicz-step-condition	eqref	tex/chapters/chapter-01/section-05.tex:448	tex/chapters/chapter-01/section-05.tex:281	resolved
reference	若 $\rho$ 满足条件 \eqref{eq:ch1-arrow-hurwicz-step-condition}, 推广定理 \ref{thm:ch1-arrow-hurwicz-convergence} 的证明即可得到收敛性 \eqref{eq:ch1-discrete-uzawa-velocity-convergence}--\eqref{eq:ch1-discrete-uzawa-pressure-convergence}.	theorem	thm:ch1-arrow-hurwicz-convergence	ref	tex/chapters/chapter-01/section-05.tex:448	tex/chapters/chapter-01/section-05.tex:277	resolved
reference	若 $\rho$ 满足条件 \eqref{eq:ch1-arrow-hurwicz-step-condition}, 推广定理 \ref{thm:ch1-arrow-hurwicz-convergence} 的证明即可得到收敛性 \eqref{eq:ch1-discrete-uzawa-velocity-convergence}--\eqref{eq:ch1-discrete-uzawa-pressure-convergence}.	equation	eq:ch1-discrete-uzawa-velocity-convergence	eqref	tex/chapters/chapter-01/section-05.tex:448	tex/chapters/chapter-01/section-05.tex:419	resolved
reference	若 $\rho$ 满足条件 \eqref{eq:ch1-arrow-hurwicz-step-condition}, 推广定理 \ref{thm:ch1-arrow-hurwicz-convergence} 的证明即可得到收敛性 \eqref{eq:ch1-discrete-uzawa-velocity-convergence}--\eqref{eq:ch1-discrete-uzawa-pressure-convergence}.	equation	eq:ch1-discrete-uzawa-pressure-convergence	eqref	tex/chapters/chapter-01/section-05.tex:448	tex/chapters/chapter-01/section-05.tex:423	resolved
reference	问题 \eqref{eq:ch1-discrete-uzawa-velocity-step} 和 \eqref{eq:ch1-discrete-arrow-hurwicz-velocity-step} 是离散 Dirichlet 问题, 其求解容易而且相当标准. 不过值得注意的是, 在有限维情形下可以使用 Arrow--Hurwicz 算法的另一种形式, 在迭代过程中无需解任何边值问题.	equation	eq:ch1-discrete-uzawa-velocity-step	eqref	tex/chapters/chapter-01/section-05.tex:452	tex/chapters/chapter-01/section-05.tex:408	resolved
reference	问题 \eqref{eq:ch1-discrete-uzawa-velocity-step} 和 \eqref{eq:ch1-discrete-arrow-hurwicz-velocity-step} 是离散 Dirichlet 问题, 其求解容易而且相当标准. 不过值得注意的是, 在有限维情形下可以使用 Arrow--Hurwicz 算法的另一种形式, 在迭代过程中无需解任何边值问题.	equation	eq:ch1-discrete-arrow-hurwicz-velocity-step	eqref	tex/chapters/chapter-01/section-05.tex:452	tex/chapters/chapter-01/section-05.tex:440	resolved
reference	然后仍由 \eqref{eq:ch1-discrete-arrow-hurwicz-pressure-step} 定义 $\pi_h^{m+1}$. 变分方程 \eqref{eq:ch1-explicit-discrete-arrow-hurwicz-step} 等价于下列方程:	equation	eq:ch1-discrete-arrow-hurwicz-pressure-step	eqref	tex/chapters/chapter-01/section-05.tex:467	tex/chapters/chapter-01/section-05.tex:446	resolved
reference	然后仍由 \eqref{eq:ch1-discrete-arrow-hurwicz-pressure-step} 定义 $\pi_h^{m+1}$. 变分方程 \eqref{eq:ch1-explicit-discrete-arrow-hurwicz-step} 等价于下列方程:	equation	eq:ch1-explicit-discrete-arrow-hurwicz-step	eqref	tex/chapters/chapter-01/section-05.tex:467	tex/chapters/chapter-01/section-05.tex:465	resolved
reference	其中 $\overline\nabla_h$ 和 $f_h$ 由 \eqref{eq:ch1-cell-average-force} 定义.	equation	eq:ch1-cell-average-force	eqref	tex/chapters/chapter-01/section-05.tex:478	tex/chapters/chapter-01/section-03.tex:1090	resolved
reference	定理 \ref{thm:ch1-arrow-hurwicz-convergence} 的证明可以如下推广到这一情形. 由于 $W_h$ 是有限维空间, $W_h$ 上定义的所有范数都等价, 因而存在依赖于 $h$ 的常数 $S(h)$, 使	theorem	thm:ch1-arrow-hurwicz-convergence	ref	tex/chapters/chapter-01/section-05.tex:480	tex/chapters/chapter-01/section-05.tex:277	resolved
reference	则对算法 \eqref{eq:ch1-discrete-arrow-hurwicz-pressure-step}--\eqref{eq:ch1-explicit-discrete-arrow-hurwicz-step}, 收敛性 \eqref{eq:ch1-discrete-uzawa-velocity-convergence}--\eqref{eq:ch1-discrete-uzawa-pressure-convergence} 也成立.	equation	eq:ch1-discrete-arrow-hurwicz-pressure-step	eqref	tex/chapters/chapter-01/section-05.tex:495	tex/chapters/chapter-01/section-05.tex:446	resolved
reference	则对算法 \eqref{eq:ch1-discrete-arrow-hurwicz-pressure-step}--\eqref{eq:ch1-explicit-discrete-arrow-hurwicz-step}, 收敛性 \eqref{eq:ch1-discrete-uzawa-velocity-convergence}--\eqref{eq:ch1-discrete-uzawa-pressure-convergence} 也成立.	equation	eq:ch1-explicit-discrete-arrow-hurwicz-step	eqref	tex/chapters/chapter-01/section-05.tex:495	tex/chapters/chapter-01/section-05.tex:465	resolved
reference	则对算法 \eqref{eq:ch1-discrete-arrow-hurwicz-pressure-step}--\eqref{eq:ch1-explicit-discrete-arrow-hurwicz-step}, 收敛性 \eqref{eq:ch1-discrete-uzawa-velocity-convergence}--\eqref{eq:ch1-discrete-uzawa-pressure-convergence} 也成立.	equation	eq:ch1-discrete-uzawa-velocity-convergence	eqref	tex/chapters/chapter-01/section-05.tex:495	tex/chapters/chapter-01/section-05.tex:419	resolved
reference	则对算法 \eqref{eq:ch1-discrete-arrow-hurwicz-pressure-step}--\eqref{eq:ch1-explicit-discrete-arrow-hurwicz-step}, 收敛性 \eqref{eq:ch1-discrete-uzawa-velocity-convergence}--\eqref{eq:ch1-discrete-uzawa-pressure-convergence} 也成立.	equation	eq:ch1-discrete-uzawa-pressure-convergence	eqref	tex/chapters/chapter-01/section-05.tex:495	tex/chapters/chapter-01/section-05.tex:423	resolved
reference	证明与定理 \ref{thm:ch1-arrow-hurwicz-convergence} 相同. 只需以如下不等式替换 \eqref{eq:ch1-arrow-hurwicz-velocity-energy}(其中 $v_h^m=u_h^m-u_h$, $\kappa_h^m=\pi_h^m-\pi_h$):	theorem	thm:ch1-arrow-hurwicz-convergence	ref	tex/chapters/chapter-01/section-05.tex:497	tex/chapters/chapter-01/section-05.tex:277	resolved
reference	证明与定理 \ref{thm:ch1-arrow-hurwicz-convergence} 相同. 只需以如下不等式替换 \eqref{eq:ch1-arrow-hurwicz-velocity-energy}(其中 $v_h^m=u_h^m-u_h$, $\kappa_h^m=\pi_h^m-\pi_h$):	equation	eq:ch1-arrow-hurwicz-velocity-energy	eqref	tex/chapters/chapter-01/section-05.tex:497	tex/chapters/chapter-01/section-05.tex:314	resolved
reference	于是, 不等式 \eqref{eq:ch1-arrow-hurwicz-combined-energy} 相应地变为	equation	eq:ch1-arrow-hurwicz-combined-energy	eqref	tex/chapters/chapter-01/section-05.tex:517	tex/chapters/chapter-01/section-05.tex:353	resolved
reference	由 \eqref{eq:ch1-explicit-discrete-arrow-hurwicz-step-condition}, 不等式 \eqref{eq:ch1-explicit-discrete-arrow-hurwicz-combined-energy} 导出与 \eqref{eq:ch1-arrow-hurwicz-combined-energy} 相同的结论.	equation	eq:ch1-explicit-discrete-arrow-hurwicz-step-condition	eqref	tex/chapters/chapter-01/section-05.tex:529	tex/chapters/chapter-01/section-05.tex:493	resolved
reference	由 \eqref{eq:ch1-explicit-discrete-arrow-hurwicz-step-condition}, 不等式 \eqref{eq:ch1-explicit-discrete-arrow-hurwicz-combined-energy} 导出与 \eqref{eq:ch1-arrow-hurwicz-combined-energy} 相同的结论.	equation	eq:ch1-explicit-discrete-arrow-hurwicz-combined-energy	eqref	tex/chapters/chapter-01/section-05.tex:529	tex/chapters/chapter-01/section-05.tex:527	resolved
reference	由 \eqref{eq:ch1-explicit-discrete-arrow-hurwicz-step-condition}, 不等式 \eqref{eq:ch1-explicit-discrete-arrow-hurwicz-combined-energy} 导出与 \eqref{eq:ch1-arrow-hurwicz-combined-energy} 相同的结论.	equation	eq:ch1-arrow-hurwicz-combined-energy	eqref	tex/chapters/chapter-01/section-05.tex:529	tex/chapters/chapter-01/section-05.tex:353	resolved
reference	其中 $\varepsilon>0$ 是``小''参数. 方程 \eqref{eq:ch1-penalty-momentum}--\eqref{eq:ch1-penalty-boundary} 也是弹性理论中的定常 Lamé 方程. 这些方程还有一种与优化理论和变分法有关的解释: Stokes 问题对应于在满足 $\operatorname{div}v=0$ 的 $v\in\mathbf H_0^1(\Omega)$ 中极小化泛函 $\tfrac12\lVert v\rVert^2-(f,v)$. 若把方程 $\operatorname{div}v=0$ 看作约束, 则 $p$ 是与此约束相联系的 Lagrange 乘子(见 I. Ekeland 和 R. Temam [1]). 从变分法观点看, 自然要引入问题的罚形式: 在 $v\in\mathbf H_0^1(\Omega)$ 中极小化 $\tfrac12\lVert v\rVert^2+(1/2\varepsilon)\lvert\operatorname{div}v\rvert^2-(f,v)$; 该问题的 Euler 方程就是 \eqref{eq:ch1-penalty-momentum}--\eqref{eq:ch1-penalty-boundary}.	equation	eq:ch1-penalty-momentum	eqref	tex/chapters/chapter-01/section-06.tex:16	tex/chapters/chapter-01/section-06.tex:10	resolved
reference	其中 $\varepsilon>0$ 是``小''参数. 方程 \eqref{eq:ch1-penalty-momentum}--\eqref{eq:ch1-penalty-boundary} 也是弹性理论中的定常 Lamé 方程. 这些方程还有一种与优化理论和变分法有关的解释: Stokes 问题对应于在满足 $\operatorname{div}v=0$ 的 $v\in\mathbf H_0^1(\Omega)$ 中极小化泛函 $\tfrac12\lVert v\rVert^2-(f,v)$. 若把方程 $\operatorname{div}v=0$ 看作约束, 则 $p$ 是与此约束相联系的 Lagrange 乘子(见 I. Ekeland 和 R. Temam [1]). 从变分法观点看, 自然要引入问题的罚形式: 在 $v\in\mathbf H_0^1(\Omega)$ 中极小化 $\tfrac12\lVert v\rVert^2+(1/2\varepsilon)\lvert\operatorname{div}v\rvert^2-(f,v)$; 该问题的 Euler 方程就是 \eqref{eq:ch1-penalty-momentum}--\eqref{eq:ch1-penalty-boundary}.	equation	eq:ch1-penalty-boundary	eqref	tex/chapters/chapter-01/section-06.tex:16	tex/chapters/chapter-01/section-06.tex:14	resolved
reference	其中 $\varepsilon>0$ 是``小''参数. 方程 \eqref{eq:ch1-penalty-momentum}--\eqref{eq:ch1-penalty-boundary} 也是弹性理论中的定常 Lamé 方程. 这些方程还有一种与优化理论和变分法有关的解释: Stokes 问题对应于在满足 $\operatorname{div}v=0$ 的 $v\in\mathbf H_0^1(\Omega)$ 中极小化泛函 $\tfrac12\lVert v\rVert^2-(f,v)$. 若把方程 $\operatorname{div}v=0$ 看作约束, 则 $p$ 是与此约束相联系的 Lagrange 乘子(见 I. Ekeland 和 R. Temam [1]). 从变分法观点看, 自然要引入问题的罚形式: 在 $v\in\mathbf H_0^1(\Omega)$ 中极小化 $\tfrac12\lVert v\rVert^2+(1/2\varepsilon)\lvert\operatorname{div}v\rvert^2-(f,v)$; 该问题的 Euler 方程就是 \eqref{eq:ch1-penalty-momentum}--\eqref{eq:ch1-penalty-boundary}.	equation	eq:ch1-penalty-momentum	eqref	tex/chapters/chapter-01/section-06.tex:16	tex/chapters/chapter-01/section-06.tex:10	resolved
reference	其中 $\varepsilon>0$ 是``小''参数. 方程 \eqref{eq:ch1-penalty-momentum}--\eqref{eq:ch1-penalty-boundary} 也是弹性理论中的定常 Lamé 方程. 这些方程还有一种与优化理论和变分法有关的解释: Stokes 问题对应于在满足 $\operatorname{div}v=0$ 的 $v\in\mathbf H_0^1(\Omega)$ 中极小化泛函 $\tfrac12\lVert v\rVert^2-(f,v)$. 若把方程 $\operatorname{div}v=0$ 看作约束, 则 $p$ 是与此约束相联系的 Lagrange 乘子(见 I. Ekeland 和 R. Temam [1]). 从变分法观点看, 自然要引入问题的罚形式: 在 $v\in\mathbf H_0^1(\Omega)$ 中极小化 $\tfrac12\lVert v\rVert^2+(1/2\varepsilon)\lvert\operatorname{div}v\rvert^2-(f,v)$; 该问题的 Euler 方程就是 \eqref{eq:ch1-penalty-momentum}--\eqref{eq:ch1-penalty-boundary}.	equation	eq:ch1-penalty-boundary	eqref	tex/chapters/chapter-01/section-06.tex:16	tex/chapters/chapter-01/section-06.tex:14	resolved
reference	本节将证明, 对固定的 $\varepsilon>0$, 方程 \eqref{eq:ch1-penalty-momentum}--\eqref{eq:ch1-penalty-boundary} 有唯一解 $u_\varepsilon$, 且当 $\varepsilon\to0$ 时 $u_\varepsilon$ 收敛到 Stokes 方程的解 $u$. 第 \ref{subsec:ch1-penalty-convergence} 节说明 $u_\varepsilon$ 与 $u$ 的关系, 第 \ref{subsec:ch1-penalty-asymptotic-expansion} 节给出 $\varepsilon\to0$ 时 $u_\varepsilon$ 的渐近展开, 第 \ref{subsec:ch1-penalty-numerical-algorithms} 节再说明如何利用该渐近展开计算小 $\varepsilon$ 情形下的 $u_\varepsilon$.	equation	eq:ch1-penalty-momentum	eqref	tex/chapters/chapter-01/section-06.tex:20	tex/chapters/chapter-01/section-06.tex:10	resolved
reference	本节将证明, 对固定的 $\varepsilon>0$, 方程 \eqref{eq:ch1-penalty-momentum}--\eqref{eq:ch1-penalty-boundary} 有唯一解 $u_\varepsilon$, 且当 $\varepsilon\to0$ 时 $u_\varepsilon$ 收敛到 Stokes 方程的解 $u$. 第 \ref{subsec:ch1-penalty-convergence} 节说明 $u_\varepsilon$ 与 $u$ 的关系, 第 \ref{subsec:ch1-penalty-asymptotic-expansion} 节给出 $\varepsilon\to0$ 时 $u_\varepsilon$ 的渐近展开, 第 \ref{subsec:ch1-penalty-numerical-algorithms} 节再说明如何利用该渐近展开计算小 $\varepsilon$ 情形下的 $u_\varepsilon$.	equation	eq:ch1-penalty-boundary	eqref	tex/chapters/chapter-01/section-06.tex:20	tex/chapters/chapter-01/section-06.tex:14	resolved
reference	本节将证明, 对固定的 $\varepsilon>0$, 方程 \eqref{eq:ch1-penalty-momentum}--\eqref{eq:ch1-penalty-boundary} 有唯一解 $u_\varepsilon$, 且当 $\varepsilon\to0$ 时 $u_\varepsilon$ 收敛到 Stokes 方程的解 $u$. 第 \ref{subsec:ch1-penalty-convergence} 节说明 $u_\varepsilon$ 与 $u$ 的关系, 第 \ref{subsec:ch1-penalty-asymptotic-expansion} 节给出 $\varepsilon\to0$ 时 $u_\varepsilon$ 的渐近展开, 第 \ref{subsec:ch1-penalty-numerical-algorithms} 节再说明如何利用该渐近展开计算小 $\varepsilon$ 情形下的 $u_\varepsilon$.	subsection	subsec:ch1-penalty-convergence	ref	tex/chapters/chapter-01/section-06.tex:20	tex/chapters/chapter-01/section-06.tex:23	resolved
reference	本节将证明, 对固定的 $\varepsilon>0$, 方程 \eqref{eq:ch1-penalty-momentum}--\eqref{eq:ch1-penalty-boundary} 有唯一解 $u_\varepsilon$, 且当 $\varepsilon\to0$ 时 $u_\varepsilon$ 收敛到 Stokes 方程的解 $u$. 第 \ref{subsec:ch1-penalty-convergence} 节说明 $u_\varepsilon$ 与 $u$ 的关系, 第 \ref{subsec:ch1-penalty-asymptotic-expansion} 节给出 $\varepsilon\to0$ 时 $u_\varepsilon$ 的渐近展开, 第 \ref{subsec:ch1-penalty-numerical-algorithms} 节再说明如何利用该渐近展开计算小 $\varepsilon$ 情形下的 $u_\varepsilon$.	subsection	subsec:ch1-penalty-asymptotic-expansion	ref	tex/chapters/chapter-01/section-06.tex:20	tex/chapters/chapter-01/section-06.tex:197	resolved
reference	本节将证明, 对固定的 $\varepsilon>0$, 方程 \eqref{eq:ch1-penalty-momentum}--\eqref{eq:ch1-penalty-boundary} 有唯一解 $u_\varepsilon$, 且当 $\varepsilon\to0$ 时 $u_\varepsilon$ 收敛到 Stokes 方程的解 $u$. 第 \ref{subsec:ch1-penalty-convergence} 节说明 $u_\varepsilon$ 与 $u$ 的关系, 第 \ref{subsec:ch1-penalty-asymptotic-expansion} 节给出 $\varepsilon\to0$ 时 $u_\varepsilon$ 的渐近展开, 第 \ref{subsec:ch1-penalty-numerical-algorithms} 节再说明如何利用该渐近展开计算小 $\varepsilon$ 情形下的 $u_\varepsilon$.	subsection	subsec:ch1-penalty-numerical-algorithms	ref	tex/chapters/chapter-01/section-06.tex:20	tex/chapters/chapter-01/section-06.tex:379	resolved
reference	设 $\Omega$ 是 $\mathbb R^n$ 中的有界 Lipschitz 区域. 对固定的 $\varepsilon>0$, 存在唯一的 $u_\varepsilon\in\mathbf H_0^1(\Omega)$ 满足 \eqref{eq:ch1-penalty-momentum}--\eqref{eq:ch1-penalty-boundary}. 当 $\varepsilon\to0$ 时,	equation	eq:ch1-penalty-momentum	eqref	tex/chapters/chapter-01/section-06.tex:28	tex/chapters/chapter-01/section-06.tex:10	resolved
reference	设 $\Omega$ 是 $\mathbb R^n$ 中的有界 Lipschitz 区域. 对固定的 $\varepsilon>0$, 存在唯一的 $u_\varepsilon\in\mathbf H_0^1(\Omega)$ 满足 \eqref{eq:ch1-penalty-momentum}--\eqref{eq:ch1-penalty-boundary}. 当 $\varepsilon\to0$ 时,	equation	eq:ch1-penalty-boundary	eqref	tex/chapters/chapter-01/section-06.tex:28	tex/chapters/chapter-01/section-06.tex:14	resolved
reference	其中 $u$ 和 $p$ 由 \eqref{eq:ch1-stokes-variational-problem}--\eqref{eq:ch1-stokes-weak-boundary} 定义, 并且	equation	eq:ch1-stokes-variational-problem	eqref	tex/chapters/chapter-01/section-06.tex:40	tex/chapters/chapter-01/section-02.tex:45	resolved
reference	其中 $u$ 和 $p$ 由 \eqref{eq:ch1-stokes-variational-problem}--\eqref{eq:ch1-stokes-weak-boundary} 定义, 并且	equation	eq:ch1-stokes-weak-boundary	eqref	tex/chapters/chapter-01/section-06.tex:40	tex/chapters/chapter-01/section-02.tex:77	resolved
reference	容易证明问题 \eqref{eq:ch1-penalty-momentum}--\eqref{eq:ch1-penalty-boundary} 等价于下述变分问题: 求 $u_\varepsilon\in\mathbf H_0^1(\Omega)$, 使	equation	eq:ch1-penalty-momentum	eqref	tex/chapters/chapter-01/section-06.tex:48	tex/chapters/chapter-01/section-06.tex:10	resolved
reference	容易证明问题 \eqref{eq:ch1-penalty-momentum}--\eqref{eq:ch1-penalty-boundary} 等价于下述变分问题: 求 $u_\varepsilon\in\mathbf H_0^1(\Omega)$, 使	equation	eq:ch1-penalty-boundary	eqref	tex/chapters/chapter-01/section-06.tex:48	tex/chapters/chapter-01/section-06.tex:14	resolved
reference	事实上, 若 $u_\varepsilon$ 满足 \eqref{eq:ch1-penalty-momentum}--\eqref{eq:ch1-penalty-boundary}, 则 $u_\varepsilon\in\mathbf H_0^1(\Omega)$ 且对每个 $v\in\mathcal D(\Omega)$ 满足 \eqref{eq:ch1-penalty-variational-problem}. 反之, 若 $u_\varepsilon\in\mathbf H_0^1(\Omega)$ 是 \eqref{eq:ch1-penalty-variational-problem} 的解, 则 $u_\varepsilon$ 在分布意义下满足 \eqref{eq:ch1-penalty-momentum}, 并在迹定理意义下满足 \eqref{eq:ch1-penalty-boundary}.	equation	eq:ch1-penalty-momentum	eqref	tex/chapters/chapter-01/section-06.tex:56	tex/chapters/chapter-01/section-06.tex:10	resolved
reference	事实上, 若 $u_\varepsilon$ 满足 \eqref{eq:ch1-penalty-momentum}--\eqref{eq:ch1-penalty-boundary}, 则 $u_\varepsilon\in\mathbf H_0^1(\Omega)$ 且对每个 $v\in\mathcal D(\Omega)$ 满足 \eqref{eq:ch1-penalty-variational-problem}. 反之, 若 $u_\varepsilon\in\mathbf H_0^1(\Omega)$ 是 \eqref{eq:ch1-penalty-variational-problem} 的解, 则 $u_\varepsilon$ 在分布意义下满足 \eqref{eq:ch1-penalty-momentum}, 并在迹定理意义下满足 \eqref{eq:ch1-penalty-boundary}.	equation	eq:ch1-penalty-boundary	eqref	tex/chapters/chapter-01/section-06.tex:56	tex/chapters/chapter-01/section-06.tex:14	resolved
reference	事实上, 若 $u_\varepsilon$ 满足 \eqref{eq:ch1-penalty-momentum}--\eqref{eq:ch1-penalty-boundary}, 则 $u_\varepsilon\in\mathbf H_0^1(\Omega)$ 且对每个 $v\in\mathcal D(\Omega)$ 满足 \eqref{eq:ch1-penalty-variational-problem}. 反之, 若 $u_\varepsilon\in\mathbf H_0^1(\Omega)$ 是 \eqref{eq:ch1-penalty-variational-problem} 的解, 则 $u_\varepsilon$ 在分布意义下满足 \eqref{eq:ch1-penalty-momentum}, 并在迹定理意义下满足 \eqref{eq:ch1-penalty-boundary}.	equation	eq:ch1-penalty-variational-problem	eqref	tex/chapters/chapter-01/section-06.tex:56	tex/chapters/chapter-01/section-06.tex:54	resolved
reference	事实上, 若 $u_\varepsilon$ 满足 \eqref{eq:ch1-penalty-momentum}--\eqref{eq:ch1-penalty-boundary}, 则 $u_\varepsilon\in\mathbf H_0^1(\Omega)$ 且对每个 $v\in\mathcal D(\Omega)$ 满足 \eqref{eq:ch1-penalty-variational-problem}. 反之, 若 $u_\varepsilon\in\mathbf H_0^1(\Omega)$ 是 \eqref{eq:ch1-penalty-variational-problem} 的解, 则 $u_\varepsilon$ 在分布意义下满足 \eqref{eq:ch1-penalty-momentum}, 并在迹定理意义下满足 \eqref{eq:ch1-penalty-boundary}.	equation	eq:ch1-penalty-variational-problem	eqref	tex/chapters/chapter-01/section-06.tex:56	tex/chapters/chapter-01/section-06.tex:54	resolved
reference	事实上, 若 $u_\varepsilon$ 满足 \eqref{eq:ch1-penalty-momentum}--\eqref{eq:ch1-penalty-boundary}, 则 $u_\varepsilon\in\mathbf H_0^1(\Omega)$ 且对每个 $v\in\mathcal D(\Omega)$ 满足 \eqref{eq:ch1-penalty-variational-problem}. 反之, 若 $u_\varepsilon\in\mathbf H_0^1(\Omega)$ 是 \eqref{eq:ch1-penalty-variational-problem} 的解, 则 $u_\varepsilon$ 在分布意义下满足 \eqref{eq:ch1-penalty-momentum}, 并在迹定理意义下满足 \eqref{eq:ch1-penalty-boundary}.	equation	eq:ch1-penalty-momentum	eqref	tex/chapters/chapter-01/section-06.tex:56	tex/chapters/chapter-01/section-06.tex:10	resolved
reference	事实上, 若 $u_\varepsilon$ 满足 \eqref{eq:ch1-penalty-momentum}--\eqref{eq:ch1-penalty-boundary}, 则 $u_\varepsilon\in\mathbf H_0^1(\Omega)$ 且对每个 $v\in\mathcal D(\Omega)$ 满足 \eqref{eq:ch1-penalty-variational-problem}. 反之, 若 $u_\varepsilon\in\mathbf H_0^1(\Omega)$ 是 \eqref{eq:ch1-penalty-variational-problem} 的解, 则 $u_\varepsilon$ 在分布意义下满足 \eqref{eq:ch1-penalty-momentum}, 并在迹定理意义下满足 \eqref{eq:ch1-penalty-boundary}.	equation	eq:ch1-penalty-boundary	eqref	tex/chapters/chapter-01/section-06.tex:56	tex/chapters/chapter-01/section-06.tex:14	resolved
reference	满足 \eqref{eq:ch1-penalty-variational-problem} 的 $u_\varepsilon$ 的存在性与唯一性由投影定理得到: 在定理 \ref{thm:ch1-abstract-projection} 中取	equation	eq:ch1-penalty-variational-problem	eqref	tex/chapters/chapter-01/section-06.tex:58	tex/chapters/chapter-01/section-06.tex:54	resolved
reference	满足 \eqref{eq:ch1-penalty-variational-problem} 的 $u_\varepsilon$ 的存在性与唯一性由投影定理得到: 在定理 \ref{thm:ch1-abstract-projection} 中取	theorem	thm:ch1-abstract-projection	ref	tex/chapters/chapter-01/section-06.tex:58	tex/chapters/chapter-01/section-02.tex:131	resolved
reference	为证明 \eqref{eq:ch1-penalty-velocity-convergence}, 从 \eqref{eq:ch1-penalty-momentum} 中减去 \eqref{eq:ch1-stokes-weak-momentum}, 得	equation	eq:ch1-penalty-velocity-convergence	eqref	tex/chapters/chapter-01/section-06.tex:66	tex/chapters/chapter-01/section-06.tex:32	resolved
reference	为证明 \eqref{eq:ch1-penalty-velocity-convergence}, 从 \eqref{eq:ch1-penalty-momentum} 中减去 \eqref{eq:ch1-stokes-weak-momentum}, 得	equation	eq:ch1-penalty-momentum	eqref	tex/chapters/chapter-01/section-06.tex:66	tex/chapters/chapter-01/section-06.tex:10	resolved
reference	为证明 \eqref{eq:ch1-penalty-velocity-convergence}, 从 \eqref{eq:ch1-penalty-momentum} 中减去 \eqref{eq:ch1-stokes-weak-momentum}, 得	equation	eq:ch1-stokes-weak-momentum	eqref	tex/chapters/chapter-01/section-06.tex:66	tex/chapters/chapter-01/section-02.tex:69	resolved
reference	对 $v\in\mathcal D(\Omega)$, 方程 \eqref{eq:ch1-penalty-error-variational} 容易从 \eqref{eq:ch1-penalty-error-equation} 得到; 由连续性论证, 它对每个 $v\in\mathbf H_0^1(\Omega)$ 成立.	equation	eq:ch1-penalty-error-variational	eqref	tex/chapters/chapter-01/section-06.tex:81	tex/chapters/chapter-01/section-06.tex:79	resolved
reference	对 $v\in\mathcal D(\Omega)$, 方程 \eqref{eq:ch1-penalty-error-variational} 容易从 \eqref{eq:ch1-penalty-error-equation} 得到; 由连续性论证, 它对每个 $v\in\mathbf H_0^1(\Omega)$ 成立.	equation	eq:ch1-penalty-error-equation	eqref	tex/chapters/chapter-01/section-06.tex:81	tex/chapters/chapter-01/section-06.tex:71	resolved
reference	在 \eqref{eq:ch1-penalty-error-variational} 中取 $v=u_\varepsilon-u$, 得	equation	eq:ch1-penalty-error-variational	eqref	tex/chapters/chapter-01/section-06.tex:83	tex/chapters/chapter-01/section-06.tex:79	resolved
reference	这证明了 \eqref{eq:ch1-penalty-velocity-convergence}. 因而, 由 \eqref{eq:ch1-penalty-error-equation},	equation	eq:ch1-penalty-velocity-convergence	eqref	tex/chapters/chapter-01/section-06.tex:99	tex/chapters/chapter-01/section-06.tex:32	resolved
reference	这证明了 \eqref{eq:ch1-penalty-velocity-convergence}. 因而, 由 \eqref{eq:ch1-penalty-error-equation},	equation	eq:ch1-penalty-error-equation	eqref	tex/chapters/chapter-01/section-06.tex:99	tex/chapters/chapter-01/section-06.tex:71	resolved
reference	因为由 \eqref{eq:ch1-penalty-velocity-convergence}, $\Delta(u_\varepsilon-u)$ 在 $H^{-1}(\Omega)$ 中收敛到 $0$.	equation	eq:ch1-penalty-velocity-convergence	eqref	tex/chapters/chapter-01/section-06.tex:108	tex/chapters/chapter-01/section-06.tex:32	resolved
reference	这是因为 $u_\varepsilon$ 在 $\partial\Omega$ 上为零且 \eqref{eq:ch1-penalty-pressure-zero-mean} 成立, 所以	equation	eq:ch1-penalty-pressure-zero-mean	eqref	tex/chapters/chapter-01/section-06.tex:119	tex/chapters/chapter-01/section-06.tex:43	resolved
reference	于是 \eqref{eq:ch1-penalty-pressure-convergence} 得证.	equation	eq:ch1-penalty-pressure-convergence	eqref	tex/chapters/chapter-01/section-06.tex:123	tex/chapters/chapter-01/section-06.tex:38	resolved
reference	用 $[\sigma]$ 表示 \eqref{eq:ch1-negative-norm-pressure-estimate} 右端大括号内的量. $[\sigma]$ 是 $L^2(\Omega)$ 上的范数: 它显然是半范数; 若 $[\sigma]=0$, 则由 $\partial\sigma/\partial x_i=0$, $i=1,\ldots,n$, 知 $\sigma$ 是常数, 又由 $\int_\Omega\sigma\,dx=0$ 知该常数为零.	equation	eq:ch1-negative-norm-pressure-estimate	eqref	tex/chapters/chapter-01/section-06.tex:142	tex/chapters/chapter-01/section-06.tex:137	resolved
reference	若证明 $L^2(\Omega)$ 对范数 $[\sigma]$ 完备, 则由闭图定理, $[\sigma]$ 与 $\lvert\sigma\rvert$ 是 $L^2(\Omega)$ 上的两个等价范数, \eqref{eq:ch1-negative-norm-pressure-estimate} 即得证.	equation	eq:ch1-negative-norm-pressure-estimate	eqref	tex/chapters/chapter-01/section-06.tex:150	tex/chapters/chapter-01/section-06.tex:137	resolved
reference	显然 $(\operatorname{grad}\sigma_m,v)=0$, $\forall v\in\mathcal V$, 并且由 \eqref{eq:ch1-negative-norm-derivative-limit},	equation	eq:ch1-negative-norm-derivative-limit	eqref	tex/chapters/chapter-01/section-06.tex:164	tex/chapters/chapter-01/section-06.tex:162	resolved
reference	由命题 \ref{prop:ch1-de-rham-gradient}, 存在某个分布 $\sigma$, 使	proposition	prop:ch1-de-rham-gradient	ref	tex/chapters/chapter-01/section-06.tex:169	tex/chapters/chapter-01/section-01.tex:470	resolved
reference	命题 \ref{prop:ch1-gradient-regularity} 表明 $\sigma\in L^2(\Omega)$. 可以选择 $\sigma$ 使	proposition	prop:ch1-gradient-regularity	ref	tex/chapters/chapter-01/section-06.tex:174	tex/chapters/chapter-01/section-01.tex:488	resolved
reference	若 $\Omega$ 不连通, 把 \eqref{eq:ch1-negative-norm-pressure-estimate} 中的 $\left\lvert\int_\Omega\sigma\,dx\right\rvert$ 替换为	equation	eq:ch1-negative-norm-pressure-estimate	eqref	tex/chapters/chapter-01/section-06.tex:184	tex/chapters/chapter-01/section-06.tex:137	resolved
reference	则该不等式仍成立, 其中 $\Omega_j$ 是 $\Omega$ 的连通分支. 要把定理 \ref{thm:ch1-penalty-convergence} 推广到这种情形, 只需通过下列条件定义 $p$:	theorem	thm:ch1-penalty-convergence	ref	tex/chapters/chapter-01/section-06.tex:188	tex/chapters/chapter-01/section-06.tex:27	resolved
reference	从现在起, 用 $u^0$ 和 $p^0$ 表示满足 \eqref{eq:ch1-penalty-pressure-zero-mean} 的 Stokes 问题 \eqref{eq:ch1-stokes-variational-problem}--\eqref{eq:ch1-stokes-weak-boundary} 的解(代替 $u$ 和 $p$). 将证明 $u_\varepsilon$ 有渐近展开	equation	eq:ch1-penalty-pressure-zero-mean	eqref	tex/chapters/chapter-01/section-06.tex:199	tex/chapters/chapter-01/section-06.tex:43	resolved
reference	从现在起, 用 $u^0$ 和 $p^0$ 表示满足 \eqref{eq:ch1-penalty-pressure-zero-mean} 的 Stokes 问题 \eqref{eq:ch1-stokes-variational-problem}--\eqref{eq:ch1-stokes-weak-boundary} 的解(代替 $u$ 和 $p$). 将证明 $u_\varepsilon$ 有渐近展开	equation	eq:ch1-stokes-variational-problem	eqref	tex/chapters/chapter-01/section-06.tex:199	tex/chapters/chapter-01/section-02.tex:45	resolved
reference	从现在起, 用 $u^0$ 和 $p^0$ 表示满足 \eqref{eq:ch1-penalty-pressure-zero-mean} 的 Stokes 问题 \eqref{eq:ch1-stokes-variational-problem}--\eqref{eq:ch1-stokes-weak-boundary} 的解(代替 $u$ 和 $p$). 将证明 $u_\varepsilon$ 有渐近展开	equation	eq:ch1-stokes-weak-boundary	eqref	tex/chapters/chapter-01/section-06.tex:199	tex/chapters/chapter-01/section-02.tex:77	resolved
reference	的解. $u^m,p^m$ 的存在性与唯一性由定理 \ref{thm:ch1-nonhomogeneous-stokes} 得到. 条件 \eqref{eq:ch1-penalty-recursive-pressure-zero-mean} 有两个作用: 它保证 $p^m$ 完全唯一, 否则 $p^m$ 只在相差一个常数的意义下唯一; 它还保证层次 $m+1$ 所需的相容性条件:	theorem	thm:ch1-nonhomogeneous-stokes	ref	tex/chapters/chapter-01/section-06.tex:230	tex/chapters/chapter-01/section-02.tex:467	resolved
reference	的解. $u^m,p^m$ 的存在性与唯一性由定理 \ref{thm:ch1-nonhomogeneous-stokes} 得到. 条件 \eqref{eq:ch1-penalty-recursive-pressure-zero-mean} 有两个作用: 它保证 $p^m$ 完全唯一, 否则 $p^m$ 只在相差一个常数的意义下唯一; 它还保证层次 $m+1$ 所需的相容性条件:	equation	eq:ch1-penalty-recursive-pressure-zero-mean	eqref	tex/chapters/chapter-01/section-06.tex:230	tex/chapters/chapter-01/section-06.tex:228	resolved
reference	设 $\Omega$ 是 $\mathbb R^n$ 中的有界 $C^2$ 类区域. 对每个 $m\geq1$, 存在由 \eqref{eq:ch1-penalty-recursive-spaces}--\eqref{eq:ch1-penalty-recursive-pressure-zero-mean} 唯一定义的函数 $u^m,p^m$.	equation	eq:ch1-penalty-recursive-spaces	eqref	tex/chapters/chapter-01/section-06.tex:251	tex/chapters/chapter-01/section-06.tex:216	resolved
reference	设 $\Omega$ 是 $\mathbb R^n$ 中的有界 $C^2$ 类区域. 对每个 $m\geq1$, 存在由 \eqref{eq:ch1-penalty-recursive-spaces}--\eqref{eq:ch1-penalty-recursive-pressure-zero-mean} 唯一定义的函数 $u^m,p^m$.	equation	eq:ch1-penalty-recursive-pressure-zero-mean	eqref	tex/chapters/chapter-01/section-06.tex:251	tex/chapters/chapter-01/section-06.tex:228	resolved
reference	将 \eqref{eq:ch1-penalty-recursive-momentum} 乘以 $\varepsilon^m$, 再对 $m=1,\ldots,N$ 求和. 然后把所得方程与 $u^0,p^0$(以前记为 $u,p$)所满足的方程	equation	eq:ch1-penalty-recursive-momentum	eqref	tex/chapters/chapter-01/section-06.tex:273	tex/chapters/chapter-01/section-06.tex:220	resolved
reference	与 \eqref{eq:ch1-penalty-velocity-convergence} 比较, 得	equation	eq:ch1-penalty-velocity-convergence	eqref	tex/chapters/chapter-01/section-06.tex:283	tex/chapters/chapter-01/section-06.tex:32	resolved
reference	与 \eqref{eq:ch1-penalty-error-variational} 类似, \eqref{eq:ch1-penalty-remainder-equation} 等价于	equation	eq:ch1-penalty-error-variational	eqref	tex/chapters/chapter-01/section-06.tex:296	tex/chapters/chapter-01/section-06.tex:79	resolved
reference	与 \eqref{eq:ch1-penalty-error-variational} 类似, \eqref{eq:ch1-penalty-remainder-equation} 等价于	equation	eq:ch1-penalty-remainder-equation	eqref	tex/chapters/chapter-01/section-06.tex:296	tex/chapters/chapter-01/section-06.tex:294	resolved
reference	在 \eqref{eq:ch1-penalty-remainder-variational} 中取 $v=u_\varepsilon-u_\varepsilon^N$, 得	equation	eq:ch1-penalty-remainder-variational	eqref	tex/chapters/chapter-01/section-06.tex:307	tex/chapters/chapter-01/section-06.tex:305	resolved
reference	不等式 \eqref{eq:ch1-penalty-remainder-estimate} 显然蕴含 \eqref{eq:ch1-penalty-velocity-remainder}. 后者又蕴含 $\varepsilon^{-N}\Delta(u_\varepsilon-u_\varepsilon^N)\to0$ 在 $\mathbf H^{-1}(\Omega)$ 中成立, 从而 \eqref{eq:ch1-penalty-remainder-equation} 表明	equation	eq:ch1-penalty-remainder-estimate	eqref	tex/chapters/chapter-01/section-06.tex:329	tex/chapters/chapter-01/section-06.tex:327	resolved
reference	不等式 \eqref{eq:ch1-penalty-remainder-estimate} 显然蕴含 \eqref{eq:ch1-penalty-velocity-remainder}. 后者又蕴含 $\varepsilon^{-N}\Delta(u_\varepsilon-u_\varepsilon^N)\to0$ 在 $\mathbf H^{-1}(\Omega)$ 中成立, 从而 \eqref{eq:ch1-penalty-remainder-equation} 表明	equation	eq:ch1-penalty-velocity-remainder	eqref	tex/chapters/chapter-01/section-06.tex:329	tex/chapters/chapter-01/section-06.tex:258	resolved
reference	不等式 \eqref{eq:ch1-penalty-remainder-estimate} 显然蕴含 \eqref{eq:ch1-penalty-velocity-remainder}. 后者又蕴含 $\varepsilon^{-N}\Delta(u_\varepsilon-u_\varepsilon^N)\to0$ 在 $\mathbf H^{-1}(\Omega)$ 中成立, 从而 \eqref{eq:ch1-penalty-remainder-equation} 表明	equation	eq:ch1-penalty-remainder-equation	eqref	tex/chapters/chapter-01/section-06.tex:329	tex/chapters/chapter-01/section-06.tex:294	resolved
reference	结合 \eqref{eq:ch1-penalty-remainder-derivative-limit}, 得	equation	eq:ch1-penalty-remainder-derivative-limit	eqref	tex/chapters/chapter-01/section-06.tex:350	tex/chapters/chapter-01/section-06.tex:337	resolved
reference	其中 $\varepsilon\to0$. 最后, \eqref{eq:ch1-penalty-pressure-remainder} 由 \eqref{eq:ch1-penalty-recursive-pressure-zero-mean}, \eqref{eq:ch1-penalty-pressure-partial-sum} 和引理 \ref{lem:ch1-negative-norm-pressure-estimate} 得到.	equation	eq:ch1-penalty-pressure-remainder	eqref	tex/chapters/chapter-01/section-06.tex:358	tex/chapters/chapter-01/section-06.tex:266	resolved
reference	其中 $\varepsilon\to0$. 最后, \eqref{eq:ch1-penalty-pressure-remainder} 由 \eqref{eq:ch1-penalty-recursive-pressure-zero-mean}, \eqref{eq:ch1-penalty-pressure-partial-sum} 和引理 \ref{lem:ch1-negative-norm-pressure-estimate} 得到.	equation	eq:ch1-penalty-recursive-pressure-zero-mean	eqref	tex/chapters/chapter-01/section-06.tex:358	tex/chapters/chapter-01/section-06.tex:228	resolved
reference	其中 $\varepsilon\to0$. 最后, \eqref{eq:ch1-penalty-pressure-remainder} 由 \eqref{eq:ch1-penalty-recursive-pressure-zero-mean}, \eqref{eq:ch1-penalty-pressure-partial-sum} 和引理 \ref{lem:ch1-negative-norm-pressure-estimate} 得到.	equation	eq:ch1-penalty-pressure-partial-sum	eqref	tex/chapters/chapter-01/section-06.tex:358	tex/chapters/chapter-01/section-06.tex:245	resolved
reference	其中 $\varepsilon\to0$. 最后, \eqref{eq:ch1-penalty-pressure-remainder} 由 \eqref{eq:ch1-penalty-recursive-pressure-zero-mean}, \eqref{eq:ch1-penalty-pressure-partial-sum} 和引理 \ref{lem:ch1-negative-norm-pressure-estimate} 得到.	lemma	lem:ch1-negative-norm-pressure-estimate	ref	tex/chapters/chapter-01/section-06.tex:358	tex/chapters/chapter-01/section-06.tex:128	resolved
reference	容易把注 \ref{rem:ch1-negative-norm-disconnected-domain} 用于定理 \ref{thm:ch1-penalty-asymptotic-expansion}: 若把条件 \eqref{eq:ch1-penalty-recursive-pressure-zero-mean} 替换为	remark	rem:ch1-negative-norm-disconnected-domain	ref	tex/chapters/chapter-01/section-06.tex:364	tex/chapters/chapter-01/section-06.tex:183	resolved
reference	容易把注 \ref{rem:ch1-negative-norm-disconnected-domain} 用于定理 \ref{thm:ch1-penalty-asymptotic-expansion}: 若把条件 \eqref{eq:ch1-penalty-recursive-pressure-zero-mean} 替换为	theorem	thm:ch1-penalty-asymptotic-expansion	ref	tex/chapters/chapter-01/section-06.tex:364	tex/chapters/chapter-01/section-06.tex:250	resolved
reference	容易把注 \ref{rem:ch1-negative-norm-disconnected-domain} 用于定理 \ref{thm:ch1-penalty-asymptotic-expansion}: 若把条件 \eqref{eq:ch1-penalty-recursive-pressure-zero-mean} 替换为	equation	eq:ch1-penalty-recursive-pressure-zero-mean	eqref	tex/chapters/chapter-01/section-06.tex:364	tex/chapters/chapter-01/section-06.tex:228	resolved
reference	R.S. Falk [1] 研究了定理 \ref{thm:ch1-penalty-asymptotic-expansion} 所给结果的一个离散版本.	theorem	thm:ch1-penalty-asymptotic-expansion	ref	tex/chapters/chapter-01/section-06.tex:375	tex/chapters/chapter-01/section-06.tex:250	resolved
reference	我们简要说明如何把第 \ref{sec:ch1-numerical-algorithms} 节所述算法推广到非齐次 Stokes 问题 \eqref{eq:ch1-penalty-recursive-spaces}--\eqref{eq:ch1-penalty-recursive-pressure-zero-mean} 的求解; 在这一阶段, 这是实际计算 $u_\varepsilon$ 的渐近展开 \eqref{eq:ch1-penalty-asymptotic-series} 的唯一困难.	section	sec:ch1-numerical-algorithms	ref	tex/chapters/chapter-01/section-06.tex:381	tex/chapters/chapter-01/section-05.tex:3	resolved
reference	我们简要说明如何把第 \ref{sec:ch1-numerical-algorithms} 节所述算法推广到非齐次 Stokes 问题 \eqref{eq:ch1-penalty-recursive-spaces}--\eqref{eq:ch1-penalty-recursive-pressure-zero-mean} 的求解; 在这一阶段, 这是实际计算 $u_\varepsilon$ 的渐近展开 \eqref{eq:ch1-penalty-asymptotic-series} 的唯一困难.	equation	eq:ch1-penalty-recursive-spaces	eqref	tex/chapters/chapter-01/section-06.tex:381	tex/chapters/chapter-01/section-06.tex:216	resolved
reference	我们简要说明如何把第 \ref{sec:ch1-numerical-algorithms} 节所述算法推广到非齐次 Stokes 问题 \eqref{eq:ch1-penalty-recursive-spaces}--\eqref{eq:ch1-penalty-recursive-pressure-zero-mean} 的求解; 在这一阶段, 这是实际计算 $u_\varepsilon$ 的渐近展开 \eqref{eq:ch1-penalty-asymptotic-series} 的唯一困难.	equation	eq:ch1-penalty-recursive-pressure-zero-mean	eqref	tex/chapters/chapter-01/section-06.tex:381	tex/chapters/chapter-01/section-06.tex:228	resolved
reference	我们简要说明如何把第 \ref{sec:ch1-numerical-algorithms} 节所述算法推广到非齐次 Stokes 问题 \eqref{eq:ch1-penalty-recursive-spaces}--\eqref{eq:ch1-penalty-recursive-pressure-zero-mean} 的求解; 在这一阶段, 这是实际计算 $u_\varepsilon$ 的渐近展开 \eqref{eq:ch1-penalty-asymptotic-series} 的唯一困难.	equation	eq:ch1-penalty-asymptotic-series	eqref	tex/chapters/chapter-01/section-06.tex:381	tex/chapters/chapter-01/section-06.tex:203	resolved
reference	改变记号, 把问题 \eqref{eq:ch1-penalty-recursive-spaces}--\eqref{eq:ch1-penalty-recursive-pressure-zero-mean} 写成求 $v,p$, 使	equation	eq:ch1-penalty-recursive-spaces	eqref	tex/chapters/chapter-01/section-06.tex:385	tex/chapters/chapter-01/section-06.tex:216	resolved
reference	改变记号, 把问题 \eqref{eq:ch1-penalty-recursive-spaces}--\eqref{eq:ch1-penalty-recursive-pressure-zero-mean} 写成求 $v,p$, 使	equation	eq:ch1-penalty-recursive-pressure-zero-mean	eqref	tex/chapters/chapter-01/section-06.tex:385	tex/chapters/chapter-01/section-06.tex:228	resolved
reference	方程 \eqref{eq:ch1-penalty-uzawa-velocity-step} 是 $v^{m+1}$ 的 Dirichlet 问题:	equation	eq:ch1-penalty-uzawa-velocity-step	eqref	tex/chapters/chapter-01/section-06.tex:438	tex/chapters/chapter-01/section-06.tex:425	resolved
reference	而 \eqref{eq:ch1-penalty-uzawa-pressure-step} 直接给出	equation	eq:ch1-penalty-uzawa-pressure-step	eqref	tex/chapters/chapter-01/section-06.tex:445	tex/chapters/chapter-01/section-06.tex:436	resolved
reference	与定理 \ref{thm:ch1-uzawa-convergence} 完全相同(另见注 \ref{rem:ch1-uzawa-zero-mean-pressure}), 可以证明下述结果.	theorem	thm:ch1-uzawa-convergence	ref	tex/chapters/chapter-01/section-06.tex:458	tex/chapters/chapter-01/section-05.tex:67	resolved
reference	与定理 \ref{thm:ch1-uzawa-convergence} 完全相同(另见注 \ref{rem:ch1-uzawa-zero-mean-pressure}), 可以证明下述结果.	remark	rem:ch1-uzawa-zero-mean-pressure	ref	tex/chapters/chapter-01/section-06.tex:458	tex/chapters/chapter-01/section-05.tex:202	resolved
unresolved	I	appendix		MBUnresolvedReference	tex/chapters/chapter-01/section-01.tex:678		needs-review
unresolved	3.1	theorem		MBUnresolvedReference	tex/chapters/chapter-01/section-02.tex:282		needs-review
unresolved	2	chapter		MBUnresolvedReference	tex/chapters/chapter-01/section-02.tex:398		needs-review
unresolved	Chapter 2, \S1	chapter-section		MBUnresolvedReference	tex/chapters/chapter-01/section-02.tex:836		needs-review
unresolved	Chapter 2	chapter		MBUnresolvedReference	tex/chapters/chapter-01/section-04.tex:2437		needs-review
unresolved	Chapter 2	chapter		MBUnresolvedReference	tex/chapters/chapter-01/section-04.tex:2723		needs-review
unresolved	5.4	subsection		MBUnresolvedReference	tex/chapters/chapter-01/section-05.tex:10		needs-review
unresolved	Chapter III	chapter		MBUnresolvedReference	tex/chapters/chapter-01/section-05.tex:486		needs-review
