Record Type	Original Reference	Target Object	LaTeX Label	Command	Translation Location	Target Location	Status
target		chapter	chap:incompressible-mixed-stokes	label	tex/chapters/chapter-03-section-01-part-01.tex:16	tex/chapters/chapter-03-section-01-part-01.tex:16	defined
target		section	sec:incompressible-abstract-mixed-approximation	label	tex/chapters/chapter-03-section-01-part-01.tex:25	tex/chapters/chapter-03-section-01-part-01.tex:25	defined
target		subsection	subsec:incompressible-mixed-variational-problem	label	tex/chapters/chapter-03-section-01-part-01.tex:34	tex/chapters/chapter-03-section-01-part-01.tex:34	defined
target		equation	eq:incompressible-abstract-q-first	label	tex/chapters/chapter-03-section-01-part-01.tex:46	tex/chapters/chapter-03-section-01-part-01.tex:46	defined
target		equation	eq:incompressible-abstract-q-second	label	tex/chapters/chapter-03-section-01-part-01.tex:48	tex/chapters/chapter-03-section-01-part-01.tex:48	defined
target		equation	eq:incompressible-abstract-v-ellipticity	label	tex/chapters/chapter-03-section-01-part-01.tex:59	tex/chapters/chapter-03-section-01-part-01.tex:59	defined
target		equation	eq:incompressible-abstract-inf-sup	label	tex/chapters/chapter-03-section-01-part-01.tex:64	tex/chapters/chapter-03-section-01-part-01.tex:64	defined
target		equation	eq:incompressible-abstract-p	label	tex/chapters/chapter-03-section-01-part-01.tex:72	tex/chapters/chapter-03-section-01-part-01.tex:72	defined
target		equation	eq:incompressible-extended-a	label	tex/chapters/chapter-03-section-01-part-01.tex:113	tex/chapters/chapter-03-section-01-part-01.tex:113	defined
target		equation	eq:incompressible-extended-b	label	tex/chapters/chapter-03-section-01-part-01.tex:116	tex/chapters/chapter-03-section-01-part-01.tex:116	defined
target		equation	eq:incompressible-weak-q-first	label	tex/chapters/chapter-03-section-01-part-01.tex:131	tex/chapters/chapter-03-section-01-part-01.tex:131	defined
target		equation	eq:incompressible-weak-q-second	label	tex/chapters/chapter-03-section-01-part-01.tex:135	tex/chapters/chapter-03-section-01-part-01.tex:135	defined
target		equation	eq:incompressible-weak-affine-set	label	tex/chapters/chapter-03-section-01-part-01.tex:138	tex/chapters/chapter-03-section-01-part-01.tex:138	defined
target		equation	eq:incompressible-weak-kernel	label	tex/chapters/chapter-03-section-01-part-01.tex:145	tex/chapters/chapter-03-section-01-part-01.tex:145	defined
target		equation	eq:incompressible-kernel-inclusions	label	tex/chapters/chapter-03-section-01-part-01.tex:151	tex/chapters/chapter-03-section-01-part-01.tex:151	defined
target		equation	eq:incompressible-weak-p	label	tex/chapters/chapter-03-section-01-part-01.tex:159	tex/chapters/chapter-03-section-01-part-01.tex:159	defined
target		equation	eq:incompressible-weak-v-ellipticity	label	tex/chapters/chapter-03-section-01-part-01.tex:170	tex/chapters/chapter-03-section-01-part-01.tex:170	defined
target		equation	eq:incompressible-restricted-weak-inf-sup	label	tex/chapters/chapter-03-section-01-part-01.tex:181	tex/chapters/chapter-03-section-01-part-01.tex:181	defined
target		theorem	thm:incompressible-weak-mixed-equivalence	label	tex/chapters/chapter-03-section-01-part-01.tex:193	tex/chapters/chapter-03-section-01-part-01.tex:193	defined
target		remark	rem:incompressible-lambda-regularity	label	tex/chapters/chapter-03-section-01-part-01.tex:246	tex/chapters/chapter-03-section-01-part-01.tex:246	defined
target		subsection	subsec:incompressible-abstract-mixed-discretization	label	tex/chapters/chapter-03-section-01-part-02.tex:5	tex/chapters/chapter-03-section-01-part-02.tex:5	defined
target		equation	eq:incompressible-discrete-q-first	label	tex/chapters/chapter-03-section-01-part-02.tex:18	tex/chapters/chapter-03-section-01-part-02.tex:18	defined
target		equation	eq:incompressible-discrete-q-second	label	tex/chapters/chapter-03-section-01-part-02.tex:22	tex/chapters/chapter-03-section-01-part-02.tex:22	defined
target		equation	eq:incompressible-discrete-affine-kernel	label	tex/chapters/chapter-03-section-01-part-02.tex:25	tex/chapters/chapter-03-section-01-part-02.tex:25	defined
target		equation	eq:incompressible-discrete-p	label	tex/chapters/chapter-03-section-01-part-02.tex:37	tex/chapters/chapter-03-section-01-part-02.tex:37	defined
target		equation	eq:incompressible-discrete-vh-ellipticity	label	tex/chapters/chapter-03-section-01-part-02.tex:49	tex/chapters/chapter-03-section-01-part-02.tex:49	defined
target		equation	eq:incompressible-discrete-inf-sup	label	tex/chapters/chapter-03-section-01-part-02.tex:56	tex/chapters/chapter-03-section-01-part-02.tex:56	defined
target		theorem	thm:incompressible-abstract-mixed-error	label	tex/chapters/chapter-03-section-01-part-02.tex:67	tex/chapters/chapter-03-section-01-part-02.tex:67	defined
target		equation	eq:incompressible-velocity-abstract-error	label	tex/chapters/chapter-03-section-01-part-02.tex:72	tex/chapters/chapter-03-section-01-part-02.tex:72	defined
target		equation	eq:incompressible-multiplier-abstract-error	label	tex/chapters/chapter-03-section-01-part-02.tex:94	tex/chapters/chapter-03-section-01-part-02.tex:94	defined
target		equation	eq:incompressible-discrete-multiplier-identity	label	tex/chapters/chapter-03-section-01-part-02.tex:151	tex/chapters/chapter-03-section-01-part-02.tex:151	defined
target		equation	eq:incompressible-mh-norm-comparison	label	tex/chapters/chapter-03-section-01-part-02.tex:184	tex/chapters/chapter-03-section-01-part-02.tex:184	defined
target		corollary	cor:incompressible-abstract-mixed-quasioptimal	label	tex/chapters/chapter-03-section-01-part-02.tex:191	tex/chapters/chapter-03-section-01-part-02.tex:191	defined
target		equation	eq:incompressible-affine-space-approximation	label	tex/chapters/chapter-03-section-01-part-02.tex:196	tex/chapters/chapter-03-section-01-part-02.tex:196	defined
target		equation	eq:incompressible-combined-abstract-error	label	tex/chapters/chapter-03-section-01-part-02.tex:208	tex/chapters/chapter-03-section-01-part-02.tex:208	defined
target		equation	eq:incompressible-scaled-discrete-inf-sup	label	tex/chapters/chapter-03-section-01-part-02.tex:235	tex/chapters/chapter-03-section-01-part-02.tex:235	defined
target		section	sec:incompressible-sfvp	label	tex/chapters/chapter-03-section-02-part-01.tex:5	tex/chapters/chapter-03-section-02-part-01.tex:5	defined
target		subsection	subsec:incompressible-sfvp-mixed-formulation	label	tex/chapters/chapter-03-section-02-part-01.tex:53	tex/chapters/chapter-03-section-02-part-01.tex:53	defined
target		equation	eq:incompressible-sfvp-stokes	label	tex/chapters/chapter-03-section-02-part-01.tex:63	tex/chapters/chapter-03-section-02-part-01.tex:63	defined
target		theorem	thm:incompressible-stream-vorticity-wellposed	label	tex/chapters/chapter-03-section-02-part-01.tex:78	tex/chapters/chapter-03-section-02-part-01.tex:78	defined
target		equation	eq:incompressible-weak-four-field-spaces	label	tex/chapters/chapter-03-section-02-part-01.tex:123	tex/chapters/chapter-03-section-02-part-01.tex:123	defined
target		equation	eq:incompressible-weak-four-field-forms	label	tex/chapters/chapter-03-section-02-part-01.tex:138	tex/chapters/chapter-03-section-02-part-01.tex:138	defined
target		equation	eq:incompressible-weak-four-field	label	tex/chapters/chapter-03-section-02-part-01.tex:159	tex/chapters/chapter-03-section-02-part-01.tex:159	defined
target		equation	eq:incompressible-weak-four-field-kernel	label	tex/chapters/chapter-03-section-02-part-01.tex:175	tex/chapters/chapter-03-section-02-part-01.tex:175	defined
target		equation	eq:incompressible-vorticity-seminorm	label	tex/chapters/chapter-03-section-02-part-01.tex:183	tex/chapters/chapter-03-section-02-part-01.tex:183	defined
target		lemma	lem:incompressible-weak-kernel-coincidence	label	tex/chapters/chapter-03-section-02-part-01.tex:188	tex/chapters/chapter-03-section-02-part-01.tex:188	defined
target		equation	eq:incompressible-velocity-by-vorticity	label	tex/chapters/chapter-03-section-02-part-01.tex:222	tex/chapters/chapter-03-section-02-part-01.tex:222	defined
target		theorem	thm:incompressible-weak-four-field-equivalence	label	tex/chapters/chapter-03-section-02-part-01.tex:234	tex/chapters/chapter-03-section-02-part-01.tex:234	defined
target		equation	eq:incompressible-stokes-weak-regularity	label	tex/chapters/chapter-03-section-02-part-01.tex:237	tex/chapters/chapter-03-section-02-part-01.tex:237	defined
target		remark	rem:incompressible-weak-regularity-sufficient	label	tex/chapters/chapter-03-section-02-part-01.tex:272	tex/chapters/chapter-03-section-02-part-01.tex:272	defined
target		equation	eq:incompressible-stream-space-phi-s	label	tex/chapters/chapter-03-section-02-part-01.tex:301	tex/chapters/chapter-03-section-02-part-01.tex:301	defined
target		equation	eq:incompressible-weak-stream-three-field	label	tex/chapters/chapter-03-section-02-part-01.tex:324	tex/chapters/chapter-03-section-02-part-01.tex:324	defined
target		corollary	cor:incompressible-weak-stream-unique	label	tex/chapters/chapter-03-section-02-part-01.tex:341	tex/chapters/chapter-03-section-02-part-01.tex:341	defined
target		theorem	thm:incompressible-decoupled-stream-pressure	label	tex/chapters/chapter-03-section-02-part-01.tex:356	tex/chapters/chapter-03-section-02-part-01.tex:356	defined
target		equation	eq:incompressible-decoupled-stream-vorticity	label	tex/chapters/chapter-03-section-02-part-01.tex:363	tex/chapters/chapter-03-section-02-part-01.tex:363	defined
target		equation	eq:incompressible-decoupled-pressure	label	tex/chapters/chapter-03-section-02-part-01.tex:380	tex/chapters/chapter-03-section-02-part-01.tex:380	defined
target		equation	eq:incompressible-grad-curl-identity	label	tex/chapters/chapter-03-section-02-part-01.tex:435	tex/chapters/chapter-03-section-02-part-01.tex:435	defined
target		equation	eq:incompressible-velocity-vorticity-pressure	label	tex/chapters/chapter-03-section-02-part-01.tex:445	tex/chapters/chapter-03-section-02-part-01.tex:445	defined
target		equation	eq:incompressible-sfvp-abstract-forms	label	tex/chapters/chapter-03-section-02-part-01.tex:477	tex/chapters/chapter-03-section-02-part-01.tex:477	defined
target		equation	eq:incompressible-sfvp-abstract-data	label	tex/chapters/chapter-03-section-02-part-01.tex:489	tex/chapters/chapter-03-section-02-part-01.tex:489	defined
target		equation	eq:incompressible-sfvp-four-field	label	tex/chapters/chapter-03-section-02-part-01.tex:499	tex/chapters/chapter-03-section-02-part-01.tex:499	defined
target		theorem	thm:incompressible-sfvp-four-field-equivalence	label	tex/chapters/chapter-03-section-02-part-01.tex:525	tex/chapters/chapter-03-section-02-part-01.tex:525	defined
target		equation	eq:incompressible-stream-space-psi	label	tex/chapters/chapter-03-section-02-part-01.tex:556	tex/chapters/chapter-03-section-02-part-01.tex:556	defined
target		equation	eq:incompressible-stream-vorticity-pair	label	tex/chapters/chapter-03-section-02-part-01.tex:581	tex/chapters/chapter-03-section-02-part-01.tex:581	defined
target		equation	eq:incompressible-stream-vorticity-multiplier	label	tex/chapters/chapter-03-section-02-part-01.tex:595	tex/chapters/chapter-03-section-02-part-01.tex:595	defined
target		equation	eq:incompressible-stream-abstract-interpretation	label	tex/chapters/chapter-03-section-02-part-01.tex:608	tex/chapters/chapter-03-section-02-part-01.tex:608	defined
target		subsection	subsec:incompressible-sfvp-mixed-approximation	label	tex/chapters/chapter-03-section-02-part-02.tex:5	tex/chapters/chapter-03-section-02-part-02.tex:5	defined
target		equation	eq:incompressible-sfvp-discrete-spaces	label	tex/chapters/chapter-03-section-02-part-02.tex:46	tex/chapters/chapter-03-section-02-part-02.tex:46	defined
target		equation	eq:incompressible-sfvp-discrete-four-field	label	tex/chapters/chapter-03-section-02-part-02.tex:58	tex/chapters/chapter-03-section-02-part-02.tex:58	defined
target		lemma	lem:incompressible-sfvp-discrete-inf-sup	label	tex/chapters/chapter-03-section-02-part-02.tex:88	tex/chapters/chapter-03-section-02-part-02.tex:88	defined
target		equation	eq:incompressible-sfvp-discrete-inf-sup	label	tex/chapters/chapter-03-section-02-part-02.tex:90	tex/chapters/chapter-03-section-02-part-02.tex:90	defined
target		lemma	lem:incompressible-sfvp-discrete-stream-bound	label	tex/chapters/chapter-03-section-02-part-02.tex:106	tex/chapters/chapter-03-section-02-part-02.tex:106	defined
target		equation	eq:incompressible-sfvp-discrete-stream-bound	label	tex/chapters/chapter-03-section-02-part-02.tex:108	tex/chapters/chapter-03-section-02-part-02.tex:108	defined
target		equation	eq:incompressible-sfvp-discrete-ellipticity	label	tex/chapters/chapter-03-section-02-part-02.tex:137	tex/chapters/chapter-03-section-02-part-02.tex:137	defined
target		lemma	lem:incompressible-sfvp-discrete-wellposed	label	tex/chapters/chapter-03-section-02-part-02.tex:154	tex/chapters/chapter-03-section-02-part-02.tex:154	defined
target		equation	eq:incompressible-sfvp-space-inclusions	label	tex/chapters/chapter-03-section-02-part-02.tex:156	tex/chapters/chapter-03-section-02-part-02.tex:156	defined
target		theorem	thm:incompressible-sfvp-practical-equivalence	label	tex/chapters/chapter-03-section-02-part-02.tex:210	tex/chapters/chapter-03-section-02-part-02.tex:210	defined
target		equation	eq:incompressible-sfvp-practical-problem	label	tex/chapters/chapter-03-section-02-part-02.tex:215	tex/chapters/chapter-03-section-02-part-02.tex:215	defined
target		theorem	thm:incompressible-sfvp-velocity-vorticity-error	label	tex/chapters/chapter-03-section-02-part-02.tex:264	tex/chapters/chapter-03-section-02-part-02.tex:264	defined
target		equation	eq:incompressible-sfvp-quasioptimal-error	label	tex/chapters/chapter-03-section-02-part-02.tex:273	tex/chapters/chapter-03-section-02-part-02.tex:273	defined
target		equation	eq:incompressible-sfvp-expanded-error	label	tex/chapters/chapter-03-section-02-part-02.tex:282	tex/chapters/chapter-03-section-02-part-02.tex:282	defined
target		equation	eq:incompressible-sfvp-projected-orthogonality	label	tex/chapters/chapter-03-section-02-part-02.tex:314	tex/chapters/chapter-03-section-02-part-02.tex:314	defined
target		equation	eq:incompressible-sfvp-vorticity-orthogonality	label	tex/chapters/chapter-03-section-02-part-02.tex:322	tex/chapters/chapter-03-section-02-part-02.tex:322	defined
target		equation	eq:incompressible-sfvp-vorticity-best-approximation	label	tex/chapters/chapter-03-section-02-part-02.tex:329	tex/chapters/chapter-03-section-02-part-02.tex:329	defined
target		remark	rem:incompressible-sfvp-sharper-seminorm-error	label	tex/chapters/chapter-03-section-02-part-02.tex:352	tex/chapters/chapter-03-section-02-part-02.tex:352	defined
target		equation	eq:incompressible-sfvp-pressure-space	label	tex/chapters/chapter-03-section-02-part-02.tex:364	tex/chapters/chapter-03-section-02-part-02.tex:364	defined
target		equation	eq:incompressible-sfvp-discrete-pressure	label	tex/chapters/chapter-03-section-02-part-02.tex:370	tex/chapters/chapter-03-section-02-part-02.tex:370	defined
target		remark	rem:incompressible-sfvp-combined-problem	label	tex/chapters/chapter-03-section-02-part-02.tex:379	tex/chapters/chapter-03-section-02-part-02.tex:379	defined
target		remark	rem:incompressible-sfvp-discrete-neumann	label	tex/chapters/chapter-03-section-02-part-02.tex:403	tex/chapters/chapter-03-section-02-part-02.tex:403	defined
target		equation	eq:incompressible-sfvp-decomposition-approximation	label	tex/chapters/chapter-03-section-02-part-02.tex:426	tex/chapters/chapter-03-section-02-part-02.tex:426	defined
target		theorem	thm:incompressible-sfvp-pressure-error	label	tex/chapters/chapter-03-section-02-part-02.tex:434	tex/chapters/chapter-03-section-02-part-02.tex:434	defined
target		equation	eq:incompressible-sfvp-pressure-error	label	tex/chapters/chapter-03-section-02-part-02.tex:444	tex/chapters/chapter-03-section-02-part-02.tex:444	defined
target		equation	eq:incompressible-sfvp-standard-fe-spaces	label	tex/chapters/chapter-03-section-02-part-02.tex:549	tex/chapters/chapter-03-section-02-part-02.tex:549	defined
target		equation	eq:incompressible-sfvp-inverse-estimate	label	tex/chapters/chapter-03-section-02-part-02.tex:580	tex/chapters/chapter-03-section-02-part-02.tex:580	defined
target		equation	eq:incompressible-sfvp-kernel-approximation	label	tex/chapters/chapter-03-section-02-part-02.tex:588	tex/chapters/chapter-03-section-02-part-02.tex:588	defined
target		lemma	lem:incompressible-sfvp-hypothesis-h1	label	tex/chapters/chapter-03-section-02-part-02.tex:606	tex/chapters/chapter-03-section-02-part-02.tex:606	defined
target		equation	eq:incompressible-sfvp-h1-bound	label	tex/chapters/chapter-03-section-02-part-02.tex:609	tex/chapters/chapter-03-section-02-part-02.tex:609	defined
target		equation	eq:incompressible-sfvp-continuous-poisson-relation	label	tex/chapters/chapter-03-section-02-part-02.tex:629	tex/chapters/chapter-03-section-02-part-02.tex:629	defined
target		equation	eq:incompressible-sfvp-auxiliary-h2-bound	label	tex/chapters/chapter-03-section-02-part-02.tex:650	tex/chapters/chapter-03-section-02-part-02.tex:650	defined
target		remark	rem:incompressible-sfvp-elementary-h1-proof	label	tex/chapters/chapter-03-section-02-part-02.tex:671	tex/chapters/chapter-03-section-02-part-02.tex:671	defined
target		remark	rem:incompressible-sfvp-nonconvex-h1	label	tex/chapters/chapter-03-section-02-part-02.tex:718	tex/chapters/chapter-03-section-02-part-02.tex:718	defined
target		lemma	lem:incompressible-sfvp-hypothesis-h2	label	tex/chapters/chapter-03-section-02-part-02.tex:735	tex/chapters/chapter-03-section-02-part-02.tex:735	defined
target		theorem	thm:incompressible-sfvp-standard-fe-error	label	tex/chapters/chapter-03-section-02-part-02.tex:797	tex/chapters/chapter-03-section-02-part-02.tex:797	defined
target		equation	eq:incompressible-sfvp-standard-regularity	label	tex/chapters/chapter-03-section-02-part-02.tex:804	tex/chapters/chapter-03-section-02-part-02.tex:804	defined
target		equation	eq:incompressible-sfvp-standard-velocity-error	label	tex/chapters/chapter-03-section-02-part-02.tex:815	tex/chapters/chapter-03-section-02-part-02.tex:815	defined
target		equation	eq:incompressible-sfvp-standard-pressure-error	label	tex/chapters/chapter-03-section-02-part-02.tex:823	tex/chapters/chapter-03-section-02-part-02.tex:823	defined
target		remark	rem:incompressible-sfvp-convexity-and-suboptimality	label	tex/chapters/chapter-03-section-02-part-02.tex:834	tex/chapters/chapter-03-section-02-part-02.tex:834	defined
target		subsection	subsec:incompressible-sfvp-mesh-dependent	label	tex/chapters/chapter-03-section-02-part-03.tex:5	tex/chapters/chapter-03-section-02-part-03.tex:5	defined
target		equation	eq:incompressible-sfvp-elementwise-green	label	tex/chapters/chapter-03-section-02-part-03.tex:43	tex/chapters/chapter-03-section-02-part-03.tex:43	defined
target		equation	eq:incompressible-sfvp-mesh-discrete-problem	label	tex/chapters/chapter-03-section-02-part-03.tex:100	tex/chapters/chapter-03-section-02-part-03.tex:100	defined
target		equation	eq:incompressible-sfvp-mesh-form-a	label	tex/chapters/chapter-03-section-02-part-03.tex:122	tex/chapters/chapter-03-section-02-part-03.tex:122	defined
target		equation	eq:incompressible-sfvp-mesh-form-b	label	tex/chapters/chapter-03-section-02-part-03.tex:127	tex/chapters/chapter-03-section-02-part-03.tex:127	defined
target		equation	eq:incompressible-sfvp-mesh-abstract-problem	label	tex/chapters/chapter-03-section-02-part-03.tex:145	tex/chapters/chapter-03-section-02-part-03.tex:145	defined
target		equation	eq:incompressible-sfvp-mesh-form-b-curl	label	tex/chapters/chapter-03-section-02-part-03.tex:157	tex/chapters/chapter-03-section-02-part-03.tex:157	defined
target		equation	eq:incompressible-sfvp-mesh-form-b-laplacian	label	tex/chapters/chapter-03-section-02-part-03.tex:163	tex/chapters/chapter-03-section-02-part-03.tex:163	defined
target		equation	eq:incompressible-sfvp-mesh-norm-zero	label	tex/chapters/chapter-03-section-02-part-03.tex:173	tex/chapters/chapter-03-section-02-part-03.tex:173	defined
target		equation	eq:incompressible-sfvp-mesh-norm-two	label	tex/chapters/chapter-03-section-02-part-03.tex:180	tex/chapters/chapter-03-section-02-part-03.tex:180	defined
target		lemma	lem:incompressible-sfvp-mesh-zero-norm-equivalence	label	tex/chapters/chapter-03-section-02-part-03.tex:208	tex/chapters/chapter-03-section-02-part-03.tex:208	defined
target		equation	eq:incompressible-sfvp-mesh-zero-norm-equivalence	label	tex/chapters/chapter-03-section-02-part-03.tex:211	tex/chapters/chapter-03-section-02-part-03.tex:211	defined
target		lemma	lem:incompressible-sfvp-mesh-two-norm-inverse	label	tex/chapters/chapter-03-section-02-part-03.tex:229	tex/chapters/chapter-03-section-02-part-03.tex:229	defined
target		equation	eq:incompressible-sfvp-mesh-two-norm-inverse	label	tex/chapters/chapter-03-section-02-part-03.tex:232	tex/chapters/chapter-03-section-02-part-03.tex:232	defined
target		equation	eq:incompressible-sfvp-jump-inverse	label	tex/chapters/chapter-03-section-02-part-03.tex:248	tex/chapters/chapter-03-section-02-part-03.tex:248	defined
target		lemma	lem:incompressible-sfvp-mesh-trace-bound	label	tex/chapters/chapter-03-section-02-part-03.tex:278	tex/chapters/chapter-03-section-02-part-03.tex:278	defined
target		equation	eq:incompressible-sfvp-mesh-trace-bound	label	tex/chapters/chapter-03-section-02-part-03.tex:280	tex/chapters/chapter-03-section-02-part-03.tex:280	defined
target		corollary	cor:incompressible-sfvp-mesh-two-norm-coercive	label	tex/chapters/chapter-03-section-02-part-03.tex:309	tex/chapters/chapter-03-section-02-part-03.tex:309	defined
target		equation	eq:incompressible-sfvp-mesh-two-norm-coercive	label	tex/chapters/chapter-03-section-02-part-03.tex:311	tex/chapters/chapter-03-section-02-part-03.tex:311	defined
target		lemma	lem:incompressible-sfvp-mesh-zero-approximation	label	tex/chapters/chapter-03-section-02-part-03.tex:342	tex/chapters/chapter-03-section-02-part-03.tex:342	defined
target		equation	eq:incompressible-sfvp-mesh-zero-approximation	label	tex/chapters/chapter-03-section-02-part-03.tex:345	tex/chapters/chapter-03-section-02-part-03.tex:345	defined
target		equation	eq:incompressible-sfvp-local-regularization	label	tex/chapters/chapter-03-section-02-part-03.tex:385	tex/chapters/chapter-03-section-02-part-03.tex:385	defined
target		lemma	lem:incompressible-sfvp-mesh-two-approximation	label	tex/chapters/chapter-03-section-02-part-03.tex:406	tex/chapters/chapter-03-section-02-part-03.tex:406	defined
target		equation	eq:incompressible-sfvp-mesh-two-approximation	label	tex/chapters/chapter-03-section-02-part-03.tex:409	tex/chapters/chapter-03-section-02-part-03.tex:409	defined
target		equation	eq:incompressible-sfvp-mesh-ellipticity	label	tex/chapters/chapter-03-section-02-part-03.tex:467	tex/chapters/chapter-03-section-02-part-03.tex:467	defined
target		lemma	lem:incompressible-sfvp-mesh-inf-sup	label	tex/chapters/chapter-03-section-02-part-03.tex:478	tex/chapters/chapter-03-section-02-part-03.tex:478	defined
target		equation	eq:incompressible-sfvp-mesh-inf-sup	label	tex/chapters/chapter-03-section-02-part-03.tex:481	tex/chapters/chapter-03-section-02-part-03.tex:481	defined
target		equation	eq:incompressible-sfvp-mesh-discrete-neumann-relation	label	tex/chapters/chapter-03-section-02-part-03.tex:499	tex/chapters/chapter-03-section-02-part-03.tex:499	defined
target		equation	eq:incompressible-sfvp-mesh-phi-theta-bound	label	tex/chapters/chapter-03-section-02-part-03.tex:514	tex/chapters/chapter-03-section-02-part-03.tex:514	defined
target		remark	rem:incompressible-sfvp-mesh-w1s-inf-sup	label	tex/chapters/chapter-03-section-02-part-03.tex:587	tex/chapters/chapter-03-section-02-part-03.tex:587	defined
target		equation	eq:incompressible-sfvp-mesh-abstract-errors	label	tex/chapters/chapter-03-section-02-part-03.tex:620	tex/chapters/chapter-03-section-02-part-03.tex:620	defined
target		theorem	thm:incompressible-sfvp-mesh-error	label	tex/chapters/chapter-03-section-02-part-03.tex:646	tex/chapters/chapter-03-section-02-part-03.tex:646	defined
target		equation	eq:incompressible-sfvp-mesh-error	label	tex/chapters/chapter-03-section-02-part-03.tex:661	tex/chapters/chapter-03-section-02-part-03.tex:661	defined
target		equation	eq:incompressible-sfvp-mesh-best-error	label	tex/chapters/chapter-03-section-02-part-03.tex:668	tex/chapters/chapter-03-section-02-part-03.tex:668	defined
target		theorem	thm:incompressible-sfvp-mesh-h1-error	label	tex/chapters/chapter-03-section-02-part-03.tex:678	tex/chapters/chapter-03-section-02-part-03.tex:678	defined
target		equation	eq:incompressible-sfvp-mesh-h1-error	label	tex/chapters/chapter-03-section-02-part-03.tex:682	tex/chapters/chapter-03-section-02-part-03.tex:682	defined
target		equation	eq:incompressible-sfvp-mesh-best-h1-error	label	tex/chapters/chapter-03-section-02-part-03.tex:687	tex/chapters/chapter-03-section-02-part-03.tex:687	defined
target		corollary	cor:incompressible-sfvp-mesh-w1s-error	label	tex/chapters/chapter-03-section-02-part-03.tex:734	tex/chapters/chapter-03-section-02-part-03.tex:734	defined
target		equation	eq:incompressible-sfvp-mesh-w1s-error	label	tex/chapters/chapter-03-section-02-part-03.tex:739	tex/chapters/chapter-03-section-02-part-03.tex:739	defined
target		remark	rem:incompressible-sfvp-mesh-trace-errors	label	tex/chapters/chapter-03-section-02-part-03.tex:765	tex/chapters/chapter-03-section-02-part-03.tex:765	defined
target		section	sec:incompressible-further-sfvp	label	tex/chapters/chapter-03-section-03-part-01.tex:5	tex/chapters/chapter-03-section-03-part-01.tex:5	defined
target		subsection	subsec:incompressible-further-error-refinement	label	tex/chapters/chapter-03-section-03-part-01.tex:12	tex/chapters/chapter-03-section-03-part-01.tex:12	defined
target		lemma	lem:incompressible-further-kernel-bound	label	tex/chapters/chapter-03-section-03-part-01.tex:24	tex/chapters/chapter-03-section-03-part-01.tex:24	defined
target		equation	eq:incompressible-further-kernel-bound	label	tex/chapters/chapter-03-section-03-part-01.tex:27	tex/chapters/chapter-03-section-03-part-01.tex:27	defined
target		equation	eq:incompressible-further-tau-bound	label	tex/chapters/chapter-03-section-03-part-01.tex:57	tex/chapters/chapter-03-section-03-part-01.tex:57	defined
target		lemma	lem:incompressible-further-boundary-element-bound	label	tex/chapters/chapter-03-section-03-part-01.tex:111	tex/chapters/chapter-03-section-03-part-01.tex:111	defined
target		equation	eq:incompressible-further-boundary-element-bound	label	tex/chapters/chapter-03-section-03-part-01.tex:117	tex/chapters/chapter-03-section-03-part-01.tex:117	defined
target		equation	eq:incompressible-further-holder-boundary	label	tex/chapters/chapter-03-section-03-part-01.tex:148	tex/chapters/chapter-03-section-03-part-01.tex:148	defined
target		remark	rem:incompressible-further-real-order-interpolation	label	tex/chapters/chapter-03-section-03-part-01.tex:192	tex/chapters/chapter-03-section-03-part-01.tex:192	defined
target		equation	eq:incompressible-further-boundary-element-real-order	label	tex/chapters/chapter-03-section-03-part-01.tex:222	tex/chapters/chapter-03-section-03-part-01.tex:222	defined
target		lemma	lem:incompressible-further-improved-kernel-approximation	label	tex/chapters/chapter-03-section-03-part-01.tex:233	tex/chapters/chapter-03-section-03-part-01.tex:233	defined
target		equation	eq:incompressible-further-improved-kernel-approximation	label	tex/chapters/chapter-03-section-03-part-01.tex:241	tex/chapters/chapter-03-section-03-part-01.tex:241	defined
target		equation	eq:incompressible-further-best-kernel-approximation	label	tex/chapters/chapter-03-section-03-part-01.tex:261	tex/chapters/chapter-03-section-03-part-01.tex:261	defined
target		corollary	cor:incompressible-further-kernel-density	label	tex/chapters/chapter-03-section-03-part-01.tex:323	tex/chapters/chapter-03-section-03-part-01.tex:323	defined
target		theorem	thm:incompressible-further-smooth-error	label	tex/chapters/chapter-03-section-03-part-01.tex:336	tex/chapters/chapter-03-section-03-part-01.tex:336	defined
target		equation	eq:incompressible-further-smooth-velocity-error	label	tex/chapters/chapter-03-section-03-part-01.tex:351	tex/chapters/chapter-03-section-03-part-01.tex:351	defined
target		equation	eq:incompressible-further-smooth-pressure-error	label	tex/chapters/chapter-03-section-03-part-01.tex:358	tex/chapters/chapter-03-section-03-part-01.tex:358	defined
target		equation	eq:incompressible-further-low-regularity-velocity-error	label	tex/chapters/chapter-03-section-03-part-01.tex:368	tex/chapters/chapter-03-section-03-part-01.tex:368	defined
target		equation	eq:incompressible-further-low-regularity-pressure-error	label	tex/chapters/chapter-03-section-03-part-01.tex:375	tex/chapters/chapter-03-section-03-part-01.tex:375	defined
target		remark	rem:incompressible-further-near-smooth-error	label	tex/chapters/chapter-03-section-03-part-01.tex:449	tex/chapters/chapter-03-section-03-part-01.tex:449	defined
target		corollary	cor:incompressible-further-general-convergence	label	tex/chapters/chapter-03-section-03-part-01.tex:483	tex/chapters/chapter-03-section-03-part-01.tex:483	defined
target		lemma	lem:incompressible-further-low-r-projection	label	tex/chapters/chapter-03-section-03-part-01.tex:508	tex/chapters/chapter-03-section-03-part-01.tex:508	defined
target		equation	eq:incompressible-further-low-r-projection	label	tex/chapters/chapter-03-section-03-part-01.tex:513	tex/chapters/chapter-03-section-03-part-01.tex:513	defined
target		theorem	thm:incompressible-further-w3alpha-error	label	tex/chapters/chapter-03-section-03-part-01.tex:556	tex/chapters/chapter-03-section-03-part-01.tex:556	defined
target		equation	eq:incompressible-further-w3alpha-velocity-error	label	tex/chapters/chapter-03-section-03-part-01.tex:563	tex/chapters/chapter-03-section-03-part-01.tex:563	defined
target		equation	eq:incompressible-further-w3alpha-pressure-error	label	tex/chapters/chapter-03-section-03-part-01.tex:572	tex/chapters/chapter-03-section-03-part-01.tex:572	defined
target		equation	eq:incompressible-further-mesh-w3alpha-error	label	tex/chapters/chapter-03-section-03-part-01.tex:603	tex/chapters/chapter-03-section-03-part-01.tex:603	defined
target		equation	eq:incompressible-further-linear-element-bound	label	tex/chapters/chapter-03-section-03-part-01.tex:616	tex/chapters/chapter-03-section-03-part-01.tex:616	defined
target		remark	rem:incompressible-further-alpha-two	label	tex/chapters/chapter-03-section-03-part-01.tex:655	tex/chapters/chapter-03-section-03-part-01.tex:655	defined
target		theorem	thm:incompressible-further-h1-error	label	tex/chapters/chapter-03-section-03-part-01.tex:684	tex/chapters/chapter-03-section-03-part-01.tex:684	defined
target		equation	eq:incompressible-further-h1-error	label	tex/chapters/chapter-03-section-03-part-01.tex:696	tex/chapters/chapter-03-section-03-part-01.tex:696	defined
target		equation	eq:incompressible-further-dual-regularity	label	tex/chapters/chapter-03-section-03-part-01.tex:725	tex/chapters/chapter-03-section-03-part-01.tex:725	defined
target		equation	eq:incompressible-further-duality-identity	label	tex/chapters/chapter-03-section-03-part-01.tex:780	tex/chapters/chapter-03-section-03-part-01.tex:780	defined
target		subsection	subsec:incompressible-quadrilateral-superconvergence	label	tex/chapters/chapter-03-section-03-part-02.tex:5	tex/chapters/chapter-03-section-03-part-02.tex:5	defined
target		lemma	lem:incompressible-superconvergence-interpolation-remainder	label	tex/chapters/chapter-03-section-03-part-02.tex:34	tex/chapters/chapter-03-section-03-part-02.tex:34	defined
target		equation	eq:incompressible-superconvergence-interpolation-remainder	label	tex/chapters/chapter-03-section-03-part-02.tex:47	tex/chapters/chapter-03-section-03-part-02.tex:47	defined
target		lemma	lem:incompressible-superconvergence-mapped-gradient-identity	label	tex/chapters/chapter-03-section-03-part-02.tex:80	tex/chapters/chapter-03-section-03-part-02.tex:80	defined
target		equation	eq:incompressible-superconvergence-mapped-gradient-identity	label	tex/chapters/chapter-03-section-03-part-02.tex:82	tex/chapters/chapter-03-section-03-part-02.tex:82	defined
target		equation	eq:incompressible-superconvergence-almost-parallelogram	label	tex/chapters/chapter-03-section-03-part-02.tex:117	tex/chapters/chapter-03-section-03-part-02.tex:117	defined
target		lemma	lem:incompressible-superconvergence-map-bounds	label	tex/chapters/chapter-03-section-03-part-02.tex:132	tex/chapters/chapter-03-section-03-part-02.tex:132	defined
target		equation	eq:incompressible-superconvergence-directional-bound	label	tex/chapters/chapter-03-section-03-part-02.tex:136	tex/chapters/chapter-03-section-03-part-02.tex:136	defined
target		equation	eq:incompressible-superconvergence-coefficient-derivative	label	tex/chapters/chapter-03-section-03-part-02.tex:142	tex/chapters/chapter-03-section-03-part-02.tex:142	defined
target		equation	eq:incompressible-superconvergence-four-terms	label	tex/chapters/chapter-03-section-03-part-02.tex:173	tex/chapters/chapter-03-section-03-part-02.tex:173	defined
target		lemma	lem:incompressible-superconvergence-diagonal-terms	label	tex/chapters/chapter-03-section-03-part-02.tex:199	tex/chapters/chapter-03-section-03-part-02.tex:199	defined
target		equation	eq:incompressible-superconvergence-diagonal-terms	label	tex/chapters/chapter-03-section-03-part-02.tex:204	tex/chapters/chapter-03-section-03-part-02.tex:204	defined
target		equation	eq:incompressible-superconvergence-cross-remainder	label	tex/chapters/chapter-03-section-03-part-02.tex:267	tex/chapters/chapter-03-section-03-part-02.tex:267	defined
target		equation	eq:incompressible-superconvergence-crude-cross-bound	label	tex/chapters/chapter-03-section-03-part-02.tex:277	tex/chapters/chapter-03-section-03-part-02.tex:277	defined
target		equation	eq:incompressible-superconvergence-adjacent-geometry	label	tex/chapters/chapter-03-section-03-part-02.tex:320	tex/chapters/chapter-03-section-03-part-02.tex:320	defined
target		equation	eq:incompressible-superconvergence-nearly-parallel	label	tex/chapters/chapter-03-section-03-part-02.tex:335	tex/chapters/chapter-03-section-03-part-02.tex:335	defined
target		lemma	lem:incompressible-superconvergence-cross-terms	label	tex/chapters/chapter-03-section-03-part-02.tex:346	tex/chapters/chapter-03-section-03-part-02.tex:346	defined
target		equation	eq:incompressible-superconvergence-cross-terms	label	tex/chapters/chapter-03-section-03-part-02.tex:353	tex/chapters/chapter-03-section-03-part-02.tex:353	defined
target		theorem	thm:incompressible-quadrilateral-superconvergence	label	tex/chapters/chapter-03-section-03-part-02.tex:370	tex/chapters/chapter-03-section-03-part-02.tex:370	defined
target		equation	eq:incompressible-quadrilateral-superconvergence	label	tex/chapters/chapter-03-section-03-part-02.tex:383	tex/chapters/chapter-03-section-03-part-02.tex:383	defined
target		corollary	cor:incompressible-quadrilateral-kernel-superconvergence	label	tex/chapters/chapter-03-section-03-part-02.tex:393	tex/chapters/chapter-03-section-03-part-02.tex:393	defined
target		equation	eq:incompressible-quadrilateral-kernel-superconvergence	label	tex/chapters/chapter-03-section-03-part-02.tex:396	tex/chapters/chapter-03-section-03-part-02.tex:396	defined
target		equation	eq:incompressible-quadrilateral-velocity-superconvergence	label	tex/chapters/chapter-03-section-04-part-01.tex:7	tex/chapters/chapter-03-section-04-part-01.tex:7	defined
target		equation	eq:incompressible-quadrilateral-pressure-superconvergence	label	tex/chapters/chapter-03-section-04-part-01.tex:22	tex/chapters/chapter-03-section-04-part-01.tex:22	defined
target		section	sec:incompressible-stream-gradient-tensor	label	tex/chapters/chapter-03-section-04-part-01.tex:28	tex/chapters/chapter-03-section-04-part-01.tex:28	defined
target		subsection	subsec:incompressible-hhj-formulation	label	tex/chapters/chapter-03-section-04-part-01.tex:45	tex/chapters/chapter-03-section-04-part-01.tex:45	defined
target		equation	eq:incompressible-hhj-velocity-gradient	label	tex/chapters/chapter-03-section-04-part-01.tex:52	tex/chapters/chapter-03-section-04-part-01.tex:52	defined
target		equation	eq:incompressible-hhj-gradient-system	label	tex/chapters/chapter-03-section-04-part-01.tex:57	tex/chapters/chapter-03-section-04-part-01.tex:57	defined
target		equation	eq:incompressible-hhj-green-component	label	tex/chapters/chapter-03-section-04-part-01.tex:78	tex/chapters/chapter-03-section-04-part-01.tex:78	defined
target		equation	eq:incompressible-hhj-normal-moments	label	tex/chapters/chapter-03-section-04-part-01.tex:94	tex/chapters/chapter-03-section-04-part-01.tex:94	defined
target		equation	eq:incompressible-hhj-green-tensor	label	tex/chapters/chapter-03-section-04-part-01.tex:112	tex/chapters/chapter-03-section-04-part-01.tex:112	defined
target		equation	eq:incompressible-hhj-velocity-pressure-weak	label	tex/chapters/chapter-03-section-04-part-01.tex:157	tex/chapters/chapter-03-section-04-part-01.tex:157	defined
target		equation	eq:incompressible-hhj-gradient-relation-weak	label	tex/chapters/chapter-03-section-04-part-01.tex:173	tex/chapters/chapter-03-section-04-part-01.tex:173	defined
target		equation	eq:incompressible-hhj-three-field-problem	label	tex/chapters/chapter-03-section-04-part-01.tex:203	tex/chapters/chapter-03-section-04-part-01.tex:203	defined
target		equation	eq:incompressible-hhj-symmetric-tensor	label	tex/chapters/chapter-03-section-04-part-01.tex:269	tex/chapters/chapter-03-section-04-part-01.tex:269	defined
target		equation	eq:incompressible-hhj-tensor-correspondence	label	tex/chapters/chapter-03-section-04-part-01.tex:278	tex/chapters/chapter-03-section-04-part-01.tex:278	defined
target		equation	eq:incompressible-hhj-tensor-space	label	tex/chapters/chapter-03-section-04-part-01.tex:289	tex/chapters/chapter-03-section-04-part-01.tex:289	defined
target		equation	eq:incompressible-hhj-stream-space	label	tex/chapters/chapter-03-section-04-part-01.tex:298	tex/chapters/chapter-03-section-04-part-01.tex:298	defined
target		equation	eq:incompressible-hhj-formulation	label	tex/chapters/chapter-03-section-04-part-01.tex:318	tex/chapters/chapter-03-section-04-part-01.tex:318	defined
target		equation	eq:incompressible-hhj-form-a	label	tex/chapters/chapter-03-section-04-part-01.tex:340	tex/chapters/chapter-03-section-04-part-01.tex:340	defined
target		equation	eq:incompressible-hhj-form-b	label	tex/chapters/chapter-03-section-04-part-01.tex:346	tex/chapters/chapter-03-section-04-part-01.tex:346	defined
target		equation	eq:incompressible-hhj-abstract-formulation	label	tex/chapters/chapter-03-section-04-part-01.tex:355	tex/chapters/chapter-03-section-04-part-01.tex:355	defined
target		equation	eq:incompressible-hhj-form-b-gradient	label	tex/chapters/chapter-03-section-04-part-01.tex:372	tex/chapters/chapter-03-section-04-part-01.tex:372	defined
target		theorem	thm:incompressible-hhj-continuous-equivalence	label	tex/chapters/chapter-03-section-04-part-01.tex:381	tex/chapters/chapter-03-section-04-part-01.tex:381	defined
target		equation	eq:incompressible-hhj-regularity-assumption	label	tex/chapters/chapter-03-section-04-part-01.tex:403	tex/chapters/chapter-03-section-04-part-01.tex:403	defined
target		subsection	subsec:incompressible-hhj-triangular-approximation	label	tex/chapters/chapter-03-section-04-part-02.tex:5	tex/chapters/chapter-03-section-04-part-02.tex:5	defined
target		equation	eq:incompressible-hhj-stream-fe-space	label	tex/chapters/chapter-03-section-04-part-02.tex:11	tex/chapters/chapter-03-section-04-part-02.tex:11	defined
target		equation	eq:incompressible-hhj-tensor-fe-space	label	tex/chapters/chapter-03-section-04-part-02.tex:21	tex/chapters/chapter-03-section-04-part-02.tex:21	defined
target		equation	eq:incompressible-hhj-discrete-problem	label	tex/chapters/chapter-03-section-04-part-02.tex:33	tex/chapters/chapter-03-section-04-part-02.tex:33	defined
target		equation	eq:incompressible-hhj-discrete-abstract	label	tex/chapters/chapter-03-section-04-part-02.tex:58	tex/chapters/chapter-03-section-04-part-02.tex:58	defined
target		equation	eq:incompressible-hhj-tensor-mesh-norm	label	tex/chapters/chapter-03-section-04-part-02.tex:74	tex/chapters/chapter-03-section-04-part-02.tex:74	defined
target		equation	eq:incompressible-hhj-stream-mesh-norm	label	tex/chapters/chapter-03-section-04-part-02.tex:83	tex/chapters/chapter-03-section-04-part-02.tex:83	defined
target		lemma	lem:incompressible-hhj-reference-dofs	label	tex/chapters/chapter-03-section-04-part-02.tex:108	tex/chapters/chapter-03-section-04-part-02.tex:108	defined
target		equation	eq:incompressible-hhj-reference-dofs	label	tex/chapters/chapter-03-section-04-part-02.tex:112	tex/chapters/chapter-03-section-04-part-02.tex:112	defined
target		equation	eq:incompressible-hhj-reference-homogeneous-dofs	label	tex/chapters/chapter-03-section-04-part-02.tex:138	tex/chapters/chapter-03-section-04-part-02.tex:138	defined
target		equation	eq:incompressible-hhj-tensor-piola-forward	label	tex/chapters/chapter-03-section-04-part-02.tex:200	tex/chapters/chapter-03-section-04-part-02.tex:200	defined
target		equation	eq:incompressible-hhj-tensor-piola-backward	label	tex/chapters/chapter-03-section-04-part-02.tex:205	tex/chapters/chapter-03-section-04-part-02.tex:205	defined
target		equation	eq:incompressible-hhj-normal-transform-forward	label	tex/chapters/chapter-03-section-04-part-02.tex:218	tex/chapters/chapter-03-section-04-part-02.tex:218	defined
target		equation	eq:incompressible-hhj-normal-transform-backward	label	tex/chapters/chapter-03-section-04-part-02.tex:224	tex/chapters/chapter-03-section-04-part-02.tex:224	defined
target		remark	rem:incompressible-hhj-linear-tensor-space	label	tex/chapters/chapter-03-section-04-part-02.tex:249	tex/chapters/chapter-03-section-04-part-02.tex:249	defined
target		equation	eq:incompressible-hhj-local-restriction	label	tex/chapters/chapter-03-section-04-part-02.tex:270	tex/chapters/chapter-03-section-04-part-02.tex:270	defined
target		equation	eq:incompressible-hhj-global-restriction	label	tex/chapters/chapter-03-section-04-part-02.tex:284	tex/chapters/chapter-03-section-04-part-02.tex:284	defined
target		equation	eq:incompressible-hhj-restriction-affine-commuting	label	tex/chapters/chapter-03-section-04-part-02.tex:299	tex/chapters/chapter-03-section-04-part-02.tex:299	defined
target		lemma	lem:incompressible-hhj-restriction-properties	label	tex/chapters/chapter-03-section-04-part-02.tex:306	tex/chapters/chapter-03-section-04-part-02.tex:306	defined
target		equation	eq:incompressible-hhj-restriction-orthogonality	label	tex/chapters/chapter-03-section-04-part-02.tex:311	tex/chapters/chapter-03-section-04-part-02.tex:311	defined
target		equation	eq:incompressible-hhj-restriction-stability	label	tex/chapters/chapter-03-section-04-part-02.tex:316	tex/chapters/chapter-03-section-04-part-02.tex:316	defined
target		equation	eq:incompressible-hhj-restriction-error	label	tex/chapters/chapter-03-section-04-part-02.tex:323	tex/chapters/chapter-03-section-04-part-02.tex:323	defined
target		equation	eq:incompressible-hhj-normal-restriction-stability	label	tex/chapters/chapter-03-section-04-part-02.tex:337	tex/chapters/chapter-03-section-04-part-02.tex:337	defined
target		equation	eq:incompressible-hhj-l2-restriction-stability	label	tex/chapters/chapter-03-section-04-part-02.tex:344	tex/chapters/chapter-03-section-04-part-02.tex:344	defined
target		lemma	lem:incompressible-hhj-kernel-equivalence	label	tex/chapters/chapter-03-section-04-part-03.tex:7	tex/chapters/chapter-03-section-04-part-03.tex:7	defined
target		equation	eq:incompressible-hhj-kernel-equivalence	label	tex/chapters/chapter-03-section-04-part-03.tex:9	tex/chapters/chapter-03-section-04-part-03.tex:9	defined
target		equation	eq:incompressible-hhj-interpolation-orthogonality	label	tex/chapters/chapter-03-section-04-part-03.tex:23	tex/chapters/chapter-03-section-04-part-03.tex:23	defined
target		equation	eq:incompressible-hhj-stream-interpolation-error	label	tex/chapters/chapter-03-section-04-part-03.tex:64	tex/chapters/chapter-03-section-04-part-03.tex:64	defined
target		corollary	cor:incompressible-hhj-stream-interpolant	label	tex/chapters/chapter-03-section-04-part-03.tex:73	tex/chapters/chapter-03-section-04-part-03.tex:73	defined
target		lemma	lem:incompressible-hhj-inf-sup	label	tex/chapters/chapter-03-section-04-part-03.tex:133	tex/chapters/chapter-03-section-04-part-03.tex:133	defined
target		equation	eq:incompressible-hhj-inf-sup	label	tex/chapters/chapter-03-section-04-part-03.tex:136	tex/chapters/chapter-03-section-04-part-03.tex:136	defined
target		remark	rem:incompressible-hhj-w1s-inf-sup	label	tex/chapters/chapter-03-section-04-part-03.tex:148	tex/chapters/chapter-03-section-04-part-03.tex:148	defined
target		remark	rem:incompressible-hhj-unconditional-uniqueness	label	tex/chapters/chapter-03-section-04-part-03.tex:168	tex/chapters/chapter-03-section-04-part-03.tex:168	defined
target		theorem	thm:incompressible-hhj-error	label	tex/chapters/chapter-03-section-04-part-03.tex:199	tex/chapters/chapter-03-section-04-part-03.tex:199	defined
target		equation	eq:incompressible-hhj-tensor-l2-error	label	tex/chapters/chapter-03-section-04-part-03.tex:213	tex/chapters/chapter-03-section-04-part-03.tex:213	defined
target		equation	eq:incompressible-hhj-linear-h1-error	label	tex/chapters/chapter-03-section-04-part-03.tex:218	tex/chapters/chapter-03-section-04-part-03.tex:218	defined
target		equation	eq:incompressible-hhj-h1-error	label	tex/chapters/chapter-03-section-04-part-03.tex:223	tex/chapters/chapter-03-section-04-part-03.tex:223	defined
target		equation	eq:incompressible-hhj-tensor-mesh-error	label	tex/chapters/chapter-03-section-04-part-03.tex:230	tex/chapters/chapter-03-section-04-part-03.tex:230	defined
target		equation	eq:incompressible-hhj-stream-mesh-error	label	tex/chapters/chapter-03-section-04-part-03.tex:236	tex/chapters/chapter-03-section-04-part-03.tex:236	defined
target		equation	eq:incompressible-hhj-error-orthogonality	label	tex/chapters/chapter-03-section-04-part-03.tex:244	tex/chapters/chapter-03-section-04-part-03.tex:244	defined
target		equation	eq:incompressible-hhj-best-tensor-l2	label	tex/chapters/chapter-03-section-04-part-03.tex:268	tex/chapters/chapter-03-section-04-part-03.tex:268	defined
target		equation	eq:incompressible-hhj-best-tensor-mesh	label	tex/chapters/chapter-03-section-04-part-03.tex:273	tex/chapters/chapter-03-section-04-part-03.tex:273	defined
target		equation	eq:incompressible-hhj-stream-error-identity	label	tex/chapters/chapter-03-section-04-part-03.tex:283	tex/chapters/chapter-03-section-04-part-03.tex:283	defined
target		equation	eq:incompressible-hhj-interpolated-stream-mesh-bound	label	tex/chapters/chapter-03-section-04-part-03.tex:290	tex/chapters/chapter-03-section-04-part-03.tex:290	defined
target		equation	eq:incompressible-hhj-dual-problem	label	tex/chapters/chapter-03-section-04-part-03.tex:303	tex/chapters/chapter-03-section-04-part-03.tex:303	defined
target		equation	eq:incompressible-hhj-dual-regularity	label	tex/chapters/chapter-03-section-04-part-03.tex:317	tex/chapters/chapter-03-section-04-part-03.tex:317	defined
target		equation	eq:incompressible-hhj-h1-duality-bound	label	tex/chapters/chapter-03-section-04-part-03.tex:343	tex/chapters/chapter-03-section-04-part-03.tex:343	defined
target		equation	eq:incompressible-hhj-linear-h1-duality-bound	label	tex/chapters/chapter-03-section-04-part-03.tex:353	tex/chapters/chapter-03-section-04-part-03.tex:353	defined
target		corollary	cor:incompressible-hhj-w1s-error	label	tex/chapters/chapter-03-section-04-part-03.tex:372	tex/chapters/chapter-03-section-04-part-03.tex:372	defined
target		equation	eq:incompressible-hhj-w1s-error	label	tex/chapters/chapter-03-section-04-part-03.tex:376	tex/chapters/chapter-03-section-04-part-03.tex:376	defined
target		equation	eq:incompressible-hhj-interpolated-w1s-bound	label	tex/chapters/chapter-03-section-04-part-03.tex:385	tex/chapters/chapter-03-section-04-part-03.tex:385	defined
target		remark	rem:incompressible-hhj-optimality	label	tex/chapters/chapter-03-section-04-part-03.tex:393	tex/chapters/chapter-03-section-04-part-03.tex:393	defined
target		subsection	subsec:incompressible-hhj-additional-results	label	tex/chapters/chapter-03-section-04-part-04.tex:5	tex/chapters/chapter-03-section-04-part-04.tex:5	defined
target		equation	eq:incompressible-hhj-low-regularity-formulation	label	tex/chapters/chapter-03-section-04-part-04.tex:35	tex/chapters/chapter-03-section-04-part-04.tex:35	defined
target		lemma	lem:incompressible-hhj-low-regularity-identities	label	tex/chapters/chapter-03-section-04-part-04.tex:64	tex/chapters/chapter-03-section-04-part-04.tex:64	defined
target		equation	eq:incompressible-hhj-low-regularity-assumption	label	tex/chapters/chapter-03-section-04-part-04.tex:67	tex/chapters/chapter-03-section-04-part-04.tex:67	defined
target		lemma	lem:incompressible-hhj-low-regularity-restriction	label	tex/chapters/chapter-03-section-04-part-04.tex:76	tex/chapters/chapter-03-section-04-part-04.tex:76	defined
target		equation	eq:incompressible-hhj-low-regularity-restriction	label	tex/chapters/chapter-03-section-04-part-04.tex:80	tex/chapters/chapter-03-section-04-part-04.tex:80	defined
target		theorem	thm:incompressible-hhj-low-regularity-error	label	tex/chapters/chapter-03-section-04-part-04.tex:86	tex/chapters/chapter-03-section-04-part-04.tex:86	defined
target		equation	eq:incompressible-hhj-low-regularity-tensor-error	label	tex/chapters/chapter-03-section-04-part-04.tex:90	tex/chapters/chapter-03-section-04-part-04.tex:90	defined
target		equation	eq:incompressible-hhj-low-regularity-w1beta-error	label	tex/chapters/chapter-03-section-04-part-04.tex:98	tex/chapters/chapter-03-section-04-part-04.tex:98	defined
target		equation	eq:incompressible-hhj-low-regularity-piecewise-h2-error	label	tex/chapters/chapter-03-section-04-part-04.tex:103	tex/chapters/chapter-03-section-04-part-04.tex:103	defined
target		subsection	subsec:incompressible-hhj-discontinuous-pressure	label	tex/chapters/chapter-03-section-04-part-04.tex:111	tex/chapters/chapter-03-section-04-part-04.tex:111	defined
target		equation	eq:incompressible-hhj-pressure-reference-triangle	label	tex/chapters/chapter-03-section-04-part-04.tex:123	tex/chapters/chapter-03-section-04-part-04.tex:123	defined
target		equation	eq:incompressible-hhj-pressure-reference-square	label	tex/chapters/chapter-03-section-04-part-04.tex:130	tex/chapters/chapter-03-section-04-part-04.tex:130	defined
target		equation	eq:incompressible-hhj-pressure-reference-dofs	label	tex/chapters/chapter-03-section-04-part-04.tex:145	tex/chapters/chapter-03-section-04-part-04.tex:145	defined
target		equation	eq:incompressible-hhj-pressure-contravariant-transform	label	tex/chapters/chapter-03-section-04-part-04.tex:163	tex/chapters/chapter-03-section-04-part-04.tex:163	defined
target		equation	eq:incompressible-hhj-pressure-velocity-space	label	tex/chapters/chapter-03-section-04-part-04.tex:172	tex/chapters/chapter-03-section-04-part-04.tex:172	defined
target		equation	eq:incompressible-hhj-pressure-space	label	tex/chapters/chapter-03-section-04-part-04.tex:184	tex/chapters/chapter-03-section-04-part-04.tex:184	defined
target		remark	rem:incompressible-hhj-pressure-lowest-order	label	tex/chapters/chapter-03-section-04-part-04.tex:197	tex/chapters/chapter-03-section-04-part-04.tex:197	defined
target		equation	eq:incompressible-hhj-pressure-global-restriction	label	tex/chapters/chapter-03-section-04-part-04.tex:205	tex/chapters/chapter-03-section-04-part-04.tex:205	defined
target		theorem	thm:incompressible-hhj-pressure-restriction	label	tex/chapters/chapter-03-section-04-part-04.tex:211	tex/chapters/chapter-03-section-04-part-04.tex:211	defined
target		equation	eq:incompressible-hhj-pressure-restriction-w1s	label	tex/chapters/chapter-03-section-04-part-04.tex:214	tex/chapters/chapter-03-section-04-part-04.tex:214	defined
target		equation	eq:incompressible-hhj-pressure-restriction-divergence	label	tex/chapters/chapter-03-section-04-part-04.tex:221	tex/chapters/chapter-03-section-04-part-04.tex:221	defined
target		equation	eq:incompressible-hhj-pressure-restriction-orthogonality	label	tex/chapters/chapter-03-section-04-part-04.tex:226	tex/chapters/chapter-03-section-04-part-04.tex:226	defined
target		equation	eq:incompressible-hhj-pressure-reference-decomposition	label	tex/chapters/chapter-03-section-04-part-04.tex:242	tex/chapters/chapter-03-section-04-part-04.tex:242	defined
target		equation	eq:incompressible-hhj-pressure-reference-estimate	label	tex/chapters/chapter-03-section-04-part-04.tex:264	tex/chapters/chapter-03-section-04-part-04.tex:264	defined
target		equation	eq:incompressible-hhj-discontinuous-pressure-problem	label	tex/chapters/chapter-03-section-04-part-04.tex:290	tex/chapters/chapter-03-section-04-part-04.tex:290	defined
target		theorem	thm:incompressible-hhj-discontinuous-pressure-error	label	tex/chapters/chapter-03-section-04-part-04.tex:309	tex/chapters/chapter-03-section-04-part-04.tex:309	defined
target		equation	eq:incompressible-hhj-discontinuous-pressure-error	label	tex/chapters/chapter-03-section-04-part-04.tex:319	tex/chapters/chapter-03-section-04-part-04.tex:319	defined
target		remark	rem:incompressible-hhj-pressure-with-vorticity-scheme	label	tex/chapters/chapter-03-section-04-part-04.tex:355	tex/chapters/chapter-03-section-04-part-04.tex:355	defined
target		equation	eq:incompressible-vorticity-discontinuous-pressure	label	tex/chapters/chapter-03-section-04-part-04.tex:359	tex/chapters/chapter-03-section-04-part-04.tex:359	defined
target		remark	rem:incompressible-hhj-continuous-pressure-alternative	label	tex/chapters/chapter-03-section-04-part-04.tex:370	tex/chapters/chapter-03-section-04-part-04.tex:370	defined
target		section	sec:incompressible-vector-potential-vorticity	label	tex/chapters/chapter-03-section-05-part-01.tex:5	tex/chapters/chapter-03-section-05-part-01.tex:5	defined
target		subsection	subsec:incompressible-vector-potential-mixed-formulation	label	tex/chapters/chapter-03-section-05-part-01.tex:24	tex/chapters/chapter-03-section-05-part-01.tex:24	defined
target		equation	eq:incompressible-vector-potential-stokes	label	tex/chapters/chapter-03-section-05-part-01.tex:28	tex/chapters/chapter-03-section-05-part-01.tex:28	defined
target		equation	eq:incompressible-vector-potential-space	label	tex/chapters/chapter-03-section-05-part-01.tex:40	tex/chapters/chapter-03-section-05-part-01.tex:40	defined
target		equation	eq:incompressible-vector-potential-vorticity	label	tex/chapters/chapter-03-section-05-part-01.tex:60	tex/chapters/chapter-03-section-05-part-01.tex:60	defined
target		equation	eq:incompressible-vector-potential-mixed-first	label	tex/chapters/chapter-03-section-05-part-01.tex:94	tex/chapters/chapter-03-section-05-part-01.tex:94	defined
target		equation	eq:incompressible-vector-potential-mixed-second	label	tex/chapters/chapter-03-section-05-part-01.tex:99	tex/chapters/chapter-03-section-05-part-01.tex:99	defined
target		equation	eq:incompressible-vector-potential-divergence-free	label	tex/chapters/chapter-03-section-05-part-01.tex:101	tex/chapters/chapter-03-section-05-part-01.tex:101	defined
target		theorem	thm:incompressible-vector-potential-continuous-uniqueness	label	tex/chapters/chapter-03-section-05-part-01.tex:112	tex/chapters/chapter-03-section-05-part-01.tex:112	defined
target		equation	eq:incompressible-vector-potential-reduced-problem	label	tex/chapters/chapter-03-section-05-part-01.tex:130	tex/chapters/chapter-03-section-05-part-01.tex:130	defined
target		equation	eq:incompressible-vector-potential-abstract-problem	label	tex/chapters/chapter-03-section-05-part-01.tex:166	tex/chapters/chapter-03-section-05-part-01.tex:166	defined
target		equation	eq:incompressible-vector-potential-poincare	label	tex/chapters/chapter-03-section-05-part-01.tex:186	tex/chapters/chapter-03-section-05-part-01.tex:186	defined
target		equation	eq:incompressible-vector-potential-kernel-control	label	tex/chapters/chapter-03-section-05-part-01.tex:198	tex/chapters/chapter-03-section-05-part-01.tex:198	defined
target		remark	rem:incompressible-vector-potential-two-dimensional-analogy	label	tex/chapters/chapter-03-section-05-part-01.tex:219	tex/chapters/chapter-03-section-05-part-01.tex:219	defined
target		remark	rem:incompressible-vector-potential-larger-test-space	label	tex/chapters/chapter-03-section-05-part-01.tex:224	tex/chapters/chapter-03-section-05-part-01.tex:224	defined
target		subsection	subsec:incompressible-vector-potential-mixed-approximation	label	tex/chapters/chapter-03-section-05-part-01.tex:233	tex/chapters/chapter-03-section-05-part-01.tex:233	defined
target		equation	eq:incompressible-vector-potential-discrete-spaces	label	tex/chapters/chapter-03-section-05-part-01.tex:236	tex/chapters/chapter-03-section-05-part-01.tex:236	defined
target		equation	eq:incompressible-vector-potential-discrete-divergence-free	label	tex/chapters/chapter-03-section-05-part-01.tex:244	tex/chapters/chapter-03-section-05-part-01.tex:244	defined
target		equation	eq:incompressible-vector-potential-discrete-kernel	label	tex/chapters/chapter-03-section-05-part-01.tex:249	tex/chapters/chapter-03-section-05-part-01.tex:249	defined
target		equation	eq:incompressible-vector-potential-discrete-poincare	label	tex/chapters/chapter-03-section-05-part-01.tex:255	tex/chapters/chapter-03-section-05-part-01.tex:255	defined
target		equation	eq:incompressible-vector-potential-constrained-discrete-problem	label	tex/chapters/chapter-03-section-05-part-01.tex:263	tex/chapters/chapter-03-section-05-part-01.tex:263	defined
target		equation	eq:incompressible-vector-potential-unconstrained-discrete-problem	label	tex/chapters/chapter-03-section-05-part-01.tex:280	tex/chapters/chapter-03-section-05-part-01.tex:280	defined
target		equation	eq:incompressible-vector-potential-curl-lifting	label	tex/chapters/chapter-03-section-05-part-01.tex:296	tex/chapters/chapter-03-section-05-part-01.tex:296	defined
target		lemma	lem:incompressible-vector-potential-discrete-solvability	label	tex/chapters/chapter-03-section-05-part-01.tex:301	tex/chapters/chapter-03-section-05-part-01.tex:301	defined
target		equation	eq:incompressible-vector-potential-discrete-product-space	label	tex/chapters/chapter-03-section-05-part-01.tex:317	tex/chapters/chapter-03-section-05-part-01.tex:317	defined
target		equation	eq:incompressible-vector-potential-discrete-nullspace	label	tex/chapters/chapter-03-section-05-part-01.tex:324	tex/chapters/chapter-03-section-05-part-01.tex:324	defined
target		equation	eq:incompressible-vector-potential-discrete-kernel-control	label	tex/chapters/chapter-03-section-05-part-01.tex:328	tex/chapters/chapter-03-section-05-part-01.tex:328	defined
target		theorem	thm:incompressible-vector-potential-abstract-error	label	tex/chapters/chapter-03-section-05-part-01.tex:338	tex/chapters/chapter-03-section-05-part-01.tex:338	defined
target		equation	eq:incompressible-vector-potential-vorticity-abstract-error	label	tex/chapters/chapter-03-section-05-part-01.tex:342	tex/chapters/chapter-03-section-05-part-01.tex:342	defined
target		equation	eq:incompressible-vector-potential-velocity-abstract-error	label	tex/chapters/chapter-03-section-05-part-01.tex:352	tex/chapters/chapter-03-section-05-part-01.tex:352	defined
target		lemma	lem:incompressible-vector-potential-kernel-approximation	label	tex/chapters/chapter-03-section-05-part-01.tex:366	tex/chapters/chapter-03-section-05-part-01.tex:366	defined
target		equation	eq:incompressible-vector-potential-kernel-approximation	label	tex/chapters/chapter-03-section-05-part-01.tex:370	tex/chapters/chapter-03-section-05-part-01.tex:370	defined
target		subsection	subsec:incompressible-nedelec-elements	label	tex/chapters/chapter-03-section-05-part-02.tex:5	tex/chapters/chapter-03-section-05-part-02.tex:5	defined
target		equation	eq:incompressible-nedelec-reference-space	label	tex/chapters/chapter-03-section-05-part-02.tex:11	tex/chapters/chapter-03-section-05-part-02.tex:11	defined
target		lemma	lem:incompressible-nedelec-gradient-kernel	label	tex/chapters/chapter-03-section-05-part-02.tex:42	tex/chapters/chapter-03-section-05-part-02.tex:42	defined
target		remark	rem:incompressible-nedelec-arbitrary-dimension	label	tex/chapters/chapter-03-section-05-part-02.tex:57	tex/chapters/chapter-03-section-05-part-02.tex:57	defined
target		definition	def:incompressible-nedelec-moments	label	tex/chapters/chapter-03-section-05-part-02.tex:62	tex/chapters/chapter-03-section-05-part-02.tex:62	defined
target		remark	rem:incompressible-nedelec-moment-regularity	label	tex/chapters/chapter-03-section-05-part-02.tex:83	tex/chapters/chapter-03-section-05-part-02.tex:83	defined
target		lemma	lem:incompressible-nedelec-moment-count	label	tex/chapters/chapter-03-section-05-part-02.tex:93	tex/chapters/chapter-03-section-05-part-02.tex:93	defined
target		equation	eq:incompressible-nedelec-scalar-transform	label	tex/chapters/chapter-03-section-05-part-02.tex:130	tex/chapters/chapter-03-section-05-part-02.tex:130	defined
target		equation	eq:incompressible-nedelec-covariant-transform	label	tex/chapters/chapter-03-section-05-part-02.tex:132	tex/chapters/chapter-03-section-05-part-02.tex:132	defined
target		equation	eq:incompressible-nedelec-normal-transform	label	tex/chapters/chapter-03-section-05-part-02.tex:142	tex/chapters/chapter-03-section-05-part-02.tex:142	defined
target		equation	eq:incompressible-nedelec-tangent-transform	label	tex/chapters/chapter-03-section-05-part-02.tex:146	tex/chapters/chapter-03-section-05-part-02.tex:146	defined
target		equation	eq:incompressible-nedelec-skew-matrices	label	tex/chapters/chapter-03-section-05-part-02.tex:151	tex/chapters/chapter-03-section-05-part-02.tex:151	defined
target		equation	eq:incompressible-nedelec-curl-transform	label	tex/chapters/chapter-03-section-05-part-02.tex:160	tex/chapters/chapter-03-section-05-part-02.tex:160	defined
target		lemma	lem:incompressible-nedelec-space-invariance	label	tex/chapters/chapter-03-section-05-part-02.tex:167	tex/chapters/chapter-03-section-05-part-02.tex:167	defined
target		lemma	lem:incompressible-nedelec-moment-invariance	label	tex/chapters/chapter-03-section-05-part-02.tex:191	tex/chapters/chapter-03-section-05-part-02.tex:191	defined
target		lemma	lem:incompressible-nedelec-face-unisolvence	label	tex/chapters/chapter-03-section-05-part-02.tex:215	tex/chapters/chapter-03-section-05-part-02.tex:215	defined
target		equation	eq:incompressible-nedelec-face-moment-zero	label	tex/chapters/chapter-03-section-05-part-02.tex:228	tex/chapters/chapter-03-section-05-part-02.tex:228	defined
target		equation	eq:incompressible-nedelec-edge-moment-zero	label	tex/chapters/chapter-03-section-05-part-02.tex:231	tex/chapters/chapter-03-section-05-part-02.tex:231	defined
target		lemma	lem:incompressible-nedelec-tetrahedron-unisolvence	label	tex/chapters/chapter-03-section-05-part-02.tex:250	tex/chapters/chapter-03-section-05-part-02.tex:250	defined
target		equation	eq:incompressible-nedelec-zero-tangential-trace	label	tex/chapters/chapter-03-section-05-part-02.tex:257	tex/chapters/chapter-03-section-05-part-02.tex:257	defined
target		equation	eq:incompressible-nedelec-zero-volume-moments	label	tex/chapters/chapter-03-section-05-part-02.tex:261	tex/chapters/chapter-03-section-05-part-02.tex:261	defined
target		remark	rem:incompressible-nedelec-full-polynomial-curl-zero	label	tex/chapters/chapter-03-section-05-part-02.tex:287	tex/chapters/chapter-03-section-05-part-02.tex:287	defined
target		theorem	thm:incompressible-nedelec-unisolvence	label	tex/chapters/chapter-03-section-05-part-02.tex:296	tex/chapters/chapter-03-section-05-part-02.tex:296	defined
target		definition	def:incompressible-nedelec-interpolant	label	tex/chapters/chapter-03-section-05-part-02.tex:303	tex/chapters/chapter-03-section-05-part-02.tex:303	defined
target		equation	eq:incompressible-nedelec-interpolation-commuting	label	tex/chapters/chapter-03-section-05-part-02.tex:316	tex/chapters/chapter-03-section-05-part-02.tex:316	defined
target		remark	rem:incompressible-nedelec-interpolation-curl-zero	label	tex/chapters/chapter-03-section-05-part-02.tex:321	tex/chapters/chapter-03-section-05-part-02.tex:321	defined
target		equation	eq:incompressible-nedelec-global-space	label	tex/chapters/chapter-03-section-05-part-02.tex:335	tex/chapters/chapter-03-section-05-part-02.tex:335	defined
target		equation	eq:incompressible-nedelec-zero-trace-space	label	tex/chapters/chapter-03-section-05-part-02.tex:337	tex/chapters/chapter-03-section-05-part-02.tex:337	defined
target		equation	eq:incompressible-nedelec-global-interpolant	label	tex/chapters/chapter-03-section-05-part-02.tex:340	tex/chapters/chapter-03-section-05-part-02.tex:340	defined
target		lemma	lem:incompressible-nedelec-conformity	label	tex/chapters/chapter-03-section-05-part-02.tex:345	tex/chapters/chapter-03-section-05-part-02.tex:345	defined
target		theorem	thm:incompressible-nedelec-approximation	label	tex/chapters/chapter-03-section-05-part-03.tex:6	tex/chapters/chapter-03-section-05-part-03.tex:6	defined
target		equation	eq:incompressible-nedelec-hcurl-approximation	label	tex/chapters/chapter-03-section-05-part-03.tex:12	tex/chapters/chapter-03-section-05-part-03.tex:12	defined
target		equation	eq:incompressible-nedelec-stability	label	tex/chapters/chapter-03-section-05-part-03.tex:18	tex/chapters/chapter-03-section-05-part-03.tex:18	defined
target		equation	eq:incompressible-nedelec-transformed-seminorm	label	tex/chapters/chapter-03-section-05-part-03.tex:47	tex/chapters/chapter-03-section-05-part-03.tex:47	defined
target		equation	eq:incompressible-nedelec-local-l2-estimate	label	tex/chapters/chapter-03-section-05-part-03.tex:53	tex/chapters/chapter-03-section-05-part-03.tex:53	defined
target		equation	eq:incompressible-nedelec-local-curl-estimate	label	tex/chapters/chapter-03-section-05-part-03.tex:78	tex/chapters/chapter-03-section-05-part-03.tex:78	defined
target		subsection	subsec:incompressible-vector-potential-error-analysis	label	tex/chapters/chapter-03-section-05-part-03.tex:121	tex/chapters/chapter-03-section-05-part-03.tex:121	defined
target		equation	eq:incompressible-vector-potential-scalar-space	label	tex/chapters/chapter-03-section-05-part-03.tex:124	tex/chapters/chapter-03-section-05-part-03.tex:124	defined
target		lemma	lem:incompressible-nedelec-gradient-interpolation	label	tex/chapters/chapter-03-section-05-part-03.tex:133	tex/chapters/chapter-03-section-05-part-03.tex:133	defined
target		remark	rem:incompressible-nedelec-discrete-gradient-kernel	label	tex/chapters/chapter-03-section-05-part-03.tex:157	tex/chapters/chapter-03-section-05-part-03.tex:157	defined
target		proposition	prop:incompressible-nedelec-uniform-discrete-poincare	label	tex/chapters/chapter-03-section-05-part-03.tex:171	tex/chapters/chapter-03-section-05-part-03.tex:171	defined
target		equation	eq:incompressible-nedelec-uniform-discrete-poincare	label	tex/chapters/chapter-03-section-05-part-03.tex:174	tex/chapters/chapter-03-section-05-part-03.tex:174	defined
target		equation	eq:incompressible-nedelec-continuous-regularity	label	tex/chapters/chapter-03-section-05-part-03.tex:201	tex/chapters/chapter-03-section-05-part-03.tex:201	defined
target		equation	eq:incompressible-nedelec-rh-w-bound	label	tex/chapters/chapter-03-section-05-part-03.tex:220	tex/chapters/chapter-03-section-05-part-03.tex:220	defined
target		corollary	cor:incompressible-nedelec-discrete-decomposition	label	tex/chapters/chapter-03-section-05-part-03.tex:246	tex/chapters/chapter-03-section-05-part-03.tex:246	defined
target		equation	eq:incompressible-nedelec-discrete-decomposition	label	tex/chapters/chapter-03-section-05-part-03.tex:250	tex/chapters/chapter-03-section-05-part-03.tex:250	defined
target		equation	eq:incompressible-nedelec-discrete-divfree-bound	label	tex/chapters/chapter-03-section-05-part-03.tex:256	tex/chapters/chapter-03-section-05-part-03.tex:256	defined
target		theorem	thm:incompressible-vector-potential-final-error	label	tex/chapters/chapter-03-section-05-part-03.tex:279	tex/chapters/chapter-03-section-05-part-03.tex:279	defined
target		equation	eq:incompressible-vector-potential-final-error	label	tex/chapters/chapter-03-section-05-part-03.tex:298	tex/chapters/chapter-03-section-05-part-03.tex:298	defined
target		remark	rem:incompressible-vector-potential-lost-order	label	tex/chapters/chapter-03-section-05-part-03.tex:313	tex/chapters/chapter-03-section-05-part-03.tex:313	defined
target		equation	eq:incompressible-vector-potential-consistency-loss	label	tex/chapters/chapter-03-section-05-part-03.tex:315	tex/chapters/chapter-03-section-05-part-03.tex:315	defined
target		equation	eq:incompressible-vector-potential-conjectured-lp-projection	label	tex/chapters/chapter-03-section-05-part-03.tex:329	tex/chapters/chapter-03-section-05-part-03.tex:329	defined
target		subsection	subsec:incompressible-vector-potential-discontinuous-pressure	label	tex/chapters/chapter-03-section-05-part-03.tex:343	tex/chapters/chapter-03-section-05-part-03.tex:343	defined
target		definition	def:incompressible-vector-potential-pressure-reference-space	label	tex/chapters/chapter-03-section-05-part-03.tex:357	tex/chapters/chapter-03-section-05-part-03.tex:357	defined
target		equation	eq:incompressible-pressure-contravariant-transform-3d	label	tex/chapters/chapter-03-section-05-part-04.tex:22	tex/chapters/chapter-03-section-05-part-04.tex:22	defined
target		equation	eq:incompressible-pressure-divergence-transform-3d	label	tex/chapters/chapter-03-section-05-part-04.tex:27	tex/chapters/chapter-03-section-05-part-04.tex:27	defined
target		proposition	prop:incompressible-pressure-reference-unisolvence-3d	label	tex/chapters/chapter-03-section-05-part-04.tex:32	tex/chapters/chapter-03-section-05-part-04.tex:32	defined
target		definition	def:incompressible-pressure-interpolant-3d	label	tex/chapters/chapter-03-section-05-part-04.tex:41	tex/chapters/chapter-03-section-05-part-04.tex:41	defined
target		equation	eq:incompressible-pressure-spaces-3d	label	tex/chapters/chapter-03-section-05-part-04.tex:63	tex/chapters/chapter-03-section-05-part-04.tex:63	defined
target		proposition	prop:incompressible-pressure-approximation-3d	label	tex/chapters/chapter-03-section-05-part-04.tex:87	tex/chapters/chapter-03-section-05-part-04.tex:87	defined
target		equation	eq:incompressible-pressure-approximation-3d	label	tex/chapters/chapter-03-section-05-part-04.tex:91	tex/chapters/chapter-03-section-05-part-04.tex:91	defined
target		lemma	lem:incompressible-pressure-curl-characterization-3d	label	tex/chapters/chapter-03-section-05-part-04.tex:105	tex/chapters/chapter-03-section-05-part-04.tex:105	defined
target		remark	rem:incompressible-pressure-unique-discrete-potential-3d	label	tex/chapters/chapter-03-section-05-part-04.tex:157	tex/chapters/chapter-03-section-05-part-04.tex:157	defined
target		equation	eq:incompressible-pressure-full-discrete-problem-3d	label	tex/chapters/chapter-03-section-05-part-04.tex:174	tex/chapters/chapter-03-section-05-part-04.tex:174	defined
target		lemma	lem:incompressible-pressure-inf-sup-3d	label	tex/chapters/chapter-03-section-05-part-04.tex:194	tex/chapters/chapter-03-section-05-part-04.tex:194	defined
target		equation	eq:incompressible-pressure-inf-sup-3d	label	tex/chapters/chapter-03-section-05-part-04.tex:206	tex/chapters/chapter-03-section-05-part-04.tex:206	defined
target		theorem	thm:incompressible-pressure-final-error-3d	label	tex/chapters/chapter-03-section-05-part-04.tex:214	tex/chapters/chapter-03-section-05-part-04.tex:214	defined
target		equation	eq:incompressible-pressure-final-error-3d	label	tex/chapters/chapter-03-section-05-part-04.tex:224	tex/chapters/chapter-03-section-05-part-04.tex:224	defined
reference	本节重新研究 Chapter~\ref{chap:stokes-foundations} 的	chapter	chap:stokes-foundations	ref	tex/chapters/chapter-03-section-01-part-01.tex:27	tex/chapters/chapter-01-section-01-part-01.tex:5	resolved
reference	Section~\ref{sec:abstract-variational-problem} 中讨论的抽象问题,	section	sec:abstract-variational-problem	ref	tex/chapters/chapter-03-section-01-part-01.tex:28	tex/chapters/chapter-01-section-04-part-01.tex:5	resolved
reference	我们处于 Subsection~\ref{subsec:abstract-general-result} 的情形中.	subsection	subsec:abstract-general-result	ref	tex/chapters/chapter-03-section-01-part-01.tex:37	tex/chapters/chapter-01-section-04-part-01.tex:13	resolved
reference	此外, 假设 \eqref{eq:incompressible-abstract-q-first} 的右端项	equation	eq:incompressible-abstract-q-first	eqref	tex/chapters/chapter-03-section-01-part-01.tex:118	tex/chapters/chapter-03-section-01-part-01.tex:46	resolved
reference	等式 \eqref{eq:incompressible-extended-b} 蕴含	equation	eq:incompressible-extended-b	eqref	tex/chapters/chapter-03-section-01-part-01.tex:150	tex/chapters/chapter-03-section-01-part-01.tex:116	resolved
reference	一方面, \eqref{eq:incompressible-weak-v-ellipticity}	equation	eq:incompressible-weak-v-ellipticity	eqref	tex/chapters/chapter-03-section-01-part-01.tex:175	tex/chapters/chapter-03-section-01-part-01.tex:170	resolved
reference	并非 \eqref{eq:incompressible-abstract-v-ellipticity} 的推论,	equation	eq:incompressible-abstract-v-ellipticity	eqref	tex/chapters/chapter-03-section-01-part-01.tex:176	tex/chapters/chapter-03-section-01-part-01.tex:59	resolved
reference	另一方面, 除了由 \eqref{eq:incompressible-abstract-inf-sup}	equation	eq:incompressible-abstract-inf-sup	eqref	tex/chapters/chapter-03-section-01-part-01.tex:178	tex/chapters/chapter-03-section-01-part-01.tex:64	resolved
reference	和 \eqref{eq:incompressible-extended-b} 推出的条件外,	equation	eq:incompressible-extended-b	eqref	tex/chapters/chapter-03-section-01-part-01.tex:179	tex/chapters/chapter-03-section-01-part-01.tex:116	resolved
reference	\eqref{eq:incompressible-weak-v-ellipticity}.	equation	eq:incompressible-weak-v-ellipticity	eqref	tex/chapters/chapter-03-section-01-part-01.tex:196	tex/chapters/chapter-03-section-01-part-01.tex:170	resolved
reference	首先回顾, Section~\ref{sec:abstract-variational-problem} 的理论也适用于	section	sec:abstract-variational-problem	ref	tex/chapters/chapter-03-section-01-part-01.tex:207	tex/chapters/chapter-01-section-04-part-01.tex:5	resolved
reference	Remark~\ref{rem:abstract-reflexive-banach-extension}).	remark	rem:abstract-reflexive-banach-extension	ref	tex/chapters/chapter-03-section-01-part-01.tex:209	tex/chapters/chapter-01-section-04-part-01.tex:333	resolved
reference	\eqref{eq:incompressible-abstract-inf-sup}	equation	eq:incompressible-abstract-inf-sup	eqref	tex/chapters/chapter-03-section-01-part-01.tex:212	tex/chapters/chapter-03-section-01-part-01.tex:64	resolved
reference	\eqref{eq:incompressible-extended-a} 可知,	equation	eq:incompressible-extended-a	eqref	tex/chapters/chapter-03-section-01-part-01.tex:217	tex/chapters/chapter-03-section-01-part-01.tex:113	resolved
reference	于是 \eqref{eq:incompressible-abstract-p}	equation	eq:incompressible-abstract-p	eqref	tex/chapters/chapter-03-section-01-part-01.tex:221	tex/chapters/chapter-03-section-01-part-01.tex:72	resolved
reference	和 \eqref{eq:incompressible-extended-a} 蕴含	equation	eq:incompressible-extended-a	eqref	tex/chapters/chapter-03-section-01-part-01.tex:222	tex/chapters/chapter-03-section-01-part-01.tex:113	resolved
reference	由 \eqref{eq:incompressible-extended-a}	equation	eq:incompressible-extended-a	eqref	tex/chapters/chapter-03-section-01-part-01.tex:226	tex/chapters/chapter-03-section-01-part-01.tex:113	resolved
reference	和 \eqref{eq:incompressible-extended-b},	equation	eq:incompressible-extended-b	eqref	tex/chapters/chapter-03-section-01-part-01.tex:227	tex/chapters/chapter-03-section-01-part-01.tex:116	resolved
reference	\eqref{eq:incompressible-abstract-q-first} 变为	equation	eq:incompressible-abstract-q-first	eqref	tex/chapters/chapter-03-section-01-part-01.tex:228	tex/chapters/chapter-03-section-01-part-01.tex:46	resolved
reference	由 \eqref{eq:incompressible-restricted-weak-inf-sup}	equation	eq:incompressible-restricted-weak-inf-sup	eqref	tex/chapters/chapter-03-section-01-part-01.tex:242	tex/chapters/chapter-03-section-01-part-01.tex:181	resolved
reference	本小节始终假设 Theorem~\ref{thm:incompressible-weak-mixed-equivalence}	theorem	thm:incompressible-weak-mixed-equivalence	ref	tex/chapters/chapter-03-section-01-part-02.tex:7	tex/chapters/chapter-03-section-01-part-01.tex:193	resolved
reference	作与 \eqref{eq:incompressible-weak-v-ellipticity}	equation	eq:incompressible-weak-v-ellipticity	eqref	tex/chapters/chapter-03-section-01-part-02.tex:45	tex/chapters/chapter-03-section-01-part-01.tex:170	resolved
reference	和 \eqref{eq:incompressible-restricted-weak-inf-sup} 类似的假设:	equation	eq:incompressible-restricted-weak-inf-sup	eqref	tex/chapters/chapter-03-section-01-part-02.tex:46	tex/chapters/chapter-03-section-01-part-01.tex:181	resolved
reference	Theorem~\ref{thm:primitive-abstract-discrete-error} 的自然推广.	theorem	thm:primitive-abstract-discrete-error	ref	tex/chapters/chapter-03-section-01-part-02.tex:65	tex/chapters/chapter-02-section-01-part-01.tex:175	resolved
reference	\eqref{eq:incompressible-discrete-vh-ellipticity}.	equation	eq:incompressible-discrete-vh-ellipticity	eqref	tex/chapters/chapter-03-section-01-part-02.tex:70	tex/chapters/chapter-03-section-01-part-02.tex:49	resolved
reference	\eqref{eq:incompressible-discrete-inf-sup}.	equation	eq:incompressible-discrete-inf-sup	eqref	tex/chapters/chapter-03-section-01-part-02.tex:90	tex/chapters/chapter-03-section-01-part-02.tex:56	resolved
reference	Theorem~\ref{thm:primitive-abstract-discrete-error} 非常相似.	theorem	thm:primitive-abstract-discrete-error	ref	tex/chapters/chapter-03-section-01-part-02.tex:112	tex/chapters/chapter-02-section-01-part-01.tex:175	resolved
reference	\eqref{eq:incompressible-discrete-vh-ellipticity}	equation	eq:incompressible-discrete-vh-ellipticity	eqref	tex/chapters/chapter-03-section-01-part-02.tex:115	tex/chapters/chapter-03-section-01-part-02.tex:49	resolved
reference	和 Lax \& Milgram Theorem~\ref{thm:lax-milgram} 得到.	theorem	thm:lax-milgram	ref	tex/chapters/chapter-03-section-01-part-02.tex:116	tex/chapters/chapter-01-section-01-part-03.tex:120	resolved
reference	因此 \eqref{eq:incompressible-discrete-vh-ellipticity} 蕴含	equation	eq:incompressible-discrete-vh-ellipticity	eqref	tex/chapters/chapter-03-section-01-part-02.tex:129	tex/chapters/chapter-03-section-01-part-02.tex:49	resolved
reference	这立即给出 \eqref{eq:incompressible-velocity-abstract-error}.	equation	eq:incompressible-velocity-abstract-error	eqref	tex/chapters/chapter-03-section-01-part-02.tex:142	tex/chapters/chapter-03-section-01-part-02.tex:72	resolved
reference	\eqref{eq:incompressible-discrete-inf-sup}	equation	eq:incompressible-discrete-inf-sup	eqref	tex/chapters/chapter-03-section-01-part-02.tex:145	tex/chapters/chapter-03-section-01-part-02.tex:56	resolved
reference	于是由 \eqref{eq:incompressible-discrete-inf-sup} 得	equation	eq:incompressible-discrete-inf-sup	eqref	tex/chapters/chapter-03-section-01-part-02.tex:156	tex/chapters/chapter-03-section-01-part-02.tex:56	resolved
reference	\eqref{eq:incompressible-multiplier-abstract-error}.	equation	eq:incompressible-multiplier-abstract-error	eqref	tex/chapters/chapter-03-section-01-part-02.tex:164	tex/chapters/chapter-03-section-01-part-02.tex:94	resolved
reference	估计 \eqref{eq:incompressible-multiplier-abstract-error} 并非最优,	equation	eq:incompressible-multiplier-abstract-error	eqref	tex/chapters/chapter-03-section-01-part-02.tex:167	tex/chapters/chapter-03-section-01-part-02.tex:94	resolved
reference	Section~\ref{sec:incompressible-further-sfvp}	section	sec:incompressible-further-sfvp	ref	tex/chapters/chapter-03-section-01-part-02.tex:171	tex/chapters/chapter-03-section-03-part-01.tex:5	resolved
reference	与 Chapter~\ref{chap:stokes-primitive-variables} 中一样,	chapter	chap:stokes-primitive-variables	ref	tex/chapters/chapter-03-section-01-part-02.tex:180	tex/chapters/chapter-02-section-01-part-01.tex:15	resolved
reference	\eqref{eq:incompressible-discrete-vh-ellipticity}	equation	eq:incompressible-discrete-vh-ellipticity	eqref	tex/chapters/chapter-03-section-01-part-02.tex:193	tex/chapters/chapter-03-section-01-part-02.tex:49	resolved
reference	和 \eqref{eq:incompressible-discrete-inf-sup} 下,	equation	eq:incompressible-discrete-inf-sup	eqref	tex/chapters/chapter-03-section-01-part-02.tex:194	tex/chapters/chapter-03-section-01-part-02.tex:56	resolved
reference	\eqref{eq:incompressible-combined-abstract-error}	equation	eq:incompressible-combined-abstract-error	eqref	tex/chapters/chapter-03-section-01-part-02.tex:225	tex/chapters/chapter-03-section-01-part-02.tex:208	resolved
reference	是 \eqref{eq:incompressible-affine-space-approximation}	equation	eq:incompressible-affine-space-approximation	eqref	tex/chapters/chapter-03-section-01-part-02.tex:226	tex/chapters/chapter-03-section-01-part-02.tex:196	resolved
reference	和 Theorem~\ref{thm:incompressible-abstract-mixed-error}	theorem	thm:incompressible-abstract-mixed-error	ref	tex/chapters/chapter-03-section-01-part-02.tex:227	tex/chapters/chapter-03-section-01-part-02.tex:67	resolved
reference	\eqref{eq:incompressible-affine-space-approximation}.	equation	eq:incompressible-affine-space-approximation	eqref	tex/chapters/chapter-03-section-01-part-02.tex:231	tex/chapters/chapter-03-section-01-part-02.tex:196	resolved
reference	由 \eqref{eq:incompressible-mh-norm-comparison},	equation	eq:incompressible-mh-norm-comparison	eqref	tex/chapters/chapter-03-section-01-part-02.tex:232	tex/chapters/chapter-03-section-01-part-02.tex:184	resolved
reference	\eqref{eq:incompressible-discrete-inf-sup} 变为	equation	eq:incompressible-discrete-inf-sup	eqref	tex/chapters/chapter-03-section-01-part-02.tex:234	tex/chapters/chapter-03-section-01-part-02.tex:56	resolved
reference	Theorem~\ref{thm:primitive-abstract-discrete-error}	theorem	thm:primitive-abstract-discrete-error	ref	tex/chapters/chapter-03-section-01-part-02.tex:244	tex/chapters/chapter-02-section-01-part-01.tex:175	resolved
reference	\eqref{eq:incompressible-affine-space-approximation}.	equation	eq:incompressible-affine-space-approximation	eqref	tex/chapters/chapter-03-section-01-part-02.tex:247	tex/chapters/chapter-03-section-01-part-02.tex:196	resolved
reference	但是, Section~\ref{sec:incompressible-further-sfvp}	section	sec:incompressible-further-sfvp	ref	tex/chapters/chapter-03-section-01-part-02.tex:252	tex/chapters/chapter-03-section-03-part-01.tex:5	resolved
reference	Figure~\ref{fig:sec3-multiply-connected-domain} 所示,	figure	fig:sec3-multiply-connected-domain	ref	tex/chapters/chapter-03-section-02-part-01.tex:57	tex/chapters/chapter-01-section-03-approved-sample-part-01.tex:17	resolved
reference	问题 \eqref{eq:incompressible-stream-vorticity-pair}	equation	eq:incompressible-stream-vorticity-pair	eqref	tex/chapters/chapter-03-section-02-part-01.tex:79	tex/chapters/chapter-03-section-02-part-01.tex:581	resolved
reference	\eqref{eq:incompressible-velocity-vorticity-pressure} 的解.	equation	eq:incompressible-velocity-vorticity-pressure	eqref	tex/chapters/chapter-03-section-02-part-01.tex:85	tex/chapters/chapter-03-section-02-part-01.tex:445	resolved
reference	先考虑问题 \eqref{eq:incompressible-sfvp-four-field}.	equation	eq:incompressible-sfvp-four-field	eqref	tex/chapters/chapter-03-section-02-part-01.tex:95	tex/chapters/chapter-03-section-02-part-01.tex:499	resolved
reference	\eqref{eq:incompressible-sfvp-stokes} 的右端项	equation	eq:incompressible-sfvp-stokes	eqref	tex/chapters/chapter-03-section-02-part-01.tex:154	tex/chapters/chapter-03-section-02-part-01.tex:63	resolved
reference	\eqref{eq:incompressible-vorticity-seminorm}	equation	eq:incompressible-vorticity-seminorm	eqref	tex/chapters/chapter-03-section-02-part-01.tex:191	tex/chapters/chapter-03-section-02-part-01.tex:183	resolved
reference	并由 Corollary~\ref{cor:sec2-local-h1-hdiv-hcurl} 得	corollary	cor:sec2-local-h1-hdiv-hcurl	ref	tex/chapters/chapter-03-section-02-part-01.tex:217	tex/chapters/chapter-01-section-02-approved-sample.tex:911	resolved
reference	\eqref{eq:incompressible-velocity-by-vorticity}	equation	eq:incompressible-velocity-by-vorticity	eqref	tex/chapters/chapter-03-section-02-part-01.tex:228	tex/chapters/chapter-03-section-02-part-01.tex:222	resolved
reference	\eqref{eq:incompressible-sfvp-stokes} 的解 $(\mathbf u,p)$ 满足	equation	eq:incompressible-sfvp-stokes	eqref	tex/chapters/chapter-03-section-02-part-01.tex:236	tex/chapters/chapter-03-section-02-part-01.tex:63	resolved
reference	这是 Theorem~\ref{thm:incompressible-weak-mixed-equivalence}	theorem	thm:incompressible-weak-mixed-equivalence	ref	tex/chapters/chapter-03-section-02-part-01.tex:252	tex/chapters/chapter-03-section-01-part-01.tex:193	resolved
reference	和 Lemma~\ref{lem:incompressible-weak-kernel-coincidence}	lemma	lem:incompressible-weak-kernel-coincidence	ref	tex/chapters/chapter-03-section-02-part-01.tex:253	tex/chapters/chapter-03-section-02-part-01.tex:188	resolved
reference	\eqref{eq:incompressible-extended-a}	equation	eq:incompressible-extended-a	eqref	tex/chapters/chapter-03-section-02-part-01.tex:259	tex/chapters/chapter-03-section-01-part-01.tex:113	resolved
reference	与 \eqref{eq:incompressible-extended-b} 显然成立.	equation	eq:incompressible-extended-b	eqref	tex/chapters/chapter-03-section-02-part-01.tex:260	tex/chapters/chapter-03-section-01-part-01.tex:116	resolved
reference	\eqref{eq:incompressible-velocity-by-vorticity} 得到,	equation	eq:incompressible-velocity-by-vorticity	eqref	tex/chapters/chapter-03-section-02-part-01.tex:262	tex/chapters/chapter-03-section-02-part-01.tex:222	resolved
reference	\eqref{eq:incompressible-stokes-weak-regularity}	equation	eq:incompressible-stokes-weak-regularity	eqref	tex/chapters/chapter-03-section-02-part-01.tex:265	tex/chapters/chapter-03-section-02-part-01.tex:237	resolved
reference	与 Lemma~\ref{lem:incompressible-weak-kernel-coincidence},	lemma	lem:incompressible-weak-kernel-coincidence	ref	tex/chapters/chapter-03-section-02-part-01.tex:266	tex/chapters/chapter-03-section-02-part-01.tex:188	resolved
reference	Theorem~\ref{thm:incompressible-weak-mixed-equivalence}	theorem	thm:incompressible-weak-mixed-equivalence	ref	tex/chapters/chapter-03-section-02-part-01.tex:267	tex/chapters/chapter-03-section-01-part-01.tex:193	resolved
reference	Corollary~\ref{cor:sec3-h-stream-functions}:	corollary	cor:sec3-h-stream-functions	ref	tex/chapters/chapter-03-section-02-part-01.tex:284	tex/chapters/chapter-01-section-03-approved-sample-part-01.tex:223	resolved
reference	是 \eqref{eq:incompressible-weak-four-field} 的解,	equation	eq:incompressible-weak-four-field	eqref	tex/chapters/chapter-03-section-02-part-01.tex:313	tex/chapters/chapter-03-section-02-part-01.tex:159	resolved
reference	Lemma~\ref{lem:incompressible-weak-kernel-coincidence}	lemma	lem:incompressible-weak-kernel-coincidence	ref	tex/chapters/chapter-03-section-02-part-01.tex:315	tex/chapters/chapter-03-section-02-part-01.tex:188	resolved
reference	\eqref{eq:incompressible-weak-stream-three-field}	equation	eq:incompressible-weak-stream-three-field	eqref	tex/chapters/chapter-03-section-02-part-01.tex:338	tex/chapters/chapter-03-section-02-part-01.tex:324	resolved
reference	在 Theorem~\ref{thm:incompressible-weak-four-field-equivalence}	theorem	thm:incompressible-weak-four-field-equivalence	ref	tex/chapters/chapter-03-section-02-part-01.tex:342	tex/chapters/chapter-03-section-02-part-01.tex:234	resolved
reference	\eqref{eq:incompressible-weak-stream-three-field} 有唯一解	equation	eq:incompressible-weak-stream-three-field	eqref	tex/chapters/chapter-03-section-02-part-01.tex:344	tex/chapters/chapter-03-section-02-part-01.tex:324	resolved
reference	\eqref{eq:incompressible-sfvp-stokes} 的解.	equation	eq:incompressible-sfvp-stokes	eqref	tex/chapters/chapter-03-section-02-part-01.tex:353	tex/chapters/chapter-03-section-02-part-01.tex:63	resolved
reference	在 Theorem~\ref{thm:incompressible-weak-four-field-equivalence}	theorem	thm:incompressible-weak-four-field-equivalence	ref	tex/chapters/chapter-03-section-02-part-01.tex:357	tex/chapters/chapter-03-section-02-part-01.tex:234	resolved
reference	\eqref{eq:incompressible-weak-stream-three-field}	equation	eq:incompressible-weak-stream-three-field	eqref	tex/chapters/chapter-03-section-02-part-01.tex:359	tex/chapters/chapter-03-section-02-part-01.tex:324	resolved
reference	在 \eqref{eq:incompressible-weak-four-field} 中,	equation	eq:incompressible-weak-four-field	eqref	tex/chapters/chapter-03-section-02-part-01.tex:389	tex/chapters/chapter-03-section-02-part-01.tex:159	resolved
reference	\eqref{eq:incompressible-decoupled-pressure}.	equation	eq:incompressible-decoupled-pressure	eqref	tex/chapters/chapter-03-section-02-part-01.tex:393	tex/chapters/chapter-03-section-02-part-01.tex:380	resolved
reference	\eqref{eq:incompressible-decoupled-stream-vorticity}	equation	eq:incompressible-decoupled-stream-vorticity	eqref	tex/chapters/chapter-03-section-02-part-01.tex:397	tex/chapters/chapter-03-section-02-part-01.tex:363	resolved
reference	和 \eqref{eq:incompressible-decoupled-pressure} 上.	equation	eq:incompressible-decoupled-pressure	eqref	tex/chapters/chapter-03-section-02-part-01.tex:398	tex/chapters/chapter-03-section-02-part-01.tex:380	resolved
reference	\eqref{eq:incompressible-decoupled-stream-vorticity}	equation	eq:incompressible-decoupled-stream-vorticity	eqref	tex/chapters/chapter-03-section-02-part-01.tex:400	tex/chapters/chapter-03-section-02-part-01.tex:363	resolved
reference	则 \eqref{eq:incompressible-decoupled-stream-vorticity}	equation	eq:incompressible-decoupled-stream-vorticity	eqref	tex/chapters/chapter-03-section-02-part-01.tex:404	tex/chapters/chapter-03-section-02-part-01.tex:363	resolved
reference	\eqref{eq:incompressible-decoupled-pressure}	equation	eq:incompressible-decoupled-pressure	eqref	tex/chapters/chapter-03-section-02-part-01.tex:419	tex/chapters/chapter-03-section-02-part-01.tex:380	resolved
reference	\eqref{eq:incompressible-decoupled-stream-vorticity}	equation	eq:incompressible-decoupled-stream-vorticity	eqref	tex/chapters/chapter-03-section-02-part-01.tex:422	tex/chapters/chapter-03-section-02-part-01.tex:363	resolved
reference	\eqref{eq:incompressible-decoupled-pressure}	equation	eq:incompressible-decoupled-pressure	eqref	tex/chapters/chapter-03-section-02-part-01.tex:425	tex/chapters/chapter-03-section-02-part-01.tex:380	resolved
reference	方程 \eqref{eq:incompressible-sfvp-stokes} 等价于:	equation	eq:incompressible-sfvp-stokes	eqref	tex/chapters/chapter-03-section-02-part-01.tex:441	tex/chapters/chapter-03-section-02-part-01.tex:63	resolved
reference	把问题 \eqref{eq:incompressible-velocity-vorticity-pressure}	equation	eq:incompressible-velocity-vorticity-pressure	eqref	tex/chapters/chapter-03-section-02-part-01.tex:460	tex/chapters/chapter-03-section-02-part-01.tex:445	resolved
reference	置于 Subsection~\ref{subsec:abstract-general-result} 的框架中.	subsection	subsec:abstract-general-result	ref	tex/chapters/chapter-03-section-02-part-01.tex:461	tex/chapters/chapter-01-section-04-part-01.tex:13	resolved
reference	Chapter~\ref{chap:stokes-foundations} 的结果直接得到.	chapter	chap:stokes-foundations	ref	tex/chapters/chapter-03-section-02-part-01.tex:522	tex/chapters/chapter-01-section-01-part-01.tex:5	resolved
reference	问题 \eqref{eq:incompressible-sfvp-four-field} 在	equation	eq:incompressible-sfvp-four-field	eqref	tex/chapters/chapter-03-section-02-part-01.tex:526	tex/chapters/chapter-03-section-02-part-01.tex:499	resolved
reference	\eqref{eq:incompressible-sfvp-stokes}, 或问题	equation	eq:incompressible-sfvp-stokes	eqref	tex/chapters/chapter-03-section-02-part-01.tex:531	tex/chapters/chapter-03-section-02-part-01.tex:63	resolved
reference	\eqref{eq:incompressible-velocity-vorticity-pressure} 的解,	equation	eq:incompressible-velocity-vorticity-pressure	eqref	tex/chapters/chapter-03-section-02-part-01.tex:532	tex/chapters/chapter-03-section-02-part-01.tex:445	resolved
reference	\eqref{eq:incompressible-sfvp-four-field} 有唯一解.	equation	eq:incompressible-sfvp-four-field	eqref	tex/chapters/chapter-03-section-02-part-01.tex:543	tex/chapters/chapter-03-section-02-part-01.tex:499	resolved
reference	\eqref{eq:incompressible-velocity-vorticity-pressure},	equation	eq:incompressible-velocity-vorticity-pressure	eqref	tex/chapters/chapter-03-section-02-part-01.tex:547	tex/chapters/chapter-03-section-02-part-01.tex:445	resolved
reference	\eqref{eq:incompressible-sfvp-four-field}.	equation	eq:incompressible-sfvp-four-field	eqref	tex/chapters/chapter-03-section-02-part-01.tex:549	tex/chapters/chapter-03-section-02-part-01.tex:499	resolved
reference	问题 \eqref{eq:incompressible-velocity-vorticity-pressure}	equation	eq:incompressible-velocity-vorticity-pressure	eqref	tex/chapters/chapter-03-section-02-part-01.tex:552	tex/chapters/chapter-03-section-02-part-01.tex:445	resolved
reference	和 \eqref{eq:incompressible-sfvp-four-field}	equation	eq:incompressible-sfvp-four-field	eqref	tex/chapters/chapter-03-section-02-part-01.tex:553	tex/chapters/chapter-03-section-02-part-01.tex:499	resolved
reference	由 Corollary~\ref{cor:sec3-v-stream-functions},	corollary	cor:sec3-v-stream-functions	ref	tex/chapters/chapter-03-section-02-part-01.tex:562	tex/chapters/chapter-01-section-03-part-02.tex:49	resolved
reference	在 \eqref{eq:incompressible-velocity-vorticity-pressure}	equation	eq:incompressible-velocity-vorticity-pressure	eqref	tex/chapters/chapter-03-section-02-part-01.tex:572	tex/chapters/chapter-03-section-02-part-01.tex:445	resolved
reference	或 \eqref{eq:incompressible-sfvp-four-field} 中,	equation	eq:incompressible-sfvp-four-field	eqref	tex/chapters/chapter-03-section-02-part-01.tex:573	tex/chapters/chapter-03-section-02-part-01.tex:499	resolved
reference	这个问题属于 Subsection~\ref{subsec:abstract-general-result} 的框架,	subsection	subsec:abstract-general-result	ref	tex/chapters/chapter-03-section-02-part-01.tex:606	tex/chapters/chapter-01-section-04-part-01.tex:13	resolved
reference	并把问题 \eqref{eq:incompressible-weak-stream-three-field}	equation	eq:incompressible-weak-stream-three-field	eqref	tex/chapters/chapter-03-section-02-part-02.tex:53	tex/chapters/chapter-03-section-02-part-01.tex:324	resolved
reference	\eqref{eq:incompressible-discrete-inf-sup}.	equation	eq:incompressible-discrete-inf-sup	eqref	tex/chapters/chapter-03-section-02-part-02.tex:86	tex/chapters/chapter-03-section-01-part-02.tex:56	resolved
reference	事实上, \eqref{eq:incompressible-sfvp-discrete-inf-sup}	equation	eq:incompressible-sfvp-discrete-inf-sup	eqref	tex/chapters/chapter-03-section-02-part-02.tex:99	tex/chapters/chapter-03-section-02-part-02.tex:90	resolved
reference	再利用 Lemma~\ref{lem:sec3-boundary-poincare}, 得	lemma	lem:sec3-boundary-poincare	ref	tex/chapters/chapter-03-section-02-part-02.tex:125	tex/chapters/chapter-01-section-03-approved-sample-part-01.tex:209	resolved
reference	从而得到 \eqref{eq:incompressible-sfvp-discrete-stream-bound}.	equation	eq:incompressible-sfvp-discrete-stream-bound	eqref	tex/chapters/chapter-03-section-02-part-02.tex:131	tex/chapters/chapter-03-section-02-part-02.tex:108	resolved
reference	换言之, \eqref{eq:incompressible-vorticity-seminorm} 定义的半范数	equation	eq:incompressible-vorticity-seminorm	eqref	tex/chapters/chapter-03-section-02-part-02.tex:144	tex/chapters/chapter-03-section-02-part-01.tex:183	resolved
reference	则问题 \eqref{eq:incompressible-sfvp-discrete-four-field}	equation	eq:incompressible-sfvp-discrete-four-field	eqref	tex/chapters/chapter-03-section-02-part-02.tex:160	tex/chapters/chapter-03-section-02-part-02.tex:58	resolved
reference	\textup{1)} 由 Lemma~\ref{lem:incompressible-sfvp-discrete-inf-sup},	lemma	lem:incompressible-sfvp-discrete-inf-sup	ref	tex/chapters/chapter-03-section-02-part-02.tex:169	tex/chapters/chapter-03-section-02-part-02.tex:88	resolved
reference	Lemma~\ref{lem:incompressible-sfvp-discrete-stream-bound}, Hypothesis H1	lemma	lem:incompressible-sfvp-discrete-stream-bound	ref	tex/chapters/chapter-03-section-02-part-02.tex:170	tex/chapters/chapter-03-section-02-part-02.tex:106	resolved
reference	和 Theorem~\ref{thm:incompressible-abstract-mixed-error} 立即得到第一部分.	theorem	thm:incompressible-abstract-mixed-error	ref	tex/chapters/chapter-03-section-02-part-02.tex:171	tex/chapters/chapter-03-section-01-part-02.tex:67	resolved
reference	满足 \eqref{eq:incompressible-sfvp-discrete-four-field}, 即	equation	eq:incompressible-sfvp-discrete-four-field	eqref	tex/chapters/chapter-03-section-02-part-02.tex:175	tex/chapters/chapter-03-section-02-part-02.tex:58	resolved
reference	则 \eqref{eq:incompressible-sfvp-discrete-four-field} 化为	equation	eq:incompressible-sfvp-discrete-four-field	eqref	tex/chapters/chapter-03-section-02-part-02.tex:182	tex/chapters/chapter-03-section-02-part-02.tex:58	resolved
reference	Lemma~\ref{lem:incompressible-sfvp-discrete-wellposed}	lemma	lem:incompressible-sfvp-discrete-wellposed	ref	tex/chapters/chapter-03-section-02-part-02.tex:207	tex/chapters/chapter-03-section-02-part-02.tex:154	resolved
reference	在 Lemma~\ref{lem:incompressible-sfvp-discrete-wellposed} 的假设下,	lemma	lem:incompressible-sfvp-discrete-wellposed	ref	tex/chapters/chapter-03-section-02-part-02.tex:211	tex/chapters/chapter-03-section-02-part-02.tex:154	resolved
reference	问题 \eqref{eq:incompressible-sfvp-discrete-four-field} 等价于:	equation	eq:incompressible-sfvp-discrete-four-field	eqref	tex/chapters/chapter-03-section-02-part-02.tex:212	tex/chapters/chapter-03-section-02-part-02.tex:58	resolved
reference	问题 \eqref{eq:incompressible-sfvp-practical-problem}	equation	eq:incompressible-sfvp-practical-problem	eqref	tex/chapters/chapter-03-section-02-part-02.tex:230	tex/chapters/chapter-03-section-02-part-02.tex:215	resolved
reference	\textup{1)} 问题 \eqref{eq:incompressible-sfvp-practical-problem}	equation	eq:incompressible-sfvp-practical-problem	eqref	tex/chapters/chapter-03-section-02-part-02.tex:233	tex/chapters/chapter-03-section-02-part-02.tex:215	resolved
reference	同样, \eqref{eq:incompressible-sfvp-practical-problem}	equation	eq:incompressible-sfvp-practical-problem	eqref	tex/chapters/chapter-03-section-02-part-02.tex:240	tex/chapters/chapter-03-section-02-part-02.tex:215	resolved
reference	也可以用与 Subsections~\ref{subsec:primitive-glowinski-pironneau}	subsection	subsec:primitive-glowinski-pironneau	ref	tex/chapters/chapter-03-section-02-part-02.tex:242	tex/chapters/chapter-02-section-04-part-02.tex:239	resolved
reference	和 \ref{subsec:primitive-gp-implementation} 中所讨论技术非常相似的方法分离求解	subsection	subsec:primitive-gp-implementation	ref	tex/chapters/chapter-03-section-02-part-02.tex:243	tex/chapters/chapter-02-section-04-part-03.tex:334	resolved
reference	由 Theorem~\ref{thm:incompressible-abstract-mixed-error},	theorem	thm:incompressible-abstract-mixed-error	ref	tex/chapters/chapter-03-section-02-part-02.tex:246	tex/chapters/chapter-03-section-01-part-02.tex:67	resolved
reference	条件 \eqref{eq:incompressible-sfvp-space-inclusions} 与 Hypothesis H1	equation	eq:incompressible-sfvp-space-inclusions	eqref	tex/chapters/chapter-03-section-02-part-02.tex:247	tex/chapters/chapter-03-section-02-part-02.tex:156	resolved
reference	\eqref{eq:incompressible-velocity-abstract-error} 和	equation	eq:incompressible-velocity-abstract-error	eqref	tex/chapters/chapter-03-section-02-part-02.tex:249	tex/chapters/chapter-03-section-01-part-02.tex:72	resolved
reference	\eqref{eq:incompressible-multiplier-abstract-error},	equation	eq:incompressible-multiplier-abstract-error	eqref	tex/chapters/chapter-03-section-02-part-02.tex:250	tex/chapters/chapter-03-section-01-part-02.tex:94	resolved
reference	则可引入由 \eqref{eq:appendix-neumann-ritz-projection}	equation	eq:appendix-neumann-ritz-projection	eqref	tex/chapters/chapter-03-section-02-part-02.tex:253	tex/chapters/appendix-a-part-02.tex:135	resolved
reference	从而略微改进 \eqref{eq:incompressible-multiplier-abstract-error} 的界:	equation	eq:incompressible-multiplier-abstract-error	eqref	tex/chapters/chapter-03-section-02-part-02.tex:255	tex/chapters/chapter-03-section-01-part-02.tex:94	resolved
reference	分别为问题 \eqref{eq:incompressible-stream-vorticity-pair}	equation	eq:incompressible-stream-vorticity-pair	eqref	tex/chapters/chapter-03-section-02-part-02.tex:268	tex/chapters/chapter-03-section-02-part-01.tex:581	resolved
reference	和 \eqref{eq:incompressible-sfvp-practical-problem} 的解.	equation	eq:incompressible-sfvp-practical-problem	eqref	tex/chapters/chapter-03-section-02-part-02.tex:269	tex/chapters/chapter-03-section-02-part-02.tex:215	resolved
reference	在 Corollary~\ref{cor:incompressible-weak-stream-unique}	corollary	cor:incompressible-weak-stream-unique	ref	tex/chapters/chapter-03-section-02-part-02.tex:270	tex/chapters/chapter-03-section-02-part-01.tex:341	resolved
reference	和 Lemma~\ref{lem:incompressible-sfvp-discrete-wellposed} 的假设下,	lemma	lem:incompressible-sfvp-discrete-wellposed	ref	tex/chapters/chapter-03-section-02-part-02.tex:271	tex/chapters/chapter-03-section-02-part-02.tex:154	resolved
reference	其中 $P_h$ 由 \eqref{eq:appendix-neumann-ritz-projection} 定义,	equation	eq:appendix-neumann-ritz-projection	eqref	tex/chapters/chapter-03-section-02-part-02.tex:294	tex/chapters/appendix-a-part-02.tex:135	resolved
reference	先证明 \eqref{eq:incompressible-sfvp-quasioptimal-error}.	equation	eq:incompressible-sfvp-quasioptimal-error	eqref	tex/chapters/chapter-03-section-02-part-02.tex:304	tex/chapters/chapter-03-section-02-part-02.tex:273	resolved
reference	由 \eqref{eq:incompressible-stream-vorticity-pair}	equation	eq:incompressible-stream-vorticity-pair	eqref	tex/chapters/chapter-03-section-02-part-02.tex:305	tex/chapters/chapter-03-section-02-part-01.tex:581	resolved
reference	和 \eqref{eq:incompressible-sfvp-practical-problem} 得	equation	eq:incompressible-sfvp-practical-problem	eqref	tex/chapters/chapter-03-section-02-part-02.tex:306	tex/chapters/chapter-03-section-02-part-02.tex:215	resolved
reference	这证明了 \eqref{eq:incompressible-sfvp-quasioptimal-error}.	equation	eq:incompressible-sfvp-quasioptimal-error	eqref	tex/chapters/chapter-03-section-02-part-02.tex:346	tex/chapters/chapter-03-section-02-part-02.tex:273	resolved
reference	估计 \eqref{eq:incompressible-sfvp-expanded-error}	equation	eq:incompressible-sfvp-expanded-error	eqref	tex/chapters/chapter-03-section-02-part-02.tex:347	tex/chapters/chapter-03-section-02-part-02.tex:282	resolved
reference	由 \eqref{eq:incompressible-sfvp-quasioptimal-error}	equation	eq:incompressible-sfvp-quasioptimal-error	eqref	tex/chapters/chapter-03-section-02-part-02.tex:348	tex/chapters/chapter-03-section-02-part-02.tex:273	resolved
reference	和 \eqref{eq:incompressible-affine-space-approximation} 立即得到.	equation	eq:incompressible-affine-space-approximation	eqref	tex/chapters/chapter-03-section-02-part-02.tex:349	tex/chapters/chapter-03-section-01-part-02.tex:196	resolved
reference	公式 \eqref{eq:incompressible-sfvp-vorticity-best-approximation}	equation	eq:incompressible-sfvp-vorticity-best-approximation	eqref	tex/chapters/chapter-03-section-02-part-02.tex:353	tex/chapters/chapter-03-section-02-part-02.tex:329	resolved
reference	并据此直接离散问题 \eqref{eq:incompressible-decoupled-pressure}:	equation	eq:incompressible-decoupled-pressure	eqref	tex/chapters/chapter-03-section-02-part-02.tex:367	tex/chapters/chapter-03-section-02-part-01.tex:380	resolved
reference	问题 \eqref{eq:incompressible-sfvp-practical-problem}	equation	eq:incompressible-sfvp-practical-problem	eqref	tex/chapters/chapter-03-section-02-part-02.tex:380	tex/chapters/chapter-03-section-02-part-02.tex:215	resolved
reference	和 \eqref{eq:incompressible-sfvp-discrete-pressure}	equation	eq:incompressible-sfvp-discrete-pressure	eqref	tex/chapters/chapter-03-section-02-part-02.tex:381	tex/chapters/chapter-03-section-02-part-02.tex:370	resolved
reference	注意它与问题 \eqref{eq:incompressible-hhj-velocity-pressure-weak}	equation	eq:incompressible-hhj-velocity-pressure-weak	eqref	tex/chapters/chapter-03-section-02-part-02.tex:399	tex/chapters/chapter-03-section-04-part-01.tex:157	resolved
reference	\eqref{eq:incompressible-sfvp-discrete-pressure}	equation	eq:incompressible-sfvp-discrete-pressure	eqref	tex/chapters/chapter-03-section-02-part-02.tex:405	tex/chapters/chapter-03-section-02-part-02.tex:370	resolved
reference	为估计问题 \eqref{eq:incompressible-sfvp-discrete-pressure}	equation	eq:incompressible-sfvp-discrete-pressure	eqref	tex/chapters/chapter-03-section-02-part-02.tex:409	tex/chapters/chapter-03-section-02-part-02.tex:370	resolved
reference	的误差, 我们将使用与 \eqref{eq:appendix-neumann-ritz-projection}	equation	eq:appendix-neumann-ritz-projection	eqref	tex/chapters/chapter-03-section-02-part-02.tex:410	tex/chapters/appendix-a-part-02.tex:135	resolved
reference	\eqref{eq:incompressible-decoupled-pressure}	equation	eq:incompressible-decoupled-pressure	eqref	tex/chapters/chapter-03-section-02-part-02.tex:436	tex/chapters/chapter-03-section-02-part-01.tex:380	resolved
reference	和 \eqref{eq:incompressible-sfvp-discrete-pressure} 的解.	equation	eq:incompressible-sfvp-discrete-pressure	eqref	tex/chapters/chapter-03-section-02-part-02.tex:437	tex/chapters/chapter-03-section-02-part-02.tex:370	resolved
reference	除 Theorem~\ref{thm:incompressible-sfvp-velocity-vorticity-error}	theorem	thm:incompressible-sfvp-velocity-vorticity-error	ref	tex/chapters/chapter-03-section-02-part-02.tex:438	tex/chapters/chapter-03-section-02-part-02.tex:264	resolved
reference	由 \eqref{eq:incompressible-decoupled-pressure}	equation	eq:incompressible-decoupled-pressure	eqref	tex/chapters/chapter-03-section-02-part-02.tex:490	tex/chapters/chapter-03-section-02-part-01.tex:380	resolved
reference	和 \eqref{eq:incompressible-sfvp-discrete-pressure},	equation	eq:incompressible-sfvp-discrete-pressure	eqref	tex/chapters/chapter-03-section-02-part-02.tex:491	tex/chapters/chapter-03-section-02-part-02.tex:370	resolved
reference	由 \eqref{eq:incompressible-stream-vorticity-pair}	equation	eq:incompressible-stream-vorticity-pair	eqref	tex/chapters/chapter-03-section-02-part-02.tex:502	tex/chapters/chapter-03-section-02-part-01.tex:581	resolved
reference	和 \eqref{eq:incompressible-sfvp-practical-problem}, 得	equation	eq:incompressible-sfvp-practical-problem	eqref	tex/chapters/chapter-03-section-02-part-02.tex:503	tex/chapters/chapter-03-section-02-part-02.tex:215	resolved
reference	于是 \eqref{eq:incompressible-sfvp-decomposition-approximation}	equation	eq:incompressible-sfvp-decomposition-approximation	eqref	tex/chapters/chapter-03-section-02-part-02.tex:535	tex/chapters/chapter-03-section-02-part-02.tex:426	resolved
reference	蕴含 \eqref{eq:incompressible-sfvp-pressure-error}.	equation	eq:incompressible-sfvp-pressure-error	eqref	tex/chapters/chapter-03-section-02-part-02.tex:536	tex/chapters/chapter-03-section-02-part-02.tex:444	resolved
reference	(参见 Definition~\ref{def:appendix-regular-triangulation}).	definition	def:appendix-regular-triangulation	ref	tex/chapters/chapter-03-section-02-part-02.tex:544	tex/chapters/appendix-a-part-01.tex:257	resolved
reference	\eqref{eq:incompressible-sfvp-pressure-error} 看出.	equation	eq:incompressible-sfvp-pressure-error	eqref	tex/chapters/chapter-03-section-02-part-02.tex:572	tex/chapters/chapter-03-section-02-part-02.tex:444	resolved
reference	算子 $P_h$ 的逼近性质由 Theorem~\ref{thm:appendix-ritz-projection-lp-error}	theorem	thm:appendix-ritz-projection-lp-error	ref	tex/chapters/chapter-03-section-02-part-02.tex:577	tex/chapters/appendix-a-part-02.tex:176	resolved
reference	给出, 而 $K_r(h)$ 的估计由 Corollary~\ref{cor:appendix-global-inverse-gradient}	corollary	cor:appendix-global-inverse-gradient	ref	tex/chapters/chapter-03-section-02-part-02.tex:578	tex/chapters/appendix-a-part-02.tex:331	resolved
reference	其次, 由 \eqref{eq:incompressible-weak-four-field-kernel}	equation	eq:incompressible-weak-four-field-kernel	eqref	tex/chapters/chapter-03-section-02-part-02.tex:623	tex/chapters/chapter-03-section-02-part-01.tex:175	resolved
reference	和 Sobolev Theorem~\ref{thm:sobolev-embedding},	theorem	thm:sobolev-embedding	ref	tex/chapters/chapter-03-section-02-part-02.tex:624	tex/chapters/chapter-01-section-01-part-02.tex:27	resolved
reference	都满足 \eqref{eq:incompressible-sfvp-h1-bound}.	equation	eq:incompressible-sfvp-h1-bound	eqref	tex/chapters/chapter-03-section-02-part-02.tex:627	tex/chapters/chapter-03-section-02-part-02.tex:609	resolved
reference	这可解释为 \eqref{eq:incompressible-sfvp-continuous-poisson-relation}	equation	eq:incompressible-sfvp-continuous-poisson-relation	eqref	tex/chapters/chapter-03-section-02-part-02.tex:639	tex/chapters/chapter-03-section-02-part-02.tex:629	resolved
reference	由于 $\Omega$ 是凸的, Theorem~\ref{thm:laplace-dirichlet-regularity}	theorem	thm:laplace-dirichlet-regularity	ref	tex/chapters/chapter-03-section-02-part-02.tex:648	tex/chapters/chapter-01-section-01-part-03.tex:247	resolved
reference	(参见 \eqref{eq:appendix-dirichlet-ritz-projection}).	equation	eq:appendix-dirichlet-ritz-projection	eqref	tex/chapters/chapter-03-section-02-part-02.tex:656	tex/chapters/appendix-a-part-02.tex:126	resolved
reference	因此 Theorem~\ref{thm:appendix-ritz-projection-lp-error} 给出	theorem	thm:appendix-ritz-projection-lp-error	ref	tex/chapters/chapter-03-section-02-part-02.tex:657	tex/chapters/appendix-a-part-02.tex:176	resolved
reference	再应用 \eqref{eq:incompressible-sfvp-auxiliary-h2-bound}	equation	eq:incompressible-sfvp-auxiliary-h2-bound	eqref	tex/chapters/chapter-03-section-02-part-02.tex:662	tex/chapters/chapter-03-section-02-part-02.tex:650	resolved
reference	和 Sobolev Theorem~\ref{thm:sobolev-embedding}, 得	theorem	thm:sobolev-embedding	ref	tex/chapters/chapter-03-section-02-part-02.tex:663	tex/chapters/chapter-01-section-01-part-02.tex:27	resolved
reference	Lemma~\ref{lem:incompressible-sfvp-hypothesis-h1}	lemma	lem:incompressible-sfvp-hypothesis-h1	ref	tex/chapters/chapter-03-section-02-part-02.tex:672	tex/chapters/chapter-03-section-02-part-02.tex:606	resolved
reference	还有一个不调用 Theorem~\ref{thm:appendix-ritz-projection-lp-error}	theorem	thm:appendix-ritz-projection-lp-error	ref	tex/chapters/chapter-03-section-02-part-02.tex:673	tex/chapters/appendix-a-part-02.tex:176	resolved
reference	而 Lemma~\ref{lem:appendix-global-inverse-same-order} 对所有 $s>2$ 给出	lemma	lem:appendix-global-inverse-same-order	ref	tex/chapters/chapter-03-section-02-part-02.tex:681	tex/chapters/appendix-a-part-02.tex:376	resolved
reference	由于 $s>2$, Sobolev Theorem~\ref{thm:sobolev-embedding}	theorem	thm:sobolev-embedding	ref	tex/chapters/chapter-03-section-02-part-02.tex:702	tex/chapters/chapter-01-section-01-part-02.tex:27	resolved
reference	其中 $I_h$ 是 Lemma~\ref{lem:appendix-lagrange-interpolation}	lemma	lem:appendix-lagrange-interpolation	ref	tex/chapters/chapter-03-section-02-part-02.tex:705	tex/chapters/appendix-a-part-01.tex:339	resolved
reference	结合 \eqref{eq:incompressible-sfvp-auxiliary-h2-bound},	equation	eq:incompressible-sfvp-auxiliary-h2-bound	eqref	tex/chapters/chapter-03-section-02-part-02.tex:714	tex/chapters/chapter-03-section-02-part-02.tex:650	resolved
reference	即得 \eqref{eq:incompressible-sfvp-h1-bound}.	equation	eq:incompressible-sfvp-h1-bound	eqref	tex/chapters/chapter-03-section-02-part-02.tex:715	tex/chapters/chapter-03-section-02-part-02.tex:609	resolved
reference	\eqref{eq:incompressible-sfvp-h1-bound}	equation	eq:incompressible-sfvp-h1-bound	eqref	tex/chapters/chapter-03-section-02-part-02.tex:720	tex/chapters/chapter-03-section-02-part-02.tex:609	resolved
reference	但 Theorem~\ref{thm:laplace-dirichlet-regularity}	theorem	thm:laplace-dirichlet-regularity	ref	tex/chapters/chapter-03-section-02-part-02.tex:727	tex/chapters/chapter-01-section-01-part-03.tex:247	resolved
reference	使用 Theorem~\ref{thm:sec3-orthogonal-decomposition}	theorem	thm:sec3-orthogonal-decomposition	ref	tex/chapters/chapter-03-section-02-part-02.tex:742	tex/chapters/chapter-01-section-03-approved-sample-part-01.tex:274	resolved
reference	Remark~\ref{rem:sec3-neumann-interpretation},	remark	rem:sec3-neumann-interpretation	ref	tex/chapters/chapter-03-section-02-part-02.tex:748	tex/chapters/chapter-01-section-03-approved-sample-part-01.tex:314	resolved
reference	Theorem~\ref{thm:laplace-neumann-regularity}	theorem	thm:laplace-neumann-regularity	ref	tex/chapters/chapter-03-section-02-part-02.tex:757	tex/chapters/chapter-01-section-01-part-03.tex:404	resolved
reference	由 Sobolev Theorem~\ref{thm:sobolev-embedding},	theorem	thm:sobolev-embedding	ref	tex/chapters/chapter-03-section-02-part-02.tex:770	tex/chapters/chapter-01-section-01-part-02.tex:27	resolved
reference	\eqref{eq:appendix-ritz-projection-lp-error}	equation	eq:appendix-ritz-projection-lp-error	eqref	tex/chapters/chapter-03-section-02-part-02.tex:775	tex/chapters/appendix-a-part-02.tex:183	resolved
reference	同样, \eqref{eq:appendix-lagrange-interpolation-error-wsp}	equation	eq:appendix-lagrange-interpolation-error-wsp	eqref	tex/chapters/chapter-03-section-02-part-02.tex:783	tex/chapters/appendix-a-part-01.tex:358	resolved
reference	和 Jensen 不等式 \eqref{eq:appendix-discrete-jensen}	equation	eq:appendix-discrete-jensen	eqref	tex/chapters/chapter-03-section-02-part-02.tex:784	tex/chapters/appendix-a-part-02.tex:347	resolved
reference	由 Theorem~\ref{thm:incompressible-sfvp-velocity-vorticity-error},	theorem	thm:incompressible-sfvp-velocity-vorticity-error	ref	tex/chapters/chapter-03-section-02-part-02.tex:793	tex/chapters/chapter-03-section-02-part-02.tex:264	resolved
reference	Theorem~\ref{thm:incompressible-sfvp-pressure-error}	theorem	thm:incompressible-sfvp-pressure-error	ref	tex/chapters/chapter-03-section-02-part-02.tex:794	tex/chapters/chapter-03-section-02-part-02.tex:434	resolved
reference	为问题 \eqref{eq:incompressible-stream-vorticity-pair}	equation	eq:incompressible-stream-vorticity-pair	eqref	tex/chapters/chapter-03-section-02-part-02.tex:802	tex/chapters/chapter-03-section-02-part-01.tex:581	resolved
reference	和 \eqref{eq:incompressible-decoupled-pressure} 的解, 并假设	equation	eq:incompressible-decoupled-pressure	eqref	tex/chapters/chapter-03-section-02-part-02.tex:803	tex/chapters/chapter-03-section-02-part-01.tex:380	resolved
reference	Theorem~\ref{thm:incompressible-sfvp-standard-fe-error}	theorem	thm:incompressible-sfvp-standard-fe-error	ref	tex/chapters/chapter-03-section-02-part-02.tex:835	tex/chapters/chapter-03-section-02-part-02.tex:797	resolved
reference	(参见 Remark~\ref{rem:incompressible-sfvp-nonconvex-h1}).	remark	rem:incompressible-sfvp-nonconvex-h1	ref	tex/chapters/chapter-03-section-02-part-02.tex:840	tex/chapters/chapter-03-section-02-part-02.tex:718	resolved
reference	就 \eqref{eq:incompressible-sfvp-standard-velocity-error} 而言,	equation	eq:incompressible-sfvp-standard-velocity-error	eqref	tex/chapters/chapter-03-section-02-part-02.tex:843	tex/chapters/chapter-03-section-02-part-02.tex:815	resolved
reference	(参见 \eqref{eq:incompressible-velocity-abstract-error}),	equation	eq:incompressible-velocity-abstract-error	eqref	tex/chapters/chapter-03-section-02-part-02.tex:847	tex/chapters/chapter-03-section-01-part-02.tex:72	resolved
reference	\eqref{eq:incompressible-sfvp-standard-pressure-error}	equation	eq:incompressible-sfvp-standard-pressure-error	eqref	tex/chapters/chapter-03-section-02-part-02.tex:853	tex/chapters/chapter-03-section-02-part-02.tex:823	resolved
reference	Theorem~\ref{thm:incompressible-sfvp-standard-fe-error}	theorem	thm:incompressible-sfvp-standard-fe-error	ref	tex/chapters/chapter-03-section-02-part-02.tex:857	tex/chapters/chapter-03-section-02-part-02.tex:797	resolved
reference	\eqref{eq:incompressible-sfvp-standard-velocity-error}	equation	eq:incompressible-sfvp-standard-velocity-error	eqref	tex/chapters/chapter-03-section-02-part-02.tex:859	tex/chapters/chapter-03-section-02-part-02.tex:815	resolved
reference	和 \eqref{eq:incompressible-sfvp-standard-pressure-error}	equation	eq:incompressible-sfvp-standard-pressure-error	eqref	tex/chapters/chapter-03-section-02-part-02.tex:860	tex/chapters/chapter-03-section-02-part-02.tex:823	resolved
reference	并不蕴含收敛. 如前所述, Subsection~\ref{subsec:incompressible-sfvp-mesh-dependent}	subsection	subsec:incompressible-sfvp-mesh-dependent	ref	tex/chapters/chapter-03-section-02-part-02.tex:861	tex/chapters/chapter-03-section-02-part-03.tex:5	resolved
reference	\eqref{eq:incompressible-sfvp-standard-velocity-error}.	equation	eq:incompressible-sfvp-standard-velocity-error	eqref	tex/chapters/chapter-03-section-02-part-03.tex:9	tex/chapters/chapter-03-section-02-part-02.tex:815	resolved
reference	恒等式 \eqref{eq:incompressible-sfvp-elementwise-green}	equation	eq:incompressible-sfvp-elementwise-green	eqref	tex/chapters/chapter-03-section-02-part-03.tex:57	tex/chapters/chapter-03-section-02-part-03.tex:43	resolved
reference	是另一个与问题 \eqref{eq:incompressible-stream-vorticity-pair}	equation	eq:incompressible-stream-vorticity-pair	eqref	tex/chapters/chapter-03-section-02-part-03.tex:58	tex/chapters/chapter-03-section-02-part-01.tex:581	resolved
reference	事实上, 若 Stokes 问题 \eqref{eq:incompressible-sfvp-stokes}	equation	eq:incompressible-sfvp-stokes	eqref	tex/chapters/chapter-03-section-02-part-03.tex:60	tex/chapters/chapter-03-section-02-part-01.tex:63	resolved
reference	\eqref{eq:incompressible-stream-vorticity-pair} 的 $(\psi,\omega)$	equation	eq:incompressible-stream-vorticity-pair	eqref	tex/chapters/chapter-03-section-02-part-03.tex:68	tex/chapters/chapter-03-section-02-part-01.tex:581	resolved
reference	(参见 \eqref{eq:incompressible-sfvp-standard-fe-spaces})	equation	eq:incompressible-sfvp-standard-fe-spaces	eqref	tex/chapters/chapter-03-section-02-part-03.tex:92	tex/chapters/chapter-03-section-02-part-02.tex:549	resolved
reference	因此恒等式 \eqref{eq:incompressible-sfvp-elementwise-green}	equation	eq:incompressible-sfvp-elementwise-green	eqref	tex/chapters/chapter-03-section-02-part-03.tex:94	tex/chapters/chapter-03-section-02-part-03.tex:43	resolved
reference	从而问题 \eqref{eq:incompressible-sfvp-practical-problem}	equation	eq:incompressible-sfvp-practical-problem	eqref	tex/chapters/chapter-03-section-02-part-03.tex:96	tex/chapters/chapter-03-section-02-part-02.tex:215	resolved
reference	观察 \eqref{eq:incompressible-sfvp-elementwise-green}	equation	eq:incompressible-sfvp-elementwise-green	eqref	tex/chapters/chapter-03-section-02-part-03.tex:119	tex/chapters/chapter-03-section-02-part-03.tex:43	resolved
reference	和 \eqref{eq:incompressible-sfvp-mesh-discrete-problem},	equation	eq:incompressible-sfvp-mesh-discrete-problem	eqref	tex/chapters/chapter-03-section-02-part-03.tex:120	tex/chapters/chapter-03-section-02-part-03.tex:100	resolved
reference	\eqref{eq:incompressible-sfvp-mesh-discrete-problem}	equation	eq:incompressible-sfvp-mesh-discrete-problem	eqref	tex/chapters/chapter-03-section-02-part-03.tex:141	tex/chapters/chapter-03-section-02-part-03.tex:100	resolved
reference	下一个 Lemma 给出 Corollary~\ref{cor:appendix-global-inverse-gradient}	corollary	cor:appendix-global-inverse-gradient	ref	tex/chapters/chapter-03-section-02-part-03.tex:226	tex/chapters/appendix-a-part-02.tex:331	resolved
reference	应用 $r=p=2$ 的 \eqref{eq:appendix-local-inverse-inequality}, 得	equation	eq:appendix-local-inverse-inequality	eqref	tex/chapters/chapter-03-section-02-part-03.tex:241	tex/chapters/appendix-a-part-02.tex:284	resolved
reference	由 \eqref{eq:appendix-change-forward}	equation	eq:appendix-change-forward	eqref	tex/chapters/chapter-03-section-02-part-03.tex:254	tex/chapters/appendix-a-part-01.tex:139	resolved
reference	和 \eqref{eq:appendix-gradient-transform}, 得	equation	eq:appendix-gradient-transform	eqref	tex/chapters/chapter-03-section-02-part-03.tex:255	tex/chapters/appendix-a-part-01.tex:155	resolved
reference	\eqref{eq:incompressible-sfvp-jump-inverse}.	equation	eq:incompressible-sfvp-jump-inverse	eqref	tex/chapters/chapter-03-section-02-part-03.tex:271	tex/chapters/chapter-03-section-02-part-03.tex:248	resolved
reference	\eqref{eq:incompressible-sfvp-mesh-zero-norm-equivalence}	equation	eq:incompressible-sfvp-mesh-zero-norm-equivalence	eqref	tex/chapters/chapter-03-section-02-part-03.tex:275	tex/chapters/chapter-03-section-02-part-03.tex:211	resolved
reference	由 trace Theorem~\ref{thm:trace-operator},	theorem	thm:trace-operator	ref	tex/chapters/chapter-03-section-02-part-03.tex:289	tex/chapters/chapter-01-section-01-part-02.tex:217	resolved
reference	从而证明 \eqref{eq:incompressible-sfvp-mesh-trace-bound}.	equation	eq:incompressible-sfvp-mesh-trace-bound	eqref	tex/chapters/chapter-03-section-02-part-03.tex:303	tex/chapters/chapter-03-section-02-part-03.tex:280	resolved
reference	由 Lemma~\ref{lem:sec3-boundary-poincare}, 只需证明	lemma	lem:sec3-boundary-poincare	ref	tex/chapters/chapter-03-section-02-part-03.tex:322	tex/chapters/chapter-01-section-03-approved-sample-part-01.tex:209	resolved
reference	但由 \eqref{eq:incompressible-sfvp-elementwise-green}	equation	eq:incompressible-sfvp-elementwise-green	eqref	tex/chapters/chapter-03-section-02-part-03.tex:326	tex/chapters/chapter-03-section-02-part-03.tex:43	resolved
reference	和 \eqref{eq:incompressible-sfvp-mesh-form-b},	equation	eq:incompressible-sfvp-mesh-form-b	eqref	tex/chapters/chapter-03-section-02-part-03.tex:327	tex/chapters/chapter-03-section-02-part-03.tex:127	resolved
reference	而 \eqref{eq:incompressible-sfvp-mesh-trace-bound}	equation	eq:incompressible-sfvp-mesh-trace-bound	eqref	tex/chapters/chapter-03-section-02-part-03.tex:333	tex/chapters/chapter-03-section-02-part-03.tex:280	resolved
reference	结合 Lemma~\ref{lem:sec3-boundary-poincare}	lemma	lem:sec3-boundary-poincare	ref	tex/chapters/chapter-03-section-02-part-03.tex:334	tex/chapters/chapter-01-section-03-approved-sample-part-01.tex:209	resolved
reference	即给出 \eqref{eq:incompressible-sfvp-mesh-two-norm-coercive}.	equation	eq:incompressible-sfvp-mesh-two-norm-coercive	eqref	tex/chapters/chapter-03-section-02-part-03.tex:335	tex/chapters/chapter-03-section-02-part-03.tex:311	resolved
reference	Corollary~\ref{cor:incompressible-sfvp-mesh-two-norm-coercive}	corollary	cor:incompressible-sfvp-mesh-two-norm-coercive	ref	tex/chapters/chapter-03-section-02-part-03.tex:338	tex/chapters/chapter-03-section-02-part-03.tex:309	resolved
reference	\eqref{eq:appendix-lagrange-interpolant-definition} 定义;	equation	eq:appendix-lagrange-interpolant-definition	eqref	tex/chapters/chapter-03-section-02-part-03.tex:356	tex/chapters/appendix-a-part-01.tex:342	resolved
reference	与 Lemma~\ref{lem:incompressible-sfvp-mesh-trace-bound} 中一样,	lemma	lem:incompressible-sfvp-mesh-trace-bound	ref	tex/chapters/chapter-03-section-02-part-03.tex:365	tex/chapters/chapter-03-section-02-part-03.tex:278	resolved
reference	这证明 \eqref{eq:incompressible-sfvp-mesh-zero-approximation}.	equation	eq:incompressible-sfvp-mesh-zero-approximation	eqref	tex/chapters/chapter-03-section-02-part-03.tex:381	tex/chapters/chapter-03-section-02-part-03.tex:345	resolved
reference	Lemma~\ref{lem:incompressible-sfvp-mesh-trace-bound}	lemma	lem:incompressible-sfvp-mesh-trace-bound	ref	tex/chapters/chapter-03-section-02-part-03.tex:383	tex/chapters/chapter-03-section-02-part-03.tex:278	resolved
reference	再次得到 \eqref{eq:incompressible-sfvp-mesh-zero-approximation}.	equation	eq:incompressible-sfvp-mesh-zero-approximation	eqref	tex/chapters/chapter-03-section-02-part-03.tex:403	tex/chapters/chapter-03-section-02-part-03.tex:345	resolved
reference	与 Lemma~\ref{lem:incompressible-sfvp-mesh-two-norm-inverse}	lemma	lem:incompressible-sfvp-mesh-two-norm-inverse	ref	tex/chapters/chapter-03-section-02-part-03.tex:425	tex/chapters/chapter-03-section-02-part-03.tex:229	resolved
reference	从而得到 \eqref{eq:incompressible-sfvp-mesh-two-approximation}.	equation	eq:incompressible-sfvp-mesh-two-approximation	eqref	tex/chapters/chapter-03-section-02-part-03.tex:444	tex/chapters/chapter-03-section-02-part-03.tex:409	resolved
reference	应用 Lemma~\ref{lem:incompressible-sfvp-mesh-zero-approximation}	lemma	lem:incompressible-sfvp-mesh-zero-approximation	ref	tex/chapters/chapter-03-section-02-part-03.tex:447	tex/chapters/chapter-03-section-02-part-03.tex:342	resolved
reference	和 Lemma~\ref{lem:incompressible-sfvp-mesh-two-approximation},	lemma	lem:incompressible-sfvp-mesh-two-approximation	ref	tex/chapters/chapter-03-section-02-part-03.tex:448	tex/chapters/chapter-03-section-02-part-03.tex:406	resolved
reference	下面考察使我们能够应用 Subsection~\ref{subsec:abstract-general-result}	subsection	subsec:abstract-general-result	ref	tex/chapters/chapter-03-section-02-part-03.tex:462	tex/chapters/chapter-01-section-04-part-01.tex:13	resolved
reference	由 \eqref{eq:incompressible-sfvp-mesh-zero-norm-equivalence},	equation	eq:incompressible-sfvp-mesh-zero-norm-equivalence	eqref	tex/chapters/chapter-03-section-02-part-03.tex:464	tex/chapters/chapter-03-section-02-part-03.tex:211	resolved
reference	注意它与 \eqref{eq:incompressible-sfvp-discrete-four-field}	equation	eq:incompressible-sfvp-discrete-four-field	eqref	tex/chapters/chapter-03-section-02-part-03.tex:504	tex/chapters/chapter-03-section-02-part-02.tex:58	resolved
reference	由 \eqref{eq:incompressible-sfvp-mesh-ellipticity},	equation	eq:incompressible-sfvp-mesh-ellipticity	eqref	tex/chapters/chapter-03-section-02-part-03.tex:506	tex/chapters/chapter-03-section-02-part-03.tex:467	resolved
reference	因此, 为导出 \eqref{eq:incompressible-sfvp-mesh-inf-sup},	equation	eq:incompressible-sfvp-mesh-inf-sup	eqref	tex/chapters/chapter-03-section-02-part-03.tex:512	tex/chapters/chapter-03-section-02-part-03.tex:481	resolved
reference	\eqref{eq:incompressible-sfvp-mesh-phi-theta-bound}	equation	eq:incompressible-sfvp-mesh-phi-theta-bound	eqref	tex/chapters/chapter-03-section-02-part-03.tex:519	tex/chapters/chapter-03-section-02-part-03.tex:514	resolved
reference	的证明与 \eqref{eq:incompressible-sfvp-h1-bound} 的证明非常相似,	equation	eq:incompressible-sfvp-h1-bound	eqref	tex/chapters/chapter-03-section-02-part-03.tex:520	tex/chapters/chapter-03-section-02-part-02.tex:609	resolved
reference	不过, 把 \eqref{eq:incompressible-sfvp-mesh-discrete-neumann-relation}	equation	eq:incompressible-sfvp-mesh-discrete-neumann-relation	eqref	tex/chapters/chapter-03-section-02-part-03.tex:522	tex/chapters/chapter-03-section-02-part-03.tex:499	resolved
reference	在 \eqref{eq:incompressible-sfvp-mesh-discrete-neumann-relation}	equation	eq:incompressible-sfvp-mesh-discrete-neumann-relation	eqref	tex/chapters/chapter-03-section-02-part-03.tex:531	tex/chapters/chapter-03-section-02-part-03.tex:499	resolved
reference	与 Remark~\ref{rem:incompressible-sfvp-elementary-h1-proof} 一样, 可得	remark	rem:incompressible-sfvp-elementary-h1-proof	ref	tex/chapters/chapter-03-section-02-part-03.tex:543	tex/chapters/chapter-03-section-02-part-02.tex:671	resolved
reference	由 \eqref{eq:incompressible-sfvp-mesh-two-norm-inverse},	equation	eq:incompressible-sfvp-mesh-two-norm-inverse	eqref	tex/chapters/chapter-03-section-02-part-03.tex:549	tex/chapters/chapter-03-section-02-part-03.tex:232	resolved
reference	由 Lemma~\ref{lem:incompressible-sfvp-mesh-two-approximation},	lemma	lem:incompressible-sfvp-mesh-two-approximation	ref	tex/chapters/chapter-03-section-02-part-03.tex:567	tex/chapters/chapter-03-section-02-part-03.tex:406	resolved
reference	\eqref{eq:incompressible-sfvp-mesh-phi-theta-bound}.	equation	eq:incompressible-sfvp-mesh-phi-theta-bound	eqref	tex/chapters/chapter-03-section-02-part-03.tex:584	tex/chapters/chapter-03-section-02-part-03.tex:514	resolved
reference	由 \eqref{eq:incompressible-sfvp-mesh-discrete-neumann-relation} 联系,	equation	eq:incompressible-sfvp-mesh-discrete-neumann-relation	eqref	tex/chapters/chapter-03-section-02-part-03.tex:589	tex/chapters/chapter-03-section-02-part-03.tex:499	resolved
reference	Lemma~\ref{lem:incompressible-sfvp-hypothesis-h1} 给出	lemma	lem:incompressible-sfvp-hypothesis-h1	ref	tex/chapters/chapter-03-section-02-part-03.tex:590	tex/chapters/chapter-03-section-02-part-02.tex:606	resolved
reference	因此, 在 Lemma~\ref{lem:incompressible-sfvp-mesh-inf-sup}	lemma	lem:incompressible-sfvp-mesh-inf-sup	ref	tex/chapters/chapter-03-section-02-part-03.tex:596	tex/chapters/chapter-03-section-02-part-03.tex:478	resolved
reference	的假设下, 除 \eqref{eq:incompressible-sfvp-mesh-inf-sup} 外还有	equation	eq:incompressible-sfvp-mesh-inf-sup	eqref	tex/chapters/chapter-03-section-02-part-03.tex:597	tex/chapters/chapter-03-section-02-part-03.tex:481	resolved
reference	现在可把问题 \eqref{eq:incompressible-sfvp-mesh-discrete-problem}	equation	eq:incompressible-sfvp-mesh-discrete-problem	eqref	tex/chapters/chapter-03-section-02-part-03.tex:607	tex/chapters/chapter-03-section-02-part-03.tex:100	resolved
reference	置于 Subsection~\ref{subsec:incompressible-abstract-mixed-discretization}	subsection	subsec:incompressible-abstract-mixed-discretization	ref	tex/chapters/chapter-03-section-02-part-03.tex:608	tex/chapters/chapter-03-section-01-part-02.tex:5	resolved
reference	引入与表述 \eqref{eq:incompressible-sfvp-mesh-abstract-problem}	equation	eq:incompressible-sfvp-mesh-abstract-problem	eqref	tex/chapters/chapter-03-section-02-part-03.tex:610	tex/chapters/chapter-03-section-02-part-03.tex:145	resolved
reference	应用 Subsection~\ref{subsec:abstract-general-result} 的论证,	subsection	subsec:abstract-general-result	ref	tex/chapters/chapter-03-section-02-part-03.tex:618	tex/chapters/chapter-01-section-04-part-01.tex:13	resolved
reference	\eqref{eq:incompressible-sfvp-mesh-ellipticity},	equation	eq:incompressible-sfvp-mesh-ellipticity	eqref	tex/chapters/chapter-03-section-02-part-03.tex:639	tex/chapters/chapter-03-section-02-part-03.tex:467	resolved
reference	\eqref{eq:incompressible-sfvp-mesh-inf-sup}	equation	eq:incompressible-sfvp-mesh-inf-sup	eqref	tex/chapters/chapter-03-section-02-part-03.tex:640	tex/chapters/chapter-03-section-02-part-03.tex:481	resolved
reference	和 \eqref{eq:incompressible-sfvp-mesh-phi-theta-bound} 中的常数.	equation	eq:incompressible-sfvp-mesh-phi-theta-bound	eqref	tex/chapters/chapter-03-section-02-part-03.tex:641	tex/chapters/chapter-03-section-02-part-03.tex:514	resolved
reference	结合 Lemma~\ref{lem:incompressible-sfvp-mesh-zero-approximation}	lemma	lem:incompressible-sfvp-mesh-zero-approximation	ref	tex/chapters/chapter-03-section-02-part-03.tex:642	tex/chapters/chapter-03-section-02-part-03.tex:342	resolved
reference	和 Lemma~\ref{lem:incompressible-sfvp-mesh-two-approximation},	lemma	lem:incompressible-sfvp-mesh-two-approximation	ref	tex/chapters/chapter-03-section-02-part-03.tex:643	tex/chapters/chapter-03-section-02-part-03.tex:406	resolved
reference	若 Stokes 问题 \eqref{eq:incompressible-sfvp-stokes}	equation	eq:incompressible-sfvp-stokes	eqref	tex/chapters/chapter-03-section-02-part-03.tex:649	tex/chapters/chapter-03-section-02-part-01.tex:63	resolved
reference	\eqref{eq:incompressible-sfvp-mesh-discrete-problem}	equation	eq:incompressible-sfvp-mesh-discrete-problem	eqref	tex/chapters/chapter-03-section-02-part-03.tex:659	tex/chapters/chapter-03-section-02-part-03.tex:100	resolved
reference	在 Theorem~\ref{thm:incompressible-sfvp-mesh-error} 的假设下,	theorem	thm:incompressible-sfvp-mesh-error	ref	tex/chapters/chapter-03-section-02-part-03.tex:679	tex/chapters/chapter-03-section-02-part-03.tex:646	resolved
reference	且由 Remark~\ref{rem:stokes-polyhedral-regularity},	remark	rem:stokes-polyhedral-regularity	ref	tex/chapters/chapter-03-section-02-part-03.tex:708	tex/chapters/chapter-01-section-05-part-03.tex:65	resolved
reference	由此和问题 \eqref{eq:incompressible-sfvp-mesh-discrete-problem},	equation	eq:incompressible-sfvp-mesh-discrete-problem	eqref	tex/chapters/chapter-03-section-02-part-03.tex:713	tex/chapters/chapter-03-section-02-part-03.tex:100	resolved
reference	于是 \eqref{eq:incompressible-sfvp-mesh-h1-error}	equation	eq:incompressible-sfvp-mesh-h1-error	eqref	tex/chapters/chapter-03-section-02-part-03.tex:726	tex/chapters/chapter-03-section-02-part-03.tex:682	resolved
reference	由 Theorem~\ref{thm:incompressible-sfvp-mesh-error},	theorem	thm:incompressible-sfvp-mesh-error	ref	tex/chapters/chapter-03-section-02-part-03.tex:727	tex/chapters/chapter-03-section-02-part-03.tex:646	resolved
reference	Lemma~\ref{lem:incompressible-sfvp-mesh-zero-approximation}	lemma	lem:incompressible-sfvp-mesh-zero-approximation	ref	tex/chapters/chapter-03-section-02-part-03.tex:728	tex/chapters/chapter-03-section-02-part-03.tex:342	resolved
reference	和 Lemma~\ref{lem:incompressible-sfvp-mesh-two-approximation} 得到.	lemma	lem:incompressible-sfvp-mesh-two-approximation	ref	tex/chapters/chapter-03-section-02-part-03.tex:729	tex/chapters/chapter-03-section-02-part-03.tex:406	resolved
reference	假设 Theorem~\ref{thm:incompressible-sfvp-mesh-error} 的条件成立.	theorem	thm:incompressible-sfvp-mesh-error	ref	tex/chapters/chapter-03-section-02-part-03.tex:735	tex/chapters/chapter-03-section-02-part-03.tex:646	resolved
reference	该估计是 \eqref{eq:incompressible-sfvp-mesh-h1-error},	equation	eq:incompressible-sfvp-mesh-h1-error	eqref	tex/chapters/chapter-03-section-02-part-03.tex:746	tex/chapters/chapter-03-section-02-part-03.tex:682	resolved
reference	Lemma~\ref{lem:appendix-global-inverse-same-order}	lemma	lem:appendix-global-inverse-same-order	ref	tex/chapters/chapter-03-section-02-part-03.tex:747	tex/chapters/appendix-a-part-02.tex:376	resolved
reference	\eqref{eq:incompressible-sfvp-mesh-best-h1-error}	equation	eq:incompressible-sfvp-mesh-best-h1-error	eqref	tex/chapters/chapter-03-section-02-part-03.tex:753	tex/chapters/chapter-03-section-02-part-03.tex:687	resolved
reference	因为 Lemma~\ref{lem:incompressible-sfvp-mesh-inf-sup}	lemma	lem:incompressible-sfvp-mesh-inf-sup	ref	tex/chapters/chapter-03-section-02-part-03.tex:762	tex/chapters/chapter-03-section-02-part-03.tex:478	resolved
reference	\eqref{eq:incompressible-sfvp-mesh-error} 还给出附加估计	equation	eq:incompressible-sfvp-mesh-error	eqref	tex/chapters/chapter-03-section-02-part-03.tex:767	tex/chapters/chapter-03-section-02-part-03.tex:661	resolved
reference	我们处于 Subsection~\ref{subsec:incompressible-sfvp-mixed-approximation}	subsection	subsec:incompressible-sfvp-mixed-approximation	ref	tex/chapters/chapter-03-section-03-part-01.tex:14	tex/chapters/chapter-03-section-02-part-02.tex:5	resolved
reference	\eqref{eq:incompressible-sfvp-standard-fe-spaces}	equation	eq:incompressible-sfvp-standard-fe-spaces	eqref	tex/chapters/chapter-03-section-03-part-01.tex:16	tex/chapters/chapter-03-section-02-part-02.tex:549	resolved
reference	如该小节末尾所述, Theorem~\ref{thm:incompressible-sfvp-standard-fe-error}	theorem	thm:incompressible-sfvp-standard-fe-error	ref	tex/chapters/chapter-03-section-03-part-01.tex:18	tex/chapters/chapter-03-section-02-part-02.tex:797	resolved
reference	\eqref{eq:primitive-discrete-affine-best-approximation} 的类似结果.	equation	eq:primitive-discrete-affine-best-approximation	eqref	tex/chapters/chapter-03-section-03-part-01.tex:21	tex/chapters/chapter-02-section-01-part-01.tex:268	resolved
reference	将 \eqref{eq:incompressible-further-kernel-bound} 右端的范数	equation	eq:incompressible-further-kernel-bound	eqref	tex/chapters/chapter-03-section-03-part-01.tex:40	tex/chapters/chapter-03-section-03-part-01.tex:27	resolved
reference	\eqref{eq:incompressible-further-kernel-bound}	equation	eq:incompressible-further-kernel-bound	eqref	tex/chapters/chapter-03-section-03-part-01.tex:79	tex/chapters/chapter-03-section-03-part-01.tex:27	resolved
reference	由 \eqref{eq:incompressible-further-tau-bound}	equation	eq:incompressible-further-tau-bound	eqref	tex/chapters/chapter-03-section-03-part-01.tex:80	tex/chapters/chapter-03-section-03-part-01.tex:57	resolved
reference	考察 \eqref{eq:incompressible-further-kernel-bound} 可见,	equation	eq:incompressible-further-kernel-bound	eqref	tex/chapters/chapter-03-section-03-part-01.tex:84	tex/chapters/chapter-03-section-03-part-01.tex:27	resolved
reference	这里不能使用 Section~\ref{sec:incompressible-sfvp} 中	section	sec:incompressible-sfvp	ref	tex/chapters/chapter-03-section-03-part-01.tex:92	tex/chapters/chapter-03-section-02-part-01.tex:5	resolved
reference	Corollary~\ref{cor:appendix-global-inverse-gradient} 的论证给出	corollary	cor:appendix-global-inverse-gradient	ref	tex/chapters/chapter-03-section-03-part-01.tex:156	tex/chapters/appendix-a-part-02.tex:331	resolved
reference	代入 \eqref{eq:incompressible-further-holder-boundary}, 得	equation	eq:incompressible-further-holder-boundary	eqref	tex/chapters/chapter-03-section-03-part-01.tex:179	tex/chapters/chapter-03-section-03-part-01.tex:148	resolved
reference	\eqref{eq:appendix-ritz-projection-lp-error},	equation	eq:appendix-ritz-projection-lp-error	eqref	tex/chapters/chapter-03-section-03-part-01.tex:188	tex/chapters/appendix-a-part-02.tex:183	resolved
reference	由 Theorem~\ref{thm:lions-peetre-interpolation} 可知,	theorem	thm:lions-peetre-interpolation	ref	tex/chapters/chapter-03-section-03-part-01.tex:216	tex/chapters/chapter-01-section-01-part-02.tex:119	resolved
reference	\eqref{eq:incompressible-further-boundary-element-bound}	equation	eq:incompressible-further-boundary-element-bound	eqref	tex/chapters/chapter-03-section-03-part-01.tex:220	tex/chapters/chapter-03-section-03-part-01.tex:117	resolved
reference	Lemma~\ref{lem:incompressible-further-boundary-element-bound} 中所述.	lemma	lem:incompressible-further-boundary-element-bound	ref	tex/chapters/chapter-03-section-03-part-01.tex:235	tex/chapters/chapter-03-section-03-part-01.tex:111	resolved
reference	\eqref{eq:incompressible-further-improved-kernel-approximation}	equation	eq:incompressible-further-improved-kernel-approximation	eqref	tex/chapters/chapter-03-section-03-part-01.tex:282	tex/chapters/chapter-03-section-03-part-01.tex:241	resolved
reference	由 Lemma~\ref{lem:incompressible-further-kernel-bound},	lemma	lem:incompressible-further-kernel-bound	ref	tex/chapters/chapter-03-section-03-part-01.tex:283	tex/chapters/chapter-03-section-03-part-01.tex:24	resolved
reference	Lemma~\ref{lem:incompressible-further-boundary-element-bound}	lemma	lem:incompressible-further-boundary-element-bound	ref	tex/chapters/chapter-03-section-03-part-01.tex:284	tex/chapters/chapter-03-section-03-part-01.tex:111	resolved
reference	和 Remark~\ref{rem:incompressible-further-real-order-interpolation}	remark	rem:incompressible-further-real-order-interpolation	ref	tex/chapters/chapter-03-section-03-part-01.tex:285	tex/chapters/chapter-03-section-03-part-01.tex:192	resolved
reference	在 Lemma~\ref{lem:incompressible-further-boundary-element-bound}	lemma	lem:incompressible-further-boundary-element-bound	ref	tex/chapters/chapter-03-section-03-part-01.tex:290	tex/chapters/chapter-03-section-03-part-01.tex:111	resolved
reference	\eqref{eq:appendix-ritz-projection-lp-error}, 得	equation	eq:appendix-ritz-projection-lp-error	eqref	tex/chapters/chapter-03-section-03-part-01.tex:301	tex/chapters/appendix-a-part-02.tex:183	resolved
reference	因此 \eqref{eq:incompressible-further-best-kernel-approximation}	equation	eq:incompressible-further-best-kernel-approximation	eqref	tex/chapters/chapter-03-section-03-part-01.tex:316	tex/chapters/chapter-03-section-03-part-01.tex:261	resolved
reference	由 \eqref{eq:incompressible-further-improved-kernel-approximation}	equation	eq:incompressible-further-improved-kernel-approximation	eqref	tex/chapters/chapter-03-section-03-part-01.tex:317	tex/chapters/chapter-03-section-03-part-01.tex:241	resolved
reference	在 Lemma~\ref{lem:incompressible-further-boundary-element-bound}	lemma	lem:incompressible-further-boundary-element-bound	ref	tex/chapters/chapter-03-section-03-part-01.tex:324	tex/chapters/chapter-03-section-03-part-01.tex:111	resolved
reference	此外, Lemma~\ref{lem:incompressible-further-improved-kernel-approximation}	lemma	lem:incompressible-further-improved-kernel-approximation	ref	tex/chapters/chapter-03-section-03-part-01.tex:332	tex/chapters/chapter-03-section-03-part-01.tex:233	resolved
reference	假设 Stokes 问题 \eqref{eq:incompressible-sfvp-stokes}	equation	eq:incompressible-sfvp-stokes	eqref	tex/chapters/chapter-03-section-03-part-01.tex:339	tex/chapters/chapter-03-section-02-part-01.tex:63	resolved
reference	则问题 \eqref{eq:incompressible-sfvp-practical-problem}	equation	eq:incompressible-sfvp-practical-problem	eqref	tex/chapters/chapter-03-section-03-part-01.tex:347	tex/chapters/chapter-03-section-02-part-02.tex:215	resolved
reference	和 \eqref{eq:incompressible-sfvp-discrete-pressure}	equation	eq:incompressible-sfvp-discrete-pressure	eqref	tex/chapters/chapter-03-section-03-part-01.tex:348	tex/chapters/chapter-03-section-02-part-02.tex:370	resolved
reference	由 \eqref{eq:incompressible-further-improved-kernel-approximation},	equation	eq:incompressible-further-improved-kernel-approximation	eqref	tex/chapters/chapter-03-section-03-part-01.tex:384	tex/chapters/chapter-03-section-03-part-01.tex:241	resolved
reference	Remark~\ref{rem:incompressible-sfvp-sharper-seminorm-error},	remark	rem:incompressible-sfvp-sharper-seminorm-error	ref	tex/chapters/chapter-03-section-03-part-01.tex:385	tex/chapters/chapter-03-section-02-part-02.tex:352	resolved
reference	Theorem~\ref{thm:incompressible-sfvp-velocity-vorticity-error}	theorem	thm:incompressible-sfvp-velocity-vorticity-error	ref	tex/chapters/chapter-03-section-03-part-01.tex:386	tex/chapters/chapter-03-section-02-part-02.tex:264	resolved
reference	和 Theorem~\ref{thm:incompressible-sfvp-pressure-error}, 得	theorem	thm:incompressible-sfvp-pressure-error	ref	tex/chapters/chapter-03-section-03-part-01.tex:387	tex/chapters/chapter-03-section-02-part-02.tex:434	resolved
reference	\eqref{eq:incompressible-further-smooth-velocity-error},	equation	eq:incompressible-further-smooth-velocity-error	eqref	tex/chapters/chapter-03-section-03-part-01.tex:413	tex/chapters/chapter-03-section-03-part-01.tex:351	resolved
reference	\eqref{eq:incompressible-further-smooth-pressure-error}	equation	eq:incompressible-further-smooth-pressure-error	eqref	tex/chapters/chapter-03-section-03-part-01.tex:414	tex/chapters/chapter-03-section-03-part-01.tex:358	resolved
reference	或 \eqref{eq:incompressible-further-low-regularity-velocity-error},	equation	eq:incompressible-further-low-regularity-velocity-error	eqref	tex/chapters/chapter-03-section-03-part-01.tex:415	tex/chapters/chapter-03-section-03-part-01.tex:368	resolved
reference	\eqref{eq:incompressible-further-low-regularity-pressure-error}.	equation	eq:incompressible-further-low-regularity-pressure-error	eqref	tex/chapters/chapter-03-section-03-part-01.tex:416	tex/chapters/chapter-03-section-03-part-01.tex:375	resolved
reference	Theorem~\ref{thm:incompressible-further-smooth-error} 的估计几乎仍成立.	theorem	thm:incompressible-further-smooth-error	ref	tex/chapters/chapter-03-section-03-part-01.tex:452	tex/chapters/chapter-03-section-03-part-01.tex:336	resolved
reference	Lemma~\ref{lem:incompressible-further-boundary-element-bound},	lemma	lem:incompressible-further-boundary-element-bound	ref	tex/chapters/chapter-03-section-03-part-01.tex:454	tex/chapters/chapter-03-section-03-part-01.tex:111	resolved
reference	并使用 Sobolev Theorem~\ref{thm:sobolev-embedding},	theorem	thm:sobolev-embedding	ref	tex/chapters/chapter-03-section-03-part-01.tex:455	tex/chapters/chapter-01-section-01-part-02.tex:27	resolved
reference	可把 \eqref{eq:incompressible-further-improved-kernel-approximation} 换成	equation	eq:incompressible-further-improved-kernel-approximation	eqref	tex/chapters/chapter-03-section-03-part-01.tex:456	tex/chapters/chapter-03-section-03-part-01.tex:241	resolved
reference	Theorem~\ref{thm:incompressible-further-smooth-error} 中所述,	theorem	thm:incompressible-further-smooth-error	ref	tex/chapters/chapter-03-section-03-part-01.tex:485	tex/chapters/chapter-03-section-03-part-01.tex:336	resolved
reference	且 Stokes 问题 \eqref{eq:incompressible-sfvp-stokes}	equation	eq:incompressible-sfvp-stokes	eqref	tex/chapters/chapter-03-section-03-part-01.tex:486	tex/chapters/chapter-03-section-02-part-01.tex:63	resolved
reference	则问题 \eqref{eq:incompressible-sfvp-practical-problem}	equation	eq:incompressible-sfvp-practical-problem	eqref	tex/chapters/chapter-03-section-03-part-01.tex:489	tex/chapters/chapter-03-section-02-part-02.tex:215	resolved
reference	和 \eqref{eq:incompressible-sfvp-discrete-pressure} 的解	equation	eq:incompressible-sfvp-discrete-pressure	eqref	tex/chapters/chapter-03-section-03-part-01.tex:490	tex/chapters/chapter-03-section-02-part-02.tex:370	resolved
reference	保留 Theorem~\ref{thm:incompressible-further-smooth-error}	theorem	thm:incompressible-further-smooth-error	ref	tex/chapters/chapter-03-section-03-part-01.tex:509	tex/chapters/chapter-03-section-03-part-01.tex:336	resolved
reference	Lemma~\ref{lem:appendix-global-inverse-same-order} 蕴含	lemma	lem:appendix-global-inverse-same-order	ref	tex/chapters/chapter-03-section-03-part-01.tex:532	tex/chapters/appendix-a-part-02.tex:376	resolved
reference	故 \eqref{eq:incompressible-further-low-r-projection}	equation	eq:incompressible-further-low-r-projection	eqref	tex/chapters/chapter-03-section-03-part-01.tex:547	tex/chapters/chapter-03-section-03-part-01.tex:513	resolved
reference	\eqref{eq:appendix-discrete-jensen}	equation	eq:appendix-discrete-jensen	eqref	tex/chapters/chapter-03-section-03-part-01.tex:549	tex/chapters/appendix-a-part-02.tex:347	resolved
reference	Theorem~\ref{thm:incompressible-further-smooth-error}.	theorem	thm:incompressible-further-smooth-error	ref	tex/chapters/chapter-03-section-03-part-01.tex:554	tex/chapters/chapter-03-section-03-part-01.tex:336	resolved
reference	Theorem~\ref{thm:incompressible-further-smooth-error} 中所述,	theorem	thm:incompressible-further-smooth-error	ref	tex/chapters/chapter-03-section-03-part-01.tex:558	tex/chapters/chapter-03-section-03-part-01.tex:336	resolved
reference	当 $l\geq2$ 时, 可应用 Subsection~\ref{subsec:incompressible-sfvp-mesh-dependent}	subsection	subsec:incompressible-sfvp-mesh-dependent	ref	tex/chapters/chapter-03-section-03-part-01.tex:584	tex/chapters/chapter-03-section-02-part-03.tex:5	resolved
reference	的结果. Lemma~\ref{lem:incompressible-sfvp-mesh-zero-approximation}	lemma	lem:incompressible-sfvp-mesh-zero-approximation	ref	tex/chapters/chapter-03-section-03-part-01.tex:585	tex/chapters/chapter-03-section-02-part-03.tex:342	resolved
reference	和 Lemma~\ref{lem:incompressible-sfvp-mesh-two-approximation}	lemma	lem:incompressible-sfvp-mesh-two-approximation	ref	tex/chapters/chapter-03-section-03-part-01.tex:586	tex/chapters/chapter-03-section-02-part-03.tex:406	resolved
reference	代入 \eqref{eq:incompressible-sfvp-mesh-abstract-errors},	equation	eq:incompressible-sfvp-mesh-abstract-errors	eqref	tex/chapters/chapter-03-section-03-part-01.tex:600	tex/chapters/chapter-03-section-02-part-03.tex:620	resolved
reference	得到比 \eqref{eq:incompressible-further-w3alpha-velocity-error}	equation	eq:incompressible-further-w3alpha-velocity-error	eqref	tex/chapters/chapter-03-section-03-part-01.tex:601	tex/chapters/chapter-03-section-03-part-01.tex:563	resolved
reference	而 \eqref{eq:incompressible-sfvp-pressure-error}	equation	eq:incompressible-sfvp-pressure-error	eqref	tex/chapters/chapter-03-section-03-part-01.tex:609	tex/chapters/chapter-03-section-02-part-02.tex:444	resolved
reference	和 \eqref{eq:incompressible-further-w3alpha-velocity-error}	equation	eq:incompressible-further-w3alpha-velocity-error	eqref	tex/chapters/chapter-03-section-03-part-01.tex:610	tex/chapters/chapter-03-section-03-part-01.tex:563	resolved
reference	立即给出 \eqref{eq:incompressible-further-w3alpha-pressure-error}.	equation	eq:incompressible-further-w3alpha-pressure-error	eqref	tex/chapters/chapter-03-section-03-part-01.tex:611	tex/chapters/chapter-03-section-03-part-01.tex:572	resolved
reference	\eqref{eq:incompressible-sfvp-quasioptimal-error}	equation	eq:incompressible-sfvp-quasioptimal-error	eqref	tex/chapters/chapter-03-section-03-part-01.tex:614	tex/chapters/chapter-03-section-02-part-02.tex:273	resolved
reference	和 \eqref{eq:incompressible-further-improved-kernel-approximation}:	equation	eq:incompressible-further-improved-kernel-approximation	eqref	tex/chapters/chapter-03-section-03-part-01.tex:615	tex/chapters/chapter-03-section-03-part-01.tex:241	resolved
reference	一方面, Sobolev Theorem~\ref{thm:sobolev-embedding}	theorem	thm:sobolev-embedding	ref	tex/chapters/chapter-03-section-03-part-01.tex:626	tex/chapters/chapter-01-section-01-part-02.tex:27	resolved
reference	因此在 \eqref{eq:incompressible-further-linear-element-bound}	equation	eq:incompressible-further-linear-element-bound	eqref	tex/chapters/chapter-03-section-03-part-01.tex:629	tex/chapters/chapter-03-section-03-part-01.tex:616	resolved
reference	最后, Lemma~\ref{lem:incompressible-further-low-r-projection} 给出	lemma	lem:incompressible-further-low-r-projection	ref	tex/chapters/chapter-03-section-03-part-01.tex:642	tex/chapters/chapter-03-section-03-part-01.tex:508	resolved
reference	所以 \eqref{eq:incompressible-further-linear-element-bound}	equation	eq:incompressible-further-linear-element-bound	eqref	tex/chapters/chapter-03-section-03-part-01.tex:648	tex/chapters/chapter-03-section-03-part-01.tex:616	resolved
reference	这证明 \eqref{eq:incompressible-further-w3alpha-velocity-error}.	equation	eq:incompressible-further-w3alpha-velocity-error	eqref	tex/chapters/chapter-03-section-03-part-01.tex:650	tex/chapters/chapter-03-section-03-part-01.tex:563	resolved
reference	再由 \eqref{eq:incompressible-sfvp-pressure-error}	equation	eq:incompressible-sfvp-pressure-error	eqref	tex/chapters/chapter-03-section-03-part-01.tex:651	tex/chapters/chapter-03-section-02-part-02.tex:444	resolved
reference	得到 \eqref{eq:incompressible-further-w3alpha-pressure-error}.	equation	eq:incompressible-further-w3alpha-pressure-error	eqref	tex/chapters/chapter-03-section-03-part-01.tex:652	tex/chapters/chapter-03-section-03-part-01.tex:572	resolved
reference	Theorem~\ref{thm:incompressible-further-w3alpha-error}	theorem	thm:incompressible-further-w3alpha-error	ref	tex/chapters/chapter-03-section-03-part-01.tex:657	tex/chapters/chapter-03-section-03-part-01.tex:556	resolved
reference	\eqref{eq:incompressible-further-linear-element-bound}	equation	eq:incompressible-further-linear-element-bound	eqref	tex/chapters/chapter-03-section-03-part-01.tex:659	tex/chapters/chapter-03-section-03-part-01.tex:616	resolved
reference	与 Remark~\ref{rem:incompressible-further-near-smooth-error} 类似,	remark	rem:incompressible-further-near-smooth-error	ref	tex/chapters/chapter-03-section-03-part-01.tex:661	tex/chapters/chapter-03-section-03-part-01.tex:449	resolved
reference	补充 Theorem~\ref{thm:incompressible-sfvp-mesh-h1-error},	theorem	thm:incompressible-sfvp-mesh-h1-error	ref	tex/chapters/chapter-03-section-03-part-01.tex:680	tex/chapters/chapter-03-section-02-part-03.tex:678	resolved
reference	Theorem~\ref{thm:incompressible-further-smooth-error} 中所述.	theorem	thm:incompressible-further-smooth-error	ref	tex/chapters/chapter-03-section-03-part-01.tex:686	tex/chapters/chapter-03-section-03-part-01.tex:336	resolved
reference	假设 Stokes 问题 \eqref{eq:incompressible-sfvp-stokes}	equation	eq:incompressible-sfvp-stokes	eqref	tex/chapters/chapter-03-section-03-part-01.tex:687	tex/chapters/chapter-03-section-02-part-01.tex:63	resolved
reference	则问题 \eqref{eq:incompressible-sfvp-practical-problem}	equation	eq:incompressible-sfvp-practical-problem	eqref	tex/chapters/chapter-03-section-03-part-01.tex:694	tex/chapters/chapter-03-section-02-part-02.tex:215	resolved
reference	\eqref{eq:incompressible-further-h1-error}	equation	eq:incompressible-further-h1-error	eqref	tex/chapters/chapter-03-section-03-part-01.tex:709	tex/chapters/chapter-03-section-03-part-01.tex:696	resolved
reference	已由 Theorem~\ref{thm:incompressible-sfvp-mesh-h1-error} 证明.	theorem	thm:incompressible-sfvp-mesh-h1-error	ref	tex/chapters/chapter-03-section-03-part-01.tex:710	tex/chapters/chapter-03-section-02-part-03.tex:678	resolved
reference	且由 \eqref{eq:incompressible-sfvp-vorticity-orthogonality}	equation	eq:incompressible-sfvp-vorticity-orthogonality	eqref	tex/chapters/chapter-03-section-03-part-01.tex:767	tex/chapters/chapter-03-section-02-part-02.tex:322	resolved
reference	和 \eqref{eq:incompressible-sfvp-projected-orthogonality}, 有	equation	eq:incompressible-sfvp-projected-orthogonality	eqref	tex/chapters/chapter-03-section-03-part-01.tex:768	tex/chapters/chapter-03-section-02-part-02.tex:314	resolved
reference	又由 Remark~\ref{rem:incompressible-further-near-smooth-error},	remark	rem:incompressible-further-near-smooth-error	ref	tex/chapters/chapter-03-section-03-part-01.tex:810	tex/chapters/chapter-03-section-03-part-01.tex:449	resolved
reference	而类似地由 Remark~\ref{rem:incompressible-further-alpha-two},	remark	rem:incompressible-further-alpha-two	ref	tex/chapters/chapter-03-section-03-part-01.tex:816	tex/chapters/chapter-03-section-03-part-01.tex:655	resolved
reference	\eqref{eq:incompressible-further-duality-identity},	equation	eq:incompressible-further-duality-identity	eqref	tex/chapters/chapter-03-section-03-part-01.tex:823	tex/chapters/chapter-03-section-03-part-01.tex:780	resolved
reference	再应用 \eqref{eq:incompressible-further-dual-regularity},	equation	eq:incompressible-further-dual-regularity	eqref	tex/chapters/chapter-03-section-03-part-01.tex:824	tex/chapters/chapter-03-section-03-part-01.tex:725	resolved
reference	即得到 \eqref{eq:incompressible-further-h1-error}.	equation	eq:incompressible-further-h1-error	eqref	tex/chapters/chapter-03-section-03-part-01.tex:825	tex/chapters/chapter-03-section-03-part-01.tex:696	resolved
reference	并采用 Section~\ref{sec:appendix-quadrilateral-finite-elements}	section	sec:appendix-quadrilateral-finite-elements	ref	tex/chapters/chapter-03-section-03-part-02.tex:19	tex/chapters/appendix-a-part-02.tex:395	resolved
reference	因此 \eqref{eq:incompressible-superconvergence-interpolation-remainder}	equation	eq:incompressible-superconvergence-interpolation-remainder	eqref	tex/chapters/chapter-03-section-03-part-02.tex:73	tex/chapters/chapter-03-section-03-part-02.tex:47	resolved
reference	由 Corollary~\ref{cor:appendix-abstract-interpolation-reference} 得到.	corollary	cor:appendix-abstract-interpolation-reference	ref	tex/chapters/chapter-03-section-03-part-02.tex:74	tex/chapters/appendix-a-part-01.tex:184	resolved
reference	\eqref{eq:incompressible-superconvergence-mapped-gradient-identity}	equation	eq:incompressible-superconvergence-mapped-gradient-identity	eqref	tex/chapters/chapter-03-section-03-part-02.tex:112	tex/chapters/chapter-03-section-03-part-02.tex:82	resolved
reference	\eqref{eq:incompressible-superconvergence-almost-parallelogram}	equation	eq:incompressible-superconvergence-almost-parallelogram	eqref	tex/chapters/chapter-03-section-03-part-02.tex:126	tex/chapters/chapter-03-section-03-part-02.tex:117	resolved
reference	(参见 \eqref{eq:appendix-directional-seminorm})	equation	eq:appendix-directional-seminorm	eqref	tex/chapters/chapter-03-section-03-part-02.tex:129	tex/chapters/appendix-a-part-03.tex:140	resolved
reference	\eqref{eq:incompressible-superconvergence-almost-parallelogram}.	equation	eq:incompressible-superconvergence-almost-parallelogram	eqref	tex/chapters/chapter-03-section-03-part-02.tex:134	tex/chapters/chapter-03-section-03-part-02.tex:117	resolved
reference	\eqref{eq:incompressible-superconvergence-coefficient-derivative}	equation	eq:incompressible-superconvergence-coefficient-derivative	eqref	tex/chapters/chapter-03-section-03-part-02.tex:157	tex/chapters/chapter-03-section-03-part-02.tex:142	resolved
reference	\eqref{eq:incompressible-superconvergence-mapped-gradient-identity}	equation	eq:incompressible-superconvergence-mapped-gradient-identity	eqref	tex/chapters/chapter-03-section-03-part-02.tex:170	tex/chapters/chapter-03-section-03-part-02.tex:82	resolved
reference	和 \eqref{eq:incompressible-superconvergence-coefficient-derivative},	equation	eq:incompressible-superconvergence-coefficient-derivative	eqref	tex/chapters/chapter-03-section-03-part-02.tex:171	tex/chapters/chapter-03-section-03-part-02.tex:142	resolved
reference	则 Lemma~\ref{lem:incompressible-superconvergence-interpolation-remainder}	lemma	lem:incompressible-superconvergence-interpolation-remainder	ref	tex/chapters/chapter-03-section-03-part-02.tex:183	tex/chapters/chapter-03-section-03-part-02.tex:34	resolved
reference	\eqref{eq:incompressible-superconvergence-four-terms}	equation	eq:incompressible-superconvergence-four-terms	eqref	tex/chapters/chapter-03-section-03-part-02.tex:185	tex/chapters/chapter-03-section-03-part-02.tex:173	resolved
reference	Lemma~\ref{lem:incompressible-superconvergence-map-bounds} 中所述,	lemma	lem:incompressible-superconvergence-map-bounds	ref	tex/chapters/chapter-03-section-03-part-02.tex:201	tex/chapters/chapter-03-section-03-part-02.tex:132	resolved
reference	Lemma~\ref{lem:incompressible-superconvergence-interpolation-remainder}	lemma	lem:incompressible-superconvergence-interpolation-remainder	ref	tex/chapters/chapter-03-section-03-part-02.tex:221	tex/chapters/chapter-03-section-03-part-02.tex:34	resolved
reference	\eqref{eq:incompressible-superconvergence-directional-bound}	equation	eq:incompressible-superconvergence-directional-bound	eqref	tex/chapters/chapter-03-section-03-part-02.tex:224	tex/chapters/chapter-03-section-03-part-02.tex:136	resolved
reference	这证明 \eqref{eq:incompressible-superconvergence-diagonal-terms}.	equation	eq:incompressible-superconvergence-diagonal-terms	eqref	tex/chapters/chapter-03-section-03-part-02.tex:241	tex/chapters/chapter-03-section-03-part-02.tex:204	resolved
reference	\eqref{eq:incompressible-superconvergence-four-terms}	equation	eq:incompressible-superconvergence-four-terms	eqref	tex/chapters/chapter-03-section-03-part-02.tex:245	tex/chapters/chapter-03-section-03-part-02.tex:173	resolved
reference	再次应用 Lemma~\ref{lem:incompressible-superconvergence-interpolation-remainder}	lemma	lem:incompressible-superconvergence-interpolation-remainder	ref	tex/chapters/chapter-03-section-03-part-02.tex:253	tex/chapters/chapter-03-section-03-part-02.tex:34	resolved
reference	由 \eqref{eq:incompressible-superconvergence-coefficient-derivative},	equation	eq:incompressible-superconvergence-coefficient-derivative	eqref	tex/chapters/chapter-03-section-03-part-02.tex:298	tex/chapters/chapter-03-section-03-part-02.tex:142	resolved
reference	\eqref{eq:incompressible-superconvergence-almost-parallelogram}	equation	eq:incompressible-superconvergence-almost-parallelogram	eqref	tex/chapters/chapter-03-section-03-part-02.tex:340	tex/chapters/chapter-03-section-03-part-02.tex:117	resolved
reference	和 \eqref{eq:incompressible-superconvergence-nearly-parallel}	equation	eq:incompressible-superconvergence-nearly-parallel	eqref	tex/chapters/chapter-03-section-03-part-02.tex:341	tex/chapters/chapter-03-section-03-part-02.tex:335	resolved
reference	\eqref{eq:incompressible-superconvergence-almost-parallelogram}	equation	eq:incompressible-superconvergence-almost-parallelogram	eqref	tex/chapters/chapter-03-section-03-part-02.tex:349	tex/chapters/chapter-03-section-03-part-02.tex:117	resolved
reference	和 \eqref{eq:incompressible-superconvergence-nearly-parallel}	equation	eq:incompressible-superconvergence-nearly-parallel	eqref	tex/chapters/chapter-03-section-03-part-02.tex:350	tex/chapters/chapter-03-section-03-part-02.tex:335	resolved
reference	结合 Lemma~\ref{lem:incompressible-superconvergence-mapped-gradient-identity}	lemma	lem:incompressible-superconvergence-mapped-gradient-identity	ref	tex/chapters/chapter-03-section-03-part-02.tex:366	tex/chapters/chapter-03-section-03-part-02.tex:80	resolved
reference	至 Lemma~\ref{lem:incompressible-superconvergence-cross-terms},	lemma	lem:incompressible-superconvergence-cross-terms	ref	tex/chapters/chapter-03-section-03-part-02.tex:367	tex/chapters/chapter-03-section-03-part-02.tex:346	resolved
reference	Lemma~\ref{lem:incompressible-superconvergence-cross-terms} 中所述,	lemma	lem:incompressible-superconvergence-cross-terms	ref	tex/chapters/chapter-03-section-03-part-02.tex:372	tex/chapters/chapter-03-section-03-part-02.tex:346	resolved
reference	在 Theorem~\ref{thm:incompressible-quadrilateral-superconvergence}	theorem	thm:incompressible-quadrilateral-superconvergence	ref	tex/chapters/chapter-03-section-03-part-02.tex:394	tex/chapters/chapter-03-section-03-part-02.tex:370	resolved
reference	\eqref{eq:incompressible-sfvp-practical-problem} 的解	equation	eq:incompressible-sfvp-practical-problem	eqref	tex/chapters/chapter-03-section-04-part-01.tex:5	tex/chapters/chapter-03-section-02-part-02.tex:215	resolved
reference	\eqref{eq:incompressible-sfvp-stokes} 的流函数	equation	eq:incompressible-sfvp-stokes	eqref	tex/chapters/chapter-03-section-04-part-01.tex:12	tex/chapters/chapter-03-section-02-part-01.tex:63	resolved
reference	最后, 若问题 \eqref{eq:incompressible-sfvp-stokes}	equation	eq:incompressible-sfvp-stokes	eqref	tex/chapters/chapter-03-section-04-part-01.tex:17	tex/chapters/chapter-03-section-02-part-01.tex:63	resolved
reference	\eqref{eq:incompressible-sfvp-discrete-pressure} 的压力解满足	equation	eq:incompressible-sfvp-discrete-pressure	eqref	tex/chapters/chapter-03-section-04-part-01.tex:21	tex/chapters/chapter-03-section-02-part-02.tex:370	resolved
reference	\eqref{eq:incompressible-sfvp-stokes} 的解.	equation	eq:incompressible-sfvp-stokes	eqref	tex/chapters/chapter-03-section-04-part-01.tex:48	tex/chapters/chapter-03-section-02-part-01.tex:63	resolved
reference	于是问题 \eqref{eq:incompressible-sfvp-stokes} 的方程可写为	equation	eq:incompressible-sfvp-stokes	eqref	tex/chapters/chapter-03-section-04-part-01.tex:56	tex/chapters/chapter-03-section-02-part-01.tex:63	resolved
reference	\eqref{eq:incompressible-hhj-green-component} 化为	equation	eq:incompressible-hhj-green-component	eqref	tex/chapters/chapter-03-section-04-part-01.tex:102	tex/chapters/chapter-03-section-04-part-01.tex:78	resolved
reference	恒等式 \eqref{eq:incompressible-hhj-green-tensor}	equation	eq:incompressible-hhj-green-tensor	eqref	tex/chapters/chapter-03-section-04-part-01.tex:124	tex/chapters/chapter-03-section-04-part-01.tex:112	resolved
reference	与 \eqref{eq:incompressible-hhj-gradient-system}	equation	eq:incompressible-hhj-gradient-system	eqref	tex/chapters/chapter-03-section-04-part-01.tex:125	tex/chapters/chapter-03-section-04-part-01.tex:57	resolved
reference	我们采用与 Subsection~\ref{subsec:incompressible-sfvp-mesh-dependent}	subsection	subsec:incompressible-sfvp-mesh-dependent	ref	tex/chapters/chapter-03-section-04-part-01.tex:129	tex/chapters/chapter-03-section-02-part-03.tex:5	resolved
reference	与 Subsection~\ref{subsec:incompressible-sfvp-mesh-dependent} 一样,	subsection	subsec:incompressible-sfvp-mesh-dependent	ref	tex/chapters/chapter-03-section-04-part-01.tex:134	tex/chapters/chapter-03-section-02-part-03.tex:5	resolved
reference	结合 \eqref{eq:incompressible-hhj-velocity-gradient}	equation	eq:incompressible-hhj-velocity-gradient	eqref	tex/chapters/chapter-03-section-04-part-01.tex:139	tex/chapters/chapter-03-section-04-part-01.tex:52	resolved
reference	和 \eqref{eq:incompressible-hhj-green-tensor}	equation	eq:incompressible-hhj-green-tensor	eqref	tex/chapters/chapter-03-section-04-part-01.tex:140	tex/chapters/chapter-03-section-04-part-01.tex:112	resolved
reference	考察方程 \eqref{eq:incompressible-hhj-gradient-system}.	equation	eq:incompressible-hhj-gradient-system	eqref	tex/chapters/chapter-03-section-04-part-01.tex:141	tex/chapters/chapter-03-section-04-part-01.tex:57	resolved
reference	\eqref{eq:incompressible-hhj-green-tensor}	equation	eq:incompressible-hhj-green-tensor	eqref	tex/chapters/chapter-03-section-04-part-01.tex:155	tex/chapters/chapter-03-section-04-part-01.tex:112	resolved
reference	用于 \eqref{eq:incompressible-hhj-gradient-system} 的第一组方程, 得	equation	eq:incompressible-hhj-gradient-system	eqref	tex/chapters/chapter-03-section-04-part-01.tex:156	tex/chapters/chapter-03-section-04-part-01.tex:57	resolved
reference	同样, 为与 \eqref{eq:incompressible-hhj-velocity-pressure-weak} 匹配,	equation	eq:incompressible-hhj-velocity-pressure-weak	eqref	tex/chapters/chapter-03-section-04-part-01.tex:171	tex/chapters/chapter-03-section-04-part-01.tex:157	resolved
reference	观察 \eqref{eq:incompressible-hhj-velocity-pressure-weak}	equation	eq:incompressible-hhj-velocity-pressure-weak	eqref	tex/chapters/chapter-03-section-04-part-01.tex:187	tex/chapters/chapter-03-section-04-part-01.tex:157	resolved
reference	和 \eqref{eq:incompressible-hhj-gradient-relation-weak} 可见,	equation	eq:incompressible-hhj-gradient-relation-weak	eqref	tex/chapters/chapter-03-section-04-part-01.tex:188	tex/chapters/chapter-03-section-04-part-01.tex:173	resolved
reference	\eqref{eq:incompressible-hhj-gradient-relation-weak} 已有意义.	equation	eq:incompressible-hhj-gradient-relation-weak	eqref	tex/chapters/chapter-03-section-04-part-01.tex:193	tex/chapters/chapter-03-section-04-part-01.tex:173	resolved
reference	综上, 若 Stokes 问题 \eqref{eq:incompressible-sfvp-stokes}	equation	eq:incompressible-sfvp-stokes	eqref	tex/chapters/chapter-03-section-04-part-01.tex:197	tex/chapters/chapter-03-section-02-part-01.tex:63	resolved
reference	\eqref{eq:incompressible-hhj-three-field-problem}	equation	eq:incompressible-hhj-three-field-problem	eqref	tex/chapters/chapter-03-section-04-part-01.tex:231	tex/chapters/chapter-03-section-04-part-01.tex:203	resolved
reference	问题 \eqref{eq:incompressible-hhj-three-field-problem}	equation	eq:incompressible-hhj-three-field-problem	eqref	tex/chapters/chapter-03-section-04-part-01.tex:249	tex/chapters/chapter-03-section-04-part-01.tex:203	resolved
reference	\eqref{eq:incompressible-hhj-three-field-problem},	equation	eq:incompressible-hhj-three-field-problem	eqref	tex/chapters/chapter-03-section-04-part-01.tex:267	tex/chapters/chapter-03-section-04-part-01.tex:203	resolved
reference	以及 Subsection~\ref{subsec:incompressible-sfvp-mesh-dependent}	subsection	subsec:incompressible-sfvp-mesh-dependent	ref	tex/chapters/chapter-03-section-04-part-01.tex:296	tex/chapters/chapter-03-section-02-part-03.tex:5	resolved
reference	\eqref{eq:incompressible-hhj-three-field-problem} 中曲面积分之和可写成	equation	eq:incompressible-hhj-three-field-problem	eqref	tex/chapters/chapter-03-section-04-part-01.tex:305	tex/chapters/chapter-03-section-04-part-01.tex:203	resolved
reference	于是问题 \eqref{eq:incompressible-hhj-formulation} 写成	equation	eq:incompressible-hhj-formulation	eqref	tex/chapters/chapter-03-section-04-part-01.tex:354	tex/chapters/chapter-03-section-04-part-01.tex:318	resolved
reference	注意它与 Subsection~\ref{subsec:incompressible-sfvp-mesh-dependent}	subsection	subsec:incompressible-sfvp-mesh-dependent	ref	tex/chapters/chapter-03-section-04-part-01.tex:367	tex/chapters/chapter-03-section-02-part-03.tex:5	resolved
reference	的问题 \eqref{eq:incompressible-sfvp-mesh-discrete-problem}	equation	eq:incompressible-sfvp-mesh-discrete-problem	eqref	tex/chapters/chapter-03-section-04-part-01.tex:368	tex/chapters/chapter-03-section-02-part-03.tex:100	resolved
reference	和 \eqref{eq:incompressible-sfvp-mesh-abstract-problem} 的类比.	equation	eq:incompressible-sfvp-mesh-abstract-problem	eqref	tex/chapters/chapter-03-section-04-part-01.tex:369	tex/chapters/chapter-03-section-02-part-03.tex:145	resolved
reference	\eqref{eq:incompressible-sfvp-mesh-form-b-curl}.	equation	eq:incompressible-sfvp-mesh-form-b-curl	eqref	tex/chapters/chapter-03-section-04-part-01.tex:379	tex/chapters/chapter-03-section-02-part-03.tex:157	resolved
reference	假设 Stokes 问题 \eqref{eq:incompressible-sfvp-stokes}	equation	eq:incompressible-sfvp-stokes	eqref	tex/chapters/chapter-03-section-04-part-01.tex:384	tex/chapters/chapter-03-section-02-part-01.tex:63	resolved
reference	是问题 \eqref{eq:incompressible-hhj-three-field-problem} 的唯一解;	equation	eq:incompressible-hhj-three-field-problem	eqref	tex/chapters/chapter-03-section-04-part-01.tex:394	tex/chapters/chapter-03-section-04-part-01.tex:203	resolved
reference	是问题 \eqref{eq:incompressible-hhj-formulation} 的唯一解.	equation	eq:incompressible-hhj-formulation	eqref	tex/chapters/chapter-03-section-04-part-01.tex:399	tex/chapters/chapter-03-section-04-part-01.tex:318	resolved
reference	\eqref{eq:incompressible-hhj-three-field-problem}	equation	eq:incompressible-hhj-three-field-problem	eqref	tex/chapters/chapter-03-section-04-part-01.tex:407	tex/chapters/chapter-03-section-04-part-01.tex:203	resolved
reference	或 \eqref{eq:incompressible-hhj-formulation} 中的任一个.	equation	eq:incompressible-hhj-formulation	eqref	tex/chapters/chapter-03-section-04-part-01.tex:408	tex/chapters/chapter-03-section-04-part-01.tex:318	resolved
reference	现在逼近问题 \eqref{eq:incompressible-hhj-formulation}.	equation	eq:incompressible-hhj-formulation	eqref	tex/chapters/chapter-03-section-04-part-02.tex:7	tex/chapters/chapter-03-section-04-part-01.tex:318	resolved
reference	用这些空间, 问题 \eqref{eq:incompressible-hhj-formulation}	equation	eq:incompressible-hhj-formulation	eqref	tex/chapters/chapter-03-section-04-part-02.tex:28	tex/chapters/chapter-03-section-04-part-01.tex:318	resolved
reference	用 \eqref{eq:incompressible-hhj-form-a}	equation	eq:incompressible-hhj-form-a	eqref	tex/chapters/chapter-03-section-04-part-02.tex:56	tex/chapters/chapter-03-section-04-part-01.tex:340	resolved
reference	和 \eqref{eq:incompressible-hhj-form-b}, 可简写为	equation	eq:incompressible-hhj-form-b	eqref	tex/chapters/chapter-03-section-04-part-02.tex:57	tex/chapters/chapter-03-section-04-part-01.tex:346	resolved
reference	\eqref{eq:incompressible-sfvp-mesh-norm-zero}	equation	eq:incompressible-sfvp-mesh-norm-zero	eqref	tex/chapters/chapter-03-section-04-part-02.tex:92	tex/chapters/chapter-03-section-02-part-03.tex:173	resolved
reference	和 \eqref{eq:incompressible-sfvp-mesh-norm-two} 的类比.	equation	eq:incompressible-sfvp-mesh-norm-two	eqref	tex/chapters/chapter-03-section-04-part-02.tex:93	tex/chapters/chapter-03-section-02-part-03.tex:180	resolved
reference	首先, \eqref{eq:incompressible-hhj-reference-dofs}	equation	eq:incompressible-hhj-reference-dofs	eqref	tex/chapters/chapter-03-section-04-part-02.tex:127	tex/chapters/chapter-03-section-04-part-02.tex:112	resolved
reference	在 \eqref{eq:incompressible-hhj-reference-homogeneous-dofs}	equation	eq:incompressible-hhj-reference-homogeneous-dofs	eqref	tex/chapters/chapter-03-section-04-part-02.tex:165	tex/chapters/chapter-03-section-04-part-02.tex:138	resolved
reference	为把 Lemma~\ref{lem:incompressible-hhj-reference-dofs}	lemma	lem:incompressible-hhj-reference-dofs	ref	tex/chapters/chapter-03-section-04-part-02.tex:174	tex/chapters/chapter-03-section-04-part-02.tex:108	resolved
reference	因此容易验证 Lemma~\ref{lem:incompressible-hhj-reference-dofs}	lemma	lem:incompressible-hhj-reference-dofs	ref	tex/chapters/chapter-03-section-04-part-02.tex:233	tex/chapters/chapter-03-section-04-part-02.tex:108	resolved
reference	由 \eqref{eq:incompressible-hhj-tensor-piola-forward}	equation	eq:incompressible-hhj-tensor-piola-forward	eqref	tex/chapters/chapter-03-section-04-part-02.tex:294	tex/chapters/chapter-03-section-04-part-02.tex:200	resolved
reference	和 \eqref{eq:incompressible-hhj-normal-transform-forward},	equation	eq:incompressible-hhj-normal-transform-forward	eqref	tex/chapters/chapter-03-section-04-part-02.tex:295	tex/chapters/chapter-03-section-04-part-02.tex:218	resolved
reference	\eqref{eq:incompressible-hhj-local-restriction}	equation	eq:incompressible-hhj-local-restriction	eqref	tex/chapters/chapter-03-section-04-part-02.tex:296	tex/chapters/chapter-03-section-04-part-02.tex:270	resolved
reference	由 \eqref{eq:incompressible-hhj-local-restriction}	equation	eq:incompressible-hhj-local-restriction	eqref	tex/chapters/chapter-03-section-04-part-02.tex:308	tex/chapters/chapter-03-section-04-part-02.tex:270	resolved
reference	和 \eqref{eq:incompressible-hhj-global-restriction}	equation	eq:incompressible-hhj-global-restriction	eqref	tex/chapters/chapter-03-section-04-part-02.tex:309	tex/chapters/chapter-03-section-04-part-02.tex:284	resolved
reference	由 \eqref{eq:incompressible-hhj-local-restriction},	equation	eq:incompressible-hhj-local-restriction	eqref	tex/chapters/chapter-03-section-04-part-02.tex:330	tex/chapters/chapter-03-section-04-part-02.tex:270	resolved
reference	\eqref{eq:incompressible-hhj-restriction-orthogonality}.	equation	eq:incompressible-hhj-restriction-orthogonality	eqref	tex/chapters/chapter-03-section-04-part-02.tex:334	tex/chapters/chapter-03-section-04-part-02.tex:311	resolved
reference	\eqref{eq:incompressible-hhj-restriction-affine-commuting}	equation	eq:incompressible-hhj-restriction-affine-commuting	eqref	tex/chapters/chapter-03-section-04-part-02.tex:349	tex/chapters/chapter-03-section-04-part-02.tex:299	resolved
reference	和 \eqref{eq:incompressible-hhj-tensor-piola-forward} 给出	equation	eq:incompressible-hhj-tensor-piola-forward	eqref	tex/chapters/chapter-03-section-04-part-02.tex:350	tex/chapters/chapter-03-section-04-part-02.tex:200	resolved
reference	\eqref{eq:incompressible-hhj-l2-restriction-stability},	equation	eq:incompressible-hhj-l2-restriction-stability	eqref	tex/chapters/chapter-03-section-04-part-02.tex:373	tex/chapters/chapter-03-section-04-part-02.tex:344	resolved
reference	\eqref{eq:incompressible-hhj-normal-restriction-stability}	equation	eq:incompressible-hhj-normal-restriction-stability	eqref	tex/chapters/chapter-03-section-04-part-02.tex:375	tex/chapters/chapter-03-section-04-part-02.tex:337	resolved
reference	得到 \eqref{eq:incompressible-hhj-restriction-stability}.	equation	eq:incompressible-hhj-restriction-stability	eqref	tex/chapters/chapter-03-section-04-part-02.tex:376	tex/chapters/chapter-03-section-04-part-02.tex:316	resolved
reference	由 \eqref{eq:incompressible-hhj-tensor-piola-backward}	equation	eq:incompressible-hhj-tensor-piola-backward	eqref	tex/chapters/chapter-03-section-04-part-02.tex:393	tex/chapters/chapter-03-section-04-part-02.tex:205	resolved
reference	\eqref{eq:incompressible-hhj-normal-transform-backward}	equation	eq:incompressible-hhj-normal-transform-backward	eqref	tex/chapters/chapter-03-section-04-part-02.tex:407	tex/chapters/chapter-03-section-04-part-02.tex:224	resolved
reference	\eqref{eq:incompressible-hhj-restriction-error}.	equation	eq:incompressible-hhj-restriction-error	eqref	tex/chapters/chapter-03-section-04-part-02.tex:414	tex/chapters/chapter-03-section-04-part-02.tex:323	resolved
reference	除 \eqref{eq:incompressible-hhj-restriction-orthogonality} 外,	equation	eq:incompressible-hhj-restriction-orthogonality	eqref	tex/chapters/chapter-03-section-04-part-03.tex:4	tex/chapters/chapter-03-section-04-part-02.tex:311	resolved
reference	这证明 \eqref{eq:incompressible-hhj-kernel-equivalence}.	equation	eq:incompressible-hhj-kernel-equivalence	eqref	tex/chapters/chapter-03-section-04-part-03.tex:58	tex/chapters/chapter-03-section-04-part-03.tex:9	resolved
reference	Lemma~\ref{lem:incompressible-sfvp-mesh-two-approximation}	lemma	lem:incompressible-sfvp-mesh-two-approximation	ref	tex/chapters/chapter-03-section-04-part-03.tex:62	tex/chapters/chapter-03-section-02-part-03.tex:406	resolved
reference	结合 \eqref{eq:incompressible-hhj-interpolation-orthogonality}	equation	eq:incompressible-hhj-interpolation-orthogonality	eqref	tex/chapters/chapter-03-section-04-part-03.tex:70	tex/chapters/chapter-03-section-04-part-03.tex:23	resolved
reference	和 \eqref{eq:incompressible-hhj-stream-interpolation-error}, 得	equation	eq:incompressible-hhj-stream-interpolation-error	eqref	tex/chapters/chapter-03-section-04-part-03.tex:71	tex/chapters/chapter-03-section-04-part-03.tex:64	resolved
reference	应用 Lemma~\ref{lem:incompressible-sfvp-mesh-inf-sup}, 得初步结果	lemma	lem:incompressible-sfvp-mesh-inf-sup	ref	tex/chapters/chapter-03-section-04-part-03.tex:118	tex/chapters/chapter-03-section-02-part-03.tex:478	resolved
reference	Lemma~\ref{lem:incompressible-sfvp-mesh-inf-sup} 中的常数,	lemma	lem:incompressible-sfvp-mesh-inf-sup	ref	tex/chapters/chapter-03-section-04-part-03.tex:127	tex/chapters/chapter-03-section-02-part-03.tex:478	resolved
reference	由 \eqref{eq:incompressible-hhj-restriction-orthogonality}	equation	eq:incompressible-hhj-restriction-orthogonality	eqref	tex/chapters/chapter-03-section-04-part-03.tex:129	tex/chapters/chapter-03-section-04-part-02.tex:311	resolved
reference	和 \eqref{eq:incompressible-hhj-restriction-stability},	equation	eq:incompressible-hhj-restriction-stability	eqref	tex/chapters/chapter-03-section-04-part-03.tex:130	tex/chapters/chapter-03-section-04-part-02.tex:316	resolved
reference	\eqref{eq:incompressible-sfvp-mesh-inf-sup}	equation	eq:incompressible-sfvp-mesh-inf-sup	eqref	tex/chapters/chapter-03-section-04-part-03.tex:144	tex/chapters/chapter-03-section-02-part-03.tex:481	resolved
reference	和 \eqref{eq:incompressible-hhj-restriction-stability} 中的常数.	equation	eq:incompressible-hhj-restriction-stability	eqref	tex/chapters/chapter-03-section-04-part-03.tex:145	tex/chapters/chapter-03-section-04-part-02.tex:316	resolved
reference	由 Remark~\ref{rem:incompressible-sfvp-mesh-w1s-inf-sup}, 还有	remark	rem:incompressible-sfvp-mesh-w1s-inf-sup	ref	tex/chapters/chapter-03-section-04-part-03.tex:149	tex/chapters/chapter-03-section-02-part-03.tex:587	resolved
reference	所以 Lemma~\ref{lem:incompressible-hhj-inf-sup} 的假设还蕴含	lemma	lem:incompressible-hhj-inf-sup	ref	tex/chapters/chapter-03-section-04-part-03.tex:157	tex/chapters/chapter-03-section-04-part-03.tex:133	resolved
reference	Lemma~\ref{lem:incompressible-hhj-inf-sup} 的构造	lemma	lem:incompressible-hhj-inf-sup	ref	tex/chapters/chapter-03-section-04-part-03.tex:169	tex/chapters/chapter-03-section-04-part-03.tex:133	resolved
reference	还可证明问题 \eqref{eq:incompressible-hhj-discrete-problem}	equation	eq:incompressible-hhj-discrete-problem	eqref	tex/chapters/chapter-03-section-04-part-03.tex:170	tex/chapters/chapter-03-section-04-part-02.tex:33	resolved
reference	可像 Lemma~\ref{lem:incompressible-sfvp-mesh-zero-norm-equivalence}	lemma	lem:incompressible-sfvp-mesh-zero-norm-equivalence	ref	tex/chapters/chapter-03-section-04-part-03.tex:186	tex/chapters/chapter-03-section-02-part-03.tex:208	resolved
reference	现在可以为问题 \eqref{eq:incompressible-hhj-discrete-problem}	equation	eq:incompressible-hhj-discrete-problem	eqref	tex/chapters/chapter-03-section-04-part-03.tex:195	tex/chapters/chapter-03-section-04-part-02.tex:33	resolved
reference	则问题 \eqref{eq:incompressible-hhj-discrete-problem}	equation	eq:incompressible-hhj-discrete-problem	eqref	tex/chapters/chapter-03-section-04-part-03.tex:202	tex/chapters/chapter-03-section-04-part-02.tex:33	resolved
reference	再假设 Stokes 问题 \eqref{eq:incompressible-sfvp-stokes}	equation	eq:incompressible-sfvp-stokes	eqref	tex/chapters/chapter-03-section-04-part-03.tex:205	tex/chapters/chapter-03-section-02-part-01.tex:63	resolved
reference	满足 \eqref{eq:incompressible-hhj-regularity-assumption}, 并令	equation	eq:incompressible-hhj-regularity-assumption	eqref	tex/chapters/chapter-03-section-04-part-03.tex:207	tex/chapters/chapter-03-section-04-part-01.tex:403	resolved
reference	由 Lemma~\ref{lem:incompressible-hhj-restriction-properties}	lemma	lem:incompressible-hhj-restriction-properties	ref	tex/chapters/chapter-03-section-04-part-03.tex:255	tex/chapters/chapter-03-section-04-part-02.tex:306	resolved
reference	和 Corollary~\ref{cor:incompressible-hhj-stream-interpolant},	corollary	cor:incompressible-hhj-stream-interpolant	ref	tex/chapters/chapter-03-section-04-part-03.tex:256	tex/chapters/chapter-03-section-04-part-03.tex:73	resolved
reference	\eqref{eq:incompressible-hhj-error-orthogonality} 给出	equation	eq:incompressible-hhj-error-orthogonality	eqref	tex/chapters/chapter-03-section-04-part-03.tex:257	tex/chapters/chapter-03-section-04-part-03.tex:244	resolved
reference	于是 \eqref{eq:incompressible-hhj-tensor-l2-error}	equation	eq:incompressible-hhj-tensor-l2-error	eqref	tex/chapters/chapter-03-section-04-part-03.tex:277	tex/chapters/chapter-03-section-04-part-03.tex:213	resolved
reference	和 \eqref{eq:incompressible-hhj-tensor-mesh-error}	equation	eq:incompressible-hhj-tensor-mesh-error	eqref	tex/chapters/chapter-03-section-04-part-03.tex:278	tex/chapters/chapter-03-section-04-part-03.tex:230	resolved
reference	由 \eqref{eq:incompressible-hhj-restriction-error} 得到.	equation	eq:incompressible-hhj-restriction-error	eqref	tex/chapters/chapter-03-section-04-part-03.tex:279	tex/chapters/chapter-03-section-04-part-02.tex:323	resolved
reference	其次, \eqref{eq:incompressible-hhj-error-orthogonality}	equation	eq:incompressible-hhj-error-orthogonality	eqref	tex/chapters/chapter-03-section-04-part-03.tex:281	tex/chapters/chapter-03-section-04-part-03.tex:244	resolved
reference	第二式和 Corollary~\ref{cor:incompressible-hhj-stream-interpolant} 给出	corollary	cor:incompressible-hhj-stream-interpolant	ref	tex/chapters/chapter-03-section-04-part-03.tex:282	tex/chapters/chapter-03-section-04-part-03.tex:73	resolved
reference	由 Lemma~\ref{lem:incompressible-hhj-inf-sup},	lemma	lem:incompressible-hhj-inf-sup	ref	tex/chapters/chapter-03-section-04-part-03.tex:289	tex/chapters/chapter-03-section-04-part-03.tex:133	resolved
reference	因此 \eqref{eq:incompressible-hhj-stream-mesh-error}	equation	eq:incompressible-hhj-stream-mesh-error	eqref	tex/chapters/chapter-03-section-04-part-03.tex:294	tex/chapters/chapter-03-section-04-part-03.tex:236	resolved
reference	由 \eqref{eq:incompressible-hhj-interpolated-stream-mesh-bound},	equation	eq:incompressible-hhj-interpolated-stream-mesh-bound	eqref	tex/chapters/chapter-03-section-04-part-03.tex:295	tex/chapters/chapter-03-section-04-part-03.tex:290	resolved
reference	\eqref{eq:incompressible-hhj-tensor-l2-error}	equation	eq:incompressible-hhj-tensor-l2-error	eqref	tex/chapters/chapter-03-section-04-part-03.tex:296	tex/chapters/chapter-03-section-04-part-03.tex:213	resolved
reference	和 Corollary~\ref{cor:incompressible-hhj-stream-interpolant} 得到.	corollary	cor:incompressible-hhj-stream-interpolant	ref	tex/chapters/chapter-03-section-04-part-03.tex:297	tex/chapters/chapter-03-section-04-part-03.tex:73	resolved
reference	为证明 \eqref{eq:incompressible-hhj-linear-h1-error}	equation	eq:incompressible-hhj-linear-h1-error	eqref	tex/chapters/chapter-03-section-04-part-03.tex:300	tex/chapters/chapter-03-section-04-part-03.tex:218	resolved
reference	和 \eqref{eq:incompressible-hhj-h1-error}, 使用熟悉的对偶论证.	equation	eq:incompressible-hhj-h1-error	eqref	tex/chapters/chapter-03-section-04-part-03.tex:301	tex/chapters/chapter-03-section-04-part-03.tex:223	resolved
reference	\eqref{eq:incompressible-hhj-error-orthogonality},	equation	eq:incompressible-hhj-error-orthogonality	eqref	tex/chapters/chapter-03-section-04-part-03.tex:323	tex/chapters/chapter-03-section-04-part-03.tex:244	resolved
reference	\eqref{eq:incompressible-hhj-dual-problem},	equation	eq:incompressible-hhj-dual-problem	eqref	tex/chapters/chapter-03-section-04-part-03.tex:324	tex/chapters/chapter-03-section-04-part-03.tex:303	resolved
reference	\eqref{eq:incompressible-hhj-restriction-orthogonality}	equation	eq:incompressible-hhj-restriction-orthogonality	eqref	tex/chapters/chapter-03-section-04-part-03.tex:325	tex/chapters/chapter-03-section-04-part-02.tex:311	resolved
reference	和 Corollary~\ref{cor:incompressible-hhj-stream-interpolant}, 得	corollary	cor:incompressible-hhj-stream-interpolant	ref	tex/chapters/chapter-03-section-04-part-03.tex:326	tex/chapters/chapter-03-section-04-part-03.tex:73	resolved
reference	当 $l\geq2$ 时, Corollary~\ref{cor:incompressible-hhj-stream-interpolant},	corollary	cor:incompressible-hhj-stream-interpolant	ref	tex/chapters/chapter-03-section-04-part-03.tex:340	tex/chapters/chapter-03-section-04-part-03.tex:73	resolved
reference	\eqref{eq:incompressible-hhj-restriction-error}	equation	eq:incompressible-hhj-restriction-error	eqref	tex/chapters/chapter-03-section-04-part-03.tex:341	tex/chapters/chapter-03-section-04-part-02.tex:323	resolved
reference	和 \eqref{eq:incompressible-hhj-dual-regularity} 给出	equation	eq:incompressible-hhj-dual-regularity	eqref	tex/chapters/chapter-03-section-04-part-03.tex:342	tex/chapters/chapter-03-section-04-part-03.tex:317	resolved
reference	利用 \eqref{eq:incompressible-hhj-tensor-l2-error},	equation	eq:incompressible-hhj-tensor-l2-error	eqref	tex/chapters/chapter-03-section-04-part-03.tex:364	tex/chapters/chapter-03-section-04-part-03.tex:213	resolved
reference	Corollary~\ref{cor:incompressible-hhj-stream-interpolant}	corollary	cor:incompressible-hhj-stream-interpolant	ref	tex/chapters/chapter-03-section-04-part-03.tex:365	tex/chapters/chapter-03-section-04-part-03.tex:73	resolved
reference	和 \eqref{eq:incompressible-hhj-restriction-error},	equation	eq:incompressible-hhj-restriction-error	eqref	tex/chapters/chapter-03-section-04-part-03.tex:366	tex/chapters/chapter-03-section-04-part-02.tex:323	resolved
reference	\eqref{eq:incompressible-hhj-h1-error}	equation	eq:incompressible-hhj-h1-error	eqref	tex/chapters/chapter-03-section-04-part-03.tex:368	tex/chapters/chapter-03-section-04-part-03.tex:223	resolved
reference	和 \eqref{eq:incompressible-hhj-linear-h1-error}.	equation	eq:incompressible-hhj-linear-h1-error	eqref	tex/chapters/chapter-03-section-04-part-03.tex:369	tex/chapters/chapter-03-section-04-part-03.tex:218	resolved
reference	保留 Theorem~\ref{thm:incompressible-hhj-error} 的全部假设.	theorem	thm:incompressible-hhj-error	ref	tex/chapters/chapter-03-section-04-part-03.tex:373	tex/chapters/chapter-03-section-04-part-03.tex:199	resolved
reference	由 \eqref{eq:incompressible-hhj-stream-error-identity}	equation	eq:incompressible-hhj-stream-error-identity	eqref	tex/chapters/chapter-03-section-04-part-03.tex:383	tex/chapters/chapter-03-section-04-part-03.tex:283	resolved
reference	和 Remark~\ref{rem:incompressible-hhj-w1s-inf-sup},	remark	rem:incompressible-hhj-w1s-inf-sup	ref	tex/chapters/chapter-03-section-04-part-03.tex:384	tex/chapters/chapter-03-section-04-part-03.tex:148	resolved
reference	结合 \eqref{eq:incompressible-hhj-tensor-l2-error}	equation	eq:incompressible-hhj-tensor-l2-error	eqref	tex/chapters/chapter-03-section-04-part-03.tex:389	tex/chapters/chapter-03-section-04-part-03.tex:213	resolved
reference	问题 \eqref{eq:incompressible-hhj-discrete-problem} 的空间是有限维的,	equation	eq:incompressible-hhj-discrete-problem	eqref	tex/chapters/chapter-03-section-04-part-04.tex:9	tex/chapters/chapter-03-section-04-part-02.tex:33	resolved
reference	因而只需调整连续问题 \eqref{eq:incompressible-hhj-formulation}:	equation	eq:incompressible-hhj-formulation	eqref	tex/chapters/chapter-03-section-04-part-04.tex:12	tex/chapters/chapter-03-section-04-part-01.tex:318	resolved
reference	Theorem~\ref{thm:incompressible-hhj-error} 及其 Corollary 的证明表明,	theorem	thm:incompressible-hhj-error	ref	tex/chapters/chapter-03-section-04-part-04.tex:48	tex/chapters/chapter-03-section-04-part-03.tex:199	resolved
reference	假设 \eqref{eq:incompressible-hhj-low-regularity-assumption} 成立.	equation	eq:incompressible-hhj-low-regularity-assumption	eqref	tex/chapters/chapter-03-section-04-part-04.tex:87	tex/chapters/chapter-03-section-04-part-04.tex:67	resolved
reference	\eqref{eq:incompressible-hhj-discrete-problem} 的解满足	equation	eq:incompressible-hhj-discrete-problem	eqref	tex/chapters/chapter-03-section-04-part-04.tex:89	tex/chapters/chapter-03-section-04-part-02.tex:33	resolved
reference	压力通过问题 \eqref{eq:incompressible-hhj-velocity-pressure-weak}	equation	eq:incompressible-hhj-velocity-pressure-weak	eqref	tex/chapters/chapter-03-section-04-part-04.tex:114	tex/chapters/chapter-03-section-04-part-01.tex:157	resolved
reference	\eqref{eq:incompressible-hhj-discrete-problem}.	equation	eq:incompressible-hhj-discrete-problem	eqref	tex/chapters/chapter-03-section-04-part-04.tex:116	tex/chapters/chapter-03-section-04-part-02.tex:33	resolved
reference	由 \eqref{eq:incompressible-hhj-pressure-reference-dofs}	equation	eq:incompressible-hhj-pressure-reference-dofs	eqref	tex/chapters/chapter-03-section-04-part-04.tex:203	tex/chapters/chapter-03-section-04-part-04.tex:145	resolved
reference	\eqref{eq:incompressible-hhj-pressure-restriction-divergence}	equation	eq:incompressible-hhj-pressure-restriction-divergence	eqref	tex/chapters/chapter-03-section-04-part-04.tex:231	tex/chapters/chapter-03-section-04-part-04.tex:221	resolved
reference	\eqref{eq:incompressible-hhj-pressure-restriction-divergence}	equation	eq:incompressible-hhj-pressure-restriction-divergence	eqref	tex/chapters/chapter-03-section-04-part-04.tex:236	tex/chapters/chapter-03-section-04-part-04.tex:221	resolved
reference	与 \eqref{eq:incompressible-hhj-pressure-restriction-orthogonality}	equation	eq:incompressible-hhj-pressure-restriction-orthogonality	eqref	tex/chapters/chapter-03-section-04-part-04.tex:237	tex/chapters/chapter-03-section-04-part-04.tex:226	resolved
reference	\eqref{eq:incompressible-hhj-pressure-restriction-w1s},	equation	eq:incompressible-hhj-pressure-restriction-w1s	eqref	tex/chapters/chapter-03-section-04-part-04.tex:239	tex/chapters/chapter-03-section-04-part-04.tex:214	resolved
reference	Theorem~\ref{thm:incompressible-hhj-pressure-restriction}	theorem	thm:incompressible-hhj-pressure-restriction	ref	tex/chapters/chapter-03-section-04-part-04.tex:276	tex/chapters/chapter-03-section-04-part-04.tex:211	resolved
reference	\eqref{eq:incompressible-hhj-tensor-correspondence} 确定.	equation	eq:incompressible-hhj-tensor-correspondence	eqref	tex/chapters/chapter-03-section-04-part-04.tex:303	tex/chapters/chapter-03-section-04-part-01.tex:278	resolved
reference	\eqref{eq:incompressible-hhj-discontinuous-pressure-problem}	equation	eq:incompressible-hhj-discontinuous-pressure-problem	eqref	tex/chapters/chapter-03-section-04-part-04.tex:305	tex/chapters/chapter-03-section-04-part-04.tex:290	resolved
reference	则问题 \eqref{eq:incompressible-hhj-discontinuous-pressure-problem}	equation	eq:incompressible-hhj-discontinuous-pressure-problem	eqref	tex/chapters/chapter-03-section-04-part-04.tex:317	tex/chapters/chapter-03-section-04-part-04.tex:290	resolved
reference	\eqref{eq:incompressible-hhj-tensor-correspondence} 得	equation	eq:incompressible-hhj-tensor-correspondence	eqref	tex/chapters/chapter-03-section-04-part-04.tex:327	tex/chapters/chapter-03-section-04-part-01.tex:278	resolved
reference	\eqref{eq:incompressible-hhj-pressure-reference-estimate}	equation	eq:incompressible-hhj-pressure-reference-estimate	eqref	tex/chapters/chapter-03-section-04-part-04.tex:349	tex/chapters/chapter-03-section-04-part-04.tex:264	resolved
reference	得到 \eqref{eq:incompressible-hhj-discontinuous-pressure-error}.	equation	eq:incompressible-hhj-discontinuous-pressure-error	eqref	tex/chapters/chapter-03-section-04-part-04.tex:351	tex/chapters/chapter-03-section-04-part-04.tex:319	resolved
reference	该压力间断逼近也可与 Section~\ref{sec:incompressible-sfvp}	section	sec:incompressible-sfvp	ref	tex/chapters/chapter-03-section-04-part-04.tex:356	tex/chapters/chapter-03-section-02-part-01.tex:5	resolved
reference	\eqref{eq:incompressible-hhj-pressure-space} 定义的 $p_h\in Q_h$, 使	equation	eq:incompressible-hhj-pressure-space	eqref	tex/chapters/chapter-03-section-04-part-04.tex:358	tex/chapters/chapter-03-section-04-part-04.tex:184	resolved
reference	因此这里只把 Section~\ref{sec:incompressible-sfvp}	section	sec:incompressible-sfvp	ref	tex/chapters/chapter-03-section-05-part-01.tex:9	tex/chapters/chapter-03-section-02-part-01.tex:5	resolved
reference	Subsection~\ref{subsec:incompressible-hhj-discontinuous-pressure}	subsection	subsec:incompressible-hhj-discontinuous-pressure	ref	tex/chapters/chapter-03-section-05-part-01.tex:20	tex/chapters/chapter-03-section-04-part-04.tex:111	resolved
reference	检验 \eqref{eq:incompressible-vector-potential-stokes}.	equation	eq:incompressible-vector-potential-stokes	eqref	tex/chapters/chapter-03-section-05-part-01.tex:48	tex/chapters/chapter-03-section-05-part-01.tex:28	resolved
reference	\eqref{eq:incompressible-vector-potential-vorticity} 等价于	equation	eq:incompressible-vector-potential-vorticity	eqref	tex/chapters/chapter-03-section-05-part-01.tex:72	tex/chapters/chapter-03-section-05-part-01.tex:60	resolved
reference	若问题 \eqref{eq:incompressible-vector-potential-stokes} 的解满足	equation	eq:incompressible-vector-potential-stokes	eqref	tex/chapters/chapter-03-section-05-part-01.tex:113	tex/chapters/chapter-03-section-05-part-01.tex:28	resolved
reference	则 \eqref{eq:incompressible-vector-potential-mixed-first}--	equation	eq:incompressible-vector-potential-mixed-first	eqref	tex/chapters/chapter-03-section-05-part-01.tex:115	tex/chapters/chapter-03-section-05-part-01.tex:94	resolved
reference	\eqref{eq:incompressible-vector-potential-divergence-free}	equation	eq:incompressible-vector-potential-divergence-free	eqref	tex/chapters/chapter-03-section-05-part-01.tex:116	tex/chapters/chapter-03-section-05-part-01.tex:101	resolved
reference	问题 \eqref{eq:incompressible-vector-potential-reduced-problem}	equation	eq:incompressible-vector-potential-reduced-problem	eqref	tex/chapters/chapter-03-section-05-part-01.tex:220	tex/chapters/chapter-03-section-05-part-01.tex:130	resolved
reference	\eqref{eq:incompressible-vector-potential-abstract-problem} 的第一式	equation	eq:incompressible-vector-potential-abstract-problem	eqref	tex/chapters/chapter-03-section-05-part-01.tex:225	tex/chapters/chapter-03-section-05-part-01.tex:166	resolved
reference	\eqref{eq:incompressible-vector-potential-discrete-divergence-free}\}	equation	eq:incompressible-vector-potential-discrete-divergence-free	eqref	tex/chapters/chapter-03-section-05-part-01.tex:252	tex/chapters/chapter-03-section-05-part-01.tex:244	resolved
reference	令 \eqref{eq:incompressible-vector-potential-discrete-spaces} 成立,	equation	eq:incompressible-vector-potential-discrete-spaces	eqref	tex/chapters/chapter-03-section-05-part-01.tex:302	tex/chapters/chapter-03-section-05-part-01.tex:236	resolved
reference	\eqref{eq:incompressible-vector-potential-discrete-kernel}	equation	eq:incompressible-vector-potential-discrete-kernel	eqref	tex/chapters/chapter-03-section-05-part-01.tex:304	tex/chapters/chapter-03-section-05-part-01.tex:249	resolved
reference	\eqref{eq:incompressible-vector-potential-discrete-poincare} 下,	equation	eq:incompressible-vector-potential-discrete-poincare	eqref	tex/chapters/chapter-03-section-05-part-01.tex:306	tex/chapters/chapter-03-section-05-part-01.tex:255	resolved
reference	若此外 \eqref{eq:incompressible-vector-potential-curl-lifting} 成立,	equation	eq:incompressible-vector-potential-curl-lifting	eqref	tex/chapters/chapter-03-section-05-part-01.tex:308	tex/chapters/chapter-03-section-05-part-01.tex:296	resolved
reference	则 \eqref{eq:incompressible-vector-potential-unconstrained-discrete-problem}	equation	eq:incompressible-vector-potential-unconstrained-discrete-problem	eqref	tex/chapters/chapter-03-section-05-part-01.tex:309	tex/chapters/chapter-03-section-05-part-01.tex:280	resolved
reference	\eqref{eq:incompressible-vector-potential-discrete-poincare},	equation	eq:incompressible-vector-potential-discrete-poincare	eqref	tex/chapters/chapter-03-section-05-part-01.tex:327	tex/chapters/chapter-03-section-05-part-01.tex:255	resolved
reference	保留 Lemma~\ref{lem:incompressible-vector-potential-discrete-solvability}	lemma	lem:incompressible-vector-potential-discrete-solvability	ref	tex/chapters/chapter-03-section-05-part-01.tex:339	tex/chapters/chapter-03-section-05-part-01.tex:301	resolved
reference	除 \eqref{eq:incompressible-vector-potential-curl-lifting} 外的全部假设.	equation	eq:incompressible-vector-potential-curl-lifting	eqref	tex/chapters/chapter-03-section-05-part-01.tex:340	tex/chapters/chapter-03-section-05-part-01.tex:296	resolved
reference	\eqref{eq:incompressible-vector-potential-discrete-poincare} 的常数.	equation	eq:incompressible-vector-potential-discrete-poincare	eqref	tex/chapters/chapter-03-section-05-part-01.tex:362	tex/chapters/chapter-03-section-05-part-01.tex:255	resolved
reference	在 Lemma~\ref{lem:incompressible-vector-potential-discrete-solvability}	lemma	lem:incompressible-vector-potential-discrete-solvability	ref	tex/chapters/chapter-03-section-05-part-01.tex:367	tex/chapters/chapter-03-section-05-part-01.tex:301	resolved
reference	由 \eqref{eq:incompressible-nedelec-reference-space},	equation	eq:incompressible-nedelec-reference-space	eqref	tex/chapters/chapter-03-section-05-part-02.tex:52	tex/chapters/chapter-03-section-05-part-02.tex:11	resolved
reference	$R_l$ 的定义及 Lemma~\ref{lem:incompressible-nedelec-gradient-kernel}	lemma	lem:incompressible-nedelec-gradient-kernel	ref	tex/chapters/chapter-03-section-05-part-02.tex:58	tex/chapters/chapter-03-section-05-part-02.tex:42	resolved
reference	Definition~\ref{def:incompressible-nedelec-moments}	definition	def:incompressible-nedelec-moments	ref	tex/chapters/chapter-03-section-05-part-02.tex:84	tex/chapters/chapter-03-section-05-part-02.tex:62	resolved
reference	Definition~\ref{def:incompressible-nedelec-moments} 中矩的总数	definition	def:incompressible-nedelec-moments	ref	tex/chapters/chapter-03-section-05-part-02.tex:94	tex/chapters/chapter-03-section-05-part-02.tex:62	resolved
reference	采用 \eqref{eq:incompressible-nedelec-covariant-transform}	equation	eq:incompressible-nedelec-covariant-transform	eqref	tex/chapters/chapter-03-section-05-part-02.tex:148	tex/chapters/chapter-03-section-05-part-02.tex:132	resolved
reference	\eqref{eq:incompressible-nedelec-covariant-transform} 下不变.	equation	eq:incompressible-nedelec-covariant-transform	eqref	tex/chapters/chapter-03-section-05-part-02.tex:169	tex/chapters/chapter-03-section-05-part-02.tex:132	resolved
reference	Definition~\ref{def:incompressible-nedelec-moments}	definition	def:incompressible-nedelec-moments	ref	tex/chapters/chapter-03-section-05-part-02.tex:192	tex/chapters/chapter-03-section-05-part-02.tex:62	resolved
reference	由 \eqref{eq:incompressible-nedelec-covariant-transform},	equation	eq:incompressible-nedelec-covariant-transform	eqref	tex/chapters/chapter-03-section-05-part-02.tex:198	tex/chapters/chapter-03-section-05-part-02.tex:132	resolved
reference	由 Lemma~\ref{lem:incompressible-nedelec-gradient-kernel},	lemma	lem:incompressible-nedelec-gradient-kernel	ref	tex/chapters/chapter-03-section-05-part-02.tex:237	tex/chapters/chapter-03-section-05-part-02.tex:42	resolved
reference	\eqref{eq:incompressible-nedelec-edge-moment-zero}	equation	eq:incompressible-nedelec-edge-moment-zero	eqref	tex/chapters/chapter-03-section-05-part-02.tex:239	tex/chapters/chapter-03-section-05-part-02.tex:231	resolved
reference	\eqref{eq:incompressible-nedelec-face-moment-zero}, 得 $r=0$.	equation	eq:incompressible-nedelec-face-moment-zero	eqref	tex/chapters/chapter-03-section-05-part-02.tex:247	tex/chapters/chapter-03-section-05-part-02.tex:228	resolved
reference	Lemma~\ref{lem:incompressible-nedelec-face-unisolvence} 给出	lemma	lem:incompressible-nedelec-face-unisolvence	ref	tex/chapters/chapter-03-section-05-part-02.tex:256	tex/chapters/chapter-03-section-05-part-02.tex:215	resolved
reference	\eqref{eq:incompressible-nedelec-zero-tangential-trace} 给出	equation	eq:incompressible-nedelec-zero-tangential-trace	eqref	tex/chapters/chapter-03-section-05-part-02.tex:266	tex/chapters/chapter-03-section-05-part-02.tex:257	resolved
reference	再由 \eqref{eq:incompressible-nedelec-curl-transform}	equation	eq:incompressible-nedelec-curl-transform	eqref	tex/chapters/chapter-03-section-05-part-02.tex:277	tex/chapters/chapter-03-section-05-part-02.tex:160	resolved
reference	Lemma~\ref{lem:incompressible-nedelec-gradient-kernel}	lemma	lem:incompressible-nedelec-gradient-kernel	ref	tex/chapters/chapter-03-section-05-part-02.tex:279	tex/chapters/chapter-03-section-05-part-02.tex:42	resolved
reference	\eqref{eq:incompressible-nedelec-zero-volume-moments} 得 $r=0$.	equation	eq:incompressible-nedelec-zero-volume-moments	eqref	tex/chapters/chapter-03-section-05-part-02.tex:284	tex/chapters/chapter-03-section-05-part-02.tex:261	resolved
reference	Lemma~\ref{lem:incompressible-nedelec-face-unisolvence}.	lemma	lem:incompressible-nedelec-face-unisolvence	ref	tex/chapters/chapter-03-section-05-part-02.tex:352	tex/chapters/chapter-03-section-05-part-02.tex:215	resolved
reference	\eqref{eq:incompressible-nedelec-global-space} 和	equation	eq:incompressible-nedelec-global-space	eqref	tex/chapters/chapter-03-section-05-part-03.tex:9	tex/chapters/chapter-03-section-05-part-02.tex:335	resolved
reference	\eqref{eq:incompressible-nedelec-global-interpolant}	equation	eq:incompressible-nedelec-global-interpolant	eqref	tex/chapters/chapter-03-section-05-part-03.tex:10	tex/chapters/chapter-03-section-05-part-02.tex:340	resolved
reference	先证明 \eqref{eq:incompressible-nedelec-hcurl-approximation}.	equation	eq:incompressible-nedelec-hcurl-approximation	eqref	tex/chapters/chapter-03-section-05-part-03.tex:27	tex/chapters/chapter-03-section-05-part-03.tex:12	resolved
reference	Remark~\ref{rem:incompressible-nedelec-interpolation-curl-zero}	remark	rem:incompressible-nedelec-interpolation-curl-zero	ref	tex/chapters/chapter-03-section-05-part-03.tex:70	tex/chapters/chapter-03-section-05-part-02.tex:321	resolved
reference	\eqref{eq:incompressible-nedelec-hcurl-approximation}.	equation	eq:incompressible-nedelec-hcurl-approximation	eqref	tex/chapters/chapter-03-section-05-part-03.tex:84	tex/chapters/chapter-03-section-05-part-03.tex:12	resolved
reference	\eqref{eq:incompressible-vector-potential-discrete-divergence-free}.	equation	eq:incompressible-vector-potential-discrete-divergence-free	eqref	tex/chapters/chapter-03-section-05-part-03.tex:130	tex/chapters/chapter-03-section-05-part-01.tex:244	resolved
reference	Remark~\ref{rem:incompressible-nedelec-interpolation-curl-zero}	remark	rem:incompressible-nedelec-interpolation-curl-zero	ref	tex/chapters/chapter-03-section-05-part-03.tex:141	tex/chapters/chapter-03-section-05-part-02.tex:321	resolved
reference	Lemma~\ref{lem:incompressible-nedelec-conformity} 因而给出	lemma	lem:incompressible-nedelec-conformity	ref	tex/chapters/chapter-03-section-05-part-03.tex:145	tex/chapters/chapter-03-section-05-part-02.tex:345	resolved
reference	Lemma~\ref{lem:incompressible-nedelec-gradient-kernel}	lemma	lem:incompressible-nedelec-gradient-kernel	ref	tex/chapters/chapter-03-section-05-part-03.tex:153	tex/chapters/chapter-03-section-05-part-02.tex:42	resolved
reference	并由 Lemma~\ref{lem:incompressible-nedelec-gradient-interpolation}	lemma	lem:incompressible-nedelec-gradient-interpolation	ref	tex/chapters/chapter-03-section-05-part-03.tex:209	tex/chapters/chapter-03-section-05-part-03.tex:133	resolved
reference	在 \eqref{eq:incompressible-vector-potential-discrete-divergence-free}	equation	eq:incompressible-vector-potential-discrete-divergence-free	eqref	tex/chapters/chapter-03-section-05-part-03.tex:216	tex/chapters/chapter-03-section-05-part-01.tex:244	resolved
reference	由 \eqref{eq:incompressible-nedelec-stability} 和	equation	eq:incompressible-nedelec-stability	eqref	tex/chapters/chapter-03-section-05-part-03.tex:224	tex/chapters/chapter-03-section-05-part-03.tex:18	resolved
reference	\eqref{eq:incompressible-nedelec-continuous-regularity},	equation	eq:incompressible-nedelec-continuous-regularity	eqref	tex/chapters/chapter-03-section-05-part-03.tex:225	tex/chapters/chapter-03-section-05-part-03.tex:201	resolved
reference	\eqref{eq:incompressible-nedelec-rh-w-bound}.	equation	eq:incompressible-nedelec-rh-w-bound	eqref	tex/chapters/chapter-03-section-05-part-03.tex:243	tex/chapters/chapter-03-section-05-part-03.tex:220	resolved
reference	在 Proposition~\ref{prop:incompressible-nedelec-uniform-discrete-poincare}	proposition	prop:incompressible-nedelec-uniform-discrete-poincare	ref	tex/chapters/chapter-03-section-05-part-03.tex:254	tex/chapters/chapter-03-section-05-part-03.tex:171	resolved
reference	其余估计直接来自 Proposition~\ref{prop:incompressible-nedelec-uniform-discrete-poincare}.	proposition	prop:incompressible-nedelec-uniform-discrete-poincare	ref	tex/chapters/chapter-03-section-05-part-03.tex:272	tex/chapters/chapter-03-section-05-part-03.tex:171	resolved
reference	Corollary~\ref{cor:incompressible-nedelec-discrete-decomposition}	corollary	cor:incompressible-nedelec-discrete-decomposition	ref	tex/chapters/chapter-03-section-05-part-03.tex:275	tex/chapters/chapter-03-section-05-part-03.tex:246	resolved
reference	由 \eqref{eq:incompressible-nedelec-global-space},	equation	eq:incompressible-nedelec-global-space	eqref	tex/chapters/chapter-03-section-05-part-03.tex:281	tex/chapters/chapter-03-section-05-part-02.tex:335	resolved
reference	\eqref{eq:incompressible-nedelec-zero-trace-space} 和	equation	eq:incompressible-nedelec-zero-trace-space	eqref	tex/chapters/chapter-03-section-05-part-03.tex:282	tex/chapters/chapter-03-section-05-part-02.tex:337	resolved
reference	\eqref{eq:incompressible-vector-potential-scalar-space}	equation	eq:incompressible-vector-potential-scalar-space	eqref	tex/chapters/chapter-03-section-05-part-03.tex:283	tex/chapters/chapter-03-section-05-part-03.tex:124	resolved
reference	\eqref{eq:incompressible-vector-potential-stokes} 的解满足	equation	eq:incompressible-vector-potential-stokes	eqref	tex/chapters/chapter-03-section-05-part-03.tex:289	tex/chapters/chapter-03-section-05-part-01.tex:28	resolved
reference	\eqref{eq:incompressible-vector-potential-final-error},	equation	eq:incompressible-vector-potential-final-error	eqref	tex/chapters/chapter-03-section-05-part-03.tex:336	tex/chapters/chapter-03-section-05-part-03.tex:298	resolved
reference	虽然 \eqref{eq:incompressible-vector-potential-conjectured-lp-projection}	equation	eq:incompressible-vector-potential-conjectured-lp-projection	eqref	tex/chapters/chapter-03-section-05-part-03.tex:338	tex/chapters/chapter-03-section-05-part-03.tex:329	resolved
reference	\eqref{eq:incompressible-vector-potential-constrained-discrete-problem}	equation	eq:incompressible-vector-potential-constrained-discrete-problem	eqref	tex/chapters/chapter-03-section-05-part-03.tex:346	tex/chapters/chapter-03-section-05-part-01.tex:263	resolved
reference	和 \eqref{eq:incompressible-vector-potential-unconstrained-discrete-problem}	equation	eq:incompressible-vector-potential-unconstrained-discrete-problem	eqref	tex/chapters/chapter-03-section-05-part-03.tex:347	tex/chapters/chapter-03-section-05-part-01.tex:280	resolved
reference	Subsection~\ref{subsec:incompressible-hhj-discontinuous-pressure}	subsection	subsec:incompressible-hhj-discontinuous-pressure	ref	tex/chapters/chapter-03-section-05-part-03.tex:349	tex/chapters/chapter-03-section-04-part-04.tex:111	resolved
reference	继续 Definition~\ref{def:incompressible-vector-potential-pressure-reference-space}.	definition	def:incompressible-vector-potential-pressure-reference-space	ref	tex/chapters/chapter-03-section-05-part-04.tex:4	tex/chapters/chapter-03-section-05-part-03.tex:357	resolved
reference	\eqref{eq:incompressible-pressure-contravariant-transform-3d} 下不变,	equation	eq:incompressible-pressure-contravariant-transform-3d	eqref	tex/chapters/chapter-03-section-05-part-04.tex:34	tex/chapters/chapter-03-section-05-part-04.tex:22	resolved
reference	Proposition~\ref{prop:incompressible-pressure-reference-unisolvence-3d}	proposition	prop:incompressible-pressure-reference-unisolvence-3d	ref	tex/chapters/chapter-03-section-05-part-04.tex:52	tex/chapters/chapter-03-section-05-part-04.tex:32	resolved
reference	$D_h$ 由 \eqref{eq:incompressible-pressure-spaces-3d} 定义.	equation	eq:incompressible-pressure-spaces-3d	eqref	tex/chapters/chapter-03-section-05-part-04.tex:89	tex/chapters/chapter-03-section-05-part-04.tex:63	resolved
reference	如 Lemma~\ref{lem:incompressible-nedelec-tetrahedron-unisolvence}	lemma	lem:incompressible-nedelec-tetrahedron-unisolvence	ref	tex/chapters/chapter-03-section-05-part-04.tex:141	tex/chapters/chapter-03-section-05-part-02.tex:250	resolved
reference	由 Corollary~\ref{cor:incompressible-nedelec-discrete-decomposition},	corollary	cor:incompressible-nedelec-discrete-decomposition	ref	tex/chapters/chapter-03-section-05-part-04.tex:158	tex/chapters/chapter-03-section-05-part-03.tex:246	resolved
reference	在 Proposition~\ref{prop:incompressible-nedelec-uniform-discrete-poincare}	proposition	prop:incompressible-nedelec-uniform-discrete-poincare	ref	tex/chapters/chapter-03-section-05-part-04.tex:162	tex/chapters/chapter-03-section-05-part-03.tex:171	resolved
reference	Lemma~\ref{lem:incompressible-pressure-curl-characterization-3d}	lemma	lem:incompressible-pressure-curl-characterization-3d	ref	tex/chapters/chapter-03-section-05-part-04.tex:190	tex/chapters/chapter-03-section-05-part-04.tex:105	resolved
reference	问题 \eqref{eq:incompressible-pressure-full-discrete-problem-3d}	equation	eq:incompressible-pressure-full-discrete-problem-3d	eqref	tex/chapters/chapter-03-section-05-part-04.tex:216	tex/chapters/chapter-03-section-05-part-04.tex:174	resolved
reference	若此外 Theorem~\ref{thm:incompressible-vector-potential-final-error}	theorem	thm:incompressible-vector-potential-final-error	ref	tex/chapters/chapter-03-section-05-part-04.tex:222	tex/chapters/chapter-03-section-05-part-03.tex:279	resolved
unresolved	Section IV.4.3	section		MBUnresolvedReference	tex/chapters/chapter-03-section-02-part-02.tex:732		needs-review
unresolved	Chapter IV	chapter		MBUnresolvedReference	tex/chapters/chapter-03-section-03-part-01.tex:499		needs-review
